# metrics table, written by src/reporting.py, subpart d3. two blocks with
# different columns, and the split is the content and not the layout.
# every value is a median with its interquartile range over the seed count in
# the same row, and every row states the evaluation budget and the
# cardinality it was computed at. no cell is one run.

block,objective_space
# hypervolume, igd and spread are computed on the (k, 2m) rows of one
# phi's image. each phi maps the same problem into a different space on a
# different scale, CONTEXT.md section 5 step 5, so these compare solvers
# under one fixed phi and never rank one phi against another; a ratio
# taken across two phi here is a ratio of volumes in two different spaces
# and means nothing. all three move with the cardinality, r-16, which is
# why every row states the one it was computed at.
problem,phi,solver,metric,n_seeds,n_evals,cardinality,reference_size,sampling_mode,include_singular_segments,hv_reference_rule,hv_reference_point,median,q1,q3,iqr

block,decision_space
# hausdorff, coverage, overlap and cross evaluation are computed on the
# recovered sets in the decision space, which is the one space every phi
# shares, so these are the metrics comparable across phi and this is the
# block a phi comparison is read from. a row whose status is check has one
# direction fixed by a containment before any solver ran, r-06 and r-11,
# so a difference there is in part a theorem; only a row whose status is
# finding carries the sensitivity signal.
problem,phi_a,phi_b,status,metric,n_seeds,n_evals,cardinality_a,cardinality_b,delta,box_scale,containment_violations,note,median,q1,q3,iqr
p0,ls,cw,check,coverage_a_in_b,5,5000,5000,1,0.0,2.0,,"measured on random search's one filtered sample, so the two sets differ only through the order; delta is zero, so the row is the shared count over the count, with no tolerance in it at all; the three sets are index sets over one array, so two vectors are the same point bitwise or they are two points; containment_violations is the largest count over the seeds; check on r-06 and not a finding: ND_cw sits inside ND_ls exactly and for every problem, docs/a_close_containment.md, so coverage of cw in ls and one direction of the overlap are fixed before this runs. the containment is exact in real arithmetic and fails by rounding in doubles, one point of 1565 measured, r-11, so a nonzero violation count is arithmetic and never a result about phi. it stands on s-11; if the supervisors refute the criterion this pair is reported like the other and no result moves",0.0002,0.0002,0.0002,0.0
p0,ls,cw,check,coverage_a_in_b,5,5000,5000,1,0.1,2.0,0,"measured on random search's one filtered sample, so the two sets differ only through the order; delta is 0.05 of the box diameter, the box_scale column; containment_violations is the largest count over the seeds; check on r-06 and not a finding: ND_cw sits inside ND_ls exactly and for every problem, docs/a_close_containment.md, so coverage of cw in ls and one direction of the overlap are fixed before this runs. the containment is exact in real arithmetic and fails by rounding in doubles, one point of 1565 measured, r-11, so a nonzero violation count is arithmetic and never a result about phi. it stands on s-11; if the supervisors refute the criterion this pair is reported like the other and no result moves",0.1028,0.0976,0.104,0.006399999999999989
p0,ls,cw,check,coverage_a_in_b,5,20000,20000,1,0.0,2.0,,"measured on random search's one filtered sample, so the two sets differ only through the order; delta is zero, so the row is the shared count over the count, with no tolerance in it at all; the three sets are index sets over one array, so two vectors are the same point bitwise or they are two points; containment_violations is the largest count over the seeds; check on r-06 and not a finding: ND_cw sits inside ND_ls exactly and for every problem, docs/a_close_containment.md, so coverage of cw in ls and one direction of the overlap are fixed before this runs. the containment is exact in real arithmetic and fails by rounding in doubles, one point of 1565 measured, r-11, so a nonzero violation count is arithmetic and never a result about phi. it stands on s-11; if the supervisors refute the criterion this pair is reported like the other and no result moves",5e-05,5e-05,5e-05,0.0
p0,ls,cw,check,coverage_a_in_b,5,20000,20000,1,0.1,2.0,0,"measured on random search's one filtered sample, so the two sets differ only through the order; delta is 0.05 of the box diameter, the box_scale column; containment_violations is the largest count over the seeds; check on r-06 and not a finding: ND_cw sits inside ND_ls exactly and for every problem, docs/a_close_containment.md, so coverage of cw in ls and one direction of the overlap are fixed before this runs. the containment is exact in real arithmetic and fails by rounding in doubles, one point of 1565 measured, r-11, so a nonzero violation count is arithmetic and never a result about phi. it stands on s-11; if the supervisors refute the criterion this pair is reported like the other and no result moves",0.10015,0.09685,0.1014,0.0045499999999999985
p0,ls,cw,check,coverage_b_in_a,5,5000,5000,1,0.0,2.0,,"measured on random search's one filtered sample, so the two sets differ only through the order; delta is zero, so the row is the shared count over the count, with no tolerance in it at all; the three sets are index sets over one array, so two vectors are the same point bitwise or they are two points; containment_violations is the largest count over the seeds; check on r-06 and not a finding: ND_cw sits inside ND_ls exactly and for every problem, docs/a_close_containment.md, so coverage of cw in ls and one direction of the overlap are fixed before this runs. the containment is exact in real arithmetic and fails by rounding in doubles, one point of 1565 measured, r-11, so a nonzero violation count is arithmetic and never a result about phi. it stands on s-11; if the supervisors refute the criterion this pair is reported like the other and no result moves",1.0,1.0,1.0,0.0
p0,ls,cw,check,coverage_b_in_a,5,5000,5000,1,0.1,2.0,0,"measured on random search's one filtered sample, so the two sets differ only through the order; delta is 0.05 of the box diameter, the box_scale column; containment_violations is the largest count over the seeds; check on r-06 and not a finding: ND_cw sits inside ND_ls exactly and for every problem, docs/a_close_containment.md, so coverage of cw in ls and one direction of the overlap are fixed before this runs. the containment is exact in real arithmetic and fails by rounding in doubles, one point of 1565 measured, r-11, so a nonzero violation count is arithmetic and never a result about phi. it stands on s-11; if the supervisors refute the criterion this pair is reported like the other and no result moves",1.0,1.0,1.0,0.0
p0,ls,cw,check,coverage_b_in_a,5,20000,20000,1,0.0,2.0,,"measured on random search's one filtered sample, so the two sets differ only through the order; delta is zero, so the row is the shared count over the count, with no tolerance in it at all; the three sets are index sets over one array, so two vectors are the same point bitwise or they are two points; containment_violations is the largest count over the seeds; check on r-06 and not a finding: ND_cw sits inside ND_ls exactly and for every problem, docs/a_close_containment.md, so coverage of cw in ls and one direction of the overlap are fixed before this runs. the containment is exact in real arithmetic and fails by rounding in doubles, one point of 1565 measured, r-11, so a nonzero violation count is arithmetic and never a result about phi. it stands on s-11; if the supervisors refute the criterion this pair is reported like the other and no result moves",1.0,1.0,1.0,0.0
p0,ls,cw,check,coverage_b_in_a,5,20000,20000,1,0.1,2.0,0,"measured on random search's one filtered sample, so the two sets differ only through the order; delta is 0.05 of the box diameter, the box_scale column; containment_violations is the largest count over the seeds; check on r-06 and not a finding: ND_cw sits inside ND_ls exactly and for every problem, docs/a_close_containment.md, so coverage of cw in ls and one direction of the overlap are fixed before this runs. the containment is exact in real arithmetic and fails by rounding in doubles, one point of 1565 measured, r-11, so a nonzero violation count is arithmetic and never a result about phi. it stands on s-11; if the supervisors refute the criterion this pair is reported like the other and no result moves",1.0,1.0,1.0,0.0
p0,ls,cw,check,cross_a_under_b,5,5000,5000,1,0.1,2.0,0,"measured on random search's one filtered sample, so the two sets differ only through the order; delta is 0.05 of the box diameter, the box_scale column; containment_violations is the largest count over the seeds; check on r-06 and not a finding: ND_cw sits inside ND_ls exactly and for every problem, docs/a_close_containment.md, so coverage of cw in ls and one direction of the overlap are fixed before this runs. the containment is exact in real arithmetic and fails by rounding in doubles, one point of 1565 measured, r-11, so a nonzero violation count is arithmetic and never a result about phi. it stands on s-11; if the supervisors refute the criterion this pair is reported like the other and no result moves",0.0002,0.0002,0.0002,0.0
p0,ls,cw,check,cross_a_under_b,5,20000,20000,1,0.1,2.0,0,"measured on random search's one filtered sample, so the two sets differ only through the order; delta is 0.05 of the box diameter, the box_scale column; containment_violations is the largest count over the seeds; check on r-06 and not a finding: ND_cw sits inside ND_ls exactly and for every problem, docs/a_close_containment.md, so coverage of cw in ls and one direction of the overlap are fixed before this runs. the containment is exact in real arithmetic and fails by rounding in doubles, one point of 1565 measured, r-11, so a nonzero violation count is arithmetic and never a result about phi. it stands on s-11; if the supervisors refute the criterion this pair is reported like the other and no result moves",5e-05,5e-05,5e-05,0.0
p0,ls,cw,check,cross_b_under_a,5,5000,5000,1,0.1,2.0,0,"measured on random search's one filtered sample, so the two sets differ only through the order; delta is 0.05 of the box diameter, the box_scale column; containment_violations is the largest count over the seeds; check on r-06 and not a finding: ND_cw sits inside ND_ls exactly and for every problem, docs/a_close_containment.md, so coverage of cw in ls and one direction of the overlap are fixed before this runs. the containment is exact in real arithmetic and fails by rounding in doubles, one point of 1565 measured, r-11, so a nonzero violation count is arithmetic and never a result about phi. it stands on s-11; if the supervisors refute the criterion this pair is reported like the other and no result moves",1.0,1.0,1.0,0.0
p0,ls,cw,check,cross_b_under_a,5,20000,20000,1,0.1,2.0,0,"measured on random search's one filtered sample, so the two sets differ only through the order; delta is 0.05 of the box diameter, the box_scale column; containment_violations is the largest count over the seeds; check on r-06 and not a finding: ND_cw sits inside ND_ls exactly and for every problem, docs/a_close_containment.md, so coverage of cw in ls and one direction of the overlap are fixed before this runs. the containment is exact in real arithmetic and fails by rounding in doubles, one point of 1565 measured, r-11, so a nonzero violation count is arithmetic and never a result about phi. it stands on s-11; if the supervisors refute the criterion this pair is reported like the other and no result moves",1.0,1.0,1.0,0.0
p0,ls,cw,check,hausdorff_a_to_b,5,5000,5000,1,0.1,2.0,0,"measured on random search's one filtered sample, so the two sets differ only through the order; delta is 0.05 of the box diameter, the box_scale column; containment_violations is the largest count over the seeds; check on r-06 and not a finding: ND_cw sits inside ND_ls exactly and for every problem, docs/a_close_containment.md, so coverage of cw in ls and one direction of the overlap are fixed before this runs. the containment is exact in real arithmetic and fails by rounding in doubles, one point of 1565 measured, r-11, so a nonzero violation count is arithmetic and never a result about phi. it stands on s-11; if the supervisors refute the criterion this pair is reported like the other and no result moves",0.9997663629196343,0.9997313420529264,0.9999275753706607,0.00019623331773432895
p0,ls,cw,check,hausdorff_a_to_b,5,20000,20000,1,0.1,2.0,0,"measured on random search's one filtered sample, so the two sets differ only through the order; delta is 0.05 of the box diameter, the box_scale column; containment_violations is the largest count over the seeds; check on r-06 and not a finding: ND_cw sits inside ND_ls exactly and for every problem, docs/a_close_containment.md, so coverage of cw in ls and one direction of the overlap are fixed before this runs. the containment is exact in real arithmetic and fails by rounding in doubles, one point of 1565 measured, r-11, so a nonzero violation count is arithmetic and never a result about phi. it stands on s-11; if the supervisors refute the criterion this pair is reported like the other and no result moves",1.0000006079640449,0.9999307570427112,1.0000617098694684,0.00013095282675723574
p0,ls,cw,check,hausdorff_b_to_a,5,5000,5000,1,0.1,2.0,0,"measured on random search's one filtered sample, so the two sets differ only through the order; delta is 0.05 of the box diameter, the box_scale column; containment_violations is the largest count over the seeds; check on r-06 and not a finding: ND_cw sits inside ND_ls exactly and for every problem, docs/a_close_containment.md, so coverage of cw in ls and one direction of the overlap are fixed before this runs. the containment is exact in real arithmetic and fails by rounding in doubles, one point of 1565 measured, r-11, so a nonzero violation count is arithmetic and never a result about phi. it stands on s-11; if the supervisors refute the criterion this pair is reported like the other and no result moves",0.0,0.0,0.0,0.0
p0,ls,cw,check,hausdorff_b_to_a,5,20000,20000,1,0.1,2.0,0,"measured on random search's one filtered sample, so the two sets differ only through the order; delta is 0.05 of the box diameter, the box_scale column; containment_violations is the largest count over the seeds; check on r-06 and not a finding: ND_cw sits inside ND_ls exactly and for every problem, docs/a_close_containment.md, so coverage of cw in ls and one direction of the overlap are fixed before this runs. the containment is exact in real arithmetic and fails by rounding in doubles, one point of 1565 measured, r-11, so a nonzero violation count is arithmetic and never a result about phi. it stands on s-11; if the supervisors refute the criterion this pair is reported like the other and no result moves",0.0,0.0,0.0,0.0
p0,ls,cw,check,hausdorff_symmetric,5,5000,5000,1,0.1,2.0,0,"measured on random search's one filtered sample, so the two sets differ only through the order; delta is 0.05 of the box diameter, the box_scale column; containment_violations is the largest count over the seeds; check on r-06 and not a finding: ND_cw sits inside ND_ls exactly and for every problem, docs/a_close_containment.md, so coverage of cw in ls and one direction of the overlap are fixed before this runs. the containment is exact in real arithmetic and fails by rounding in doubles, one point of 1565 measured, r-11, so a nonzero violation count is arithmetic and never a result about phi. it stands on s-11; if the supervisors refute the criterion this pair is reported like the other and no result moves",0.9997663629196343,0.9997313420529264,0.9999275753706607,0.00019623331773432895
p0,ls,cw,check,hausdorff_symmetric,5,20000,20000,1,0.1,2.0,0,"measured on random search's one filtered sample, so the two sets differ only through the order; delta is 0.05 of the box diameter, the box_scale column; containment_violations is the largest count over the seeds; check on r-06 and not a finding: ND_cw sits inside ND_ls exactly and for every problem, docs/a_close_containment.md, so coverage of cw in ls and one direction of the overlap are fixed before this runs. the containment is exact in real arithmetic and fails by rounding in doubles, one point of 1565 measured, r-11, so a nonzero violation count is arithmetic and never a result about phi. it stands on s-11; if the supervisors refute the criterion this pair is reported like the other and no result moves",1.0000006079640449,0.9999307570427112,1.0000617098694684,0.00013095282675723574
p0,ls,cw,check,overlap,5,5000,5000,1,0.0,2.0,,"measured on random search's one filtered sample, so the two sets differ only through the order; delta is zero, so the row is the shared count over the count, with no tolerance in it at all; the three sets are index sets over one array, so two vectors are the same point bitwise or they are two points; containment_violations is the largest count over the seeds; check on r-06 and not a finding: ND_cw sits inside ND_ls exactly and for every problem, docs/a_close_containment.md, so coverage of cw in ls and one direction of the overlap are fixed before this runs. the containment is exact in real arithmetic and fails by rounding in doubles, one point of 1565 measured, r-11, so a nonzero violation count is arithmetic and never a result about phi. it stands on s-11; if the supervisors refute the criterion this pair is reported like the other and no result moves",0.0003999200159968006,0.0003999200159968006,0.0003999200159968006,0.0
p0,ls,cw,check,overlap,5,5000,5000,1,0.1,2.0,0,"measured on random search's one filtered sample, so the two sets differ only through the order; delta is 0.05 of the box diameter, the box_scale column; containment_violations is the largest count over the seeds; check on r-06 and not a finding: ND_cw sits inside ND_ls exactly and for every problem, docs/a_close_containment.md, so coverage of cw in ls and one direction of the overlap are fixed before this runs. the containment is exact in real arithmetic and fails by rounding in doubles, one point of 1565 measured, r-11, so a nonzero violation count is arithmetic and never a result about phi. it stands on s-11; if the supervisors refute the criterion this pair is reported like the other and no result moves",0.10297940411917617,0.09778044391121776,0.10417916416716656,0.0063987202559488005
p0,ls,cw,check,overlap,5,20000,20000,1,0.0,2.0,,"measured on random search's one filtered sample, so the two sets differ only through the order; delta is zero, so the row is the shared count over the count, with no tolerance in it at all; the three sets are index sets over one array, so two vectors are the same point bitwise or they are two points; containment_violations is the largest count over the seeds; check on r-06 and not a finding: ND_cw sits inside ND_ls exactly and for every problem, docs/a_close_containment.md, so coverage of cw in ls and one direction of the overlap are fixed before this runs. the containment is exact in real arithmetic and fails by rounding in doubles, one point of 1565 measured, r-11, so a nonzero violation count is arithmetic and never a result about phi. it stands on s-11; if the supervisors refute the criterion this pair is reported like the other and no result moves",9.99950002499875e-05,9.99950002499875e-05,9.99950002499875e-05,0.0
p0,ls,cw,check,overlap,5,20000,20000,1,0.1,2.0,0,"measured on random search's one filtered sample, so the two sets differ only through the order; delta is 0.05 of the box diameter, the box_scale column; containment_violations is the largest count over the seeds; check on r-06 and not a finding: ND_cw sits inside ND_ls exactly and for every problem, docs/a_close_containment.md, so coverage of cw in ls and one direction of the overlap are fixed before this runs. the containment is exact in real arithmetic and fails by rounding in doubles, one point of 1565 measured, r-11, so a nonzero violation count is arithmetic and never a result about phi. it stands on s-11; if the supervisors refute the criterion this pair is reported like the other and no result moves",0.10019499025048748,0.0968951552422379,0.10144492775361232,0.0045497725113744225
p0,lu,cw,finding,coverage_a_in_b,5,5000,5000,1,0.0,2.0,,"measured on random search's one filtered sample, so the two sets differ only through the order; delta is zero, so the row is the shared count over the count, with no tolerance in it at all; the three sets are index sets over one array, so two vectors are the same point bitwise or they are two points; containment_violations is the largest count over the seeds; nested in neither direction, so both directions are measured; this is the pair CONTEXT.md section 10 e3 takes the headline number from",0.0002,0.0002,0.0002,0.0
p0,lu,cw,finding,coverage_a_in_b,5,5000,5000,1,0.1,2.0,,"measured on random search's one filtered sample, so the two sets differ only through the order; delta is 0.05 of the box diameter, the box_scale column; containment_violations is the largest count over the seeds; nested in neither direction, so both directions are measured; this is the pair CONTEXT.md section 10 e3 takes the headline number from",0.1028,0.0976,0.104,0.006399999999999989
p0,lu,cw,finding,coverage_a_in_b,5,20000,20000,1,0.0,2.0,,"measured on random search's one filtered sample, so the two sets differ only through the order; delta is zero, so the row is the shared count over the count, with no tolerance in it at all; the three sets are index sets over one array, so two vectors are the same point bitwise or they are two points; containment_violations is the largest count over the seeds; nested in neither direction, so both directions are measured; this is the pair CONTEXT.md section 10 e3 takes the headline number from",5e-05,5e-05,5e-05,0.0
p0,lu,cw,finding,coverage_a_in_b,5,20000,20000,1,0.1,2.0,,"measured on random search's one filtered sample, so the two sets differ only through the order; delta is 0.05 of the box diameter, the box_scale column; containment_violations is the largest count over the seeds; nested in neither direction, so both directions are measured; this is the pair CONTEXT.md section 10 e3 takes the headline number from",0.10015,0.09685,0.1014,0.0045499999999999985
p0,lu,cw,finding,coverage_b_in_a,5,5000,5000,1,0.0,2.0,,"measured on random search's one filtered sample, so the two sets differ only through the order; delta is zero, so the row is the shared count over the count, with no tolerance in it at all; the three sets are index sets over one array, so two vectors are the same point bitwise or they are two points; containment_violations is the largest count over the seeds; nested in neither direction, so both directions are measured; this is the pair CONTEXT.md section 10 e3 takes the headline number from",1.0,1.0,1.0,0.0
p0,lu,cw,finding,coverage_b_in_a,5,5000,5000,1,0.1,2.0,,"measured on random search's one filtered sample, so the two sets differ only through the order; delta is 0.05 of the box diameter, the box_scale column; containment_violations is the largest count over the seeds; nested in neither direction, so both directions are measured; this is the pair CONTEXT.md section 10 e3 takes the headline number from",1.0,1.0,1.0,0.0
p0,lu,cw,finding,coverage_b_in_a,5,20000,20000,1,0.0,2.0,,"measured on random search's one filtered sample, so the two sets differ only through the order; delta is zero, so the row is the shared count over the count, with no tolerance in it at all; the three sets are index sets over one array, so two vectors are the same point bitwise or they are two points; containment_violations is the largest count over the seeds; nested in neither direction, so both directions are measured; this is the pair CONTEXT.md section 10 e3 takes the headline number from",1.0,1.0,1.0,0.0
p0,lu,cw,finding,coverage_b_in_a,5,20000,20000,1,0.1,2.0,,"measured on random search's one filtered sample, so the two sets differ only through the order; delta is 0.05 of the box diameter, the box_scale column; containment_violations is the largest count over the seeds; nested in neither direction, so both directions are measured; this is the pair CONTEXT.md section 10 e3 takes the headline number from",1.0,1.0,1.0,0.0
p0,lu,cw,finding,cross_a_under_b,5,5000,5000,1,0.1,2.0,,"measured on random search's one filtered sample, so the two sets differ only through the order; delta is 0.05 of the box diameter, the box_scale column; containment_violations is the largest count over the seeds; nested in neither direction, so both directions are measured; this is the pair CONTEXT.md section 10 e3 takes the headline number from",0.0002,0.0002,0.0002,0.0
p0,lu,cw,finding,cross_a_under_b,5,20000,20000,1,0.1,2.0,,"measured on random search's one filtered sample, so the two sets differ only through the order; delta is 0.05 of the box diameter, the box_scale column; containment_violations is the largest count over the seeds; nested in neither direction, so both directions are measured; this is the pair CONTEXT.md section 10 e3 takes the headline number from",5e-05,5e-05,5e-05,0.0
p0,lu,cw,finding,cross_b_under_a,5,5000,5000,1,0.1,2.0,,"measured on random search's one filtered sample, so the two sets differ only through the order; delta is 0.05 of the box diameter, the box_scale column; containment_violations is the largest count over the seeds; nested in neither direction, so both directions are measured; this is the pair CONTEXT.md section 10 e3 takes the headline number from",1.0,1.0,1.0,0.0
p0,lu,cw,finding,cross_b_under_a,5,20000,20000,1,0.1,2.0,,"measured on random search's one filtered sample, so the two sets differ only through the order; delta is 0.05 of the box diameter, the box_scale column; containment_violations is the largest count over the seeds; nested in neither direction, so both directions are measured; this is the pair CONTEXT.md section 10 e3 takes the headline number from",1.0,1.0,1.0,0.0
p0,lu,cw,finding,hausdorff_a_to_b,5,5000,5000,1,0.1,2.0,,"measured on random search's one filtered sample, so the two sets differ only through the order; delta is 0.05 of the box diameter, the box_scale column; containment_violations is the largest count over the seeds; nested in neither direction, so both directions are measured; this is the pair CONTEXT.md section 10 e3 takes the headline number from",0.9997663629196343,0.9997313420529264,0.9999275753706607,0.00019623331773432895
p0,lu,cw,finding,hausdorff_a_to_b,5,20000,20000,1,0.1,2.0,,"measured on random search's one filtered sample, so the two sets differ only through the order; delta is 0.05 of the box diameter, the box_scale column; containment_violations is the largest count over the seeds; nested in neither direction, so both directions are measured; this is the pair CONTEXT.md section 10 e3 takes the headline number from",1.0000006079640449,0.9999307570427112,1.0000617098694684,0.00013095282675723574
p0,lu,cw,finding,hausdorff_b_to_a,5,5000,5000,1,0.1,2.0,,"measured on random search's one filtered sample, so the two sets differ only through the order; delta is 0.05 of the box diameter, the box_scale column; containment_violations is the largest count over the seeds; nested in neither direction, so both directions are measured; this is the pair CONTEXT.md section 10 e3 takes the headline number from",0.0,0.0,0.0,0.0
p0,lu,cw,finding,hausdorff_b_to_a,5,20000,20000,1,0.1,2.0,,"measured on random search's one filtered sample, so the two sets differ only through the order; delta is 0.05 of the box diameter, the box_scale column; containment_violations is the largest count over the seeds; nested in neither direction, so both directions are measured; this is the pair CONTEXT.md section 10 e3 takes the headline number from",0.0,0.0,0.0,0.0
p0,lu,cw,finding,hausdorff_symmetric,5,5000,5000,1,0.1,2.0,,"measured on random search's one filtered sample, so the two sets differ only through the order; delta is 0.05 of the box diameter, the box_scale column; containment_violations is the largest count over the seeds; nested in neither direction, so both directions are measured; this is the pair CONTEXT.md section 10 e3 takes the headline number from",0.9997663629196343,0.9997313420529264,0.9999275753706607,0.00019623331773432895
p0,lu,cw,finding,hausdorff_symmetric,5,20000,20000,1,0.1,2.0,,"measured on random search's one filtered sample, so the two sets differ only through the order; delta is 0.05 of the box diameter, the box_scale column; containment_violations is the largest count over the seeds; nested in neither direction, so both directions are measured; this is the pair CONTEXT.md section 10 e3 takes the headline number from",1.0000006079640449,0.9999307570427112,1.0000617098694684,0.00013095282675723574
p0,lu,cw,finding,overlap,5,5000,5000,1,0.0,2.0,,"measured on random search's one filtered sample, so the two sets differ only through the order; delta is zero, so the row is the shared count over the count, with no tolerance in it at all; the three sets are index sets over one array, so two vectors are the same point bitwise or they are two points; containment_violations is the largest count over the seeds; nested in neither direction, so both directions are measured; this is the pair CONTEXT.md section 10 e3 takes the headline number from",0.0003999200159968006,0.0003999200159968006,0.0003999200159968006,0.0
p0,lu,cw,finding,overlap,5,5000,5000,1,0.1,2.0,,"measured on random search's one filtered sample, so the two sets differ only through the order; delta is 0.05 of the box diameter, the box_scale column; containment_violations is the largest count over the seeds; nested in neither direction, so both directions are measured; this is the pair CONTEXT.md section 10 e3 takes the headline number from",0.10297940411917617,0.09778044391121776,0.10417916416716656,0.0063987202559488005
p0,lu,cw,finding,overlap,5,20000,20000,1,0.0,2.0,,"measured on random search's one filtered sample, so the two sets differ only through the order; delta is zero, so the row is the shared count over the count, with no tolerance in it at all; the three sets are index sets over one array, so two vectors are the same point bitwise or they are two points; containment_violations is the largest count over the seeds; nested in neither direction, so both directions are measured; this is the pair CONTEXT.md section 10 e3 takes the headline number from",9.99950002499875e-05,9.99950002499875e-05,9.99950002499875e-05,0.0
p0,lu,cw,finding,overlap,5,20000,20000,1,0.1,2.0,,"measured on random search's one filtered sample, so the two sets differ only through the order; delta is 0.05 of the box diameter, the box_scale column; containment_violations is the largest count over the seeds; nested in neither direction, so both directions are measured; this is the pair CONTEXT.md section 10 e3 takes the headline number from",0.10019499025048748,0.0968951552422379,0.10144492775361232,0.0045497725113744225
p0,lu,ls,check,coverage_a_in_b,5,5000,5000,5000,0.0,2.0,,"measured on random search's one filtered sample, so the two sets differ only through the order; delta is zero, so the row is the shared count over the count, with no tolerance in it at all; the three sets are index sets over one array, so two vectors are the same point bitwise or they are two points; containment_violations is the largest count over the seeds; check on r-06 and not a finding: ND_lu sits inside ND_ls exactly and for every problem, docs/a_close_containment.md, so coverage of lu in ls and one direction of the overlap are fixed before this runs. the containment is exact in real arithmetic and fails by rounding in doubles, one point of 1565 measured, r-11, so a nonzero violation count is arithmetic and never a result about phi. it stands on s-11; if the supervisors refute the criterion this pair is reported like the other and no result moves",1.0,1.0,1.0,0.0
p0,lu,ls,check,coverage_a_in_b,5,5000,5000,5000,0.1,2.0,0,"measured on random search's one filtered sample, so the two sets differ only through the order; delta is 0.05 of the box diameter, the box_scale column; containment_violations is the largest count over the seeds; check on r-06 and not a finding: ND_lu sits inside ND_ls exactly and for every problem, docs/a_close_containment.md, so coverage of lu in ls and one direction of the overlap are fixed before this runs. the containment is exact in real arithmetic and fails by rounding in doubles, one point of 1565 measured, r-11, so a nonzero violation count is arithmetic and never a result about phi. it stands on s-11; if the supervisors refute the criterion this pair is reported like the other and no result moves",1.0,1.0,1.0,0.0
p0,lu,ls,check,coverage_a_in_b,5,20000,20000,20000,0.0,2.0,,"measured on random search's one filtered sample, so the two sets differ only through the order; delta is zero, so the row is the shared count over the count, with no tolerance in it at all; the three sets are index sets over one array, so two vectors are the same point bitwise or they are two points; containment_violations is the largest count over the seeds; check on r-06 and not a finding: ND_lu sits inside ND_ls exactly and for every problem, docs/a_close_containment.md, so coverage of lu in ls and one direction of the overlap are fixed before this runs. the containment is exact in real arithmetic and fails by rounding in doubles, one point of 1565 measured, r-11, so a nonzero violation count is arithmetic and never a result about phi. it stands on s-11; if the supervisors refute the criterion this pair is reported like the other and no result moves",1.0,1.0,1.0,0.0
p0,lu,ls,check,coverage_a_in_b,5,20000,20000,20000,0.1,2.0,0,"measured on random search's one filtered sample, so the two sets differ only through the order; delta is 0.05 of the box diameter, the box_scale column; containment_violations is the largest count over the seeds; check on r-06 and not a finding: ND_lu sits inside ND_ls exactly and for every problem, docs/a_close_containment.md, so coverage of lu in ls and one direction of the overlap are fixed before this runs. the containment is exact in real arithmetic and fails by rounding in doubles, one point of 1565 measured, r-11, so a nonzero violation count is arithmetic and never a result about phi. it stands on s-11; if the supervisors refute the criterion this pair is reported like the other and no result moves",1.0,1.0,1.0,0.0
p0,lu,ls,check,coverage_b_in_a,5,5000,5000,5000,0.0,2.0,,"measured on random search's one filtered sample, so the two sets differ only through the order; delta is zero, so the row is the shared count over the count, with no tolerance in it at all; the three sets are index sets over one array, so two vectors are the same point bitwise or they are two points; containment_violations is the largest count over the seeds; check on r-06 and not a finding: ND_lu sits inside ND_ls exactly and for every problem, docs/a_close_containment.md, so coverage of lu in ls and one direction of the overlap are fixed before this runs. the containment is exact in real arithmetic and fails by rounding in doubles, one point of 1565 measured, r-11, so a nonzero violation count is arithmetic and never a result about phi. it stands on s-11; if the supervisors refute the criterion this pair is reported like the other and no result moves",1.0,1.0,1.0,0.0
p0,lu,ls,check,coverage_b_in_a,5,5000,5000,5000,0.1,2.0,0,"measured on random search's one filtered sample, so the two sets differ only through the order; delta is 0.05 of the box diameter, the box_scale column; containment_violations is the largest count over the seeds; check on r-06 and not a finding: ND_lu sits inside ND_ls exactly and for every problem, docs/a_close_containment.md, so coverage of lu in ls and one direction of the overlap are fixed before this runs. the containment is exact in real arithmetic and fails by rounding in doubles, one point of 1565 measured, r-11, so a nonzero violation count is arithmetic and never a result about phi. it stands on s-11; if the supervisors refute the criterion this pair is reported like the other and no result moves",1.0,1.0,1.0,0.0
p0,lu,ls,check,coverage_b_in_a,5,20000,20000,20000,0.0,2.0,,"measured on random search's one filtered sample, so the two sets differ only through the order; delta is zero, so the row is the shared count over the count, with no tolerance in it at all; the three sets are index sets over one array, so two vectors are the same point bitwise or they are two points; containment_violations is the largest count over the seeds; check on r-06 and not a finding: ND_lu sits inside ND_ls exactly and for every problem, docs/a_close_containment.md, so coverage of lu in ls and one direction of the overlap are fixed before this runs. the containment is exact in real arithmetic and fails by rounding in doubles, one point of 1565 measured, r-11, so a nonzero violation count is arithmetic and never a result about phi. it stands on s-11; if the supervisors refute the criterion this pair is reported like the other and no result moves",1.0,1.0,1.0,0.0
p0,lu,ls,check,coverage_b_in_a,5,20000,20000,20000,0.1,2.0,0,"measured on random search's one filtered sample, so the two sets differ only through the order; delta is 0.05 of the box diameter, the box_scale column; containment_violations is the largest count over the seeds; check on r-06 and not a finding: ND_lu sits inside ND_ls exactly and for every problem, docs/a_close_containment.md, so coverage of lu in ls and one direction of the overlap are fixed before this runs. the containment is exact in real arithmetic and fails by rounding in doubles, one point of 1565 measured, r-11, so a nonzero violation count is arithmetic and never a result about phi. it stands on s-11; if the supervisors refute the criterion this pair is reported like the other and no result moves",1.0,1.0,1.0,0.0
p0,lu,ls,check,cross_a_under_b,5,5000,5000,5000,0.1,2.0,0,"measured on random search's one filtered sample, so the two sets differ only through the order; delta is 0.05 of the box diameter, the box_scale column; containment_violations is the largest count over the seeds; check on r-06 and not a finding: ND_lu sits inside ND_ls exactly and for every problem, docs/a_close_containment.md, so coverage of lu in ls and one direction of the overlap are fixed before this runs. the containment is exact in real arithmetic and fails by rounding in doubles, one point of 1565 measured, r-11, so a nonzero violation count is arithmetic and never a result about phi. it stands on s-11; if the supervisors refute the criterion this pair is reported like the other and no result moves",1.0,1.0,1.0,0.0
p0,lu,ls,check,cross_a_under_b,5,20000,20000,20000,0.1,2.0,0,"measured on random search's one filtered sample, so the two sets differ only through the order; delta is 0.05 of the box diameter, the box_scale column; containment_violations is the largest count over the seeds; check on r-06 and not a finding: ND_lu sits inside ND_ls exactly and for every problem, docs/a_close_containment.md, so coverage of lu in ls and one direction of the overlap are fixed before this runs. the containment is exact in real arithmetic and fails by rounding in doubles, one point of 1565 measured, r-11, so a nonzero violation count is arithmetic and never a result about phi. it stands on s-11; if the supervisors refute the criterion this pair is reported like the other and no result moves",1.0,1.0,1.0,0.0
p0,lu,ls,check,cross_b_under_a,5,5000,5000,5000,0.1,2.0,0,"measured on random search's one filtered sample, so the two sets differ only through the order; delta is 0.05 of the box diameter, the box_scale column; containment_violations is the largest count over the seeds; check on r-06 and not a finding: ND_lu sits inside ND_ls exactly and for every problem, docs/a_close_containment.md, so coverage of lu in ls and one direction of the overlap are fixed before this runs. the containment is exact in real arithmetic and fails by rounding in doubles, one point of 1565 measured, r-11, so a nonzero violation count is arithmetic and never a result about phi. it stands on s-11; if the supervisors refute the criterion this pair is reported like the other and no result moves",1.0,1.0,1.0,0.0
p0,lu,ls,check,cross_b_under_a,5,20000,20000,20000,0.1,2.0,0,"measured on random search's one filtered sample, so the two sets differ only through the order; delta is 0.05 of the box diameter, the box_scale column; containment_violations is the largest count over the seeds; check on r-06 and not a finding: ND_lu sits inside ND_ls exactly and for every problem, docs/a_close_containment.md, so coverage of lu in ls and one direction of the overlap are fixed before this runs. the containment is exact in real arithmetic and fails by rounding in doubles, one point of 1565 measured, r-11, so a nonzero violation count is arithmetic and never a result about phi. it stands on s-11; if the supervisors refute the criterion this pair is reported like the other and no result moves",1.0,1.0,1.0,0.0
p0,lu,ls,check,hausdorff_a_to_b,5,5000,5000,5000,0.1,2.0,0,"measured on random search's one filtered sample, so the two sets differ only through the order; delta is 0.05 of the box diameter, the box_scale column; containment_violations is the largest count over the seeds; check on r-06 and not a finding: ND_lu sits inside ND_ls exactly and for every problem, docs/a_close_containment.md, so coverage of lu in ls and one direction of the overlap are fixed before this runs. the containment is exact in real arithmetic and fails by rounding in doubles, one point of 1565 measured, r-11, so a nonzero violation count is arithmetic and never a result about phi. it stands on s-11; if the supervisors refute the criterion this pair is reported like the other and no result moves",0.0,0.0,0.0,0.0
p0,lu,ls,check,hausdorff_a_to_b,5,20000,20000,20000,0.1,2.0,0,"measured on random search's one filtered sample, so the two sets differ only through the order; delta is 0.05 of the box diameter, the box_scale column; containment_violations is the largest count over the seeds; check on r-06 and not a finding: ND_lu sits inside ND_ls exactly and for every problem, docs/a_close_containment.md, so coverage of lu in ls and one direction of the overlap are fixed before this runs. the containment is exact in real arithmetic and fails by rounding in doubles, one point of 1565 measured, r-11, so a nonzero violation count is arithmetic and never a result about phi. it stands on s-11; if the supervisors refute the criterion this pair is reported like the other and no result moves",0.0,0.0,0.0,0.0
p0,lu,ls,check,hausdorff_b_to_a,5,5000,5000,5000,0.1,2.0,0,"measured on random search's one filtered sample, so the two sets differ only through the order; delta is 0.05 of the box diameter, the box_scale column; containment_violations is the largest count over the seeds; check on r-06 and not a finding: ND_lu sits inside ND_ls exactly and for every problem, docs/a_close_containment.md, so coverage of lu in ls and one direction of the overlap are fixed before this runs. the containment is exact in real arithmetic and fails by rounding in doubles, one point of 1565 measured, r-11, so a nonzero violation count is arithmetic and never a result about phi. it stands on s-11; if the supervisors refute the criterion this pair is reported like the other and no result moves",0.0,0.0,0.0,0.0
p0,lu,ls,check,hausdorff_b_to_a,5,20000,20000,20000,0.1,2.0,0,"measured on random search's one filtered sample, so the two sets differ only through the order; delta is 0.05 of the box diameter, the box_scale column; containment_violations is the largest count over the seeds; check on r-06 and not a finding: ND_lu sits inside ND_ls exactly and for every problem, docs/a_close_containment.md, so coverage of lu in ls and one direction of the overlap are fixed before this runs. the containment is exact in real arithmetic and fails by rounding in doubles, one point of 1565 measured, r-11, so a nonzero violation count is arithmetic and never a result about phi. it stands on s-11; if the supervisors refute the criterion this pair is reported like the other and no result moves",0.0,0.0,0.0,0.0
p0,lu,ls,check,hausdorff_symmetric,5,5000,5000,5000,0.1,2.0,0,"measured on random search's one filtered sample, so the two sets differ only through the order; delta is 0.05 of the box diameter, the box_scale column; containment_violations is the largest count over the seeds; check on r-06 and not a finding: ND_lu sits inside ND_ls exactly and for every problem, docs/a_close_containment.md, so coverage of lu in ls and one direction of the overlap are fixed before this runs. the containment is exact in real arithmetic and fails by rounding in doubles, one point of 1565 measured, r-11, so a nonzero violation count is arithmetic and never a result about phi. it stands on s-11; if the supervisors refute the criterion this pair is reported like the other and no result moves",0.0,0.0,0.0,0.0
p0,lu,ls,check,hausdorff_symmetric,5,20000,20000,20000,0.1,2.0,0,"measured on random search's one filtered sample, so the two sets differ only through the order; delta is 0.05 of the box diameter, the box_scale column; containment_violations is the largest count over the seeds; check on r-06 and not a finding: ND_lu sits inside ND_ls exactly and for every problem, docs/a_close_containment.md, so coverage of lu in ls and one direction of the overlap are fixed before this runs. the containment is exact in real arithmetic and fails by rounding in doubles, one point of 1565 measured, r-11, so a nonzero violation count is arithmetic and never a result about phi. it stands on s-11; if the supervisors refute the criterion this pair is reported like the other and no result moves",0.0,0.0,0.0,0.0
p0,lu,ls,check,overlap,5,5000,5000,5000,0.0,2.0,,"measured on random search's one filtered sample, so the two sets differ only through the order; delta is zero, so the row is the shared count over the count, with no tolerance in it at all; the three sets are index sets over one array, so two vectors are the same point bitwise or they are two points; containment_violations is the largest count over the seeds; check on r-06 and not a finding: ND_lu sits inside ND_ls exactly and for every problem, docs/a_close_containment.md, so coverage of lu in ls and one direction of the overlap are fixed before this runs. the containment is exact in real arithmetic and fails by rounding in doubles, one point of 1565 measured, r-11, so a nonzero violation count is arithmetic and never a result about phi. it stands on s-11; if the supervisors refute the criterion this pair is reported like the other and no result moves",1.0,1.0,1.0,0.0
p0,lu,ls,check,overlap,5,5000,5000,5000,0.1,2.0,0,"measured on random search's one filtered sample, so the two sets differ only through the order; delta is 0.05 of the box diameter, the box_scale column; containment_violations is the largest count over the seeds; check on r-06 and not a finding: ND_lu sits inside ND_ls exactly and for every problem, docs/a_close_containment.md, so coverage of lu in ls and one direction of the overlap are fixed before this runs. the containment is exact in real arithmetic and fails by rounding in doubles, one point of 1565 measured, r-11, so a nonzero violation count is arithmetic and never a result about phi. it stands on s-11; if the supervisors refute the criterion this pair is reported like the other and no result moves",1.0,1.0,1.0,0.0
p0,lu,ls,check,overlap,5,20000,20000,20000,0.0,2.0,,"measured on random search's one filtered sample, so the two sets differ only through the order; delta is zero, so the row is the shared count over the count, with no tolerance in it at all; the three sets are index sets over one array, so two vectors are the same point bitwise or they are two points; containment_violations is the largest count over the seeds; check on r-06 and not a finding: ND_lu sits inside ND_ls exactly and for every problem, docs/a_close_containment.md, so coverage of lu in ls and one direction of the overlap are fixed before this runs. the containment is exact in real arithmetic and fails by rounding in doubles, one point of 1565 measured, r-11, so a nonzero violation count is arithmetic and never a result about phi. it stands on s-11; if the supervisors refute the criterion this pair is reported like the other and no result moves",1.0,1.0,1.0,0.0
p0,lu,ls,check,overlap,5,20000,20000,20000,0.1,2.0,0,"measured on random search's one filtered sample, so the two sets differ only through the order; delta is 0.05 of the box diameter, the box_scale column; containment_violations is the largest count over the seeds; check on r-06 and not a finding: ND_lu sits inside ND_ls exactly and for every problem, docs/a_close_containment.md, so coverage of lu in ls and one direction of the overlap are fixed before this runs. the containment is exact in real arithmetic and fails by rounding in doubles, one point of 1565 measured, r-11, so a nonzero violation count is arithmetic and never a result about phi. it stands on s-11; if the supervisors refute the criterion this pair is reported like the other and no result moves",1.0,1.0,1.0,0.0
p0,cw,cw,check,coverage_a_in_b,5,5000,1,1,0.1,2.0,,"noise floor and not a pair: one phi against itself at two seeds, so no order difference can appear in it and a cross-phi number that does not exceed it is not evidence. it is labelled a check because d3 reserves the finding label for the row carrying the sensitivity signal and this row carries none; delta is 0.05 of the box diameter, the box_scale column; containment_violations is the largest count over the seeds; nested in neither direction, so both directions are measured; this is the pair CONTEXT.md section 10 e3 takes the headline number from",1.0,1.0,1.0,0.0
p0,cw,cw,check,coverage_a_in_b,5,20000,1,1,0.1,2.0,,"noise floor and not a pair: one phi against itself at two seeds, so no order difference can appear in it and a cross-phi number that does not exceed it is not evidence. it is labelled a check because d3 reserves the finding label for the row carrying the sensitivity signal and this row carries none; delta is 0.05 of the box diameter, the box_scale column; containment_violations is the largest count over the seeds; nested in neither direction, so both directions are measured; this is the pair CONTEXT.md section 10 e3 takes the headline number from",1.0,1.0,1.0,0.0
p0,cw,cw,check,coverage_b_in_a,5,5000,1,1,0.1,2.0,,"noise floor and not a pair: one phi against itself at two seeds, so no order difference can appear in it and a cross-phi number that does not exceed it is not evidence. it is labelled a check because d3 reserves the finding label for the row carrying the sensitivity signal and this row carries none; delta is 0.05 of the box diameter, the box_scale column; containment_violations is the largest count over the seeds; nested in neither direction, so both directions are measured; this is the pair CONTEXT.md section 10 e3 takes the headline number from",1.0,1.0,1.0,0.0
p0,cw,cw,check,coverage_b_in_a,5,20000,1,1,0.1,2.0,,"noise floor and not a pair: one phi against itself at two seeds, so no order difference can appear in it and a cross-phi number that does not exceed it is not evidence. it is labelled a check because d3 reserves the finding label for the row carrying the sensitivity signal and this row carries none; delta is 0.05 of the box diameter, the box_scale column; containment_violations is the largest count over the seeds; nested in neither direction, so both directions are measured; this is the pair CONTEXT.md section 10 e3 takes the headline number from",1.0,1.0,1.0,0.0
p0,cw,cw,check,overlap,5,5000,1,1,0.1,2.0,,"noise floor and not a pair: one phi against itself at two seeds, so no order difference can appear in it and a cross-phi number that does not exceed it is not evidence. it is labelled a check because d3 reserves the finding label for the row carrying the sensitivity signal and this row carries none; delta is 0.05 of the box diameter, the box_scale column; containment_violations is the largest count over the seeds; nested in neither direction, so both directions are measured; this is the pair CONTEXT.md section 10 e3 takes the headline number from",1.0,1.0,1.0,0.0
p0,cw,cw,check,overlap,5,20000,1,1,0.1,2.0,,"noise floor and not a pair: one phi against itself at two seeds, so no order difference can appear in it and a cross-phi number that does not exceed it is not evidence. it is labelled a check because d3 reserves the finding label for the row carrying the sensitivity signal and this row carries none; delta is 0.05 of the box diameter, the box_scale column; containment_violations is the largest count over the seeds; nested in neither direction, so both directions are measured; this is the pair CONTEXT.md section 10 e3 takes the headline number from",1.0,1.0,1.0,0.0
p0,ls,ls,check,coverage_a_in_b,5,5000,5000,5000,0.1,2.0,,"noise floor and not a pair: one phi against itself at two seeds, so no order difference can appear in it and a cross-phi number that does not exceed it is not evidence. it is labelled a check because d3 reserves the finding label for the row carrying the sensitivity signal and this row carries none; delta is 0.05 of the box diameter, the box_scale column; containment_violations is the largest count over the seeds; nested in neither direction, so both directions are measured; this is the pair CONTEXT.md section 10 e3 takes the headline number from",1.0,1.0,1.0,0.0
p0,ls,ls,check,coverage_a_in_b,5,20000,20000,20000,0.1,2.0,,"noise floor and not a pair: one phi against itself at two seeds, so no order difference can appear in it and a cross-phi number that does not exceed it is not evidence. it is labelled a check because d3 reserves the finding label for the row carrying the sensitivity signal and this row carries none; delta is 0.05 of the box diameter, the box_scale column; containment_violations is the largest count over the seeds; nested in neither direction, so both directions are measured; this is the pair CONTEXT.md section 10 e3 takes the headline number from",1.0,1.0,1.0,0.0
p0,ls,ls,check,coverage_b_in_a,5,5000,5000,5000,0.1,2.0,,"noise floor and not a pair: one phi against itself at two seeds, so no order difference can appear in it and a cross-phi number that does not exceed it is not evidence. it is labelled a check because d3 reserves the finding label for the row carrying the sensitivity signal and this row carries none; delta is 0.05 of the box diameter, the box_scale column; containment_violations is the largest count over the seeds; nested in neither direction, so both directions are measured; this is the pair CONTEXT.md section 10 e3 takes the headline number from",1.0,1.0,1.0,0.0
p0,ls,ls,check,coverage_b_in_a,5,20000,20000,20000,0.1,2.0,,"noise floor and not a pair: one phi against itself at two seeds, so no order difference can appear in it and a cross-phi number that does not exceed it is not evidence. it is labelled a check because d3 reserves the finding label for the row carrying the sensitivity signal and this row carries none; delta is 0.05 of the box diameter, the box_scale column; containment_violations is the largest count over the seeds; nested in neither direction, so both directions are measured; this is the pair CONTEXT.md section 10 e3 takes the headline number from",1.0,1.0,1.0,0.0
p0,ls,ls,check,overlap,5,5000,5000,5000,0.1,2.0,,"noise floor and not a pair: one phi against itself at two seeds, so no order difference can appear in it and a cross-phi number that does not exceed it is not evidence. it is labelled a check because d3 reserves the finding label for the row carrying the sensitivity signal and this row carries none; delta is 0.05 of the box diameter, the box_scale column; containment_violations is the largest count over the seeds; nested in neither direction, so both directions are measured; this is the pair CONTEXT.md section 10 e3 takes the headline number from",1.0,1.0,1.0,0.0
p0,ls,ls,check,overlap,5,20000,20000,20000,0.1,2.0,,"noise floor and not a pair: one phi against itself at two seeds, so no order difference can appear in it and a cross-phi number that does not exceed it is not evidence. it is labelled a check because d3 reserves the finding label for the row carrying the sensitivity signal and this row carries none; delta is 0.05 of the box diameter, the box_scale column; containment_violations is the largest count over the seeds; nested in neither direction, so both directions are measured; this is the pair CONTEXT.md section 10 e3 takes the headline number from",1.0,1.0,1.0,0.0
p0,lu,lu,check,coverage_a_in_b,5,5000,5000,5000,0.1,2.0,,"noise floor and not a pair: one phi against itself at two seeds, so no order difference can appear in it and a cross-phi number that does not exceed it is not evidence. it is labelled a check because d3 reserves the finding label for the row carrying the sensitivity signal and this row carries none; delta is 0.05 of the box diameter, the box_scale column; containment_violations is the largest count over the seeds; nested in neither direction, so both directions are measured; this is the pair CONTEXT.md section 10 e3 takes the headline number from",1.0,1.0,1.0,0.0
p0,lu,lu,check,coverage_a_in_b,5,20000,20000,20000,0.1,2.0,,"noise floor and not a pair: one phi against itself at two seeds, so no order difference can appear in it and a cross-phi number that does not exceed it is not evidence. it is labelled a check because d3 reserves the finding label for the row carrying the sensitivity signal and this row carries none; delta is 0.05 of the box diameter, the box_scale column; containment_violations is the largest count over the seeds; nested in neither direction, so both directions are measured; this is the pair CONTEXT.md section 10 e3 takes the headline number from",1.0,1.0,1.0,0.0
p0,lu,lu,check,coverage_b_in_a,5,5000,5000,5000,0.1,2.0,,"noise floor and not a pair: one phi against itself at two seeds, so no order difference can appear in it and a cross-phi number that does not exceed it is not evidence. it is labelled a check because d3 reserves the finding label for the row carrying the sensitivity signal and this row carries none; delta is 0.05 of the box diameter, the box_scale column; containment_violations is the largest count over the seeds; nested in neither direction, so both directions are measured; this is the pair CONTEXT.md section 10 e3 takes the headline number from",1.0,1.0,1.0,0.0
p0,lu,lu,check,coverage_b_in_a,5,20000,20000,20000,0.1,2.0,,"noise floor and not a pair: one phi against itself at two seeds, so no order difference can appear in it and a cross-phi number that does not exceed it is not evidence. it is labelled a check because d3 reserves the finding label for the row carrying the sensitivity signal and this row carries none; delta is 0.05 of the box diameter, the box_scale column; containment_violations is the largest count over the seeds; nested in neither direction, so both directions are measured; this is the pair CONTEXT.md section 10 e3 takes the headline number from",1.0,1.0,1.0,0.0
p0,lu,lu,check,overlap,5,5000,5000,5000,0.1,2.0,,"noise floor and not a pair: one phi against itself at two seeds, so no order difference can appear in it and a cross-phi number that does not exceed it is not evidence. it is labelled a check because d3 reserves the finding label for the row carrying the sensitivity signal and this row carries none; delta is 0.05 of the box diameter, the box_scale column; containment_violations is the largest count over the seeds; nested in neither direction, so both directions are measured; this is the pair CONTEXT.md section 10 e3 takes the headline number from",1.0,1.0,1.0,0.0
p0,lu,lu,check,overlap,5,20000,20000,20000,0.1,2.0,,"noise floor and not a pair: one phi against itself at two seeds, so no order difference can appear in it and a cross-phi number that does not exceed it is not evidence. it is labelled a check because d3 reserves the finding label for the row carrying the sensitivity signal and this row carries none; delta is 0.05 of the box diameter, the box_scale column; containment_violations is the largest count over the seeds; nested in neither direction, so both directions are measured; this is the pair CONTEXT.md section 10 e3 takes the headline number from",1.0,1.0,1.0,0.0
p1,ls,cw,check,coverage_a_in_b,5,5000,2220,1528,0.0,2.8284271247461903,,"measured on random search's one filtered sample, so the two sets differ only through the order; delta is zero, so the row is the shared count over the count, with no tolerance in it at all; the three sets are index sets over one array, so two vectors are the same point bitwise or they are two points; containment_violations is the largest count over the seeds; check on r-06 and not a finding: ND_cw sits inside ND_ls exactly and for every problem, docs/a_close_containment.md, so coverage of cw in ls and one direction of the overlap are fixed before this runs. the containment is exact in real arithmetic and fails by rounding in doubles, one point of 1565 measured, r-11, so a nonzero violation count is arithmetic and never a result about phi. it stands on s-11; if the supervisors refute the criterion this pair is reported like the other and no result moves",0.689275893675527,0.6838268792710707,0.6954954954954955,0.011668616224424833
p1,ls,cw,check,coverage_a_in_b,5,5000,2220,1528,0.14142135623730953,2.8284271247461903,0,"measured on random search's one filtered sample, so the two sets differ only through the order; delta is 0.05 of the box diameter, the box_scale column; containment_violations is the largest count over the seeds; check on r-06 and not a finding: ND_cw sits inside ND_ls exactly and for every problem, docs/a_close_containment.md, so coverage of cw in ls and one direction of the overlap are fixed before this runs. the containment is exact in real arithmetic and fails by rounding in doubles, one point of 1565 measured, r-11, so a nonzero violation count is arithmetic and never a result about phi. it stands on s-11; if the supervisors refute the criterion this pair is reported like the other and no result moves",0.8847517730496454,0.8828828828828829,0.8952164009111617,0.012333518028278867
p1,ls,cw,check,coverage_a_in_b,5,20000,8467,5742,0.0,2.8284271247461903,,"measured on random search's one filtered sample, so the two sets differ only through the order; delta is zero, so the row is the shared count over the count, with no tolerance in it at all; the three sets are index sets over one array, so two vectors are the same point bitwise or they are two points; containment_violations is the largest count over the seeds; check on r-06 and not a finding: ND_cw sits inside ND_ls exactly and for every problem, docs/a_close_containment.md, so coverage of cw in ls and one direction of the overlap are fixed before this runs. the containment is exact in real arithmetic and fails by rounding in doubles, one point of 1565 measured, r-11, so a nonzero violation count is arithmetic and never a result about phi. it stands on s-11; if the supervisors refute the criterion this pair is reported like the other and no result moves",0.6795853457415478,0.6782803826620999,0.6827726079694584,0.004492225307358488
p1,ls,cw,check,coverage_a_in_b,5,20000,8467,5742,0.14142135623730953,2.8284271247461903,0,"measured on random search's one filtered sample, so the two sets differ only through the order; delta is 0.05 of the box diameter, the box_scale column; containment_violations is the largest count over the seeds; check on r-06 and not a finding: ND_cw sits inside ND_ls exactly and for every problem, docs/a_close_containment.md, so coverage of cw in ls and one direction of the overlap are fixed before this runs. the containment is exact in real arithmetic and fails by rounding in doubles, one point of 1565 measured, r-11, so a nonzero violation count is arithmetic and never a result about phi. it stands on s-11; if the supervisors refute the criterion this pair is reported like the other and no result moves",0.8805612183715074,0.8702019605527341,0.884275829157719,0.01407386860498483
p1,ls,cw,check,coverage_b_in_a,5,5000,2220,1528,0.0,2.8284271247461903,,"measured on random search's one filtered sample, so the two sets differ only through the order; delta is zero, so the row is the shared count over the count, with no tolerance in it at all; the three sets are index sets over one array, so two vectors are the same point bitwise or they are two points; containment_violations is the largest count over the seeds; check on r-06 and not a finding: ND_cw sits inside ND_ls exactly and for every problem, docs/a_close_containment.md, so coverage of cw in ls and one direction of the overlap are fixed before this runs. the containment is exact in real arithmetic and fails by rounding in doubles, one point of 1565 measured, r-11, so a nonzero violation count is arithmetic and never a result about phi. it stands on s-11; if the supervisors refute the criterion this pair is reported like the other and no result moves",1.0,1.0,1.0,0.0
p1,ls,cw,check,coverage_b_in_a,5,5000,2220,1528,0.14142135623730953,2.8284271247461903,0,"measured on random search's one filtered sample, so the two sets differ only through the order; delta is 0.05 of the box diameter, the box_scale column; containment_violations is the largest count over the seeds; check on r-06 and not a finding: ND_cw sits inside ND_ls exactly and for every problem, docs/a_close_containment.md, so coverage of cw in ls and one direction of the overlap are fixed before this runs. the containment is exact in real arithmetic and fails by rounding in doubles, one point of 1565 measured, r-11, so a nonzero violation count is arithmetic and never a result about phi. it stands on s-11; if the supervisors refute the criterion this pair is reported like the other and no result moves",1.0,1.0,1.0,0.0
p1,ls,cw,check,coverage_b_in_a,5,20000,8467,5742,0.0,2.8284271247461903,,"measured on random search's one filtered sample, so the two sets differ only through the order; delta is zero, so the row is the shared count over the count, with no tolerance in it at all; the three sets are index sets over one array, so two vectors are the same point bitwise or they are two points; containment_violations is the largest count over the seeds; check on r-06 and not a finding: ND_cw sits inside ND_ls exactly and for every problem, docs/a_close_containment.md, so coverage of cw in ls and one direction of the overlap are fixed before this runs. the containment is exact in real arithmetic and fails by rounding in doubles, one point of 1565 measured, r-11, so a nonzero violation count is arithmetic and never a result about phi. it stands on s-11; if the supervisors refute the criterion this pair is reported like the other and no result moves",1.0,1.0,1.0,0.0
p1,ls,cw,check,coverage_b_in_a,5,20000,8467,5742,0.14142135623730953,2.8284271247461903,0,"measured on random search's one filtered sample, so the two sets differ only through the order; delta is 0.05 of the box diameter, the box_scale column; containment_violations is the largest count over the seeds; check on r-06 and not a finding: ND_cw sits inside ND_ls exactly and for every problem, docs/a_close_containment.md, so coverage of cw in ls and one direction of the overlap are fixed before this runs. the containment is exact in real arithmetic and fails by rounding in doubles, one point of 1565 measured, r-11, so a nonzero violation count is arithmetic and never a result about phi. it stands on s-11; if the supervisors refute the criterion this pair is reported like the other and no result moves",1.0,1.0,1.0,0.0
p1,ls,cw,check,cross_a_under_b,5,5000,2220,1528,0.14142135623730953,2.8284271247461903,0,"measured on random search's one filtered sample, so the two sets differ only through the order; delta is 0.05 of the box diameter, the box_scale column; containment_violations is the largest count over the seeds; check on r-06 and not a finding: ND_cw sits inside ND_ls exactly and for every problem, docs/a_close_containment.md, so coverage of cw in ls and one direction of the overlap are fixed before this runs. the containment is exact in real arithmetic and fails by rounding in doubles, one point of 1565 measured, r-11, so a nonzero violation count is arithmetic and never a result about phi. it stands on s-11; if the supervisors refute the criterion this pair is reported like the other and no result moves",0.689275893675527,0.6838268792710707,0.6954954954954955,0.011668616224424833
p1,ls,cw,check,cross_a_under_b,5,20000,8467,5742,0.14142135623730953,2.8284271247461903,0,"measured on random search's one filtered sample, so the two sets differ only through the order; delta is 0.05 of the box diameter, the box_scale column; containment_violations is the largest count over the seeds; check on r-06 and not a finding: ND_cw sits inside ND_ls exactly and for every problem, docs/a_close_containment.md, so coverage of cw in ls and one direction of the overlap are fixed before this runs. the containment is exact in real arithmetic and fails by rounding in doubles, one point of 1565 measured, r-11, so a nonzero violation count is arithmetic and never a result about phi. it stands on s-11; if the supervisors refute the criterion this pair is reported like the other and no result moves",0.6795853457415478,0.6782803826620999,0.6827726079694584,0.004492225307358488
p1,ls,cw,check,cross_b_under_a,5,5000,2220,1528,0.14142135623730953,2.8284271247461903,0,"measured on random search's one filtered sample, so the two sets differ only through the order; delta is 0.05 of the box diameter, the box_scale column; containment_violations is the largest count over the seeds; check on r-06 and not a finding: ND_cw sits inside ND_ls exactly and for every problem, docs/a_close_containment.md, so coverage of cw in ls and one direction of the overlap are fixed before this runs. the containment is exact in real arithmetic and fails by rounding in doubles, one point of 1565 measured, r-11, so a nonzero violation count is arithmetic and never a result about phi. it stands on s-11; if the supervisors refute the criterion this pair is reported like the other and no result moves",1.0,1.0,1.0,0.0
p1,ls,cw,check,cross_b_under_a,5,20000,8467,5742,0.14142135623730953,2.8284271247461903,0,"measured on random search's one filtered sample, so the two sets differ only through the order; delta is 0.05 of the box diameter, the box_scale column; containment_violations is the largest count over the seeds; check on r-06 and not a finding: ND_cw sits inside ND_ls exactly and for every problem, docs/a_close_containment.md, so coverage of cw in ls and one direction of the overlap are fixed before this runs. the containment is exact in real arithmetic and fails by rounding in doubles, one point of 1565 measured, r-11, so a nonzero violation count is arithmetic and never a result about phi. it stands on s-11; if the supervisors refute the criterion this pair is reported like the other and no result moves",1.0,1.0,1.0,0.0
p1,ls,cw,check,hausdorff_a_to_b,5,5000,2220,1528,0.14142135623730953,2.8284271247461903,0,"measured on random search's one filtered sample, so the two sets differ only through the order; delta is 0.05 of the box diameter, the box_scale column; containment_violations is the largest count over the seeds; check on r-06 and not a finding: ND_cw sits inside ND_ls exactly and for every problem, docs/a_close_containment.md, so coverage of cw in ls and one direction of the overlap are fixed before this runs. the containment is exact in real arithmetic and fails by rounding in doubles, one point of 1565 measured, r-11, so a nonzero violation count is arithmetic and never a result about phi. it stands on s-11; if the supervisors refute the criterion this pair is reported like the other and no result moves",0.3750629245882081,0.3615975484619103,0.37800417689718846,0.01640662843527818
p1,ls,cw,check,hausdorff_a_to_b,5,20000,8467,5742,0.14142135623730953,2.8284271247461903,0,"measured on random search's one filtered sample, so the two sets differ only through the order; delta is 0.05 of the box diameter, the box_scale column; containment_violations is the largest count over the seeds; check on r-06 and not a finding: ND_cw sits inside ND_ls exactly and for every problem, docs/a_close_containment.md, so coverage of cw in ls and one direction of the overlap are fixed before this runs. the containment is exact in real arithmetic and fails by rounding in doubles, one point of 1565 measured, r-11, so a nonzero violation count is arithmetic and never a result about phi. it stands on s-11; if the supervisors refute the criterion this pair is reported like the other and no result moves",0.36224833116757443,0.3585640986779618,0.36434674508635156,0.005782646408389769
p1,ls,cw,check,hausdorff_b_to_a,5,5000,2220,1528,0.14142135623730953,2.8284271247461903,0,"measured on random search's one filtered sample, so the two sets differ only through the order; delta is 0.05 of the box diameter, the box_scale column; containment_violations is the largest count over the seeds; check on r-06 and not a finding: ND_cw sits inside ND_ls exactly and for every problem, docs/a_close_containment.md, so coverage of cw in ls and one direction of the overlap are fixed before this runs. the containment is exact in real arithmetic and fails by rounding in doubles, one point of 1565 measured, r-11, so a nonzero violation count is arithmetic and never a result about phi. it stands on s-11; if the supervisors refute the criterion this pair is reported like the other and no result moves",0.0,0.0,0.0,0.0
p1,ls,cw,check,hausdorff_b_to_a,5,20000,8467,5742,0.14142135623730953,2.8284271247461903,0,"measured on random search's one filtered sample, so the two sets differ only through the order; delta is 0.05 of the box diameter, the box_scale column; containment_violations is the largest count over the seeds; check on r-06 and not a finding: ND_cw sits inside ND_ls exactly and for every problem, docs/a_close_containment.md, so coverage of cw in ls and one direction of the overlap are fixed before this runs. the containment is exact in real arithmetic and fails by rounding in doubles, one point of 1565 measured, r-11, so a nonzero violation count is arithmetic and never a result about phi. it stands on s-11; if the supervisors refute the criterion this pair is reported like the other and no result moves",0.0,0.0,0.0,0.0
p1,ls,cw,check,hausdorff_symmetric,5,5000,2220,1528,0.14142135623730953,2.8284271247461903,0,"measured on random search's one filtered sample, so the two sets differ only through the order; delta is 0.05 of the box diameter, the box_scale column; containment_violations is the largest count over the seeds; check on r-06 and not a finding: ND_cw sits inside ND_ls exactly and for every problem, docs/a_close_containment.md, so coverage of cw in ls and one direction of the overlap are fixed before this runs. the containment is exact in real arithmetic and fails by rounding in doubles, one point of 1565 measured, r-11, so a nonzero violation count is arithmetic and never a result about phi. it stands on s-11; if the supervisors refute the criterion this pair is reported like the other and no result moves",0.3750629245882081,0.3615975484619103,0.37800417689718846,0.01640662843527818
p1,ls,cw,check,hausdorff_symmetric,5,20000,8467,5742,0.14142135623730953,2.8284271247461903,0,"measured on random search's one filtered sample, so the two sets differ only through the order; delta is 0.05 of the box diameter, the box_scale column; containment_violations is the largest count over the seeds; check on r-06 and not a finding: ND_cw sits inside ND_ls exactly and for every problem, docs/a_close_containment.md, so coverage of cw in ls and one direction of the overlap are fixed before this runs. the containment is exact in real arithmetic and fails by rounding in doubles, one point of 1565 measured, r-11, so a nonzero violation count is arithmetic and never a result about phi. it stands on s-11; if the supervisors refute the criterion this pair is reported like the other and no result moves",0.36224833116757443,0.3585640986779618,0.36434674508635156,0.005782646408389769
p1,ls,cw,check,overlap,5,5000,2220,1528,0.0,2.8284271247461903,,"measured on random search's one filtered sample, so the two sets differ only through the order; delta is zero, so the row is the shared count over the count, with no tolerance in it at all; the three sets are index sets over one array, so two vectors are the same point bitwise or they are two points; containment_violations is the largest count over the seeds; check on r-06 and not a finding: ND_cw sits inside ND_ls exactly and for every problem, docs/a_close_containment.md, so coverage of cw in ls and one direction of the overlap are fixed before this runs. the containment is exact in real arithmetic and fails by rounding in doubles, one point of 1565 measured, r-11, so a nonzero violation count is arithmetic and never a result about phi. it stands on s-11; if the supervisors refute the criterion this pair is reported like the other and no result moves",0.8160607704829083,0.8122294372294372,0.820403825717322,0.008174388487884765
p1,ls,cw,check,overlap,5,5000,2220,1528,0.14142135623730953,2.8284271247461903,0,"measured on random search's one filtered sample, so the two sets differ only through the order; delta is 0.05 of the box diameter, the box_scale column; containment_violations is the largest count over the seeds; check on r-06 and not a finding: ND_cw sits inside ND_ls exactly and for every problem, docs/a_close_containment.md, so coverage of cw in ls and one direction of the overlap are fixed before this runs. the containment is exact in real arithmetic and fails by rounding in doubles, one point of 1565 measured, r-11, so a nonzero violation count is arithmetic and never a result about phi. it stands on s-11; if the supervisors refute the criterion this pair is reported like the other and no result moves",0.9324148687288797,0.9309245483528161,0.9377705627705628,0.006846014417746682
p1,ls,cw,check,overlap,5,20000,8467,5742,0.0,2.8284271247461903,,"measured on random search's one filtered sample, so the two sets differ only through the order; delta is zero, so the row is the shared count over the count, with no tolerance in it at all; the three sets are index sets over one array, so two vectors are the same point bitwise or they are two points; containment_violations is the largest count over the seeds; check on r-06 and not a finding: ND_cw sits inside ND_ls exactly and for every problem, docs/a_close_containment.md, so coverage of cw in ls and one direction of the overlap are fixed before this runs. the containment is exact in real arithmetic and fails by rounding in doubles, one point of 1565 measured, r-11, so a nonzero violation count is arithmetic and never a result about phi. it stands on s-11; if the supervisors refute the criterion this pair is reported like the other and no result moves",0.8092299060176743,0.8083040112596763,0.8114852889046438,0.0031812776449674507
p1,ls,cw,check,overlap,5,20000,8467,5742,0.14142135623730953,2.8284271247461903,0,"measured on random search's one filtered sample, so the two sets differ only through the order; delta is 0.05 of the box diameter, the box_scale column; containment_violations is the largest count over the seeds; check on r-06 and not a finding: ND_cw sits inside ND_ls exactly and for every problem, docs/a_close_containment.md, so coverage of cw in ls and one direction of the overlap are fixed before this runs. the containment is exact in real arithmetic and fails by rounding in doubles, one point of 1565 measured, r-11, so a nonzero violation count is arithmetic and never a result about phi. it stands on s-11; if the supervisors refute the criterion this pair is reported like the other and no result moves",0.9291859225026662,0.9226600985221675,0.9312300602623184,0.0085699617401509
p1,lu,cw,finding,coverage_a_in_b,5,5000,608,1528,0.0,2.8284271247461903,,"measured on random search's one filtered sample, so the two sets differ only through the order; delta is zero, so the row is the shared count over the count, with no tolerance in it at all; the three sets are index sets over one array, so two vectors are the same point bitwise or they are two points; containment_violations is the largest count over the seeds; nested in neither direction, so both directions are measured; this is the pair CONTEXT.md section 10 e3 takes the headline number from",0.5559322033898305,0.545016077170418,0.5608552631578947,0.01583918598747669
p1,lu,cw,finding,coverage_a_in_b,5,5000,608,1528,0.14142135623730953,2.8284271247461903,,"measured on random search's one filtered sample, so the two sets differ only through the order; delta is 0.05 of the box diameter, the box_scale column; containment_violations is the largest count over the seeds; nested in neither direction, so both directions are measured; this is the pair CONTEXT.md section 10 e3 takes the headline number from",0.9305084745762712,0.9232081911262798,0.9391447368421053,0.01593654571582548
p1,lu,cw,finding,coverage_a_in_b,5,20000,2077,5742,0.0,2.8284271247461903,,"measured on random search's one filtered sample, so the two sets differ only through the order; delta is zero, so the row is the shared count over the count, with no tolerance in it at all; the three sets are index sets over one array, so two vectors are the same point bitwise or they are two points; containment_violations is the largest count over the seeds; nested in neither direction, so both directions are measured; this is the pair CONTEXT.md section 10 e3 takes the headline number from",0.5041769041769042,0.49590755897929706,0.5044917257683215,0.008584166789024406
p1,lu,cw,finding,coverage_a_in_b,5,20000,2077,5742,0.14142135623730953,2.8284271247461903,,"measured on random search's one filtered sample, so the two sets differ only through the order; delta is 0.05 of the box diameter, the box_scale column; containment_violations is the largest count over the seeds; nested in neither direction, so both directions are measured; this is the pair CONTEXT.md section 10 e3 takes the headline number from",0.8892128279883382,0.8796340876263842,0.9135135135135135,0.03387942588712933
p1,lu,cw,finding,coverage_b_in_a,5,5000,608,1528,0.0,2.8284271247461903,,"measured on random search's one filtered sample, so the two sets differ only through the order; delta is zero, so the row is the shared count over the count, with no tolerance in it at all; the three sets are index sets over one array, so two vectors are the same point bitwise or they are two points; containment_violations is the largest count over the seeds; nested in neither direction, so both directions are measured; this is the pair CONTEXT.md section 10 e3 takes the headline number from",0.2218586387434555,0.20652898067954698,0.22279792746113988,0.016268946781592908
p1,lu,cw,finding,coverage_b_in_a,5,5000,608,1528,0.14142135623730953,2.8284271247461903,,"measured on random search's one filtered sample, so the two sets differ only through the order; delta is 0.05 of the box diameter, the box_scale column; containment_violations is the largest count over the seeds; nested in neither direction, so both directions are measured; this is the pair CONTEXT.md section 10 e3 takes the headline number from",0.34520725388601037,0.3448952879581152,0.3504330446369087,0.005537756678793526
p1,lu,cw,finding,coverage_b_in_a,5,20000,2077,5742,0.0,2.8284271247461903,,"measured on random search's one filtered sample, so the two sets differ only through the order; delta is zero, so the row is the shared count over the count, with no tolerance in it at all; the three sets are index sets over one array, so two vectors are the same point bitwise or they are two points; containment_violations is the largest count over the seeds; nested in neither direction, so both directions are measured; this is the pair CONTEXT.md section 10 e3 takes the headline number from",0.1821515892420538,0.17927660318015026,0.18251480320445837,0.0032382000243081077
p1,lu,cw,finding,coverage_b_in_a,5,20000,2077,5742,0.14142135623730953,2.8284271247461903,,"measured on random search's one filtered sample, so the two sets differ only through the order; delta is 0.05 of the box diameter, the box_scale column; containment_violations is the largest count over the seeds; nested in neither direction, so both directions are measured; this is the pair CONTEXT.md section 10 e3 takes the headline number from",0.3248340901152637,0.3206360300541674,0.32636711947056773,0.005731089416400326
p1,lu,cw,finding,cross_a_under_b,5,5000,608,1528,0.14142135623730953,2.8284271247461903,,"measured on random search's one filtered sample, so the two sets differ only through the order; delta is 0.05 of the box diameter, the box_scale column; containment_violations is the largest count over the seeds; nested in neither direction, so both directions are measured; this is the pair CONTEXT.md section 10 e3 takes the headline number from",0.5559322033898305,0.545016077170418,0.5625,0.017483922829582
p1,lu,cw,finding,cross_a_under_b,5,20000,2077,5742,0.14142135623730953,2.8284271247461903,,"measured on random search's one filtered sample, so the two sets differ only through the order; delta is 0.05 of the box diameter, the box_scale column; containment_violations is the largest count over the seeds; nested in neither direction, so both directions are measured; this is the pair CONTEXT.md section 10 e3 takes the headline number from",0.5044917257683215,0.496870486278286,0.5046683046683047,0.007797818390018696
p1,lu,cw,finding,cross_b_under_a,5,5000,608,1528,0.14142135623730953,2.8284271247461903,,"measured on random search's one filtered sample, so the two sets differ only through the order; delta is 0.05 of the box diameter, the box_scale column; containment_violations is the largest count over the seeds; nested in neither direction, so both directions are measured; this is the pair CONTEXT.md section 10 e3 takes the headline number from",0.2218586387434555,0.20652898067954698,0.22344559585492227,0.016916615175375294
p1,lu,cw,finding,cross_b_under_a,5,20000,2077,5742,0.14142135623730953,2.8284271247461903,,"measured on random search's one filtered sample, so the two sets differ only through the order; delta is 0.05 of the box diameter, the box_scale column; containment_violations is the largest count over the seeds; nested in neither direction, so both directions are measured; this is the pair CONTEXT.md section 10 e3 takes the headline number from",0.1821515892420538,0.17927660318015026,0.18251480320445837,0.0032382000243081077
p1,lu,cw,finding,hausdorff_a_to_b,5,5000,608,1528,0.14142135623730953,2.8284271247461903,,"measured on random search's one filtered sample, so the two sets differ only through the order; delta is 0.05 of the box diameter, the box_scale column; containment_violations is the largest count over the seeds; nested in neither direction, so both directions are measured; this is the pair CONTEXT.md section 10 e3 takes the headline number from",0.2962723871714789,0.2937143096445231,0.3079040114888727,0.01418970184434959
p1,lu,cw,finding,hausdorff_a_to_b,5,20000,2077,5742,0.14142135623730953,2.8284271247461903,,"measured on random search's one filtered sample, so the two sets differ only through the order; delta is 0.05 of the box diameter, the box_scale column; containment_violations is the largest count over the seeds; nested in neither direction, so both directions are measured; this is the pair CONTEXT.md section 10 e3 takes the headline number from",0.30925173622106567,0.30354932198817736,0.3237117680216201,0.02016244603344275
p1,lu,cw,finding,hausdorff_b_to_a,5,5000,608,1528,0.14142135623730953,2.8284271247461903,,"measured on random search's one filtered sample, so the two sets differ only through the order; delta is 0.05 of the box diameter, the box_scale column; containment_violations is the largest count over the seeds; nested in neither direction, so both directions are measured; this is the pair CONTEXT.md section 10 e3 takes the headline number from",0.9603196641569437,0.914974074932023,0.9787960710351081,0.06382199610308514
p1,lu,cw,finding,hausdorff_b_to_a,5,20000,2077,5742,0.14142135623730953,2.8284271247461903,,"measured on random search's one filtered sample, so the two sets differ only through the order; delta is 0.05 of the box diameter, the box_scale column; containment_violations is the largest count over the seeds; nested in neither direction, so both directions are measured; this is the pair CONTEXT.md section 10 e3 takes the headline number from",0.9600167985216657,0.9067825754002039,0.9655182841685767,0.05873570876837275
p1,lu,cw,finding,hausdorff_symmetric,5,5000,608,1528,0.14142135623730953,2.8284271247461903,,"measured on random search's one filtered sample, so the two sets differ only through the order; delta is 0.05 of the box diameter, the box_scale column; containment_violations is the largest count over the seeds; nested in neither direction, so both directions are measured; this is the pair CONTEXT.md section 10 e3 takes the headline number from",0.9603196641569437,0.914974074932023,0.9787960710351081,0.06382199610308514
p1,lu,cw,finding,hausdorff_symmetric,5,20000,2077,5742,0.14142135623730953,2.8284271247461903,,"measured on random search's one filtered sample, so the two sets differ only through the order; delta is 0.05 of the box diameter, the box_scale column; containment_violations is the largest count over the seeds; nested in neither direction, so both directions are measured; this is the pair CONTEXT.md section 10 e3 takes the headline number from",0.9600167985216657,0.9067825754002039,0.9655182841685767,0.05873570876837275
p1,lu,cw,finding,overlap,5,5000,608,1528,0.0,2.8284271247461903,,"measured on random search's one filtered sample, so the two sets differ only through the order; delta is zero, so the row is the shared count over the count, with no tolerance in it at all; the three sets are index sets over one array, so two vectors are the same point bitwise or they are two points; containment_violations is the largest count over the seeds; nested in neither direction, so both directions are measured; this is the pair CONTEXT.md section 10 e3 takes the headline number from",0.31534883720930235,0.30077945896377806,0.31940575673166205,0.018626297767883992
p1,lu,cw,finding,overlap,5,5000,608,1528,0.14142135623730953,2.8284271247461903,,"measured on random search's one filtered sample, so the two sets differ only through the order; delta is 0.05 of the box diameter, the box_scale column; containment_violations is the largest count over the seeds; nested in neither direction, so both directions are measured; this is the pair CONTEXT.md section 10 e3 takes the headline number from",0.51126018207954,0.5023255813953489,0.5162488393686165,0.013923257973267655
p1,lu,cw,finding,overlap,5,20000,2077,5742,0.0,2.8284271247461903,,"measured on random search's one filtered sample, so the two sets differ only through the order; delta is zero, so the row is the shared count over the count, with no tolerance in it at all; the three sets are index sets over one array, so two vectors are the same point bitwise or they are two points; containment_violations is the largest count over the seeds; nested in neither direction, so both directions are measured; this is the pair CONTEXT.md section 10 e3 takes the headline number from",0.2658886210833439,0.26450116009280744,0.26798561151079137,0.0034844514179839248
p1,lu,cw,finding,overlap,5,20000,2077,5742,0.14142135623730953,2.8284271247461903,,"measured on random search's one filtered sample, so the two sets differ only through the order; delta is 0.05 of the box diameter, the box_scale column; containment_violations is the largest count over the seeds; nested in neither direction, so both directions are measured; this is the pair CONTEXT.md section 10 e3 takes the headline number from",0.4753117841689997,0.47404933196300103,0.47615364784738334,0.002104315884382313
p1,lu,ls,check,coverage_a_in_b,5,5000,608,2220,0.0,2.8284271247461903,,"measured on random search's one filtered sample, so the two sets differ only through the order; delta is zero, so the row is the shared count over the count, with no tolerance in it at all; the three sets are index sets over one array, so two vectors are the same point bitwise or they are two points; containment_violations is the largest count over the seeds; check on r-06 and not a finding: ND_lu sits inside ND_ls exactly and for every problem, docs/a_close_containment.md, so coverage of lu in ls and one direction of the overlap are fixed before this runs. the containment is exact in real arithmetic and fails by rounding in doubles, one point of 1565 measured, r-11, so a nonzero violation count is arithmetic and never a result about phi. it stands on s-11; if the supervisors refute the criterion this pair is reported like the other and no result moves",1.0,1.0,1.0,0.0
p1,lu,ls,check,coverage_a_in_b,5,5000,608,2220,0.14142135623730953,2.8284271247461903,0,"measured on random search's one filtered sample, so the two sets differ only through the order; delta is 0.05 of the box diameter, the box_scale column; containment_violations is the largest count over the seeds; check on r-06 and not a finding: ND_lu sits inside ND_ls exactly and for every problem, docs/a_close_containment.md, so coverage of lu in ls and one direction of the overlap are fixed before this runs. the containment is exact in real arithmetic and fails by rounding in doubles, one point of 1565 measured, r-11, so a nonzero violation count is arithmetic and never a result about phi. it stands on s-11; if the supervisors refute the criterion this pair is reported like the other and no result moves",1.0,1.0,1.0,0.0
p1,lu,ls,check,coverage_a_in_b,5,20000,2077,8467,0.0,2.8284271247461903,,"measured on random search's one filtered sample, so the two sets differ only through the order; delta is zero, so the row is the shared count over the count, with no tolerance in it at all; the three sets are index sets over one array, so two vectors are the same point bitwise or they are two points; containment_violations is the largest count over the seeds; check on r-06 and not a finding: ND_lu sits inside ND_ls exactly and for every problem, docs/a_close_containment.md, so coverage of lu in ls and one direction of the overlap are fixed before this runs. the containment is exact in real arithmetic and fails by rounding in doubles, one point of 1565 measured, r-11, so a nonzero violation count is arithmetic and never a result about phi. it stands on s-11; if the supervisors refute the criterion this pair is reported like the other and no result moves",1.0,1.0,1.0,0.0
p1,lu,ls,check,coverage_a_in_b,5,20000,2077,8467,0.14142135623730953,2.8284271247461903,0,"measured on random search's one filtered sample, so the two sets differ only through the order; delta is 0.05 of the box diameter, the box_scale column; containment_violations is the largest count over the seeds; check on r-06 and not a finding: ND_lu sits inside ND_ls exactly and for every problem, docs/a_close_containment.md, so coverage of lu in ls and one direction of the overlap are fixed before this runs. the containment is exact in real arithmetic and fails by rounding in doubles, one point of 1565 measured, r-11, so a nonzero violation count is arithmetic and never a result about phi. it stands on s-11; if the supervisors refute the criterion this pair is reported like the other and no result moves",1.0,1.0,1.0,0.0
p1,lu,ls,check,coverage_b_in_a,5,5000,608,2220,0.0,2.8284271247461903,,"measured on random search's one filtered sample, so the two sets differ only through the order; delta is zero, so the row is the shared count over the count, with no tolerance in it at all; the three sets are index sets over one array, so two vectors are the same point bitwise or they are two points; containment_violations is the largest count over the seeds; check on r-06 and not a finding: ND_lu sits inside ND_ls exactly and for every problem, docs/a_close_containment.md, so coverage of lu in ls and one direction of the overlap are fixed before this runs. the containment is exact in real arithmetic and fails by rounding in doubles, one point of 1565 measured, r-11, so a nonzero violation count is arithmetic and never a result about phi. it stands on s-11; if the supervisors refute the criterion this pair is reported like the other and no result moves",0.2747747747747748,0.2669703872437358,0.2760763426542388,0.00910595541050302
p1,lu,ls,check,coverage_b_in_a,5,5000,608,2220,0.14142135623730953,2.8284271247461903,0,"measured on random search's one filtered sample, so the two sets differ only through the order; delta is 0.05 of the box diameter, the box_scale column; containment_violations is the largest count over the seeds; check on r-06 and not a finding: ND_lu sits inside ND_ls exactly and for every problem, docs/a_close_containment.md, so coverage of lu in ls and one direction of the overlap are fixed before this runs. the containment is exact in real arithmetic and fails by rounding in doubles, one point of 1565 measured, r-11, so a nonzero violation count is arithmetic and never a result about phi. it stands on s-11; if the supervisors refute the criterion this pair is reported like the other and no result moves",0.3927927927927928,0.39134396355353074,0.3932534398579672,0.0019094763044364416
p1,lu,ls,check,coverage_b_in_a,5,20000,2077,8467,0.0,2.8284271247461903,,"measured on random search's one filtered sample, so the two sets differ only through the order; delta is zero, so the row is the shared count over the count, with no tolerance in it at all; the three sets are index sets over one array, so two vectors are the same point bitwise or they are two points; containment_violations is the largest count over the seeds; check on r-06 and not a finding: ND_lu sits inside ND_ls exactly and for every problem, docs/a_close_containment.md, so coverage of lu in ls and one direction of the overlap are fixed before this runs. the containment is exact in real arithmetic and fails by rounding in doubles, one point of 1565 measured, r-11, so a nonzero violation count is arithmetic and never a result about phi. it stands on s-11; if the supervisors refute the criterion this pair is reported like the other and no result moves",0.24679218131670463,0.24466957238779596,0.2497933152238101,0.0051237428360141335
p1,lu,ls,check,coverage_b_in_a,5,20000,2077,8467,0.14142135623730953,2.8284271247461903,0,"measured on random search's one filtered sample, so the two sets differ only through the order; delta is 0.05 of the box diameter, the box_scale column; containment_violations is the largest count over the seeds; check on r-06 and not a finding: ND_lu sits inside ND_ls exactly and for every problem, docs/a_close_containment.md, so coverage of lu in ls and one direction of the overlap are fixed before this runs. the containment is exact in real arithmetic and fails by rounding in doubles, one point of 1565 measured, r-11, so a nonzero violation count is arithmetic and never a result about phi. it stands on s-11; if the supervisors refute the criterion this pair is reported like the other and no result moves",0.3734260702722149,0.3732136530057872,0.37413505130040564,0.0009213982946184585
p1,lu,ls,check,cross_a_under_b,5,5000,608,2220,0.14142135623730953,2.8284271247461903,0,"measured on random search's one filtered sample, so the two sets differ only through the order; delta is 0.05 of the box diameter, the box_scale column; containment_violations is the largest count over the seeds; check on r-06 and not a finding: ND_lu sits inside ND_ls exactly and for every problem, docs/a_close_containment.md, so coverage of lu in ls and one direction of the overlap are fixed before this runs. the containment is exact in real arithmetic and fails by rounding in doubles, one point of 1565 measured, r-11, so a nonzero violation count is arithmetic and never a result about phi. it stands on s-11; if the supervisors refute the criterion this pair is reported like the other and no result moves",1.0,1.0,1.0,0.0
p1,lu,ls,check,cross_a_under_b,5,20000,2077,8467,0.14142135623730953,2.8284271247461903,0,"measured on random search's one filtered sample, so the two sets differ only through the order; delta is 0.05 of the box diameter, the box_scale column; containment_violations is the largest count over the seeds; check on r-06 and not a finding: ND_lu sits inside ND_ls exactly and for every problem, docs/a_close_containment.md, so coverage of lu in ls and one direction of the overlap are fixed before this runs. the containment is exact in real arithmetic and fails by rounding in doubles, one point of 1565 measured, r-11, so a nonzero violation count is arithmetic and never a result about phi. it stands on s-11; if the supervisors refute the criterion this pair is reported like the other and no result moves",1.0,1.0,1.0,0.0
p1,lu,ls,check,cross_b_under_a,5,5000,608,2220,0.14142135623730953,2.8284271247461903,0,"measured on random search's one filtered sample, so the two sets differ only through the order; delta is 0.05 of the box diameter, the box_scale column; containment_violations is the largest count over the seeds; check on r-06 and not a finding: ND_lu sits inside ND_ls exactly and for every problem, docs/a_close_containment.md, so coverage of lu in ls and one direction of the overlap are fixed before this runs. the containment is exact in real arithmetic and fails by rounding in doubles, one point of 1565 measured, r-11, so a nonzero violation count is arithmetic and never a result about phi. it stands on s-11; if the supervisors refute the criterion this pair is reported like the other and no result moves",0.2747747747747748,0.2669703872437358,0.2760763426542388,0.00910595541050302
p1,lu,ls,check,cross_b_under_a,5,20000,2077,8467,0.14142135623730953,2.8284271247461903,0,"measured on random search's one filtered sample, so the two sets differ only through the order; delta is 0.05 of the box diameter, the box_scale column; containment_violations is the largest count over the seeds; check on r-06 and not a finding: ND_lu sits inside ND_ls exactly and for every problem, docs/a_close_containment.md, so coverage of lu in ls and one direction of the overlap are fixed before this runs. the containment is exact in real arithmetic and fails by rounding in doubles, one point of 1565 measured, r-11, so a nonzero violation count is arithmetic and never a result about phi. it stands on s-11; if the supervisors refute the criterion this pair is reported like the other and no result moves",0.24679218131670463,0.24466957238779596,0.2497933152238101,0.0051237428360141335
p1,lu,ls,check,hausdorff_a_to_b,5,5000,608,2220,0.14142135623730953,2.8284271247461903,0,"measured on random search's one filtered sample, so the two sets differ only through the order; delta is 0.05 of the box diameter, the box_scale column; containment_violations is the largest count over the seeds; check on r-06 and not a finding: ND_lu sits inside ND_ls exactly and for every problem, docs/a_close_containment.md, so coverage of lu in ls and one direction of the overlap are fixed before this runs. the containment is exact in real arithmetic and fails by rounding in doubles, one point of 1565 measured, r-11, so a nonzero violation count is arithmetic and never a result about phi. it stands on s-11; if the supervisors refute the criterion this pair is reported like the other and no result moves",0.0,0.0,0.0,0.0
p1,lu,ls,check,hausdorff_a_to_b,5,20000,2077,8467,0.14142135623730953,2.8284271247461903,0,"measured on random search's one filtered sample, so the two sets differ only through the order; delta is 0.05 of the box diameter, the box_scale column; containment_violations is the largest count over the seeds; check on r-06 and not a finding: ND_lu sits inside ND_ls exactly and for every problem, docs/a_close_containment.md, so coverage of lu in ls and one direction of the overlap are fixed before this runs. the containment is exact in real arithmetic and fails by rounding in doubles, one point of 1565 measured, r-11, so a nonzero violation count is arithmetic and never a result about phi. it stands on s-11; if the supervisors refute the criterion this pair is reported like the other and no result moves",0.0,0.0,0.0,0.0
p1,lu,ls,check,hausdorff_b_to_a,5,5000,608,2220,0.14142135623730953,2.8284271247461903,0,"measured on random search's one filtered sample, so the two sets differ only through the order; delta is 0.05 of the box diameter, the box_scale column; containment_violations is the largest count over the seeds; check on r-06 and not a finding: ND_lu sits inside ND_ls exactly and for every problem, docs/a_close_containment.md, so coverage of lu in ls and one direction of the overlap are fixed before this runs. the containment is exact in real arithmetic and fails by rounding in doubles, one point of 1565 measured, r-11, so a nonzero violation count is arithmetic and never a result about phi. it stands on s-11; if the supervisors refute the criterion this pair is reported like the other and no result moves",0.9688482627007649,0.9603196641569437,0.9787960710351081,0.01847640687816443
p1,lu,ls,check,hausdorff_b_to_a,5,20000,2077,8467,0.14142135623730953,2.8284271247461903,0,"measured on random search's one filtered sample, so the two sets differ only through the order; delta is 0.05 of the box diameter, the box_scale column; containment_violations is the largest count over the seeds; check on r-06 and not a finding: ND_lu sits inside ND_ls exactly and for every problem, docs/a_close_containment.md, so coverage of lu in ls and one direction of the overlap are fixed before this runs. the containment is exact in real arithmetic and fails by rounding in doubles, one point of 1565 measured, r-11, so a nonzero violation count is arithmetic and never a result about phi. it stands on s-11; if the supervisors refute the criterion this pair is reported like the other and no result moves",0.9663525062667072,0.9655182841685767,0.9919970699106434,0.026478785742066746
p1,lu,ls,check,hausdorff_symmetric,5,5000,608,2220,0.14142135623730953,2.8284271247461903,0,"measured on random search's one filtered sample, so the two sets differ only through the order; delta is 0.05 of the box diameter, the box_scale column; containment_violations is the largest count over the seeds; check on r-06 and not a finding: ND_lu sits inside ND_ls exactly and for every problem, docs/a_close_containment.md, so coverage of lu in ls and one direction of the overlap are fixed before this runs. the containment is exact in real arithmetic and fails by rounding in doubles, one point of 1565 measured, r-11, so a nonzero violation count is arithmetic and never a result about phi. it stands on s-11; if the supervisors refute the criterion this pair is reported like the other and no result moves",0.9688482627007649,0.9603196641569437,0.9787960710351081,0.01847640687816443
p1,lu,ls,check,hausdorff_symmetric,5,20000,2077,8467,0.14142135623730953,2.8284271247461903,0,"measured on random search's one filtered sample, so the two sets differ only through the order; delta is 0.05 of the box diameter, the box_scale column; containment_violations is the largest count over the seeds; check on r-06 and not a finding: ND_lu sits inside ND_ls exactly and for every problem, docs/a_close_containment.md, so coverage of lu in ls and one direction of the overlap are fixed before this runs. the containment is exact in real arithmetic and fails by rounding in doubles, one point of 1565 measured, r-11, so a nonzero violation count is arithmetic and never a result about phi. it stands on s-11; if the supervisors refute the criterion this pair is reported like the other and no result moves",0.9663525062667072,0.9655182841685767,0.9919970699106434,0.026478785742066746
p1,lu,ls,check,overlap,5,5000,608,2220,0.0,2.8284271247461903,,"measured on random search's one filtered sample, so the two sets differ only through the order; delta is zero, so the row is the shared count over the count, with no tolerance in it at all; the three sets are index sets over one array, so two vectors are the same point bitwise or they are two points; containment_violations is the largest count over the seeds; check on r-06 and not a finding: ND_lu sits inside ND_ls exactly and for every problem, docs/a_close_containment.md, so coverage of lu in ls and one direction of the overlap are fixed before this runs. the containment is exact in real arithmetic and fails by rounding in doubles, one point of 1565 measured, r-11, so a nonzero violation count is arithmetic and never a result about phi. it stands on s-11; if the supervisors refute the criterion this pair is reported like the other and no result moves",0.43109540636042404,0.42143113987774183,0.43269565217391304,0.011264512296171203
p1,lu,ls,check,overlap,5,5000,608,2220,0.14142135623730953,2.8284271247461903,0,"measured on random search's one filtered sample, so the two sets differ only through the order; delta is 0.05 of the box diameter, the box_scale column; containment_violations is the largest count over the seeds; check on r-06 and not a finding: ND_lu sits inside ND_ls exactly and for every problem, docs/a_close_containment.md, so coverage of lu in ls and one direction of the overlap are fixed before this runs. the containment is exact in real arithmetic and fails by rounding in doubles, one point of 1565 measured, r-11, so a nonzero violation count is arithmetic and never a result about phi. it stands on s-11; if the supervisors refute the criterion this pair is reported like the other and no result moves",0.5236749116607774,0.5195972671700827,0.5245217391304348,0.0049244719603520615
p1,lu,ls,check,overlap,5,20000,2077,8467,0.0,2.8284271247461903,,"measured on random search's one filtered sample, so the two sets differ only through the order; delta is zero, so the row is the shared count over the count, with no tolerance in it at all; the three sets are index sets over one array, so two vectors are the same point bitwise or they are two points; containment_violations is the largest count over the seeds; check on r-06 and not a finding: ND_lu sits inside ND_ls exactly and for every problem, docs/a_close_containment.md, so coverage of lu in ls and one direction of the overlap are fixed before this runs. the containment is exact in real arithmetic and fails by rounding in doubles, one point of 1565 measured, r-11, so a nonzero violation count is arithmetic and never a result about phi. it stands on s-11; if the supervisors refute the criterion this pair is reported like the other and no result moves",0.3958834279118977,0.393147832670831,0.39973539973539973,0.006587567064568756
p1,lu,ls,check,overlap,5,20000,2077,8467,0.14142135623730953,2.8284271247461903,0,"measured on random search's one filtered sample, so the two sets differ only through the order; delta is 0.05 of the box diameter, the box_scale column; containment_violations is the largest count over the seeds; check on r-06 and not a finding: ND_lu sits inside ND_ls exactly and for every problem, docs/a_close_containment.md, so coverage of lu in ls and one direction of the overlap are fixed before this runs. the containment is exact in real arithmetic and fails by rounding in doubles, one point of 1565 measured, r-11, so a nonzero violation count is arithmetic and never a result about phi. it stands on s-11; if the supervisors refute the criterion this pair is reported like the other and no result moves",0.4974511878426469,0.4964001151963137,0.49848799848799846,0.0020878832916847445
p1,cw,cw,check,coverage_a_in_b,5,5000,1528,1528,0.14142135623730953,2.8284271247461903,,"noise floor and not a pair: one phi against itself at two seeds, so no order difference can appear in it and a cross-phi number that does not exceed it is not evidence. it is labelled a check because d3 reserves the finding label for the row carrying the sensitivity signal and this row carries none; delta is 0.05 of the box diameter, the box_scale column; containment_violations is the largest count over the seeds; nested in neither direction, so both directions are measured; this is the pair CONTEXT.md section 10 e3 takes the headline number from",0.9993523316062176,0.9993455497382199,1.0,0.0006544502617801262
p1,cw,cw,check,coverage_a_in_b,5,20000,5742,5742,0.14142135623730953,2.8284271247461903,,"noise floor and not a pair: one phi against itself at two seeds, so no order difference can appear in it and a cross-phi number that does not exceed it is not evidence. it is labelled a check because d3 reserves the finding label for the row carrying the sensitivity signal and this row carries none; delta is 0.05 of the box diameter, the box_scale column; containment_violations is the largest count over the seeds; nested in neither direction, so both directions are measured; this is the pair CONTEXT.md section 10 e3 takes the headline number from",0.9998258446534308,0.9998253580160671,1.0,0.00017464198393291053
p1,cw,cw,check,coverage_b_in_a,5,5000,1528,1528,0.14142135623730953,2.8284271247461903,,"noise floor and not a pair: one phi against itself at two seeds, so no order difference can appear in it and a cross-phi number that does not exceed it is not evidence. it is labelled a check because d3 reserves the finding label for the row carrying the sensitivity signal and this row carries none; delta is 0.05 of the box diameter, the box_scale column; containment_violations is the largest count over the seeds; nested in neither direction, so both directions are measured; this is the pair CONTEXT.md section 10 e3 takes the headline number from",0.9993455497382199,0.9993337774816788,0.9993714644877436,3.768700606476827e-05
p1,cw,cw,check,coverage_b_in_a,5,20000,5742,5742,0.14142135623730953,2.8284271247461903,,"noise floor and not a pair: one phi against itself at two seeds, so no order difference can appear in it and a cross-phi number that does not exceed it is not evidence. it is labelled a check because d3 reserves the finding label for the row carrying the sensitivity signal and this row carries none; delta is 0.05 of the box diameter, the box_scale column; containment_violations is the largest count over the seeds; nested in neither direction, so both directions are measured; this is the pair CONTEXT.md section 10 e3 takes the headline number from",1.0,0.9998258446534308,1.0,0.00017415534656917142
p1,cw,cw,check,overlap,5,5000,1528,1528,0.14142135623730953,2.8284271247461903,,"noise floor and not a pair: one phi against itself at two seeds, so no order difference can appear in it and a cross-phi number that does not exceed it is not evidence. it is labelled a check because d3 reserves the finding label for the row carrying the sensitivity signal and this row carries none; delta is 0.05 of the box diameter, the box_scale column; containment_violations is the largest count over the seeds; nested in neither direction, so both directions are measured; this is the pair CONTEXT.md section 10 e3 takes the headline number from",0.9993489583333334,0.9993438320209974,0.9993587688361655,1.493681516806511e-05
p1,cw,cw,check,overlap,5,20000,5742,5742,0.14142135623730953,2.8284271247461903,,"noise floor and not a pair: one phi against itself at two seeds, so no order difference can appear in it and a cross-phi number that does not exceed it is not evidence. it is labelled a check because d3 reserves the finding label for the row carrying the sensitivity signal and this row carries none; delta is 0.05 of the box diameter, the box_scale column; containment_violations is the largest count over the seeds; nested in neither direction, so both directions are measured; this is the pair CONTEXT.md section 10 e3 takes the headline number from",0.9999126561271727,0.999825601674224,0.9999131265745809,8.752490035690563e-05
p1,ls,ls,check,coverage_a_in_b,5,5000,2220,2220,0.14142135623730953,2.8284271247461903,,"noise floor and not a pair: one phi against itself at two seeds, so no order difference can appear in it and a cross-phi number that does not exceed it is not evidence. it is labelled a check because d3 reserves the finding label for the row carrying the sensitivity signal and this row carries none; delta is 0.05 of the box diameter, the box_scale column; containment_violations is the largest count over the seeds; nested in neither direction, so both directions are measured; this is the pair CONTEXT.md section 10 e3 takes the headline number from",1.0,1.0,1.0,0.0
p1,ls,ls,check,coverage_a_in_b,5,20000,8467,8467,0.14142135623730953,2.8284271247461903,,"noise floor and not a pair: one phi against itself at two seeds, so no order difference can appear in it and a cross-phi number that does not exceed it is not evidence. it is labelled a check because d3 reserves the finding label for the row carrying the sensitivity signal and this row carries none; delta is 0.05 of the box diameter, the box_scale column; containment_violations is the largest count over the seeds; nested in neither direction, so both directions are measured; this is the pair CONTEXT.md section 10 e3 takes the headline number from",1.0,1.0,1.0,0.0
p1,ls,ls,check,coverage_b_in_a,5,5000,2220,2220,0.14142135623730953,2.8284271247461903,,"noise floor and not a pair: one phi against itself at two seeds, so no order difference can appear in it and a cross-phi number that does not exceed it is not evidence. it is labelled a check because d3 reserves the finding label for the row carrying the sensitivity signal and this row carries none; delta is 0.05 of the box diameter, the box_scale column; containment_violations is the largest count over the seeds; nested in neither direction, so both directions are measured; this is the pair CONTEXT.md section 10 e3 takes the headline number from",1.0,0.9995561473590768,1.0,0.00044385264092317023
p1,ls,ls,check,coverage_b_in_a,5,20000,8467,8467,0.14142135623730953,2.8284271247461903,,"noise floor and not a pair: one phi against itself at two seeds, so no order difference can appear in it and a cross-phi number that does not exceed it is not evidence. it is labelled a check because d3 reserves the finding label for the row carrying the sensitivity signal and this row carries none; delta is 0.05 of the box diameter, the box_scale column; containment_violations is the largest count over the seeds; nested in neither direction, so both directions are measured; this is the pair CONTEXT.md section 10 e3 takes the headline number from",1.0,1.0,1.0,0.0
p1,ls,ls,check,overlap,5,5000,2220,2220,0.14142135623730953,2.8284271247461903,,"noise floor and not a pair: one phi against itself at two seeds, so no order difference can appear in it and a cross-phi number that does not exceed it is not evidence. it is labelled a check because d3 reserves the finding label for the row carrying the sensitivity signal and this row carries none; delta is 0.05 of the box diameter, the box_scale column; containment_violations is the largest count over the seeds; nested in neither direction, so both directions are measured; this is the pair CONTEXT.md section 10 e3 takes the headline number from",0.9997782213351075,0.9997764363961547,1.0,0.0002235636038453448
p1,ls,ls,check,overlap,5,20000,8467,8467,0.14142135623730953,2.8284271247461903,,"noise floor and not a pair: one phi against itself at two seeds, so no order difference can appear in it and a cross-phi number that does not exceed it is not evidence. it is labelled a check because d3 reserves the finding label for the row carrying the sensitivity signal and this row carries none; delta is 0.05 of the box diameter, the box_scale column; containment_violations is the largest count over the seeds; nested in neither direction, so both directions are measured; this is the pair CONTEXT.md section 10 e3 takes the headline number from",1.0,0.9999411591644601,1.0,5.884083553986397e-05
p1,lu,lu,check,coverage_a_in_b,5,5000,608,608,0.14142135623730953,2.8284271247461903,,"noise floor and not a pair: one phi against itself at two seeds, so no order difference can appear in it and a cross-phi number that does not exceed it is not evidence. it is labelled a check because d3 reserves the finding label for the row carrying the sensitivity signal and this row carries none; delta is 0.05 of the box diameter, the box_scale column; containment_violations is the largest count over the seeds; nested in neither direction, so both directions are measured; this is the pair CONTEXT.md section 10 e3 takes the headline number from",1.0,1.0,1.0,0.0
p1,lu,lu,check,coverage_a_in_b,5,20000,2077,2077,0.14142135623730953,2.8284271247461903,,"noise floor and not a pair: one phi against itself at two seeds, so no order difference can appear in it and a cross-phi number that does not exceed it is not evidence. it is labelled a check because d3 reserves the finding label for the row carrying the sensitivity signal and this row carries none; delta is 0.05 of the box diameter, the box_scale column; containment_violations is the largest count over the seeds; nested in neither direction, so both directions are measured; this is the pair CONTEXT.md section 10 e3 takes the headline number from",1.0,1.0,1.0,0.0
p1,lu,lu,check,coverage_b_in_a,5,5000,608,608,0.14142135623730953,2.8284271247461903,,"noise floor and not a pair: one phi against itself at two seeds, so no order difference can appear in it and a cross-phi number that does not exceed it is not evidence. it is labelled a check because d3 reserves the finding label for the row carrying the sensitivity signal and this row carries none; delta is 0.05 of the box diameter, the box_scale column; containment_violations is the largest count over the seeds; nested in neither direction, so both directions are measured; this is the pair CONTEXT.md section 10 e3 takes the headline number from",1.0,1.0,1.0,0.0
p1,lu,lu,check,coverage_b_in_a,5,20000,2077,2077,0.14142135623730953,2.8284271247461903,,"noise floor and not a pair: one phi against itself at two seeds, so no order difference can appear in it and a cross-phi number that does not exceed it is not evidence. it is labelled a check because d3 reserves the finding label for the row carrying the sensitivity signal and this row carries none; delta is 0.05 of the box diameter, the box_scale column; containment_violations is the largest count over the seeds; nested in neither direction, so both directions are measured; this is the pair CONTEXT.md section 10 e3 takes the headline number from",1.0,1.0,1.0,0.0
p1,lu,lu,check,overlap,5,5000,608,608,0.14142135623730953,2.8284271247461903,,"noise floor and not a pair: one phi against itself at two seeds, so no order difference can appear in it and a cross-phi number that does not exceed it is not evidence. it is labelled a check because d3 reserves the finding label for the row carrying the sensitivity signal and this row carries none; delta is 0.05 of the box diameter, the box_scale column; containment_violations is the largest count over the seeds; nested in neither direction, so both directions are measured; this is the pair CONTEXT.md section 10 e3 takes the headline number from",1.0,1.0,1.0,0.0
p1,lu,lu,check,overlap,5,20000,2077,2077,0.14142135623730953,2.8284271247461903,,"noise floor and not a pair: one phi against itself at two seeds, so no order difference can appear in it and a cross-phi number that does not exceed it is not evidence. it is labelled a check because d3 reserves the finding label for the row carrying the sensitivity signal and this row carries none; delta is 0.05 of the box diameter, the box_scale column; containment_violations is the largest count over the seeds; nested in neither direction, so both directions are measured; this is the pair CONTEXT.md section 10 e3 takes the headline number from",1.0,1.0,1.0,0.0
