# metrics table, written by src/reporting.py, subpart d3. two blocks with
# different columns, and the split is the content and not the layout.
# every value is a median with its interquartile range over the seed count in
# the same row, and every row states the evaluation budget and the
# cardinality it was computed at. no cell is one run.

block,objective_space
# hypervolume, igd and spread are computed on the (k, 2m) rows of one
# phi's image. each phi maps the same problem into a different space on a
# different scale, CONTEXT.md section 5 step 5, so these compare solvers
# under one fixed phi and never rank one phi against another; a ratio
# taken across two phi here is a ratio of volumes in two different spaces
# and means nothing. all three move with the cardinality, r-16, which is
# why every row states the one it was computed at.
problem,phi,solver,metric,n_seeds,n_evals,cardinality,reference_size,sampling_mode,include_singular_segments,hv_reference_rule,hv_reference_point,median,q1,q3,iqr
ibk1,cw,mopso,hypervolume,5,20000,100,1000,farthest_point,False,reference_front_nadir_plus_range_tenth,9.97864572001119 4.248780107310349 14.55602344533034 8.758085081524875,3524.7835689095036,3520.5180008002644,3526.158682011331,5.640681211066749
ibk1,cw,mopso,hypervolume,5,5000,100,1000,farthest_point,False,reference_front_nadir_plus_range_tenth,9.97864572001119 4.248780107310349 14.55602344533034 8.758085081524875,3516.552561889672,3514.8380034841907,3524.231209623046,9.393206138855476
ibk1,cw,mopso,igd,5,20000,100,1000,farthest_point,False,reference_front_nadir_plus_range_tenth,9.97864572001119 4.248780107310349 14.55602344533034 8.758085081524875,0.1327006874301932,0.1257092032938038,0.14382539333348898,0.018116190039685176
ibk1,cw,mopso,igd,5,5000,100,1000,farthest_point,False,reference_front_nadir_plus_range_tenth,9.97864572001119 4.248780107310349 14.55602344533034 8.758085081524875,0.12428913929753539,0.1168393377530085,0.1375720483001731,0.020732710547164607
ibk1,cw,mopso,spread,5,20000,100,1000,farthest_point,False,reference_front_nadir_plus_range_tenth,9.97864572001119 4.248780107310349 14.55602344533034 8.758085081524875,16.79107963618702,16.339639723917454,17.048460736805165,0.7088210128877108
ibk1,cw,mopso,spread,5,5000,100,1000,farthest_point,False,reference_front_nadir_plus_range_tenth,9.97864572001119 4.248780107310349 14.55602344533034 8.758085081524875,17.080585347827046,16.947722623958192,17.356413615101633,0.4086909911434411
ibk1,cw,nsga2,hypervolume,5,20000,100,1000,farthest_point,False,reference_front_nadir_plus_range_tenth,9.97864572001119 4.248780107310349 14.55602344533034 8.758085081524875,3524.373473856973,3520.6773839198513,3525.466921224701,4.789537304849546
ibk1,cw,nsga2,hypervolume,5,5000,100,1000,farthest_point,False,reference_front_nadir_plus_range_tenth,9.97864572001119 4.248780107310349 14.55602344533034 8.758085081524875,3524.7389116722516,3521.775499473691,3526.830758727536,5.055259253844724
ibk1,cw,nsga2,igd,5,20000,100,1000,farthest_point,False,reference_front_nadir_plus_range_tenth,9.97864572001119 4.248780107310349 14.55602344533034 8.758085081524875,0.1004098022381483,0.09969223630718424,0.10043981627523793,0.000747579968053691
ibk1,cw,nsga2,igd,5,5000,100,1000,farthest_point,False,reference_front_nadir_plus_range_tenth,9.97864572001119 4.248780107310349 14.55602344533034 8.758085081524875,0.0989939607932523,0.09859342102463722,0.10751455806367823,0.008921137039041002
ibk1,cw,nsga2,spread,5,20000,100,1000,farthest_point,False,reference_front_nadir_plus_range_tenth,9.97864572001119 4.248780107310349 14.55602344533034 8.758085081524875,17.399731522598202,17.399110375681726,17.41291067386016,0.013800298178434645
ibk1,cw,nsga2,spread,5,5000,100,1000,farthest_point,False,reference_front_nadir_plus_range_tenth,9.97864572001119 4.248780107310349 14.55602344533034 8.758085081524875,17.360193894294607,17.35460785093317,17.38491969317634,0.03031184224316874
ibk1,cw,random_search,hypervolume,5,20000,100,1000,farthest_point,False,reference_front_nadir_plus_range_tenth,9.97864572001119 4.248780107310349 14.55602344533034 8.758085081524875,3524.3525590156996,3515.08827159704,3525.711847280915,10.62357568387506
ibk1,cw,random_search,hypervolume,5,5000,100,1000,farthest_point,False,reference_front_nadir_plus_range_tenth,9.97864572001119 4.248780107310349 14.55602344533034 8.758085081524875,3515.4694605588497,3513.4581949515923,3516.3138854727276,2.8556905211353296
ibk1,cw,random_search,igd,5,20000,100,1000,farthest_point,False,reference_front_nadir_plus_range_tenth,9.97864572001119 4.248780107310349 14.55602344533034 8.758085081524875,0.1451542737694535,0.12444571772294459,0.1460864091404299,0.0216406914174853
ibk1,cw,random_search,igd,5,5000,100,1000,farthest_point,False,reference_front_nadir_plus_range_tenth,9.97864572001119 4.248780107310349 14.55602344533034 8.758085081524875,0.13032289438841202,0.1252958870836655,0.13600359127758052,0.010707704193915007
ibk1,cw,random_search,spread,5,20000,100,1000,farthest_point,False,reference_front_nadir_plus_range_tenth,9.97864572001119 4.248780107310349 14.55602344533034 8.758085081524875,16.612221325434522,16.49231507015135,17.026575934116945,0.5342608639655957
ibk1,cw,random_search,spread,5,5000,100,1000,farthest_point,False,reference_front_nadir_plus_range_tenth,9.97864572001119 4.248780107310349 14.55602344533034 8.758085081524875,17.46534322047895,17.298298239790554,17.531102268093907,0.23280402830335234
ibk1,ls,mopso,hypervolume,5,20000,100,1000,farthest_point,False,reference_front_nadir_plus_range_tenth,5.606914683188577 8.490742224329553 5.797938363865868 17.516170163291363,3137.408132849599,3133.7028503612187,3139.597589045289,5.894738684070489
ibk1,ls,mopso,hypervolume,5,5000,100,1000,farthest_point,False,reference_front_nadir_plus_range_tenth,5.606914683188577 8.490742224329553 5.797938363865868 17.516170163291363,3140.6509237680707,3138.407580637522,3142.1817544170117,3.7741737794895016
ibk1,ls,mopso,igd,5,20000,100,1000,farthest_point,False,reference_front_nadir_plus_range_tenth,5.606914683188577 8.490742224329553 5.797938363865868 17.516170163291363,0.17078258160185728,0.17016172854556036,0.1788656683544275,0.008703939808867134
ibk1,ls,mopso,igd,5,5000,100,1000,farthest_point,False,reference_front_nadir_plus_range_tenth,5.606914683188577 8.490742224329553 5.797938363865868 17.516170163291363,0.1689794476951421,0.16238255853564218,0.16969393313327927,0.007311374597637088
ibk1,ls,mopso,spread,5,20000,100,1000,farthest_point,False,reference_front_nadir_plus_range_tenth,5.606914683188577 8.490742224329553 5.797938363865868 17.516170163291363,18.02563674626775,17.937217387857814,18.069513916440744,0.1322965285829305
ibk1,ls,mopso,spread,5,5000,100,1000,farthest_point,False,reference_front_nadir_plus_range_tenth,5.606914683188577 8.490742224329553 5.797938363865868 17.516170163291363,17.726807324425405,17.450269402729404,18.10156531526668,0.6512959125372753
ibk1,ls,nsga2,hypervolume,5,20000,100,1000,farthest_point,False,reference_front_nadir_plus_range_tenth,5.606914683188577 8.490742224329553 5.797938363865868 17.516170163291363,3140.122022968644,3138.2123838540133,3141.351549466944,3.1391656129308103
ibk1,ls,nsga2,hypervolume,5,5000,100,1000,farthest_point,False,reference_front_nadir_plus_range_tenth,5.606914683188577 8.490742224329553 5.797938363865868 17.516170163291363,3136.065226377467,3134.0657321013446,3137.97942028981,3.913688188465585
ibk1,ls,nsga2,igd,5,20000,100,1000,farthest_point,False,reference_front_nadir_plus_range_tenth,5.606914683188577 8.490742224329553 5.797938363865868 17.516170163291363,0.1619645958830028,0.1543083910124089,0.166237161451315,0.011928770438906111
ibk1,ls,nsga2,igd,5,5000,100,1000,farthest_point,False,reference_front_nadir_plus_range_tenth,5.606914683188577 8.490742224329553 5.797938363865868 17.516170163291363,0.16627262472358142,0.16504699577612142,0.1676212495375082,0.0025742537613867855
ibk1,ls,nsga2,spread,5,20000,100,1000,farthest_point,False,reference_front_nadir_plus_range_tenth,5.606914683188577 8.490742224329553 5.797938363865868 17.516170163291363,18.19835835334032,18.19604444647276,18.199150191232977,0.003105744760215856
ibk1,ls,nsga2,spread,5,5000,100,1000,farthest_point,False,reference_front_nadir_plus_range_tenth,5.606914683188577 8.490742224329553 5.797938363865868 17.516170163291363,18.151795039520753,18.129942953616453,18.175987606605723,0.04604465298926996
ibk1,ls,random_search,hypervolume,5,20000,100,1000,farthest_point,False,reference_front_nadir_plus_range_tenth,5.606914683188577 8.490742224329553 5.797938363865868 17.516170163291363,3138.72163236586,3138.298797528608,3141.649768862043,3.3509713334351545
ibk1,ls,random_search,hypervolume,5,5000,100,1000,farthest_point,False,reference_front_nadir_plus_range_tenth,5.606914683188577 8.490742224329553 5.797938363865868 17.516170163291363,3129.0424315752302,3124.5976463394013,3131.609535367228,7.011889027826783
ibk1,ls,random_search,igd,5,20000,100,1000,farthest_point,False,reference_front_nadir_plus_range_tenth,5.606914683188577 8.490742224329553 5.797938363865868 17.516170163291363,0.17693406819928206,0.16557580673965222,0.17874486308887177,0.013169056349219554
ibk1,ls,random_search,igd,5,5000,100,1000,farthest_point,False,reference_front_nadir_plus_range_tenth,5.606914683188577 8.490742224329553 5.797938363865868 17.516170163291363,0.19318575752719613,0.1920915869148493,0.20012175007434074,0.008030163159491455
ibk1,ls,random_search,spread,5,20000,100,1000,farthest_point,False,reference_front_nadir_plus_range_tenth,5.606914683188577 8.490742224329553 5.797938363865868 17.516170163291363,17.37328582442892,17.261218451570876,17.889148041991156,0.6279295904202797
ibk1,ls,random_search,spread,5,5000,100,1000,farthest_point,False,reference_front_nadir_plus_range_tenth,5.606914683188577 8.490742224329553 5.797938363865868 17.516170163291363,18.041383787700244,17.75905011368849,18.060054742089065,0.3010046284005732
ibk1,lu,mopso,hypervolume,5,20000,100,1000,farthest_point,False,reference_front_nadir_plus_range_tenth,5.823073867215483 14.552576663808946 5.797938363828367 23.314108526969726,7526.705412171453,7521.076411883409,7531.001118281988,9.924706398579474
ibk1,lu,mopso,hypervolume,5,5000,100,1000,farthest_point,False,reference_front_nadir_plus_range_tenth,5.823073867215483 14.552576663808946 5.797938363828367 23.314108526969726,7535.989182059938,7524.195870396396,7537.569215402731,13.373345006335512
ibk1,lu,mopso,igd,5,20000,100,1000,farthest_point,False,reference_front_nadir_plus_range_tenth,5.823073867215483 14.552576663808946 5.797938363828367 23.314108526969726,0.18404797617862484,0.18194062616975185,0.18632410163330282,0.004383475463550973
ibk1,lu,mopso,igd,5,5000,100,1000,farthest_point,False,reference_front_nadir_plus_range_tenth,5.823073867215483 14.552576663808946 5.797938363828367 23.314108526969726,0.184411303378219,0.17748469067819928,0.1965512817964806,0.019066591118281323
ibk1,lu,mopso,spread,5,20000,100,1000,farthest_point,False,reference_front_nadir_plus_range_tenth,5.823073867215483 14.552576663808946 5.797938363828367 23.314108526969726,24.36072804745536,23.373791413004973,24.559537324349346,1.1857459113443731
ibk1,lu,mopso,spread,5,5000,100,1000,farthest_point,False,reference_front_nadir_plus_range_tenth,5.823073867215483 14.552576663808946 5.797938363828367 23.314108526969726,24.16307456776674,23.259496085117007,24.30850269749724,1.0490066123802322
ibk1,lu,nsga2,hypervolume,5,20000,100,1000,farthest_point,False,reference_front_nadir_plus_range_tenth,5.823073867215483 14.552576663808946 5.797938363828367 23.314108526969726,7528.528694088981,7527.227118269119,7533.474002528754,6.2468842596344984
ibk1,lu,nsga2,hypervolume,5,5000,100,1000,farthest_point,False,reference_front_nadir_plus_range_tenth,5.823073867215483 14.552576663808946 5.797938363828367 23.314108526969726,7524.974119433788,7520.848663931285,7526.172563702015,5.32389977073035
ibk1,lu,nsga2,igd,5,20000,100,1000,farthest_point,False,reference_front_nadir_plus_range_tenth,5.823073867215483 14.552576663808946 5.797938363828367 23.314108526969726,0.1520173476628524,0.14594276067319648,0.15919752578435972,0.013254765111163247
ibk1,lu,nsga2,igd,5,5000,100,1000,farthest_point,False,reference_front_nadir_plus_range_tenth,5.823073867215483 14.552576663808946 5.797938363828367 23.314108526969726,0.16057056022607996,0.15414538841029526,0.16141452031410652,0.00726913190381126
ibk1,lu,nsga2,spread,5,20000,100,1000,farthest_point,False,reference_front_nadir_plus_range_tenth,5.823073867215483 14.552576663808946 5.797938363828367 23.314108526969726,24.614156564865894,24.614097183634346,24.62646416745312,0.012366983818772326
ibk1,lu,nsga2,spread,5,5000,100,1000,farthest_point,False,reference_front_nadir_plus_range_tenth,5.823073867215483 14.552576663808946 5.797938363828367 23.314108526969726,24.60291417219792,24.593405344805223,24.61576589066504,0.022360545859815062
ibk1,lu,random_search,hypervolume,5,20000,100,1000,farthest_point,False,reference_front_nadir_plus_range_tenth,5.823073867215483 14.552576663808946 5.797938363828367 23.314108526969726,7524.547469723606,7516.328688224139,7530.976490740533,14.647802516394222
ibk1,lu,random_search,hypervolume,5,5000,100,1000,farthest_point,False,reference_front_nadir_plus_range_tenth,5.823073867215483 14.552576663808946 5.797938363828367 23.314108526969726,7510.767532184436,7491.663210896857,7513.9106506548815,22.247439758024484
ibk1,lu,random_search,igd,5,20000,100,1000,farthest_point,False,reference_front_nadir_plus_range_tenth,5.823073867215483 14.552576663808946 5.797938363828367 23.314108526969726,0.18234373210788243,0.1742587898387899,0.19760920402087676,0.02335041418208686
ibk1,lu,random_search,igd,5,5000,100,1000,farthest_point,False,reference_front_nadir_plus_range_tenth,5.823073867215483 14.552576663808946 5.797938363828367 23.314108526969726,0.18958776988173026,0.18488689054420365,0.20831531013912583,0.023428419594922173
ibk1,lu,random_search,spread,5,20000,100,1000,farthest_point,False,reference_front_nadir_plus_range_tenth,5.823073867215483 14.552576663808946 5.797938363828367 23.314108526969726,23.227671344538198,23.14026097386731,23.517592518690556,0.37733154482324593
ibk1,lu,random_search,spread,5,5000,100,1000,farthest_point,False,reference_front_nadir_plus_range_tenth,5.823073867215483 14.552576663808946 5.797938363828367 23.314108526969726,24.33902827482624,24.3317738591943,24.66223425660321,0.33046039740890976

block,decision_space
# hausdorff, coverage, overlap and cross evaluation are computed on the
# recovered sets in the decision space, which is the one space every phi
# shares, so these are the metrics comparable across phi and this is the
# block a phi comparison is read from. a row whose status is check has one
# direction fixed by a containment before any solver ran, r-06 and r-11,
# so a difference there is in part a theorem; only a row whose status is
# finding carries the sensitivity signal.
problem,phi_a,phi_b,status,metric,n_seeds,n_evals,cardinality_a,cardinality_b,delta,box_scale,containment_violations,note,median,q1,q3,iqr
ibk1,ls,cw,check,coverage_a_in_b,5,5000,200,162,1.4142135623730951,28.284271247461902,,"measured on mopso's own output, where phi drives the search as well as the ordering, so this is a question about how the solver behaves under each order and never a pair number of the study; delta is 0.05 of the box diameter, the box_scale column; containment_violations is the largest count over the seeds; check on r-06 and not a finding: ND_cw sits inside ND_ls exactly and for every problem, docs/a_close_containment.md, so coverage of cw in ls and one direction of the overlap are fixed before this runs. the containment is exact in real arithmetic and fails by rounding in doubles, one point of 1565 measured, r-11, so a nonzero violation count is arithmetic and never a result about phi. it stands on s-11; if the supervisors refute the criterion this pair is reported like the other and no result moves",1.0,1.0,1.0,0.0
ibk1,ls,cw,check,coverage_a_in_b,5,20000,187,200,1.4142135623730951,28.284271247461902,,"measured on mopso's own output, where phi drives the search as well as the ordering, so this is a question about how the solver behaves under each order and never a pair number of the study; delta is 0.05 of the box diameter, the box_scale column; containment_violations is the largest count over the seeds; check on r-06 and not a finding: ND_cw sits inside ND_ls exactly and for every problem, docs/a_close_containment.md, so coverage of cw in ls and one direction of the overlap are fixed before this runs. the containment is exact in real arithmetic and fails by rounding in doubles, one point of 1565 measured, r-11, so a nonzero violation count is arithmetic and never a result about phi. it stands on s-11; if the supervisors refute the criterion this pair is reported like the other and no result moves",1.0,1.0,1.0,0.0
ibk1,ls,cw,check,coverage_b_in_a,5,5000,200,162,1.4142135623730951,28.284271247461902,,"measured on mopso's own output, where phi drives the search as well as the ordering, so this is a question about how the solver behaves under each order and never a pair number of the study; delta is 0.05 of the box diameter, the box_scale column; containment_violations is the largest count over the seeds; check on r-06 and not a finding: ND_cw sits inside ND_ls exactly and for every problem, docs/a_close_containment.md, so coverage of cw in ls and one direction of the overlap are fixed before this runs. the containment is exact in real arithmetic and fails by rounding in doubles, one point of 1565 measured, r-11, so a nonzero violation count is arithmetic and never a result about phi. it stands on s-11; if the supervisors refute the criterion this pair is reported like the other and no result moves",1.0,1.0,1.0,0.0
ibk1,ls,cw,check,coverage_b_in_a,5,20000,187,200,1.4142135623730951,28.284271247461902,,"measured on mopso's own output, where phi drives the search as well as the ordering, so this is a question about how the solver behaves under each order and never a pair number of the study; delta is 0.05 of the box diameter, the box_scale column; containment_violations is the largest count over the seeds; check on r-06 and not a finding: ND_cw sits inside ND_ls exactly and for every problem, docs/a_close_containment.md, so coverage of cw in ls and one direction of the overlap are fixed before this runs. the containment is exact in real arithmetic and fails by rounding in doubles, one point of 1565 measured, r-11, so a nonzero violation count is arithmetic and never a result about phi. it stands on s-11; if the supervisors refute the criterion this pair is reported like the other and no result moves",1.0,1.0,1.0,0.0
ibk1,ls,cw,check,cross_a_under_b,5,5000,200,162,1.4142135623730951,28.284271247461902,,"measured on mopso's own output, where phi drives the search as well as the ordering, so this is a question about how the solver behaves under each order and never a pair number of the study; delta is 0.05 of the box diameter, the box_scale column; containment_violations is the largest count over the seeds; check on r-06 and not a finding: ND_cw sits inside ND_ls exactly and for every problem, docs/a_close_containment.md, so coverage of cw in ls and one direction of the overlap are fixed before this runs. the containment is exact in real arithmetic and fails by rounding in doubles, one point of 1565 measured, r-11, so a nonzero violation count is arithmetic and never a result about phi. it stands on s-11; if the supervisors refute the criterion this pair is reported like the other and no result moves",0.79,0.785,0.79,0.0050000000000000044
ibk1,ls,cw,check,cross_a_under_b,5,20000,187,200,1.4142135623730951,28.284271247461902,,"measured on mopso's own output, where phi drives the search as well as the ordering, so this is a question about how the solver behaves under each order and never a pair number of the study; delta is 0.05 of the box diameter, the box_scale column; containment_violations is the largest count over the seeds; check on r-06 and not a finding: ND_cw sits inside ND_ls exactly and for every problem, docs/a_close_containment.md, so coverage of cw in ls and one direction of the overlap are fixed before this runs. the containment is exact in real arithmetic and fails by rounding in doubles, one point of 1565 measured, r-11, so a nonzero violation count is arithmetic and never a result about phi. it stands on s-11; if the supervisors refute the criterion this pair is reported like the other and no result moves",0.8057142857142857,0.7867647058823529,0.8074866310160428,0.020721925133689867
ibk1,ls,cw,check,cross_b_under_a,5,5000,200,162,1.4142135623730951,28.284271247461902,,"measured on mopso's own output, where phi drives the search as well as the ordering, so this is a question about how the solver behaves under each order and never a pair number of the study; delta is 0.05 of the box diameter, the box_scale column; containment_violations is the largest count over the seeds; check on r-06 and not a finding: ND_cw sits inside ND_ls exactly and for every problem, docs/a_close_containment.md, so coverage of cw in ls and one direction of the overlap are fixed before this runs. the containment is exact in real arithmetic and fails by rounding in doubles, one point of 1565 measured, r-11, so a nonzero violation count is arithmetic and never a result about phi. it stands on s-11; if the supervisors refute the criterion this pair is reported like the other and no result moves",1.0,1.0,1.0,0.0
ibk1,ls,cw,check,cross_b_under_a,5,20000,187,200,1.4142135623730951,28.284271247461902,,"measured on mopso's own output, where phi drives the search as well as the ordering, so this is a question about how the solver behaves under each order and never a pair number of the study; delta is 0.05 of the box diameter, the box_scale column; containment_violations is the largest count over the seeds; check on r-06 and not a finding: ND_cw sits inside ND_ls exactly and for every problem, docs/a_close_containment.md, so coverage of cw in ls and one direction of the overlap are fixed before this runs. the containment is exact in real arithmetic and fails by rounding in doubles, one point of 1565 measured, r-11, so a nonzero violation count is arithmetic and never a result about phi. it stands on s-11; if the supervisors refute the criterion this pair is reported like the other and no result moves",1.0,1.0,1.0,0.0
ibk1,ls,cw,check,hausdorff_a_to_b,5,5000,200,162,1.4142135623730951,28.284271247461902,,"measured on mopso's own output, where phi drives the search as well as the ordering, so this is a question about how the solver behaves under each order and never a pair number of the study; delta is 0.05 of the box diameter, the box_scale column; containment_violations is the largest count over the seeds; check on r-06 and not a finding: ND_cw sits inside ND_ls exactly and for every problem, docs/a_close_containment.md, so coverage of cw in ls and one direction of the overlap are fixed before this runs. the containment is exact in real arithmetic and fails by rounding in doubles, one point of 1565 measured, r-11, so a nonzero violation count is arithmetic and never a result about phi. it stands on s-11; if the supervisors refute the criterion this pair is reported like the other and no result moves",0.677215209450551,0.668335878871509,0.7040613104053706,0.03572543153386154
ibk1,ls,cw,check,hausdorff_a_to_b,5,20000,187,200,1.4142135623730951,28.284271247461902,,"measured on mopso's own output, where phi drives the search as well as the ordering, so this is a question about how the solver behaves under each order and never a pair number of the study; delta is 0.05 of the box diameter, the box_scale column; containment_violations is the largest count over the seeds; check on r-06 and not a finding: ND_cw sits inside ND_ls exactly and for every problem, docs/a_close_containment.md, so coverage of cw in ls and one direction of the overlap are fixed before this runs. the containment is exact in real arithmetic and fails by rounding in doubles, one point of 1565 measured, r-11, so a nonzero violation count is arithmetic and never a result about phi. it stands on s-11; if the supervisors refute the criterion this pair is reported like the other and no result moves",0.5614208586263301,0.5312407150600358,0.6379626563847727,0.10672194132473689
ibk1,ls,cw,check,hausdorff_b_to_a,5,5000,200,162,1.4142135623730951,28.284271247461902,,"measured on mopso's own output, where phi drives the search as well as the ordering, so this is a question about how the solver behaves under each order and never a pair number of the study; delta is 0.05 of the box diameter, the box_scale column; containment_violations is the largest count over the seeds; check on r-06 and not a finding: ND_cw sits inside ND_ls exactly and for every problem, docs/a_close_containment.md, so coverage of cw in ls and one direction of the overlap are fixed before this runs. the containment is exact in real arithmetic and fails by rounding in doubles, one point of 1565 measured, r-11, so a nonzero violation count is arithmetic and never a result about phi. it stands on s-11; if the supervisors refute the criterion this pair is reported like the other and no result moves",0.33297075101164775,0.26400221169427257,0.4189590429095692,0.15495683121529663
ibk1,ls,cw,check,hausdorff_b_to_a,5,20000,187,200,1.4142135623730951,28.284271247461902,,"measured on mopso's own output, where phi drives the search as well as the ordering, so this is a question about how the solver behaves under each order and never a pair number of the study; delta is 0.05 of the box diameter, the box_scale column; containment_violations is the largest count over the seeds; check on r-06 and not a finding: ND_cw sits inside ND_ls exactly and for every problem, docs/a_close_containment.md, so coverage of cw in ls and one direction of the overlap are fixed before this runs. the containment is exact in real arithmetic and fails by rounding in doubles, one point of 1565 measured, r-11, so a nonzero violation count is arithmetic and never a result about phi. it stands on s-11; if the supervisors refute the criterion this pair is reported like the other and no result moves",0.3230180164367705,0.32210700552264837,0.4308647127345,0.10875770721185163
ibk1,ls,cw,check,hausdorff_symmetric,5,5000,200,162,1.4142135623730951,28.284271247461902,,"measured on mopso's own output, where phi drives the search as well as the ordering, so this is a question about how the solver behaves under each order and never a pair number of the study; delta is 0.05 of the box diameter, the box_scale column; containment_violations is the largest count over the seeds; check on r-06 and not a finding: ND_cw sits inside ND_ls exactly and for every problem, docs/a_close_containment.md, so coverage of cw in ls and one direction of the overlap are fixed before this runs. the containment is exact in real arithmetic and fails by rounding in doubles, one point of 1565 measured, r-11, so a nonzero violation count is arithmetic and never a result about phi. it stands on s-11; if the supervisors refute the criterion this pair is reported like the other and no result moves",0.677215209450551,0.668335878871509,0.7040613104053706,0.03572543153386154
ibk1,ls,cw,check,hausdorff_symmetric,5,20000,187,200,1.4142135623730951,28.284271247461902,,"measured on mopso's own output, where phi drives the search as well as the ordering, so this is a question about how the solver behaves under each order and never a pair number of the study; delta is 0.05 of the box diameter, the box_scale column; containment_violations is the largest count over the seeds; check on r-06 and not a finding: ND_cw sits inside ND_ls exactly and for every problem, docs/a_close_containment.md, so coverage of cw in ls and one direction of the overlap are fixed before this runs. the containment is exact in real arithmetic and fails by rounding in doubles, one point of 1565 measured, r-11, so a nonzero violation count is arithmetic and never a result about phi. it stands on s-11; if the supervisors refute the criterion this pair is reported like the other and no result moves",0.5614208586263301,0.5312407150600358,0.6379626563847727,0.10672194132473689
ibk1,ls,cw,check,overlap,5,5000,200,162,1.4142135623730951,28.284271247461902,,"measured on mopso's own output, where phi drives the search as well as the ordering, so this is a question about how the solver behaves under each order and never a pair number of the study; delta is 0.05 of the box diameter, the box_scale column; containment_violations is the largest count over the seeds; check on r-06 and not a finding: ND_cw sits inside ND_ls exactly and for every problem, docs/a_close_containment.md, so coverage of cw in ls and one direction of the overlap are fixed before this runs. the containment is exact in real arithmetic and fails by rounding in doubles, one point of 1565 measured, r-11, so a nonzero violation count is arithmetic and never a result about phi. it stands on s-11; if the supervisors refute the criterion this pair is reported like the other and no result moves",1.0,1.0,1.0,0.0
ibk1,ls,cw,check,overlap,5,20000,187,200,1.4142135623730951,28.284271247461902,,"measured on mopso's own output, where phi drives the search as well as the ordering, so this is a question about how the solver behaves under each order and never a pair number of the study; delta is 0.05 of the box diameter, the box_scale column; containment_violations is the largest count over the seeds; check on r-06 and not a finding: ND_cw sits inside ND_ls exactly and for every problem, docs/a_close_containment.md, so coverage of cw in ls and one direction of the overlap are fixed before this runs. the containment is exact in real arithmetic and fails by rounding in doubles, one point of 1565 measured, r-11, so a nonzero violation count is arithmetic and never a result about phi. it stands on s-11; if the supervisors refute the criterion this pair is reported like the other and no result moves",1.0,1.0,1.0,0.0
ibk1,lu,cw,finding,coverage_a_in_b,5,5000,200,162,1.4142135623730951,28.284271247461902,,"measured on mopso's own output, where phi drives the search as well as the ordering, so this is a question about how the solver behaves under each order and never a pair number of the study; delta is 0.05 of the box diameter, the box_scale column; containment_violations is the largest count over the seeds; nested in neither direction, so both directions are measured; this is the pair CONTEXT.md section 10 e3 takes the headline number from. **on I-BK1 this pair nests as well**: f2 section 3.1 derives X_cw strictly inside X_lu from the closed forms, which docs/part1/a_close_containment.md's criterion does not predict in either direction and which f2 section 3.2 records as a finding about this problem. so the headline convention of docs/part1/part1_closing.md section 3.1 does not apply here, there being no non-nested pair at all, and this row is not a measured difference between two orders",1.0,1.0,1.0,0.0
ibk1,lu,cw,finding,coverage_a_in_b,5,20000,200,200,1.4142135623730951,28.284271247461902,,"measured on mopso's own output, where phi drives the search as well as the ordering, so this is a question about how the solver behaves under each order and never a pair number of the study; delta is 0.05 of the box diameter, the box_scale column; containment_violations is the largest count over the seeds; nested in neither direction, so both directions are measured; this is the pair CONTEXT.md section 10 e3 takes the headline number from. **on I-BK1 this pair nests as well**: f2 section 3.1 derives X_cw strictly inside X_lu from the closed forms, which docs/part1/a_close_containment.md's criterion does not predict in either direction and which f2 section 3.2 records as a finding about this problem. so the headline convention of docs/part1/part1_closing.md section 3.1 does not apply here, there being no non-nested pair at all, and this row is not a measured difference between two orders",1.0,1.0,1.0,0.0
ibk1,lu,cw,finding,coverage_b_in_a,5,5000,200,162,1.4142135623730951,28.284271247461902,,"measured on mopso's own output, where phi drives the search as well as the ordering, so this is a question about how the solver behaves under each order and never a pair number of the study; delta is 0.05 of the box diameter, the box_scale column; containment_violations is the largest count over the seeds; nested in neither direction, so both directions are measured; this is the pair CONTEXT.md section 10 e3 takes the headline number from. **on I-BK1 this pair nests as well**: f2 section 3.1 derives X_cw strictly inside X_lu from the closed forms, which docs/part1/a_close_containment.md's criterion does not predict in either direction and which f2 section 3.2 records as a finding about this problem. so the headline convention of docs/part1/part1_closing.md section 3.1 does not apply here, there being no non-nested pair at all, and this row is not a measured difference between two orders",1.0,1.0,1.0,0.0
ibk1,lu,cw,finding,coverage_b_in_a,5,20000,200,200,1.4142135623730951,28.284271247461902,,"measured on mopso's own output, where phi drives the search as well as the ordering, so this is a question about how the solver behaves under each order and never a pair number of the study; delta is 0.05 of the box diameter, the box_scale column; containment_violations is the largest count over the seeds; nested in neither direction, so both directions are measured; this is the pair CONTEXT.md section 10 e3 takes the headline number from. **on I-BK1 this pair nests as well**: f2 section 3.1 derives X_cw strictly inside X_lu from the closed forms, which docs/part1/a_close_containment.md's criterion does not predict in either direction and which f2 section 3.2 records as a finding about this problem. so the headline convention of docs/part1/part1_closing.md section 3.1 does not apply here, there being no non-nested pair at all, and this row is not a measured difference between two orders",1.0,1.0,1.0,0.0
ibk1,lu,cw,finding,cross_a_under_b,5,5000,200,162,1.4142135623730951,28.284271247461902,,"measured on mopso's own output, where phi drives the search as well as the ordering, so this is a question about how the solver behaves under each order and never a pair number of the study; delta is 0.05 of the box diameter, the box_scale column; containment_violations is the largest count over the seeds; nested in neither direction, so both directions are measured; this is the pair CONTEXT.md section 10 e3 takes the headline number from. **on I-BK1 this pair nests as well**: f2 section 3.1 derives X_cw strictly inside X_lu from the closed forms, which docs/part1/a_close_containment.md's criterion does not predict in either direction and which f2 section 3.2 records as a finding about this problem. so the headline convention of docs/part1/part1_closing.md section 3.1 does not apply here, there being no non-nested pair at all, and this row is not a measured difference between two orders",0.86,0.8484848484848485,0.875,0.02651515151515149
ibk1,lu,cw,finding,cross_a_under_b,5,20000,200,200,1.4142135623730951,28.284271247461902,,"measured on mopso's own output, where phi drives the search as well as the ordering, so this is a question about how the solver behaves under each order and never a pair number of the study; delta is 0.05 of the box diameter, the box_scale column; containment_violations is the largest count over the seeds; nested in neither direction, so both directions are measured; this is the pair CONTEXT.md section 10 e3 takes the headline number from. **on I-BK1 this pair nests as well**: f2 section 3.1 derives X_cw strictly inside X_lu from the closed forms, which docs/part1/a_close_containment.md's criterion does not predict in either direction and which f2 section 3.2 records as a finding about this problem. so the headline convention of docs/part1/part1_closing.md section 3.1 does not apply here, there being no non-nested pair at all, and this row is not a measured difference between two orders",0.87,0.865,0.89171974522293,0.02671974522292997
ibk1,lu,cw,finding,cross_b_under_a,5,5000,200,162,1.4142135623730951,28.284271247461902,,"measured on mopso's own output, where phi drives the search as well as the ordering, so this is a question about how the solver behaves under each order and never a pair number of the study; delta is 0.05 of the box diameter, the box_scale column; containment_violations is the largest count over the seeds; nested in neither direction, so both directions are measured; this is the pair CONTEXT.md section 10 e3 takes the headline number from. **on I-BK1 this pair nests as well**: f2 section 3.1 derives X_cw strictly inside X_lu from the closed forms, which docs/part1/a_close_containment.md's criterion does not predict in either direction and which f2 section 3.2 records as a finding about this problem. so the headline convention of docs/part1/part1_closing.md section 3.1 does not apply here, there being no non-nested pair at all, and this row is not a measured difference between two orders",0.9635036496350365,0.9597701149425287,0.965,0.00522988505747124
ibk1,lu,cw,finding,cross_b_under_a,5,20000,200,200,1.4142135623730951,28.284271247461902,,"measured on mopso's own output, where phi drives the search as well as the ordering, so this is a question about how the solver behaves under each order and never a pair number of the study; delta is 0.05 of the box diameter, the box_scale column; containment_violations is the largest count over the seeds; nested in neither direction, so both directions are measured; this is the pair CONTEXT.md section 10 e3 takes the headline number from. **on I-BK1 this pair nests as well**: f2 section 3.1 derives X_cw strictly inside X_lu from the closed forms, which docs/part1/a_close_containment.md's criterion does not predict in either direction and which f2 section 3.2 records as a finding about this problem. so the headline convention of docs/part1/part1_closing.md section 3.1 does not apply here, there being no non-nested pair at all, and this row is not a measured difference between two orders",0.955,0.945,0.96,0.015000000000000013
ibk1,lu,cw,finding,hausdorff_a_to_b,5,5000,200,162,1.4142135623730951,28.284271247461902,,"measured on mopso's own output, where phi drives the search as well as the ordering, so this is a question about how the solver behaves under each order and never a pair number of the study; delta is 0.05 of the box diameter, the box_scale column; containment_violations is the largest count over the seeds; nested in neither direction, so both directions are measured; this is the pair CONTEXT.md section 10 e3 takes the headline number from. **on I-BK1 this pair nests as well**: f2 section 3.1 derives X_cw strictly inside X_lu from the closed forms, which docs/part1/a_close_containment.md's criterion does not predict in either direction and which f2 section 3.2 records as a finding about this problem. so the headline convention of docs/part1/part1_closing.md section 3.1 does not apply here, there being no non-nested pair at all, and this row is not a measured difference between two orders",0.45073566269125237,0.4208850228881429,0.5825096722105254,0.16162464932238252
ibk1,lu,cw,finding,hausdorff_a_to_b,5,20000,200,200,1.4142135623730951,28.284271247461902,,"measured on mopso's own output, where phi drives the search as well as the ordering, so this is a question about how the solver behaves under each order and never a pair number of the study; delta is 0.05 of the box diameter, the box_scale column; containment_violations is the largest count over the seeds; nested in neither direction, so both directions are measured; this is the pair CONTEXT.md section 10 e3 takes the headline number from. **on I-BK1 this pair nests as well**: f2 section 3.1 derives X_cw strictly inside X_lu from the closed forms, which docs/part1/a_close_containment.md's criterion does not predict in either direction and which f2 section 3.2 records as a finding about this problem. so the headline convention of docs/part1/part1_closing.md section 3.1 does not apply here, there being no non-nested pair at all, and this row is not a measured difference between two orders",0.48901200376929227,0.428483438419226,0.5151359289696605,0.08665249055043456
ibk1,lu,cw,finding,hausdorff_b_to_a,5,5000,200,162,1.4142135623730951,28.284271247461902,,"measured on mopso's own output, where phi drives the search as well as the ordering, so this is a question about how the solver behaves under each order and never a pair number of the study; delta is 0.05 of the box diameter, the box_scale column; containment_violations is the largest count over the seeds; nested in neither direction, so both directions are measured; this is the pair CONTEXT.md section 10 e3 takes the headline number from. **on I-BK1 this pair nests as well**: f2 section 3.1 derives X_cw strictly inside X_lu from the closed forms, which docs/part1/a_close_containment.md's criterion does not predict in either direction and which f2 section 3.2 records as a finding about this problem. so the headline convention of docs/part1/part1_closing.md section 3.1 does not apply here, there being no non-nested pair at all, and this row is not a measured difference between two orders",0.34682643671301727,0.30885896041945526,0.4032100242116454,0.09435106379219016
ibk1,lu,cw,finding,hausdorff_b_to_a,5,20000,200,200,1.4142135623730951,28.284271247461902,,"measured on mopso's own output, where phi drives the search as well as the ordering, so this is a question about how the solver behaves under each order and never a pair number of the study; delta is 0.05 of the box diameter, the box_scale column; containment_violations is the largest count over the seeds; nested in neither direction, so both directions are measured; this is the pair CONTEXT.md section 10 e3 takes the headline number from. **on I-BK1 this pair nests as well**: f2 section 3.1 derives X_cw strictly inside X_lu from the closed forms, which docs/part1/a_close_containment.md's criterion does not predict in either direction and which f2 section 3.2 records as a finding about this problem. so the headline convention of docs/part1/part1_closing.md section 3.1 does not apply here, there being no non-nested pair at all, and this row is not a measured difference between two orders",0.3790500809288898,0.34656013042984174,0.4045947129666882,0.05803458253684646
ibk1,lu,cw,finding,hausdorff_symmetric,5,5000,200,162,1.4142135623730951,28.284271247461902,,"measured on mopso's own output, where phi drives the search as well as the ordering, so this is a question about how the solver behaves under each order and never a pair number of the study; delta is 0.05 of the box diameter, the box_scale column; containment_violations is the largest count over the seeds; nested in neither direction, so both directions are measured; this is the pair CONTEXT.md section 10 e3 takes the headline number from. **on I-BK1 this pair nests as well**: f2 section 3.1 derives X_cw strictly inside X_lu from the closed forms, which docs/part1/a_close_containment.md's criterion does not predict in either direction and which f2 section 3.2 records as a finding about this problem. so the headline convention of docs/part1/part1_closing.md section 3.1 does not apply here, there being no non-nested pair at all, and this row is not a measured difference between two orders",0.45073566269125237,0.4208850228881429,0.5825096722105254,0.16162464932238252
ibk1,lu,cw,finding,hausdorff_symmetric,5,20000,200,200,1.4142135623730951,28.284271247461902,,"measured on mopso's own output, where phi drives the search as well as the ordering, so this is a question about how the solver behaves under each order and never a pair number of the study; delta is 0.05 of the box diameter, the box_scale column; containment_violations is the largest count over the seeds; nested in neither direction, so both directions are measured; this is the pair CONTEXT.md section 10 e3 takes the headline number from. **on I-BK1 this pair nests as well**: f2 section 3.1 derives X_cw strictly inside X_lu from the closed forms, which docs/part1/a_close_containment.md's criterion does not predict in either direction and which f2 section 3.2 records as a finding about this problem. so the headline convention of docs/part1/part1_closing.md section 3.1 does not apply here, there being no non-nested pair at all, and this row is not a measured difference between two orders",0.48901200376929227,0.428483438419226,0.5151359289696605,0.08665249055043456
ibk1,lu,cw,finding,overlap,5,5000,200,162,1.4142135623730951,28.284271247461902,,"measured on mopso's own output, where phi drives the search as well as the ordering, so this is a question about how the solver behaves under each order and never a pair number of the study; delta is 0.05 of the box diameter, the box_scale column; containment_violations is the largest count over the seeds; nested in neither direction, so both directions are measured; this is the pair CONTEXT.md section 10 e3 takes the headline number from. **on I-BK1 this pair nests as well**: f2 section 3.1 derives X_cw strictly inside X_lu from the closed forms, which docs/part1/a_close_containment.md's criterion does not predict in either direction and which f2 section 3.2 records as a finding about this problem. so the headline convention of docs/part1/part1_closing.md section 3.1 does not apply here, there being no non-nested pair at all, and this row is not a measured difference between two orders",1.0,1.0,1.0,0.0
ibk1,lu,cw,finding,overlap,5,20000,200,200,1.4142135623730951,28.284271247461902,,"measured on mopso's own output, where phi drives the search as well as the ordering, so this is a question about how the solver behaves under each order and never a pair number of the study; delta is 0.05 of the box diameter, the box_scale column; containment_violations is the largest count over the seeds; nested in neither direction, so both directions are measured; this is the pair CONTEXT.md section 10 e3 takes the headline number from. **on I-BK1 this pair nests as well**: f2 section 3.1 derives X_cw strictly inside X_lu from the closed forms, which docs/part1/a_close_containment.md's criterion does not predict in either direction and which f2 section 3.2 records as a finding about this problem. so the headline convention of docs/part1/part1_closing.md section 3.1 does not apply here, there being no non-nested pair at all, and this row is not a measured difference between two orders",1.0,1.0,1.0,0.0
ibk1,lu,ls,check,coverage_a_in_b,5,5000,200,200,1.4142135623730951,28.284271247461902,,"measured on mopso's own output, where phi drives the search as well as the ordering, so this is a question about how the solver behaves under each order and never a pair number of the study; delta is 0.05 of the box diameter, the box_scale column; containment_violations is the largest count over the seeds; check on r-06 and not a finding: ND_lu sits inside ND_ls exactly and for every problem, docs/a_close_containment.md, so coverage of lu in ls and one direction of the overlap are fixed before this runs. the containment is exact in real arithmetic and fails by rounding in doubles, one point of 1565 measured, r-11, so a nonzero violation count is arithmetic and never a result about phi. it stands on s-11; if the supervisors refute the criterion this pair is reported like the other and no result moves",1.0,1.0,1.0,0.0
ibk1,lu,ls,check,coverage_a_in_b,5,20000,200,187,1.4142135623730951,28.284271247461902,,"measured on mopso's own output, where phi drives the search as well as the ordering, so this is a question about how the solver behaves under each order and never a pair number of the study; delta is 0.05 of the box diameter, the box_scale column; containment_violations is the largest count over the seeds; check on r-06 and not a finding: ND_lu sits inside ND_ls exactly and for every problem, docs/a_close_containment.md, so coverage of lu in ls and one direction of the overlap are fixed before this runs. the containment is exact in real arithmetic and fails by rounding in doubles, one point of 1565 measured, r-11, so a nonzero violation count is arithmetic and never a result about phi. it stands on s-11; if the supervisors refute the criterion this pair is reported like the other and no result moves",1.0,1.0,1.0,0.0
ibk1,lu,ls,check,coverage_b_in_a,5,5000,200,200,1.4142135623730951,28.284271247461902,,"measured on mopso's own output, where phi drives the search as well as the ordering, so this is a question about how the solver behaves under each order and never a pair number of the study; delta is 0.05 of the box diameter, the box_scale column; containment_violations is the largest count over the seeds; check on r-06 and not a finding: ND_lu sits inside ND_ls exactly and for every problem, docs/a_close_containment.md, so coverage of lu in ls and one direction of the overlap are fixed before this runs. the containment is exact in real arithmetic and fails by rounding in doubles, one point of 1565 measured, r-11, so a nonzero violation count is arithmetic and never a result about phi. it stands on s-11; if the supervisors refute the criterion this pair is reported like the other and no result moves",1.0,1.0,1.0,0.0
ibk1,lu,ls,check,coverage_b_in_a,5,20000,200,187,1.4142135623730951,28.284271247461902,,"measured on mopso's own output, where phi drives the search as well as the ordering, so this is a question about how the solver behaves under each order and never a pair number of the study; delta is 0.05 of the box diameter, the box_scale column; containment_violations is the largest count over the seeds; check on r-06 and not a finding: ND_lu sits inside ND_ls exactly and for every problem, docs/a_close_containment.md, so coverage of lu in ls and one direction of the overlap are fixed before this runs. the containment is exact in real arithmetic and fails by rounding in doubles, one point of 1565 measured, r-11, so a nonzero violation count is arithmetic and never a result about phi. it stands on s-11; if the supervisors refute the criterion this pair is reported like the other and no result moves",1.0,1.0,1.0,0.0
ibk1,lu,ls,check,cross_a_under_b,5,5000,200,200,1.4142135623730951,28.284271247461902,,"measured on mopso's own output, where phi drives the search as well as the ordering, so this is a question about how the solver behaves under each order and never a pair number of the study; delta is 0.05 of the box diameter, the box_scale column; containment_violations is the largest count over the seeds; check on r-06 and not a finding: ND_lu sits inside ND_ls exactly and for every problem, docs/a_close_containment.md, so coverage of lu in ls and one direction of the overlap are fixed before this runs. the containment is exact in real arithmetic and fails by rounding in doubles, one point of 1565 measured, r-11, so a nonzero violation count is arithmetic and never a result about phi. it stands on s-11; if the supervisors refute the criterion this pair is reported like the other and no result moves",1.0,1.0,1.0,0.0
ibk1,lu,ls,check,cross_a_under_b,5,20000,200,187,1.4142135623730951,28.284271247461902,,"measured on mopso's own output, where phi drives the search as well as the ordering, so this is a question about how the solver behaves under each order and never a pair number of the study; delta is 0.05 of the box diameter, the box_scale column; containment_violations is the largest count over the seeds; check on r-06 and not a finding: ND_lu sits inside ND_ls exactly and for every problem, docs/a_close_containment.md, so coverage of lu in ls and one direction of the overlap are fixed before this runs. the containment is exact in real arithmetic and fails by rounding in doubles, one point of 1565 measured, r-11, so a nonzero violation count is arithmetic and never a result about phi. it stands on s-11; if the supervisors refute the criterion this pair is reported like the other and no result moves",1.0,1.0,1.0,0.0
ibk1,lu,ls,check,cross_b_under_a,5,5000,200,200,1.4142135623730951,28.284271247461902,,"measured on mopso's own output, where phi drives the search as well as the ordering, so this is a question about how the solver behaves under each order and never a pair number of the study; delta is 0.05 of the box diameter, the box_scale column; containment_violations is the largest count over the seeds; check on r-06 and not a finding: ND_lu sits inside ND_ls exactly and for every problem, docs/a_close_containment.md, so coverage of lu in ls and one direction of the overlap are fixed before this runs. the containment is exact in real arithmetic and fails by rounding in doubles, one point of 1565 measured, r-11, so a nonzero violation count is arithmetic and never a result about phi. it stands on s-11; if the supervisors refute the criterion this pair is reported like the other and no result moves",0.8795811518324608,0.87,0.88,0.010000000000000009
ibk1,lu,ls,check,cross_b_under_a,5,20000,200,187,1.4142135623730951,28.284271247461902,,"measured on mopso's own output, where phi drives the search as well as the ordering, so this is a question about how the solver behaves under each order and never a pair number of the study; delta is 0.05 of the box diameter, the box_scale column; containment_violations is the largest count over the seeds; check on r-06 and not a finding: ND_lu sits inside ND_ls exactly and for every problem, docs/a_close_containment.md, so coverage of lu in ls and one direction of the overlap are fixed before this runs. the containment is exact in real arithmetic and fails by rounding in doubles, one point of 1565 measured, r-11, so a nonzero violation count is arithmetic and never a result about phi. it stands on s-11; if the supervisors refute the criterion this pair is reported like the other and no result moves",0.87,0.85,0.875,0.025000000000000022
ibk1,lu,ls,check,hausdorff_a_to_b,5,5000,200,200,1.4142135623730951,28.284271247461902,,"measured on mopso's own output, where phi drives the search as well as the ordering, so this is a question about how the solver behaves under each order and never a pair number of the study; delta is 0.05 of the box diameter, the box_scale column; containment_violations is the largest count over the seeds; check on r-06 and not a finding: ND_lu sits inside ND_ls exactly and for every problem, docs/a_close_containment.md, so coverage of lu in ls and one direction of the overlap are fixed before this runs. the containment is exact in real arithmetic and fails by rounding in doubles, one point of 1565 measured, r-11, so a nonzero violation count is arithmetic and never a result about phi. it stands on s-11; if the supervisors refute the criterion this pair is reported like the other and no result moves",0.3540744871960526,0.3437111797365474,0.39525709612351106,0.05154591638696365
ibk1,lu,ls,check,hausdorff_a_to_b,5,20000,200,187,1.4142135623730951,28.284271247461902,,"measured on mopso's own output, where phi drives the search as well as the ordering, so this is a question about how the solver behaves under each order and never a pair number of the study; delta is 0.05 of the box diameter, the box_scale column; containment_violations is the largest count over the seeds; check on r-06 and not a finding: ND_lu sits inside ND_ls exactly and for every problem, docs/a_close_containment.md, so coverage of lu in ls and one direction of the overlap are fixed before this runs. the containment is exact in real arithmetic and fails by rounding in doubles, one point of 1565 measured, r-11, so a nonzero violation count is arithmetic and never a result about phi. it stands on s-11; if the supervisors refute the criterion this pair is reported like the other and no result moves",0.4299656590712277,0.40276818981480134,0.4410251425385619,0.03825695272376056
ibk1,lu,ls,check,hausdorff_b_to_a,5,5000,200,200,1.4142135623730951,28.284271247461902,,"measured on mopso's own output, where phi drives the search as well as the ordering, so this is a question about how the solver behaves under each order and never a pair number of the study; delta is 0.05 of the box diameter, the box_scale column; containment_violations is the largest count over the seeds; check on r-06 and not a finding: ND_lu sits inside ND_ls exactly and for every problem, docs/a_close_containment.md, so coverage of lu in ls and one direction of the overlap are fixed before this runs. the containment is exact in real arithmetic and fails by rounding in doubles, one point of 1565 measured, r-11, so a nonzero violation count is arithmetic and never a result about phi. it stands on s-11; if the supervisors refute the criterion this pair is reported like the other and no result moves",0.4785235856280794,0.4419852199918057,0.5567372781545957,0.11475205816279005
ibk1,lu,ls,check,hausdorff_b_to_a,5,20000,200,187,1.4142135623730951,28.284271247461902,,"measured on mopso's own output, where phi drives the search as well as the ordering, so this is a question about how the solver behaves under each order and never a pair number of the study; delta is 0.05 of the box diameter, the box_scale column; containment_violations is the largest count over the seeds; check on r-06 and not a finding: ND_lu sits inside ND_ls exactly and for every problem, docs/a_close_containment.md, so coverage of lu in ls and one direction of the overlap are fixed before this runs. the containment is exact in real arithmetic and fails by rounding in doubles, one point of 1565 measured, r-11, so a nonzero violation count is arithmetic and never a result about phi. it stands on s-11; if the supervisors refute the criterion this pair is reported like the other and no result moves",0.5253397458585868,0.5047460555235025,0.5535948755718589,0.048848820048356445
ibk1,lu,ls,check,hausdorff_symmetric,5,5000,200,200,1.4142135623730951,28.284271247461902,,"measured on mopso's own output, where phi drives the search as well as the ordering, so this is a question about how the solver behaves under each order and never a pair number of the study; delta is 0.05 of the box diameter, the box_scale column; containment_violations is the largest count over the seeds; check on r-06 and not a finding: ND_lu sits inside ND_ls exactly and for every problem, docs/a_close_containment.md, so coverage of lu in ls and one direction of the overlap are fixed before this runs. the containment is exact in real arithmetic and fails by rounding in doubles, one point of 1565 measured, r-11, so a nonzero violation count is arithmetic and never a result about phi. it stands on s-11; if the supervisors refute the criterion this pair is reported like the other and no result moves",0.4785235856280794,0.4419852199918057,0.5567372781545957,0.11475205816279005
ibk1,lu,ls,check,hausdorff_symmetric,5,20000,200,187,1.4142135623730951,28.284271247461902,,"measured on mopso's own output, where phi drives the search as well as the ordering, so this is a question about how the solver behaves under each order and never a pair number of the study; delta is 0.05 of the box diameter, the box_scale column; containment_violations is the largest count over the seeds; check on r-06 and not a finding: ND_lu sits inside ND_ls exactly and for every problem, docs/a_close_containment.md, so coverage of lu in ls and one direction of the overlap are fixed before this runs. the containment is exact in real arithmetic and fails by rounding in doubles, one point of 1565 measured, r-11, so a nonzero violation count is arithmetic and never a result about phi. it stands on s-11; if the supervisors refute the criterion this pair is reported like the other and no result moves",0.5253397458585868,0.5047460555235025,0.5535948755718589,0.048848820048356445
ibk1,lu,ls,check,overlap,5,5000,200,200,1.4142135623730951,28.284271247461902,,"measured on mopso's own output, where phi drives the search as well as the ordering, so this is a question about how the solver behaves under each order and never a pair number of the study; delta is 0.05 of the box diameter, the box_scale column; containment_violations is the largest count over the seeds; check on r-06 and not a finding: ND_lu sits inside ND_ls exactly and for every problem, docs/a_close_containment.md, so coverage of lu in ls and one direction of the overlap are fixed before this runs. the containment is exact in real arithmetic and fails by rounding in doubles, one point of 1565 measured, r-11, so a nonzero violation count is arithmetic and never a result about phi. it stands on s-11; if the supervisors refute the criterion this pair is reported like the other and no result moves",1.0,1.0,1.0,0.0
ibk1,lu,ls,check,overlap,5,20000,200,187,1.4142135623730951,28.284271247461902,,"measured on mopso's own output, where phi drives the search as well as the ordering, so this is a question about how the solver behaves under each order and never a pair number of the study; delta is 0.05 of the box diameter, the box_scale column; containment_violations is the largest count over the seeds; check on r-06 and not a finding: ND_lu sits inside ND_ls exactly and for every problem, docs/a_close_containment.md, so coverage of lu in ls and one direction of the overlap are fixed before this runs. the containment is exact in real arithmetic and fails by rounding in doubles, one point of 1565 measured, r-11, so a nonzero violation count is arithmetic and never a result about phi. it stands on s-11; if the supervisors refute the criterion this pair is reported like the other and no result moves",1.0,1.0,1.0,0.0
ibk1,ls,cw,check,coverage_a_in_b,5,5000,100,100,1.4142135623730951,28.284271247461902,,"measured on nsga2's own output, where phi drives the search as well as the ordering, so this is a question about how the solver behaves under each order and never a pair number of the study; delta is 0.05 of the box diameter, the box_scale column; containment_violations is the largest count over the seeds; check on r-06 and not a finding: ND_cw sits inside ND_ls exactly and for every problem, docs/a_close_containment.md, so coverage of cw in ls and one direction of the overlap are fixed before this runs. the containment is exact in real arithmetic and fails by rounding in doubles, one point of 1565 measured, r-11, so a nonzero violation count is arithmetic and never a result about phi. it stands on s-11; if the supervisors refute the criterion this pair is reported like the other and no result moves",1.0,1.0,1.0,0.0
ibk1,ls,cw,check,coverage_a_in_b,5,20000,100,100,1.4142135623730951,28.284271247461902,,"measured on nsga2's own output, where phi drives the search as well as the ordering, so this is a question about how the solver behaves under each order and never a pair number of the study; delta is 0.05 of the box diameter, the box_scale column; containment_violations is the largest count over the seeds; check on r-06 and not a finding: ND_cw sits inside ND_ls exactly and for every problem, docs/a_close_containment.md, so coverage of cw in ls and one direction of the overlap are fixed before this runs. the containment is exact in real arithmetic and fails by rounding in doubles, one point of 1565 measured, r-11, so a nonzero violation count is arithmetic and never a result about phi. it stands on s-11; if the supervisors refute the criterion this pair is reported like the other and no result moves",1.0,1.0,1.0,0.0
ibk1,ls,cw,check,coverage_b_in_a,5,5000,100,100,1.4142135623730951,28.284271247461902,,"measured on nsga2's own output, where phi drives the search as well as the ordering, so this is a question about how the solver behaves under each order and never a pair number of the study; delta is 0.05 of the box diameter, the box_scale column; containment_violations is the largest count over the seeds; check on r-06 and not a finding: ND_cw sits inside ND_ls exactly and for every problem, docs/a_close_containment.md, so coverage of cw in ls and one direction of the overlap are fixed before this runs. the containment is exact in real arithmetic and fails by rounding in doubles, one point of 1565 measured, r-11, so a nonzero violation count is arithmetic and never a result about phi. it stands on s-11; if the supervisors refute the criterion this pair is reported like the other and no result moves",1.0,1.0,1.0,0.0
ibk1,ls,cw,check,coverage_b_in_a,5,20000,100,100,1.4142135623730951,28.284271247461902,,"measured on nsga2's own output, where phi drives the search as well as the ordering, so this is a question about how the solver behaves under each order and never a pair number of the study; delta is 0.05 of the box diameter, the box_scale column; containment_violations is the largest count over the seeds; check on r-06 and not a finding: ND_cw sits inside ND_ls exactly and for every problem, docs/a_close_containment.md, so coverage of cw in ls and one direction of the overlap are fixed before this runs. the containment is exact in real arithmetic and fails by rounding in doubles, one point of 1565 measured, r-11, so a nonzero violation count is arithmetic and never a result about phi. it stands on s-11; if the supervisors refute the criterion this pair is reported like the other and no result moves",1.0,1.0,1.0,0.0
ibk1,ls,cw,check,cross_a_under_b,5,5000,100,100,1.4142135623730951,28.284271247461902,,"measured on nsga2's own output, where phi drives the search as well as the ordering, so this is a question about how the solver behaves under each order and never a pair number of the study; delta is 0.05 of the box diameter, the box_scale column; containment_violations is the largest count over the seeds; check on r-06 and not a finding: ND_cw sits inside ND_ls exactly and for every problem, docs/a_close_containment.md, so coverage of cw in ls and one direction of the overlap are fixed before this runs. the containment is exact in real arithmetic and fails by rounding in doubles, one point of 1565 measured, r-11, so a nonzero violation count is arithmetic and never a result about phi. it stands on s-11; if the supervisors refute the criterion this pair is reported like the other and no result moves",0.92,0.89,0.95,0.05999999999999994
ibk1,ls,cw,check,cross_a_under_b,5,20000,100,100,1.4142135623730951,28.284271247461902,,"measured on nsga2's own output, where phi drives the search as well as the ordering, so this is a question about how the solver behaves under each order and never a pair number of the study; delta is 0.05 of the box diameter, the box_scale column; containment_violations is the largest count over the seeds; check on r-06 and not a finding: ND_cw sits inside ND_ls exactly and for every problem, docs/a_close_containment.md, so coverage of cw in ls and one direction of the overlap are fixed before this runs. the containment is exact in real arithmetic and fails by rounding in doubles, one point of 1565 measured, r-11, so a nonzero violation count is arithmetic and never a result about phi. it stands on s-11; if the supervisors refute the criterion this pair is reported like the other and no result moves",0.88,0.88,0.91,0.030000000000000027
ibk1,ls,cw,check,cross_b_under_a,5,5000,100,100,1.4142135623730951,28.284271247461902,,"measured on nsga2's own output, where phi drives the search as well as the ordering, so this is a question about how the solver behaves under each order and never a pair number of the study; delta is 0.05 of the box diameter, the box_scale column; containment_violations is the largest count over the seeds; check on r-06 and not a finding: ND_cw sits inside ND_ls exactly and for every problem, docs/a_close_containment.md, so coverage of cw in ls and one direction of the overlap are fixed before this runs. the containment is exact in real arithmetic and fails by rounding in doubles, one point of 1565 measured, r-11, so a nonzero violation count is arithmetic and never a result about phi. it stands on s-11; if the supervisors refute the criterion this pair is reported like the other and no result moves",1.0,1.0,1.0,0.0
ibk1,ls,cw,check,cross_b_under_a,5,20000,100,100,1.4142135623730951,28.284271247461902,,"measured on nsga2's own output, where phi drives the search as well as the ordering, so this is a question about how the solver behaves under each order and never a pair number of the study; delta is 0.05 of the box diameter, the box_scale column; containment_violations is the largest count over the seeds; check on r-06 and not a finding: ND_cw sits inside ND_ls exactly and for every problem, docs/a_close_containment.md, so coverage of cw in ls and one direction of the overlap are fixed before this runs. the containment is exact in real arithmetic and fails by rounding in doubles, one point of 1565 measured, r-11, so a nonzero violation count is arithmetic and never a result about phi. it stands on s-11; if the supervisors refute the criterion this pair is reported like the other and no result moves",1.0,1.0,1.0,0.0
ibk1,ls,cw,check,hausdorff_a_to_b,5,5000,100,100,1.4142135623730951,28.284271247461902,,"measured on nsga2's own output, where phi drives the search as well as the ordering, so this is a question about how the solver behaves under each order and never a pair number of the study; delta is 0.05 of the box diameter, the box_scale column; containment_violations is the largest count over the seeds; check on r-06 and not a finding: ND_cw sits inside ND_ls exactly and for every problem, docs/a_close_containment.md, so coverage of cw in ls and one direction of the overlap are fixed before this runs. the containment is exact in real arithmetic and fails by rounding in doubles, one point of 1565 measured, r-11, so a nonzero violation count is arithmetic and never a result about phi. it stands on s-11; if the supervisors refute the criterion this pair is reported like the other and no result moves",0.7892709434983819,0.6438450610683746,0.8045228057555726,0.16067774468719798
ibk1,ls,cw,check,hausdorff_a_to_b,5,20000,100,100,1.4142135623730951,28.284271247461902,,"measured on nsga2's own output, where phi drives the search as well as the ordering, so this is a question about how the solver behaves under each order and never a pair number of the study; delta is 0.05 of the box diameter, the box_scale column; containment_violations is the largest count over the seeds; check on r-06 and not a finding: ND_cw sits inside ND_ls exactly and for every problem, docs/a_close_containment.md, so coverage of cw in ls and one direction of the overlap are fixed before this runs. the containment is exact in real arithmetic and fails by rounding in doubles, one point of 1565 measured, r-11, so a nonzero violation count is arithmetic and never a result about phi. it stands on s-11; if the supervisors refute the criterion this pair is reported like the other and no result moves",0.7210292659472598,0.6284983298793871,0.741582707083777,0.11308437720438991
ibk1,ls,cw,check,hausdorff_b_to_a,5,5000,100,100,1.4142135623730951,28.284271247461902,,"measured on nsga2's own output, where phi drives the search as well as the ordering, so this is a question about how the solver behaves under each order and never a pair number of the study; delta is 0.05 of the box diameter, the box_scale column; containment_violations is the largest count over the seeds; check on r-06 and not a finding: ND_cw sits inside ND_ls exactly and for every problem, docs/a_close_containment.md, so coverage of cw in ls and one direction of the overlap are fixed before this runs. the containment is exact in real arithmetic and fails by rounding in doubles, one point of 1565 measured, r-11, so a nonzero violation count is arithmetic and never a result about phi. it stands on s-11; if the supervisors refute the criterion this pair is reported like the other and no result moves",0.40884941540512887,0.38269766060577204,0.46284919512359857,0.08015153451782653
ibk1,ls,cw,check,hausdorff_b_to_a,5,20000,100,100,1.4142135623730951,28.284271247461902,,"measured on nsga2's own output, where phi drives the search as well as the ordering, so this is a question about how the solver behaves under each order and never a pair number of the study; delta is 0.05 of the box diameter, the box_scale column; containment_violations is the largest count over the seeds; check on r-06 and not a finding: ND_cw sits inside ND_ls exactly and for every problem, docs/a_close_containment.md, so coverage of cw in ls and one direction of the overlap are fixed before this runs. the containment is exact in real arithmetic and fails by rounding in doubles, one point of 1565 measured, r-11, so a nonzero violation count is arithmetic and never a result about phi. it stands on s-11; if the supervisors refute the criterion this pair is reported like the other and no result moves",0.4798053494710772,0.4576149538832902,0.4943141505033649,0.0366991966200747
ibk1,ls,cw,check,hausdorff_symmetric,5,5000,100,100,1.4142135623730951,28.284271247461902,,"measured on nsga2's own output, where phi drives the search as well as the ordering, so this is a question about how the solver behaves under each order and never a pair number of the study; delta is 0.05 of the box diameter, the box_scale column; containment_violations is the largest count over the seeds; check on r-06 and not a finding: ND_cw sits inside ND_ls exactly and for every problem, docs/a_close_containment.md, so coverage of cw in ls and one direction of the overlap are fixed before this runs. the containment is exact in real arithmetic and fails by rounding in doubles, one point of 1565 measured, r-11, so a nonzero violation count is arithmetic and never a result about phi. it stands on s-11; if the supervisors refute the criterion this pair is reported like the other and no result moves",0.7892709434983819,0.6438450610683746,0.8045228057555726,0.16067774468719798
ibk1,ls,cw,check,hausdorff_symmetric,5,20000,100,100,1.4142135623730951,28.284271247461902,,"measured on nsga2's own output, where phi drives the search as well as the ordering, so this is a question about how the solver behaves under each order and never a pair number of the study; delta is 0.05 of the box diameter, the box_scale column; containment_violations is the largest count over the seeds; check on r-06 and not a finding: ND_cw sits inside ND_ls exactly and for every problem, docs/a_close_containment.md, so coverage of cw in ls and one direction of the overlap are fixed before this runs. the containment is exact in real arithmetic and fails by rounding in doubles, one point of 1565 measured, r-11, so a nonzero violation count is arithmetic and never a result about phi. it stands on s-11; if the supervisors refute the criterion this pair is reported like the other and no result moves",0.7210292659472598,0.6284983298793871,0.741582707083777,0.11308437720438991
ibk1,ls,cw,check,overlap,5,5000,100,100,1.4142135623730951,28.284271247461902,,"measured on nsga2's own output, where phi drives the search as well as the ordering, so this is a question about how the solver behaves under each order and never a pair number of the study; delta is 0.05 of the box diameter, the box_scale column; containment_violations is the largest count over the seeds; check on r-06 and not a finding: ND_cw sits inside ND_ls exactly and for every problem, docs/a_close_containment.md, so coverage of cw in ls and one direction of the overlap are fixed before this runs. the containment is exact in real arithmetic and fails by rounding in doubles, one point of 1565 measured, r-11, so a nonzero violation count is arithmetic and never a result about phi. it stands on s-11; if the supervisors refute the criterion this pair is reported like the other and no result moves",1.0,1.0,1.0,0.0
ibk1,ls,cw,check,overlap,5,20000,100,100,1.4142135623730951,28.284271247461902,,"measured on nsga2's own output, where phi drives the search as well as the ordering, so this is a question about how the solver behaves under each order and never a pair number of the study; delta is 0.05 of the box diameter, the box_scale column; containment_violations is the largest count over the seeds; check on r-06 and not a finding: ND_cw sits inside ND_ls exactly and for every problem, docs/a_close_containment.md, so coverage of cw in ls and one direction of the overlap are fixed before this runs. the containment is exact in real arithmetic and fails by rounding in doubles, one point of 1565 measured, r-11, so a nonzero violation count is arithmetic and never a result about phi. it stands on s-11; if the supervisors refute the criterion this pair is reported like the other and no result moves",1.0,1.0,1.0,0.0
ibk1,lu,cw,finding,coverage_a_in_b,5,5000,100,100,1.4142135623730951,28.284271247461902,,"measured on nsga2's own output, where phi drives the search as well as the ordering, so this is a question about how the solver behaves under each order and never a pair number of the study; delta is 0.05 of the box diameter, the box_scale column; containment_violations is the largest count over the seeds; nested in neither direction, so both directions are measured; this is the pair CONTEXT.md section 10 e3 takes the headline number from. **on I-BK1 this pair nests as well**: f2 section 3.1 derives X_cw strictly inside X_lu from the closed forms, which docs/part1/a_close_containment.md's criterion does not predict in either direction and which f2 section 3.2 records as a finding about this problem. so the headline convention of docs/part1/part1_closing.md section 3.1 does not apply here, there being no non-nested pair at all, and this row is not a measured difference between two orders",1.0,1.0,1.0,0.0
ibk1,lu,cw,finding,coverage_a_in_b,5,20000,100,100,1.4142135623730951,28.284271247461902,,"measured on nsga2's own output, where phi drives the search as well as the ordering, so this is a question about how the solver behaves under each order and never a pair number of the study; delta is 0.05 of the box diameter, the box_scale column; containment_violations is the largest count over the seeds; nested in neither direction, so both directions are measured; this is the pair CONTEXT.md section 10 e3 takes the headline number from. **on I-BK1 this pair nests as well**: f2 section 3.1 derives X_cw strictly inside X_lu from the closed forms, which docs/part1/a_close_containment.md's criterion does not predict in either direction and which f2 section 3.2 records as a finding about this problem. so the headline convention of docs/part1/part1_closing.md section 3.1 does not apply here, there being no non-nested pair at all, and this row is not a measured difference between two orders",1.0,1.0,1.0,0.0
ibk1,lu,cw,finding,coverage_b_in_a,5,5000,100,100,1.4142135623730951,28.284271247461902,,"measured on nsga2's own output, where phi drives the search as well as the ordering, so this is a question about how the solver behaves under each order and never a pair number of the study; delta is 0.05 of the box diameter, the box_scale column; containment_violations is the largest count over the seeds; nested in neither direction, so both directions are measured; this is the pair CONTEXT.md section 10 e3 takes the headline number from. **on I-BK1 this pair nests as well**: f2 section 3.1 derives X_cw strictly inside X_lu from the closed forms, which docs/part1/a_close_containment.md's criterion does not predict in either direction and which f2 section 3.2 records as a finding about this problem. so the headline convention of docs/part1/part1_closing.md section 3.1 does not apply here, there being no non-nested pair at all, and this row is not a measured difference between two orders",1.0,1.0,1.0,0.0
ibk1,lu,cw,finding,coverage_b_in_a,5,20000,100,100,1.4142135623730951,28.284271247461902,,"measured on nsga2's own output, where phi drives the search as well as the ordering, so this is a question about how the solver behaves under each order and never a pair number of the study; delta is 0.05 of the box diameter, the box_scale column; containment_violations is the largest count over the seeds; nested in neither direction, so both directions are measured; this is the pair CONTEXT.md section 10 e3 takes the headline number from. **on I-BK1 this pair nests as well**: f2 section 3.1 derives X_cw strictly inside X_lu from the closed forms, which docs/part1/a_close_containment.md's criterion does not predict in either direction and which f2 section 3.2 records as a finding about this problem. so the headline convention of docs/part1/part1_closing.md section 3.1 does not apply here, there being no non-nested pair at all, and this row is not a measured difference between two orders",1.0,1.0,1.0,0.0
ibk1,lu,cw,finding,cross_a_under_b,5,5000,100,100,1.4142135623730951,28.284271247461902,,"measured on nsga2's own output, where phi drives the search as well as the ordering, so this is a question about how the solver behaves under each order and never a pair number of the study; delta is 0.05 of the box diameter, the box_scale column; containment_violations is the largest count over the seeds; nested in neither direction, so both directions are measured; this is the pair CONTEXT.md section 10 e3 takes the headline number from. **on I-BK1 this pair nests as well**: f2 section 3.1 derives X_cw strictly inside X_lu from the closed forms, which docs/part1/a_close_containment.md's criterion does not predict in either direction and which f2 section 3.2 records as a finding about this problem. so the headline convention of docs/part1/part1_closing.md section 3.1 does not apply here, there being no non-nested pair at all, and this row is not a measured difference between two orders",0.93,0.93,0.94,0.009999999999999898
ibk1,lu,cw,finding,cross_a_under_b,5,20000,100,100,1.4142135623730951,28.284271247461902,,"measured on nsga2's own output, where phi drives the search as well as the ordering, so this is a question about how the solver behaves under each order and never a pair number of the study; delta is 0.05 of the box diameter, the box_scale column; containment_violations is the largest count over the seeds; nested in neither direction, so both directions are measured; this is the pair CONTEXT.md section 10 e3 takes the headline number from. **on I-BK1 this pair nests as well**: f2 section 3.1 derives X_cw strictly inside X_lu from the closed forms, which docs/part1/a_close_containment.md's criterion does not predict in either direction and which f2 section 3.2 records as a finding about this problem. so the headline convention of docs/part1/part1_closing.md section 3.1 does not apply here, there being no non-nested pair at all, and this row is not a measured difference between two orders",0.95,0.93,0.95,0.019999999999999907
ibk1,lu,cw,finding,cross_b_under_a,5,5000,100,100,1.4142135623730951,28.284271247461902,,"measured on nsga2's own output, where phi drives the search as well as the ordering, so this is a question about how the solver behaves under each order and never a pair number of the study; delta is 0.05 of the box diameter, the box_scale column; containment_violations is the largest count over the seeds; nested in neither direction, so both directions are measured; this is the pair CONTEXT.md section 10 e3 takes the headline number from. **on I-BK1 this pair nests as well**: f2 section 3.1 derives X_cw strictly inside X_lu from the closed forms, which docs/part1/a_close_containment.md's criterion does not predict in either direction and which f2 section 3.2 records as a finding about this problem. so the headline convention of docs/part1/part1_closing.md section 3.1 does not apply here, there being no non-nested pair at all, and this row is not a measured difference between two orders",0.98,0.96,0.99,0.030000000000000027
ibk1,lu,cw,finding,cross_b_under_a,5,20000,100,100,1.4142135623730951,28.284271247461902,,"measured on nsga2's own output, where phi drives the search as well as the ordering, so this is a question about how the solver behaves under each order and never a pair number of the study; delta is 0.05 of the box diameter, the box_scale column; containment_violations is the largest count over the seeds; nested in neither direction, so both directions are measured; this is the pair CONTEXT.md section 10 e3 takes the headline number from. **on I-BK1 this pair nests as well**: f2 section 3.1 derives X_cw strictly inside X_lu from the closed forms, which docs/part1/a_close_containment.md's criterion does not predict in either direction and which f2 section 3.2 records as a finding about this problem. so the headline convention of docs/part1/part1_closing.md section 3.1 does not apply here, there being no non-nested pair at all, and this row is not a measured difference between two orders",0.97,0.96,0.99,0.030000000000000027
ibk1,lu,cw,finding,hausdorff_a_to_b,5,5000,100,100,1.4142135623730951,28.284271247461902,,"measured on nsga2's own output, where phi drives the search as well as the ordering, so this is a question about how the solver behaves under each order and never a pair number of the study; delta is 0.05 of the box diameter, the box_scale column; containment_violations is the largest count over the seeds; nested in neither direction, so both directions are measured; this is the pair CONTEXT.md section 10 e3 takes the headline number from. **on I-BK1 this pair nests as well**: f2 section 3.1 derives X_cw strictly inside X_lu from the closed forms, which docs/part1/a_close_containment.md's criterion does not predict in either direction and which f2 section 3.2 records as a finding about this problem. so the headline convention of docs/part1/part1_closing.md section 3.1 does not apply here, there being no non-nested pair at all, and this row is not a measured difference between two orders",0.5797081975025608,0.5258676131805886,0.653169949156909,0.12730233597632035
ibk1,lu,cw,finding,hausdorff_a_to_b,5,20000,100,100,1.4142135623730951,28.284271247461902,,"measured on nsga2's own output, where phi drives the search as well as the ordering, so this is a question about how the solver behaves under each order and never a pair number of the study; delta is 0.05 of the box diameter, the box_scale column; containment_violations is the largest count over the seeds; nested in neither direction, so both directions are measured; this is the pair CONTEXT.md section 10 e3 takes the headline number from. **on I-BK1 this pair nests as well**: f2 section 3.1 derives X_cw strictly inside X_lu from the closed forms, which docs/part1/a_close_containment.md's criterion does not predict in either direction and which f2 section 3.2 records as a finding about this problem. so the headline convention of docs/part1/part1_closing.md section 3.1 does not apply here, there being no non-nested pair at all, and this row is not a measured difference between two orders",0.5033559017951902,0.4594489341576782,0.5639907135819374,0.10454177942425924
ibk1,lu,cw,finding,hausdorff_b_to_a,5,5000,100,100,1.4142135623730951,28.284271247461902,,"measured on nsga2's own output, where phi drives the search as well as the ordering, so this is a question about how the solver behaves under each order and never a pair number of the study; delta is 0.05 of the box diameter, the box_scale column; containment_violations is the largest count over the seeds; nested in neither direction, so both directions are measured; this is the pair CONTEXT.md section 10 e3 takes the headline number from. **on I-BK1 this pair nests as well**: f2 section 3.1 derives X_cw strictly inside X_lu from the closed forms, which docs/part1/a_close_containment.md's criterion does not predict in either direction and which f2 section 3.2 records as a finding about this problem. so the headline convention of docs/part1/part1_closing.md section 3.1 does not apply here, there being no non-nested pair at all, and this row is not a measured difference between two orders",0.42338034920244155,0.4006325614085203,0.47006834247825885,0.06943578106973852
ibk1,lu,cw,finding,hausdorff_b_to_a,5,20000,100,100,1.4142135623730951,28.284271247461902,,"measured on nsga2's own output, where phi drives the search as well as the ordering, so this is a question about how the solver behaves under each order and never a pair number of the study; delta is 0.05 of the box diameter, the box_scale column; containment_violations is the largest count over the seeds; nested in neither direction, so both directions are measured; this is the pair CONTEXT.md section 10 e3 takes the headline number from. **on I-BK1 this pair nests as well**: f2 section 3.1 derives X_cw strictly inside X_lu from the closed forms, which docs/part1/a_close_containment.md's criterion does not predict in either direction and which f2 section 3.2 records as a finding about this problem. so the headline convention of docs/part1/part1_closing.md section 3.1 does not apply here, there being no non-nested pair at all, and this row is not a measured difference between two orders",0.4220595091013713,0.38146241609463233,0.5517639543335401,0.17030153823890776
ibk1,lu,cw,finding,hausdorff_symmetric,5,5000,100,100,1.4142135623730951,28.284271247461902,,"measured on nsga2's own output, where phi drives the search as well as the ordering, so this is a question about how the solver behaves under each order and never a pair number of the study; delta is 0.05 of the box diameter, the box_scale column; containment_violations is the largest count over the seeds; nested in neither direction, so both directions are measured; this is the pair CONTEXT.md section 10 e3 takes the headline number from. **on I-BK1 this pair nests as well**: f2 section 3.1 derives X_cw strictly inside X_lu from the closed forms, which docs/part1/a_close_containment.md's criterion does not predict in either direction and which f2 section 3.2 records as a finding about this problem. so the headline convention of docs/part1/part1_closing.md section 3.1 does not apply here, there being no non-nested pair at all, and this row is not a measured difference between two orders",0.5797081975025608,0.5258676131805886,0.653169949156909,0.12730233597632035
ibk1,lu,cw,finding,hausdorff_symmetric,5,20000,100,100,1.4142135623730951,28.284271247461902,,"measured on nsga2's own output, where phi drives the search as well as the ordering, so this is a question about how the solver behaves under each order and never a pair number of the study; delta is 0.05 of the box diameter, the box_scale column; containment_violations is the largest count over the seeds; nested in neither direction, so both directions are measured; this is the pair CONTEXT.md section 10 e3 takes the headline number from. **on I-BK1 this pair nests as well**: f2 section 3.1 derives X_cw strictly inside X_lu from the closed forms, which docs/part1/a_close_containment.md's criterion does not predict in either direction and which f2 section 3.2 records as a finding about this problem. so the headline convention of docs/part1/part1_closing.md section 3.1 does not apply here, there being no non-nested pair at all, and this row is not a measured difference between two orders",0.5517639543335401,0.4594489341576782,0.6503709728610646,0.19092203870338642
ibk1,lu,cw,finding,overlap,5,5000,100,100,1.4142135623730951,28.284271247461902,,"measured on nsga2's own output, where phi drives the search as well as the ordering, so this is a question about how the solver behaves under each order and never a pair number of the study; delta is 0.05 of the box diameter, the box_scale column; containment_violations is the largest count over the seeds; nested in neither direction, so both directions are measured; this is the pair CONTEXT.md section 10 e3 takes the headline number from. **on I-BK1 this pair nests as well**: f2 section 3.1 derives X_cw strictly inside X_lu from the closed forms, which docs/part1/a_close_containment.md's criterion does not predict in either direction and which f2 section 3.2 records as a finding about this problem. so the headline convention of docs/part1/part1_closing.md section 3.1 does not apply here, there being no non-nested pair at all, and this row is not a measured difference between two orders",1.0,1.0,1.0,0.0
ibk1,lu,cw,finding,overlap,5,20000,100,100,1.4142135623730951,28.284271247461902,,"measured on nsga2's own output, where phi drives the search as well as the ordering, so this is a question about how the solver behaves under each order and never a pair number of the study; delta is 0.05 of the box diameter, the box_scale column; containment_violations is the largest count over the seeds; nested in neither direction, so both directions are measured; this is the pair CONTEXT.md section 10 e3 takes the headline number from. **on I-BK1 this pair nests as well**: f2 section 3.1 derives X_cw strictly inside X_lu from the closed forms, which docs/part1/a_close_containment.md's criterion does not predict in either direction and which f2 section 3.2 records as a finding about this problem. so the headline convention of docs/part1/part1_closing.md section 3.1 does not apply here, there being no non-nested pair at all, and this row is not a measured difference between two orders",1.0,1.0,1.0,0.0
ibk1,lu,ls,check,coverage_a_in_b,5,5000,100,100,1.4142135623730951,28.284271247461902,,"measured on nsga2's own output, where phi drives the search as well as the ordering, so this is a question about how the solver behaves under each order and never a pair number of the study; delta is 0.05 of the box diameter, the box_scale column; containment_violations is the largest count over the seeds; check on r-06 and not a finding: ND_lu sits inside ND_ls exactly and for every problem, docs/a_close_containment.md, so coverage of lu in ls and one direction of the overlap are fixed before this runs. the containment is exact in real arithmetic and fails by rounding in doubles, one point of 1565 measured, r-11, so a nonzero violation count is arithmetic and never a result about phi. it stands on s-11; if the supervisors refute the criterion this pair is reported like the other and no result moves",1.0,1.0,1.0,0.0
ibk1,lu,ls,check,coverage_a_in_b,5,20000,100,100,1.4142135623730951,28.284271247461902,,"measured on nsga2's own output, where phi drives the search as well as the ordering, so this is a question about how the solver behaves under each order and never a pair number of the study; delta is 0.05 of the box diameter, the box_scale column; containment_violations is the largest count over the seeds; check on r-06 and not a finding: ND_lu sits inside ND_ls exactly and for every problem, docs/a_close_containment.md, so coverage of lu in ls and one direction of the overlap are fixed before this runs. the containment is exact in real arithmetic and fails by rounding in doubles, one point of 1565 measured, r-11, so a nonzero violation count is arithmetic and never a result about phi. it stands on s-11; if the supervisors refute the criterion this pair is reported like the other and no result moves",1.0,1.0,1.0,0.0
ibk1,lu,ls,check,coverage_b_in_a,5,5000,100,100,1.4142135623730951,28.284271247461902,,"measured on nsga2's own output, where phi drives the search as well as the ordering, so this is a question about how the solver behaves under each order and never a pair number of the study; delta is 0.05 of the box diameter, the box_scale column; containment_violations is the largest count over the seeds; check on r-06 and not a finding: ND_lu sits inside ND_ls exactly and for every problem, docs/a_close_containment.md, so coverage of lu in ls and one direction of the overlap are fixed before this runs. the containment is exact in real arithmetic and fails by rounding in doubles, one point of 1565 measured, r-11, so a nonzero violation count is arithmetic and never a result about phi. it stands on s-11; if the supervisors refute the criterion this pair is reported like the other and no result moves",1.0,1.0,1.0,0.0
ibk1,lu,ls,check,coverage_b_in_a,5,20000,100,100,1.4142135623730951,28.284271247461902,,"measured on nsga2's own output, where phi drives the search as well as the ordering, so this is a question about how the solver behaves under each order and never a pair number of the study; delta is 0.05 of the box diameter, the box_scale column; containment_violations is the largest count over the seeds; check on r-06 and not a finding: ND_lu sits inside ND_ls exactly and for every problem, docs/a_close_containment.md, so coverage of lu in ls and one direction of the overlap are fixed before this runs. the containment is exact in real arithmetic and fails by rounding in doubles, one point of 1565 measured, r-11, so a nonzero violation count is arithmetic and never a result about phi. it stands on s-11; if the supervisors refute the criterion this pair is reported like the other and no result moves",1.0,1.0,1.0,0.0
ibk1,lu,ls,check,cross_a_under_b,5,5000,100,100,1.4142135623730951,28.284271247461902,,"measured on nsga2's own output, where phi drives the search as well as the ordering, so this is a question about how the solver behaves under each order and never a pair number of the study; delta is 0.05 of the box diameter, the box_scale column; containment_violations is the largest count over the seeds; check on r-06 and not a finding: ND_lu sits inside ND_ls exactly and for every problem, docs/a_close_containment.md, so coverage of lu in ls and one direction of the overlap are fixed before this runs. the containment is exact in real arithmetic and fails by rounding in doubles, one point of 1565 measured, r-11, so a nonzero violation count is arithmetic and never a result about phi. it stands on s-11; if the supervisors refute the criterion this pair is reported like the other and no result moves",1.0,1.0,1.0,0.0
ibk1,lu,ls,check,cross_a_under_b,5,20000,100,100,1.4142135623730951,28.284271247461902,,"measured on nsga2's own output, where phi drives the search as well as the ordering, so this is a question about how the solver behaves under each order and never a pair number of the study; delta is 0.05 of the box diameter, the box_scale column; containment_violations is the largest count over the seeds; check on r-06 and not a finding: ND_lu sits inside ND_ls exactly and for every problem, docs/a_close_containment.md, so coverage of lu in ls and one direction of the overlap are fixed before this runs. the containment is exact in real arithmetic and fails by rounding in doubles, one point of 1565 measured, r-11, so a nonzero violation count is arithmetic and never a result about phi. it stands on s-11; if the supervisors refute the criterion this pair is reported like the other and no result moves",1.0,1.0,1.0,0.0
ibk1,lu,ls,check,cross_b_under_a,5,5000,100,100,1.4142135623730951,28.284271247461902,,"measured on nsga2's own output, where phi drives the search as well as the ordering, so this is a question about how the solver behaves under each order and never a pair number of the study; delta is 0.05 of the box diameter, the box_scale column; containment_violations is the largest count over the seeds; check on r-06 and not a finding: ND_lu sits inside ND_ls exactly and for every problem, docs/a_close_containment.md, so coverage of lu in ls and one direction of the overlap are fixed before this runs. the containment is exact in real arithmetic and fails by rounding in doubles, one point of 1565 measured, r-11, so a nonzero violation count is arithmetic and never a result about phi. it stands on s-11; if the supervisors refute the criterion this pair is reported like the other and no result moves",0.91,0.91,0.93,0.020000000000000018
ibk1,lu,ls,check,cross_b_under_a,5,20000,100,100,1.4142135623730951,28.284271247461902,,"measured on nsga2's own output, where phi drives the search as well as the ordering, so this is a question about how the solver behaves under each order and never a pair number of the study; delta is 0.05 of the box diameter, the box_scale column; containment_violations is the largest count over the seeds; check on r-06 and not a finding: ND_lu sits inside ND_ls exactly and for every problem, docs/a_close_containment.md, so coverage of lu in ls and one direction of the overlap are fixed before this runs. the containment is exact in real arithmetic and fails by rounding in doubles, one point of 1565 measured, r-11, so a nonzero violation count is arithmetic and never a result about phi. it stands on s-11; if the supervisors refute the criterion this pair is reported like the other and no result moves",0.94,0.94,0.95,0.010000000000000009
ibk1,lu,ls,check,hausdorff_a_to_b,5,5000,100,100,1.4142135623730951,28.284271247461902,,"measured on nsga2's own output, where phi drives the search as well as the ordering, so this is a question about how the solver behaves under each order and never a pair number of the study; delta is 0.05 of the box diameter, the box_scale column; containment_violations is the largest count over the seeds; check on r-06 and not a finding: ND_lu sits inside ND_ls exactly and for every problem, docs/a_close_containment.md, so coverage of lu in ls and one direction of the overlap are fixed before this runs. the containment is exact in real arithmetic and fails by rounding in doubles, one point of 1565 measured, r-11, so a nonzero violation count is arithmetic and never a result about phi. it stands on s-11; if the supervisors refute the criterion this pair is reported like the other and no result moves",0.472257046927412,0.44710823187839216,0.49697156771327194,0.049863335834879785
ibk1,lu,ls,check,hausdorff_a_to_b,5,20000,100,100,1.4142135623730951,28.284271247461902,,"measured on nsga2's own output, where phi drives the search as well as the ordering, so this is a question about how the solver behaves under each order and never a pair number of the study; delta is 0.05 of the box diameter, the box_scale column; containment_violations is the largest count over the seeds; check on r-06 and not a finding: ND_lu sits inside ND_ls exactly and for every problem, docs/a_close_containment.md, so coverage of lu in ls and one direction of the overlap are fixed before this runs. the containment is exact in real arithmetic and fails by rounding in doubles, one point of 1565 measured, r-11, so a nonzero violation count is arithmetic and never a result about phi. it stands on s-11; if the supervisors refute the criterion this pair is reported like the other and no result moves",0.5377942834970184,0.41887698695823417,0.5414366410537773,0.12255965409554315
ibk1,lu,ls,check,hausdorff_b_to_a,5,5000,100,100,1.4142135623730951,28.284271247461902,,"measured on nsga2's own output, where phi drives the search as well as the ordering, so this is a question about how the solver behaves under each order and never a pair number of the study; delta is 0.05 of the box diameter, the box_scale column; containment_violations is the largest count over the seeds; check on r-06 and not a finding: ND_lu sits inside ND_ls exactly and for every problem, docs/a_close_containment.md, so coverage of lu in ls and one direction of the overlap are fixed before this runs. the containment is exact in real arithmetic and fails by rounding in doubles, one point of 1565 measured, r-11, so a nonzero violation count is arithmetic and never a result about phi. it stands on s-11; if the supervisors refute the criterion this pair is reported like the other and no result moves",0.658004843786073,0.5329135575637884,0.6859110898787522,0.1529975323149637
ibk1,lu,ls,check,hausdorff_b_to_a,5,20000,100,100,1.4142135623730951,28.284271247461902,,"measured on nsga2's own output, where phi drives the search as well as the ordering, so this is a question about how the solver behaves under each order and never a pair number of the study; delta is 0.05 of the box diameter, the box_scale column; containment_violations is the largest count over the seeds; check on r-06 and not a finding: ND_lu sits inside ND_ls exactly and for every problem, docs/a_close_containment.md, so coverage of lu in ls and one direction of the overlap are fixed before this runs. the containment is exact in real arithmetic and fails by rounding in doubles, one point of 1565 measured, r-11, so a nonzero violation count is arithmetic and never a result about phi. it stands on s-11; if the supervisors refute the criterion this pair is reported like the other and no result moves",0.6908619896367894,0.6728599603970835,0.8415002396701259,0.16864027927304237
ibk1,lu,ls,check,hausdorff_symmetric,5,5000,100,100,1.4142135623730951,28.284271247461902,,"measured on nsga2's own output, where phi drives the search as well as the ordering, so this is a question about how the solver behaves under each order and never a pair number of the study; delta is 0.05 of the box diameter, the box_scale column; containment_violations is the largest count over the seeds; check on r-06 and not a finding: ND_lu sits inside ND_ls exactly and for every problem, docs/a_close_containment.md, so coverage of lu in ls and one direction of the overlap are fixed before this runs. the containment is exact in real arithmetic and fails by rounding in doubles, one point of 1565 measured, r-11, so a nonzero violation count is arithmetic and never a result about phi. it stands on s-11; if the supervisors refute the criterion this pair is reported like the other and no result moves",0.658004843786073,0.5329135575637884,0.6859110898787522,0.1529975323149637
ibk1,lu,ls,check,hausdorff_symmetric,5,20000,100,100,1.4142135623730951,28.284271247461902,,"measured on nsga2's own output, where phi drives the search as well as the ordering, so this is a question about how the solver behaves under each order and never a pair number of the study; delta is 0.05 of the box diameter, the box_scale column; containment_violations is the largest count over the seeds; check on r-06 and not a finding: ND_lu sits inside ND_ls exactly and for every problem, docs/a_close_containment.md, so coverage of lu in ls and one direction of the overlap are fixed before this runs. the containment is exact in real arithmetic and fails by rounding in doubles, one point of 1565 measured, r-11, so a nonzero violation count is arithmetic and never a result about phi. it stands on s-11; if the supervisors refute the criterion this pair is reported like the other and no result moves",0.6908619896367894,0.6728599603970835,0.8415002396701259,0.16864027927304237
ibk1,lu,ls,check,overlap,5,5000,100,100,1.4142135623730951,28.284271247461902,,"measured on nsga2's own output, where phi drives the search as well as the ordering, so this is a question about how the solver behaves under each order and never a pair number of the study; delta is 0.05 of the box diameter, the box_scale column; containment_violations is the largest count over the seeds; check on r-06 and not a finding: ND_lu sits inside ND_ls exactly and for every problem, docs/a_close_containment.md, so coverage of lu in ls and one direction of the overlap are fixed before this runs. the containment is exact in real arithmetic and fails by rounding in doubles, one point of 1565 measured, r-11, so a nonzero violation count is arithmetic and never a result about phi. it stands on s-11; if the supervisors refute the criterion this pair is reported like the other and no result moves",1.0,1.0,1.0,0.0
ibk1,lu,ls,check,overlap,5,20000,100,100,1.4142135623730951,28.284271247461902,,"measured on nsga2's own output, where phi drives the search as well as the ordering, so this is a question about how the solver behaves under each order and never a pair number of the study; delta is 0.05 of the box diameter, the box_scale column; containment_violations is the largest count over the seeds; check on r-06 and not a finding: ND_lu sits inside ND_ls exactly and for every problem, docs/a_close_containment.md, so coverage of lu in ls and one direction of the overlap are fixed before this runs. the containment is exact in real arithmetic and fails by rounding in doubles, one point of 1565 measured, r-11, so a nonzero violation count is arithmetic and never a result about phi. it stands on s-11; if the supervisors refute the criterion this pair is reported like the other and no result moves",1.0,1.0,1.0,0.0
