problem,solver,phi_a,phi_b,status,metric,eps,n_evals,seed,cardinality_a,cardinality_b,delta,containment_violations,value
zdt1_interval,random_search,lu,ls,check,hausdorff_a_to_b,0.0,5000,11,17,17,0.2738612787525831,0,0.0
zdt1_interval,random_search,lu,ls,check,hausdorff_b_to_a,0.0,5000,11,17,17,0.2738612787525831,0,0.0
zdt1_interval,random_search,lu,ls,check,hausdorff_symmetric,0.0,5000,11,17,17,0.2738612787525831,0,0.0
zdt1_interval,random_search,lu,ls,check,coverage_a_in_b,0.0,5000,11,17,17,0.2738612787525831,0,1.0
zdt1_interval,random_search,lu,ls,check,coverage_b_in_a,0.0,5000,11,17,17,0.2738612787525831,0,1.0
zdt1_interval,random_search,lu,ls,check,overlap,0.0,5000,11,17,17,0.2738612787525831,0,1.0
zdt1_interval,random_search,lu,ls,check,overlap_jaccard,0.0,5000,11,17,17,0.2738612787525831,0,1.0
zdt1_interval,random_search,lu,ls,check,cross_a_under_b,0.0,5000,11,17,17,0.2738612787525831,0,1.0
zdt1_interval,random_search,lu,ls,check,cross_b_under_a,0.0,5000,11,17,17,0.2738612787525831,0,1.0
zdt1_interval,random_search,lu,cw,finding,hausdorff_a_to_b,0.0,5000,11,17,17,0.2738612787525831,,0.0
zdt1_interval,random_search,lu,cw,finding,hausdorff_b_to_a,0.0,5000,11,17,17,0.2738612787525831,,0.0
zdt1_interval,random_search,lu,cw,finding,hausdorff_symmetric,0.0,5000,11,17,17,0.2738612787525831,,0.0
zdt1_interval,random_search,lu,cw,finding,coverage_a_in_b,0.0,5000,11,17,17,0.2738612787525831,,1.0
zdt1_interval,random_search,lu,cw,finding,coverage_b_in_a,0.0,5000,11,17,17,0.2738612787525831,,1.0
zdt1_interval,random_search,lu,cw,finding,overlap,0.0,5000,11,17,17,0.2738612787525831,,1.0
zdt1_interval,random_search,lu,cw,finding,overlap_jaccard,0.0,5000,11,17,17,0.2738612787525831,,1.0
zdt1_interval,random_search,lu,cw,finding,cross_a_under_b,0.0,5000,11,17,17,0.2738612787525831,,1.0
zdt1_interval,random_search,lu,cw,finding,cross_b_under_a,0.0,5000,11,17,17,0.2738612787525831,,1.0
zdt1_interval,random_search,ls,cw,check,hausdorff_a_to_b,0.0,5000,11,17,17,0.2738612787525831,0,0.0
zdt1_interval,random_search,ls,cw,check,hausdorff_b_to_a,0.0,5000,11,17,17,0.2738612787525831,0,0.0
zdt1_interval,random_search,ls,cw,check,hausdorff_symmetric,0.0,5000,11,17,17,0.2738612787525831,0,0.0
zdt1_interval,random_search,ls,cw,check,coverage_a_in_b,0.0,5000,11,17,17,0.2738612787525831,0,1.0
zdt1_interval,random_search,ls,cw,check,coverage_b_in_a,0.0,5000,11,17,17,0.2738612787525831,0,1.0
zdt1_interval,random_search,ls,cw,check,overlap,0.0,5000,11,17,17,0.2738612787525831,0,1.0
zdt1_interval,random_search,ls,cw,check,overlap_jaccard,0.0,5000,11,17,17,0.2738612787525831,0,1.0
zdt1_interval,random_search,ls,cw,check,cross_a_under_b,0.0,5000,11,17,17,0.2738612787525831,0,1.0
zdt1_interval,random_search,ls,cw,check,cross_b_under_a,0.0,5000,11,17,17,0.2738612787525831,0,1.0
zdt1_interval,random_search,lu,ls,check,hausdorff_a_to_b,0.0,5000,12,18,18,0.2738612787525831,0,0.0
zdt1_interval,random_search,lu,ls,check,hausdorff_b_to_a,0.0,5000,12,18,18,0.2738612787525831,0,0.0
zdt1_interval,random_search,lu,ls,check,hausdorff_symmetric,0.0,5000,12,18,18,0.2738612787525831,0,0.0
zdt1_interval,random_search,lu,ls,check,coverage_a_in_b,0.0,5000,12,18,18,0.2738612787525831,0,1.0
zdt1_interval,random_search,lu,ls,check,coverage_b_in_a,0.0,5000,12,18,18,0.2738612787525831,0,1.0
zdt1_interval,random_search,lu,ls,check,overlap,0.0,5000,12,18,18,0.2738612787525831,0,1.0
zdt1_interval,random_search,lu,ls,check,overlap_jaccard,0.0,5000,12,18,18,0.2738612787525831,0,1.0
zdt1_interval,random_search,lu,ls,check,cross_a_under_b,0.0,5000,12,18,18,0.2738612787525831,0,1.0
zdt1_interval,random_search,lu,ls,check,cross_b_under_a,0.0,5000,12,18,18,0.2738612787525831,0,1.0
zdt1_interval,random_search,lu,cw,finding,hausdorff_a_to_b,0.0,5000,12,18,18,0.2738612787525831,,0.0
zdt1_interval,random_search,lu,cw,finding,hausdorff_b_to_a,0.0,5000,12,18,18,0.2738612787525831,,0.0
zdt1_interval,random_search,lu,cw,finding,hausdorff_symmetric,0.0,5000,12,18,18,0.2738612787525831,,0.0
zdt1_interval,random_search,lu,cw,finding,coverage_a_in_b,0.0,5000,12,18,18,0.2738612787525831,,1.0
zdt1_interval,random_search,lu,cw,finding,coverage_b_in_a,0.0,5000,12,18,18,0.2738612787525831,,1.0
zdt1_interval,random_search,lu,cw,finding,overlap,0.0,5000,12,18,18,0.2738612787525831,,1.0
zdt1_interval,random_search,lu,cw,finding,overlap_jaccard,0.0,5000,12,18,18,0.2738612787525831,,1.0
zdt1_interval,random_search,lu,cw,finding,cross_a_under_b,0.0,5000,12,18,18,0.2738612787525831,,1.0
zdt1_interval,random_search,lu,cw,finding,cross_b_under_a,0.0,5000,12,18,18,0.2738612787525831,,1.0
zdt1_interval,random_search,ls,cw,check,hausdorff_a_to_b,0.0,5000,12,18,18,0.2738612787525831,0,0.0
zdt1_interval,random_search,ls,cw,check,hausdorff_b_to_a,0.0,5000,12,18,18,0.2738612787525831,0,0.0
zdt1_interval,random_search,ls,cw,check,hausdorff_symmetric,0.0,5000,12,18,18,0.2738612787525831,0,0.0
zdt1_interval,random_search,ls,cw,check,coverage_a_in_b,0.0,5000,12,18,18,0.2738612787525831,0,1.0
zdt1_interval,random_search,ls,cw,check,coverage_b_in_a,0.0,5000,12,18,18,0.2738612787525831,0,1.0
zdt1_interval,random_search,ls,cw,check,overlap,0.0,5000,12,18,18,0.2738612787525831,0,1.0
zdt1_interval,random_search,ls,cw,check,overlap_jaccard,0.0,5000,12,18,18,0.2738612787525831,0,1.0
zdt1_interval,random_search,ls,cw,check,cross_a_under_b,0.0,5000,12,18,18,0.2738612787525831,0,1.0
zdt1_interval,random_search,ls,cw,check,cross_b_under_a,0.0,5000,12,18,18,0.2738612787525831,0,1.0
zdt1_interval,random_search,lu,ls,check,hausdorff_a_to_b,0.0,5000,13,23,23,0.2738612787525831,0,0.0
zdt1_interval,random_search,lu,ls,check,hausdorff_b_to_a,0.0,5000,13,23,23,0.2738612787525831,0,0.0
zdt1_interval,random_search,lu,ls,check,hausdorff_symmetric,0.0,5000,13,23,23,0.2738612787525831,0,0.0
zdt1_interval,random_search,lu,ls,check,coverage_a_in_b,0.0,5000,13,23,23,0.2738612787525831,0,1.0
zdt1_interval,random_search,lu,ls,check,coverage_b_in_a,0.0,5000,13,23,23,0.2738612787525831,0,1.0
zdt1_interval,random_search,lu,ls,check,overlap,0.0,5000,13,23,23,0.2738612787525831,0,1.0
zdt1_interval,random_search,lu,ls,check,overlap_jaccard,0.0,5000,13,23,23,0.2738612787525831,0,1.0
zdt1_interval,random_search,lu,ls,check,cross_a_under_b,0.0,5000,13,23,23,0.2738612787525831,0,1.0
zdt1_interval,random_search,lu,ls,check,cross_b_under_a,0.0,5000,13,23,23,0.2738612787525831,0,1.0
zdt1_interval,random_search,lu,cw,finding,hausdorff_a_to_b,0.0,5000,13,23,23,0.2738612787525831,,0.0
zdt1_interval,random_search,lu,cw,finding,hausdorff_b_to_a,0.0,5000,13,23,23,0.2738612787525831,,0.0
zdt1_interval,random_search,lu,cw,finding,hausdorff_symmetric,0.0,5000,13,23,23,0.2738612787525831,,0.0
zdt1_interval,random_search,lu,cw,finding,coverage_a_in_b,0.0,5000,13,23,23,0.2738612787525831,,1.0
zdt1_interval,random_search,lu,cw,finding,coverage_b_in_a,0.0,5000,13,23,23,0.2738612787525831,,1.0
zdt1_interval,random_search,lu,cw,finding,overlap,0.0,5000,13,23,23,0.2738612787525831,,1.0
zdt1_interval,random_search,lu,cw,finding,overlap_jaccard,0.0,5000,13,23,23,0.2738612787525831,,1.0
zdt1_interval,random_search,lu,cw,finding,cross_a_under_b,0.0,5000,13,23,23,0.2738612787525831,,1.0
zdt1_interval,random_search,lu,cw,finding,cross_b_under_a,0.0,5000,13,23,23,0.2738612787525831,,1.0
zdt1_interval,random_search,ls,cw,check,hausdorff_a_to_b,0.0,5000,13,23,23,0.2738612787525831,0,0.0
zdt1_interval,random_search,ls,cw,check,hausdorff_b_to_a,0.0,5000,13,23,23,0.2738612787525831,0,0.0
zdt1_interval,random_search,ls,cw,check,hausdorff_symmetric,0.0,5000,13,23,23,0.2738612787525831,0,0.0
zdt1_interval,random_search,ls,cw,check,coverage_a_in_b,0.0,5000,13,23,23,0.2738612787525831,0,1.0
zdt1_interval,random_search,ls,cw,check,coverage_b_in_a,0.0,5000,13,23,23,0.2738612787525831,0,1.0
zdt1_interval,random_search,ls,cw,check,overlap,0.0,5000,13,23,23,0.2738612787525831,0,1.0
zdt1_interval,random_search,ls,cw,check,overlap_jaccard,0.0,5000,13,23,23,0.2738612787525831,0,1.0
zdt1_interval,random_search,ls,cw,check,cross_a_under_b,0.0,5000,13,23,23,0.2738612787525831,0,1.0
zdt1_interval,random_search,ls,cw,check,cross_b_under_a,0.0,5000,13,23,23,0.2738612787525831,0,1.0
zdt1_interval,random_search,lu,ls,check,hausdorff_a_to_b,0.0,5000,14,22,22,0.2738612787525831,0,0.0
zdt1_interval,random_search,lu,ls,check,hausdorff_b_to_a,0.0,5000,14,22,22,0.2738612787525831,0,0.0
zdt1_interval,random_search,lu,ls,check,hausdorff_symmetric,0.0,5000,14,22,22,0.2738612787525831,0,0.0
zdt1_interval,random_search,lu,ls,check,coverage_a_in_b,0.0,5000,14,22,22,0.2738612787525831,0,1.0
zdt1_interval,random_search,lu,ls,check,coverage_b_in_a,0.0,5000,14,22,22,0.2738612787525831,0,1.0
zdt1_interval,random_search,lu,ls,check,overlap,0.0,5000,14,22,22,0.2738612787525831,0,1.0
zdt1_interval,random_search,lu,ls,check,overlap_jaccard,0.0,5000,14,22,22,0.2738612787525831,0,1.0
zdt1_interval,random_search,lu,ls,check,cross_a_under_b,0.0,5000,14,22,22,0.2738612787525831,0,1.0
zdt1_interval,random_search,lu,ls,check,cross_b_under_a,0.0,5000,14,22,22,0.2738612787525831,0,1.0
zdt1_interval,random_search,lu,cw,finding,hausdorff_a_to_b,0.0,5000,14,22,22,0.2738612787525831,,0.0
zdt1_interval,random_search,lu,cw,finding,hausdorff_b_to_a,0.0,5000,14,22,22,0.2738612787525831,,0.0
zdt1_interval,random_search,lu,cw,finding,hausdorff_symmetric,0.0,5000,14,22,22,0.2738612787525831,,0.0
zdt1_interval,random_search,lu,cw,finding,coverage_a_in_b,0.0,5000,14,22,22,0.2738612787525831,,1.0
zdt1_interval,random_search,lu,cw,finding,coverage_b_in_a,0.0,5000,14,22,22,0.2738612787525831,,1.0
zdt1_interval,random_search,lu,cw,finding,overlap,0.0,5000,14,22,22,0.2738612787525831,,1.0
zdt1_interval,random_search,lu,cw,finding,overlap_jaccard,0.0,5000,14,22,22,0.2738612787525831,,1.0
zdt1_interval,random_search,lu,cw,finding,cross_a_under_b,0.0,5000,14,22,22,0.2738612787525831,,1.0
zdt1_interval,random_search,lu,cw,finding,cross_b_under_a,0.0,5000,14,22,22,0.2738612787525831,,1.0
zdt1_interval,random_search,ls,cw,check,hausdorff_a_to_b,0.0,5000,14,22,22,0.2738612787525831,0,0.0
zdt1_interval,random_search,ls,cw,check,hausdorff_b_to_a,0.0,5000,14,22,22,0.2738612787525831,0,0.0
zdt1_interval,random_search,ls,cw,check,hausdorff_symmetric,0.0,5000,14,22,22,0.2738612787525831,0,0.0
zdt1_interval,random_search,ls,cw,check,coverage_a_in_b,0.0,5000,14,22,22,0.2738612787525831,0,1.0
zdt1_interval,random_search,ls,cw,check,coverage_b_in_a,0.0,5000,14,22,22,0.2738612787525831,0,1.0
zdt1_interval,random_search,ls,cw,check,overlap,0.0,5000,14,22,22,0.2738612787525831,0,1.0
zdt1_interval,random_search,ls,cw,check,overlap_jaccard,0.0,5000,14,22,22,0.2738612787525831,0,1.0
zdt1_interval,random_search,ls,cw,check,cross_a_under_b,0.0,5000,14,22,22,0.2738612787525831,0,1.0
zdt1_interval,random_search,ls,cw,check,cross_b_under_a,0.0,5000,14,22,22,0.2738612787525831,0,1.0
zdt1_interval,random_search,lu,ls,check,hausdorff_a_to_b,0.0,5000,15,15,15,0.2738612787525831,0,0.0
zdt1_interval,random_search,lu,ls,check,hausdorff_b_to_a,0.0,5000,15,15,15,0.2738612787525831,0,0.0
zdt1_interval,random_search,lu,ls,check,hausdorff_symmetric,0.0,5000,15,15,15,0.2738612787525831,0,0.0
zdt1_interval,random_search,lu,ls,check,coverage_a_in_b,0.0,5000,15,15,15,0.2738612787525831,0,1.0
zdt1_interval,random_search,lu,ls,check,coverage_b_in_a,0.0,5000,15,15,15,0.2738612787525831,0,1.0
zdt1_interval,random_search,lu,ls,check,overlap,0.0,5000,15,15,15,0.2738612787525831,0,1.0
zdt1_interval,random_search,lu,ls,check,overlap_jaccard,0.0,5000,15,15,15,0.2738612787525831,0,1.0
zdt1_interval,random_search,lu,ls,check,cross_a_under_b,0.0,5000,15,15,15,0.2738612787525831,0,1.0
zdt1_interval,random_search,lu,ls,check,cross_b_under_a,0.0,5000,15,15,15,0.2738612787525831,0,1.0
zdt1_interval,random_search,lu,cw,finding,hausdorff_a_to_b,0.0,5000,15,15,15,0.2738612787525831,,0.0
zdt1_interval,random_search,lu,cw,finding,hausdorff_b_to_a,0.0,5000,15,15,15,0.2738612787525831,,0.0
zdt1_interval,random_search,lu,cw,finding,hausdorff_symmetric,0.0,5000,15,15,15,0.2738612787525831,,0.0
zdt1_interval,random_search,lu,cw,finding,coverage_a_in_b,0.0,5000,15,15,15,0.2738612787525831,,1.0
zdt1_interval,random_search,lu,cw,finding,coverage_b_in_a,0.0,5000,15,15,15,0.2738612787525831,,1.0
zdt1_interval,random_search,lu,cw,finding,overlap,0.0,5000,15,15,15,0.2738612787525831,,1.0
zdt1_interval,random_search,lu,cw,finding,overlap_jaccard,0.0,5000,15,15,15,0.2738612787525831,,1.0
zdt1_interval,random_search,lu,cw,finding,cross_a_under_b,0.0,5000,15,15,15,0.2738612787525831,,1.0
zdt1_interval,random_search,lu,cw,finding,cross_b_under_a,0.0,5000,15,15,15,0.2738612787525831,,1.0
zdt1_interval,random_search,ls,cw,check,hausdorff_a_to_b,0.0,5000,15,15,15,0.2738612787525831,0,0.0
zdt1_interval,random_search,ls,cw,check,hausdorff_b_to_a,0.0,5000,15,15,15,0.2738612787525831,0,0.0
zdt1_interval,random_search,ls,cw,check,hausdorff_symmetric,0.0,5000,15,15,15,0.2738612787525831,0,0.0
zdt1_interval,random_search,ls,cw,check,coverage_a_in_b,0.0,5000,15,15,15,0.2738612787525831,0,1.0
zdt1_interval,random_search,ls,cw,check,coverage_b_in_a,0.0,5000,15,15,15,0.2738612787525831,0,1.0
zdt1_interval,random_search,ls,cw,check,overlap,0.0,5000,15,15,15,0.2738612787525831,0,1.0
zdt1_interval,random_search,ls,cw,check,overlap_jaccard,0.0,5000,15,15,15,0.2738612787525831,0,1.0
zdt1_interval,random_search,ls,cw,check,cross_a_under_b,0.0,5000,15,15,15,0.2738612787525831,0,1.0
zdt1_interval,random_search,ls,cw,check,cross_b_under_a,0.0,5000,15,15,15,0.2738612787525831,0,1.0
zdt1_interval,random_search,lu,ls,check,coverage_a_in_b,0.0,5000,11,17,17,0.0,,1.0
zdt1_interval,random_search,lu,ls,check,coverage_b_in_a,0.0,5000,11,17,17,0.0,,1.0
zdt1_interval,random_search,lu,ls,check,overlap,0.0,5000,11,17,17,0.0,,1.0
zdt1_interval,random_search,lu,ls,check,overlap_jaccard,0.0,5000,11,17,17,0.0,,1.0
zdt1_interval,random_search,lu,cw,finding,coverage_a_in_b,0.0,5000,11,17,17,0.0,,1.0
zdt1_interval,random_search,lu,cw,finding,coverage_b_in_a,0.0,5000,11,17,17,0.0,,1.0
zdt1_interval,random_search,lu,cw,finding,overlap,0.0,5000,11,17,17,0.0,,1.0
zdt1_interval,random_search,lu,cw,finding,overlap_jaccard,0.0,5000,11,17,17,0.0,,1.0
zdt1_interval,random_search,ls,cw,check,coverage_a_in_b,0.0,5000,11,17,17,0.0,,1.0
zdt1_interval,random_search,ls,cw,check,coverage_b_in_a,0.0,5000,11,17,17,0.0,,1.0
zdt1_interval,random_search,ls,cw,check,overlap,0.0,5000,11,17,17,0.0,,1.0
zdt1_interval,random_search,ls,cw,check,overlap_jaccard,0.0,5000,11,17,17,0.0,,1.0
zdt1_interval,random_search,lu,ls,check,coverage_a_in_b,0.0,5000,12,18,18,0.0,,1.0
zdt1_interval,random_search,lu,ls,check,coverage_b_in_a,0.0,5000,12,18,18,0.0,,1.0
zdt1_interval,random_search,lu,ls,check,overlap,0.0,5000,12,18,18,0.0,,1.0
zdt1_interval,random_search,lu,ls,check,overlap_jaccard,0.0,5000,12,18,18,0.0,,1.0
zdt1_interval,random_search,lu,cw,finding,coverage_a_in_b,0.0,5000,12,18,18,0.0,,1.0
zdt1_interval,random_search,lu,cw,finding,coverage_b_in_a,0.0,5000,12,18,18,0.0,,1.0
zdt1_interval,random_search,lu,cw,finding,overlap,0.0,5000,12,18,18,0.0,,1.0
zdt1_interval,random_search,lu,cw,finding,overlap_jaccard,0.0,5000,12,18,18,0.0,,1.0
zdt1_interval,random_search,ls,cw,check,coverage_a_in_b,0.0,5000,12,18,18,0.0,,1.0
zdt1_interval,random_search,ls,cw,check,coverage_b_in_a,0.0,5000,12,18,18,0.0,,1.0
zdt1_interval,random_search,ls,cw,check,overlap,0.0,5000,12,18,18,0.0,,1.0
zdt1_interval,random_search,ls,cw,check,overlap_jaccard,0.0,5000,12,18,18,0.0,,1.0
zdt1_interval,random_search,lu,ls,check,coverage_a_in_b,0.0,5000,13,23,23,0.0,,1.0
zdt1_interval,random_search,lu,ls,check,coverage_b_in_a,0.0,5000,13,23,23,0.0,,1.0
zdt1_interval,random_search,lu,ls,check,overlap,0.0,5000,13,23,23,0.0,,1.0
zdt1_interval,random_search,lu,ls,check,overlap_jaccard,0.0,5000,13,23,23,0.0,,1.0
zdt1_interval,random_search,lu,cw,finding,coverage_a_in_b,0.0,5000,13,23,23,0.0,,1.0
zdt1_interval,random_search,lu,cw,finding,coverage_b_in_a,0.0,5000,13,23,23,0.0,,1.0
zdt1_interval,random_search,lu,cw,finding,overlap,0.0,5000,13,23,23,0.0,,1.0
zdt1_interval,random_search,lu,cw,finding,overlap_jaccard,0.0,5000,13,23,23,0.0,,1.0
zdt1_interval,random_search,ls,cw,check,coverage_a_in_b,0.0,5000,13,23,23,0.0,,1.0
zdt1_interval,random_search,ls,cw,check,coverage_b_in_a,0.0,5000,13,23,23,0.0,,1.0
zdt1_interval,random_search,ls,cw,check,overlap,0.0,5000,13,23,23,0.0,,1.0
zdt1_interval,random_search,ls,cw,check,overlap_jaccard,0.0,5000,13,23,23,0.0,,1.0
zdt1_interval,random_search,lu,ls,check,coverage_a_in_b,0.0,5000,14,22,22,0.0,,1.0
zdt1_interval,random_search,lu,ls,check,coverage_b_in_a,0.0,5000,14,22,22,0.0,,1.0
zdt1_interval,random_search,lu,ls,check,overlap,0.0,5000,14,22,22,0.0,,1.0
zdt1_interval,random_search,lu,ls,check,overlap_jaccard,0.0,5000,14,22,22,0.0,,1.0
zdt1_interval,random_search,lu,cw,finding,coverage_a_in_b,0.0,5000,14,22,22,0.0,,1.0
zdt1_interval,random_search,lu,cw,finding,coverage_b_in_a,0.0,5000,14,22,22,0.0,,1.0
zdt1_interval,random_search,lu,cw,finding,overlap,0.0,5000,14,22,22,0.0,,1.0
zdt1_interval,random_search,lu,cw,finding,overlap_jaccard,0.0,5000,14,22,22,0.0,,1.0
zdt1_interval,random_search,ls,cw,check,coverage_a_in_b,0.0,5000,14,22,22,0.0,,1.0
zdt1_interval,random_search,ls,cw,check,coverage_b_in_a,0.0,5000,14,22,22,0.0,,1.0
zdt1_interval,random_search,ls,cw,check,overlap,0.0,5000,14,22,22,0.0,,1.0
zdt1_interval,random_search,ls,cw,check,overlap_jaccard,0.0,5000,14,22,22,0.0,,1.0
zdt1_interval,random_search,lu,ls,check,coverage_a_in_b,0.0,5000,15,15,15,0.0,,1.0
zdt1_interval,random_search,lu,ls,check,coverage_b_in_a,0.0,5000,15,15,15,0.0,,1.0
zdt1_interval,random_search,lu,ls,check,overlap,0.0,5000,15,15,15,0.0,,1.0
zdt1_interval,random_search,lu,ls,check,overlap_jaccard,0.0,5000,15,15,15,0.0,,1.0
zdt1_interval,random_search,lu,cw,finding,coverage_a_in_b,0.0,5000,15,15,15,0.0,,1.0
zdt1_interval,random_search,lu,cw,finding,coverage_b_in_a,0.0,5000,15,15,15,0.0,,1.0
zdt1_interval,random_search,lu,cw,finding,overlap,0.0,5000,15,15,15,0.0,,1.0
zdt1_interval,random_search,lu,cw,finding,overlap_jaccard,0.0,5000,15,15,15,0.0,,1.0
zdt1_interval,random_search,ls,cw,check,coverage_a_in_b,0.0,5000,15,15,15,0.0,,1.0
zdt1_interval,random_search,ls,cw,check,coverage_b_in_a,0.0,5000,15,15,15,0.0,,1.0
zdt1_interval,random_search,ls,cw,check,overlap,0.0,5000,15,15,15,0.0,,1.0
zdt1_interval,random_search,ls,cw,check,overlap_jaccard,0.0,5000,15,15,15,0.0,,1.0
zdt1_interval,random_search_noise_floor,lu,lu,finding,coverage_a_in_b,0.0,5000,11,17,18,0.2738612787525831,,0.0
zdt1_interval,random_search_noise_floor,lu,lu,finding,coverage_b_in_a,0.0,5000,11,17,18,0.2738612787525831,,0.0
zdt1_interval,random_search_noise_floor,lu,lu,finding,overlap,0.0,5000,11,17,18,0.2738612787525831,,0.0
zdt1_interval,random_search_noise_floor,lu,lu,finding,overlap_jaccard,0.0,5000,11,17,18,0.2738612787525831,,0.0
zdt1_interval,random_search_noise_floor,lu,lu,finding,coverage_a_in_b,0.0,5000,12,18,23,0.2738612787525831,,0.0
zdt1_interval,random_search_noise_floor,lu,lu,finding,coverage_b_in_a,0.0,5000,12,18,23,0.2738612787525831,,0.0
zdt1_interval,random_search_noise_floor,lu,lu,finding,overlap,0.0,5000,12,18,23,0.2738612787525831,,0.0
zdt1_interval,random_search_noise_floor,lu,lu,finding,overlap_jaccard,0.0,5000,12,18,23,0.2738612787525831,,0.0
zdt1_interval,random_search_noise_floor,lu,lu,finding,coverage_a_in_b,0.0,5000,13,23,22,0.2738612787525831,,0.0
zdt1_interval,random_search_noise_floor,lu,lu,finding,coverage_b_in_a,0.0,5000,13,23,22,0.2738612787525831,,0.0
zdt1_interval,random_search_noise_floor,lu,lu,finding,overlap,0.0,5000,13,23,22,0.2738612787525831,,0.0
zdt1_interval,random_search_noise_floor,lu,lu,finding,overlap_jaccard,0.0,5000,13,23,22,0.2738612787525831,,0.0
zdt1_interval,random_search_noise_floor,lu,lu,finding,coverage_a_in_b,0.0,5000,14,22,15,0.2738612787525831,,0.0
zdt1_interval,random_search_noise_floor,lu,lu,finding,coverage_b_in_a,0.0,5000,14,22,15,0.2738612787525831,,0.0
zdt1_interval,random_search_noise_floor,lu,lu,finding,overlap,0.0,5000,14,22,15,0.2738612787525831,,0.0
zdt1_interval,random_search_noise_floor,lu,lu,finding,overlap_jaccard,0.0,5000,14,22,15,0.2738612787525831,,0.0
zdt1_interval,random_search_noise_floor,lu,lu,finding,coverage_a_in_b,0.0,5000,15,15,17,0.2738612787525831,,0.0
zdt1_interval,random_search_noise_floor,lu,lu,finding,coverage_b_in_a,0.0,5000,15,15,17,0.2738612787525831,,0.0
zdt1_interval,random_search_noise_floor,lu,lu,finding,overlap,0.0,5000,15,15,17,0.2738612787525831,,0.0
zdt1_interval,random_search_noise_floor,lu,lu,finding,overlap_jaccard,0.0,5000,15,15,17,0.2738612787525831,,0.0
zdt1_interval,random_search_noise_floor,ls,ls,finding,coverage_a_in_b,0.0,5000,11,17,18,0.2738612787525831,,0.0
zdt1_interval,random_search_noise_floor,ls,ls,finding,coverage_b_in_a,0.0,5000,11,17,18,0.2738612787525831,,0.0
zdt1_interval,random_search_noise_floor,ls,ls,finding,overlap,0.0,5000,11,17,18,0.2738612787525831,,0.0
zdt1_interval,random_search_noise_floor,ls,ls,finding,overlap_jaccard,0.0,5000,11,17,18,0.2738612787525831,,0.0
zdt1_interval,random_search_noise_floor,ls,ls,finding,coverage_a_in_b,0.0,5000,12,18,23,0.2738612787525831,,0.0
zdt1_interval,random_search_noise_floor,ls,ls,finding,coverage_b_in_a,0.0,5000,12,18,23,0.2738612787525831,,0.0
zdt1_interval,random_search_noise_floor,ls,ls,finding,overlap,0.0,5000,12,18,23,0.2738612787525831,,0.0
zdt1_interval,random_search_noise_floor,ls,ls,finding,overlap_jaccard,0.0,5000,12,18,23,0.2738612787525831,,0.0
zdt1_interval,random_search_noise_floor,ls,ls,finding,coverage_a_in_b,0.0,5000,13,23,22,0.2738612787525831,,0.0
zdt1_interval,random_search_noise_floor,ls,ls,finding,coverage_b_in_a,0.0,5000,13,23,22,0.2738612787525831,,0.0
zdt1_interval,random_search_noise_floor,ls,ls,finding,overlap,0.0,5000,13,23,22,0.2738612787525831,,0.0
zdt1_interval,random_search_noise_floor,ls,ls,finding,overlap_jaccard,0.0,5000,13,23,22,0.2738612787525831,,0.0
zdt1_interval,random_search_noise_floor,ls,ls,finding,coverage_a_in_b,0.0,5000,14,22,15,0.2738612787525831,,0.0
zdt1_interval,random_search_noise_floor,ls,ls,finding,coverage_b_in_a,0.0,5000,14,22,15,0.2738612787525831,,0.0
zdt1_interval,random_search_noise_floor,ls,ls,finding,overlap,0.0,5000,14,22,15,0.2738612787525831,,0.0
zdt1_interval,random_search_noise_floor,ls,ls,finding,overlap_jaccard,0.0,5000,14,22,15,0.2738612787525831,,0.0
zdt1_interval,random_search_noise_floor,ls,ls,finding,coverage_a_in_b,0.0,5000,15,15,17,0.2738612787525831,,0.0
zdt1_interval,random_search_noise_floor,ls,ls,finding,coverage_b_in_a,0.0,5000,15,15,17,0.2738612787525831,,0.0
zdt1_interval,random_search_noise_floor,ls,ls,finding,overlap,0.0,5000,15,15,17,0.2738612787525831,,0.0
zdt1_interval,random_search_noise_floor,ls,ls,finding,overlap_jaccard,0.0,5000,15,15,17,0.2738612787525831,,0.0
zdt1_interval,random_search_noise_floor,cw,cw,finding,coverage_a_in_b,0.0,5000,11,17,18,0.2738612787525831,,0.0
zdt1_interval,random_search_noise_floor,cw,cw,finding,coverage_b_in_a,0.0,5000,11,17,18,0.2738612787525831,,0.0
zdt1_interval,random_search_noise_floor,cw,cw,finding,overlap,0.0,5000,11,17,18,0.2738612787525831,,0.0
zdt1_interval,random_search_noise_floor,cw,cw,finding,overlap_jaccard,0.0,5000,11,17,18,0.2738612787525831,,0.0
zdt1_interval,random_search_noise_floor,cw,cw,finding,coverage_a_in_b,0.0,5000,12,18,23,0.2738612787525831,,0.0
zdt1_interval,random_search_noise_floor,cw,cw,finding,coverage_b_in_a,0.0,5000,12,18,23,0.2738612787525831,,0.0
zdt1_interval,random_search_noise_floor,cw,cw,finding,overlap,0.0,5000,12,18,23,0.2738612787525831,,0.0
zdt1_interval,random_search_noise_floor,cw,cw,finding,overlap_jaccard,0.0,5000,12,18,23,0.2738612787525831,,0.0
zdt1_interval,random_search_noise_floor,cw,cw,finding,coverage_a_in_b,0.0,5000,13,23,22,0.2738612787525831,,0.0
zdt1_interval,random_search_noise_floor,cw,cw,finding,coverage_b_in_a,0.0,5000,13,23,22,0.2738612787525831,,0.0
zdt1_interval,random_search_noise_floor,cw,cw,finding,overlap,0.0,5000,13,23,22,0.2738612787525831,,0.0
zdt1_interval,random_search_noise_floor,cw,cw,finding,overlap_jaccard,0.0,5000,13,23,22,0.2738612787525831,,0.0
zdt1_interval,random_search_noise_floor,cw,cw,finding,coverage_a_in_b,0.0,5000,14,22,15,0.2738612787525831,,0.0
zdt1_interval,random_search_noise_floor,cw,cw,finding,coverage_b_in_a,0.0,5000,14,22,15,0.2738612787525831,,0.0
zdt1_interval,random_search_noise_floor,cw,cw,finding,overlap,0.0,5000,14,22,15,0.2738612787525831,,0.0
zdt1_interval,random_search_noise_floor,cw,cw,finding,overlap_jaccard,0.0,5000,14,22,15,0.2738612787525831,,0.0
zdt1_interval,random_search_noise_floor,cw,cw,finding,coverage_a_in_b,0.0,5000,15,15,17,0.2738612787525831,,0.0
zdt1_interval,random_search_noise_floor,cw,cw,finding,coverage_b_in_a,0.0,5000,15,15,17,0.2738612787525831,,0.0
zdt1_interval,random_search_noise_floor,cw,cw,finding,overlap,0.0,5000,15,15,17,0.2738612787525831,,0.0
zdt1_interval,random_search_noise_floor,cw,cw,finding,overlap_jaccard,0.0,5000,15,15,17,0.2738612787525831,,0.0
zdt1_interval,random_search,lu,ls,check,hausdorff_a_to_b,0.05,5000,11,26,304,0.2738612787525831,0,0.0
zdt1_interval,random_search,lu,ls,check,hausdorff_b_to_a,0.05,5000,11,26,304,0.2738612787525831,0,2.133245887787466
zdt1_interval,random_search,lu,ls,check,hausdorff_symmetric,0.05,5000,11,26,304,0.2738612787525831,0,2.133245887787466
zdt1_interval,random_search,lu,ls,check,coverage_a_in_b,0.05,5000,11,26,304,0.2738612787525831,0,1.0
zdt1_interval,random_search,lu,ls,check,coverage_b_in_a,0.05,5000,11,26,304,0.2738612787525831,0,0.08552631578947369
zdt1_interval,random_search,lu,ls,check,overlap,0.05,5000,11,26,304,0.2738612787525831,0,0.15757575757575756
zdt1_interval,random_search,lu,ls,check,overlap_jaccard,0.05,5000,11,26,304,0.2738612787525831,0,0.08552631578947367
zdt1_interval,random_search,lu,ls,check,cross_a_under_b,0.05,5000,11,26,304,0.2738612787525831,0,1.0
zdt1_interval,random_search,lu,ls,check,cross_b_under_a,0.05,5000,11,26,304,0.2738612787525831,0,0.08552631578947369
zdt1_interval,random_search,lu,cw,finding,hausdorff_a_to_b,0.05,5000,11,26,287,0.2738612787525831,,1.7383891361086774
zdt1_interval,random_search,lu,cw,finding,hausdorff_b_to_a,0.05,5000,11,26,287,0.2738612787525831,,2.133245887787466
zdt1_interval,random_search,lu,cw,finding,hausdorff_symmetric,0.05,5000,11,26,287,0.2738612787525831,,2.133245887787466
zdt1_interval,random_search,lu,cw,finding,coverage_a_in_b,0.05,5000,11,26,287,0.2738612787525831,,0.7307692307692307
zdt1_interval,random_search,lu,cw,finding,coverage_b_in_a,0.05,5000,11,26,287,0.2738612787525831,,0.06620209059233449
zdt1_interval,random_search,lu,cw,finding,overlap,0.05,5000,11,26,287,0.2738612787525831,,0.12140575079872204
zdt1_interval,random_search,lu,cw,finding,overlap_jaccard,0.05,5000,11,26,287,0.2738612787525831,,0.06462585034013606
zdt1_interval,random_search,lu,cw,finding,cross_a_under_b,0.05,5000,11,26,287,0.2738612787525831,,0.7307692307692307
zdt1_interval,random_search,lu,cw,finding,cross_b_under_a,0.05,5000,11,26,287,0.2738612787525831,,0.06620209059233449
zdt1_interval,random_search,ls,cw,check,hausdorff_a_to_b,0.05,5000,11,304,287,0.2738612787525831,0,1.8150533424717474
zdt1_interval,random_search,ls,cw,check,hausdorff_b_to_a,0.05,5000,11,304,287,0.2738612787525831,0,0.0
zdt1_interval,random_search,ls,cw,check,hausdorff_symmetric,0.05,5000,11,304,287,0.2738612787525831,0,1.8150533424717474
zdt1_interval,random_search,ls,cw,check,coverage_a_in_b,0.05,5000,11,304,287,0.2738612787525831,0,0.944078947368421
zdt1_interval,random_search,ls,cw,check,coverage_b_in_a,0.05,5000,11,304,287,0.2738612787525831,0,1.0
zdt1_interval,random_search,ls,cw,check,overlap,0.05,5000,11,304,287,0.2738612787525831,0,0.9712351945854484
zdt1_interval,random_search,ls,cw,check,overlap_jaccard,0.05,5000,11,304,287,0.2738612787525831,0,0.9440789473684209
zdt1_interval,random_search,ls,cw,check,cross_a_under_b,0.05,5000,11,304,287,0.2738612787525831,0,0.944078947368421
zdt1_interval,random_search,ls,cw,check,cross_b_under_a,0.05,5000,11,304,287,0.2738612787525831,0,1.0
zdt1_interval,random_search,lu,ls,check,hausdorff_a_to_b,0.05,5000,12,26,270,0.2738612787525831,0,0.0
zdt1_interval,random_search,lu,ls,check,hausdorff_b_to_a,0.05,5000,12,26,270,0.2738612787525831,0,2.198142233325324
zdt1_interval,random_search,lu,ls,check,hausdorff_symmetric,0.05,5000,12,26,270,0.2738612787525831,0,2.198142233325324
zdt1_interval,random_search,lu,ls,check,coverage_a_in_b,0.05,5000,12,26,270,0.2738612787525831,0,1.0
zdt1_interval,random_search,lu,ls,check,coverage_b_in_a,0.05,5000,12,26,270,0.2738612787525831,0,0.0962962962962963
zdt1_interval,random_search,lu,ls,check,overlap,0.05,5000,12,26,270,0.2738612787525831,0,0.17567567567567569
zdt1_interval,random_search,lu,ls,check,overlap_jaccard,0.05,5000,12,26,270,0.2738612787525831,0,0.0962962962962963
zdt1_interval,random_search,lu,ls,check,cross_a_under_b,0.05,5000,12,26,270,0.2738612787525831,0,1.0
zdt1_interval,random_search,lu,ls,check,cross_b_under_a,0.05,5000,12,26,270,0.2738612787525831,0,0.0962962962962963
zdt1_interval,random_search,lu,cw,finding,hausdorff_a_to_b,0.05,5000,12,26,250,0.2738612787525831,,1.6459727505660027
zdt1_interval,random_search,lu,cw,finding,hausdorff_b_to_a,0.05,5000,12,26,250,0.2738612787525831,,2.198142233325324
zdt1_interval,random_search,lu,cw,finding,hausdorff_symmetric,0.05,5000,12,26,250,0.2738612787525831,,2.198142233325324
zdt1_interval,random_search,lu,cw,finding,coverage_a_in_b,0.05,5000,12,26,250,0.2738612787525831,,0.8461538461538461
zdt1_interval,random_search,lu,cw,finding,coverage_b_in_a,0.05,5000,12,26,250,0.2738612787525831,,0.088
zdt1_interval,random_search,lu,cw,finding,overlap,0.05,5000,12,26,250,0.2738612787525831,,0.15942028985507245
zdt1_interval,random_search,lu,cw,finding,overlap_jaccard,0.05,5000,12,26,250,0.2738612787525831,,0.08661417322834646
zdt1_interval,random_search,lu,cw,finding,cross_a_under_b,0.05,5000,12,26,250,0.2738612787525831,,0.8846153846153846
zdt1_interval,random_search,lu,cw,finding,cross_b_under_a,0.05,5000,12,26,250,0.2738612787525831,,0.088
zdt1_interval,random_search,ls,cw,check,hausdorff_a_to_b,0.05,5000,12,270,250,0.2738612787525831,0,1.7628290886416558
zdt1_interval,random_search,ls,cw,check,hausdorff_b_to_a,0.05,5000,12,270,250,0.2738612787525831,0,0.0
zdt1_interval,random_search,ls,cw,check,hausdorff_symmetric,0.05,5000,12,270,250,0.2738612787525831,0,1.7628290886416558
zdt1_interval,random_search,ls,cw,check,coverage_a_in_b,0.05,5000,12,270,250,0.2738612787525831,0,0.9259259259259259
zdt1_interval,random_search,ls,cw,check,coverage_b_in_a,0.05,5000,12,270,250,0.2738612787525831,0,1.0
zdt1_interval,random_search,ls,cw,check,overlap,0.05,5000,12,270,250,0.2738612787525831,0,0.9615384615384616
zdt1_interval,random_search,ls,cw,check,overlap_jaccard,0.05,5000,12,270,250,0.2738612787525831,0,0.925925925925926
zdt1_interval,random_search,ls,cw,check,cross_a_under_b,0.05,5000,12,270,250,0.2738612787525831,0,0.9259259259259259
zdt1_interval,random_search,ls,cw,check,cross_b_under_a,0.05,5000,12,270,250,0.2738612787525831,0,1.0
zdt1_interval,random_search,lu,ls,check,hausdorff_a_to_b,0.05,5000,13,34,274,0.2738612787525831,0,0.0
zdt1_interval,random_search,lu,ls,check,hausdorff_b_to_a,0.05,5000,13,34,274,0.2738612787525831,0,2.1182030102617406
zdt1_interval,random_search,lu,ls,check,hausdorff_symmetric,0.05,5000,13,34,274,0.2738612787525831,0,2.1182030102617406
zdt1_interval,random_search,lu,ls,check,coverage_a_in_b,0.05,5000,13,34,274,0.2738612787525831,0,1.0
zdt1_interval,random_search,lu,ls,check,coverage_b_in_a,0.05,5000,13,34,274,0.2738612787525831,0,0.12408759124087591
zdt1_interval,random_search,lu,ls,check,overlap,0.05,5000,13,34,274,0.2738612787525831,0,0.22077922077922077
zdt1_interval,random_search,lu,ls,check,overlap_jaccard,0.05,5000,13,34,274,0.2738612787525831,0,0.1240875912408759
zdt1_interval,random_search,lu,ls,check,cross_a_under_b,0.05,5000,13,34,274,0.2738612787525831,0,1.0
zdt1_interval,random_search,lu,ls,check,cross_b_under_a,0.05,5000,13,34,274,0.2738612787525831,0,0.12408759124087591
zdt1_interval,random_search,lu,cw,finding,hausdorff_a_to_b,0.05,5000,13,34,257,0.2738612787525831,,1.8042079724266795
zdt1_interval,random_search,lu,cw,finding,hausdorff_b_to_a,0.05,5000,13,34,257,0.2738612787525831,,2.1182030102617406
zdt1_interval,random_search,lu,cw,finding,hausdorff_symmetric,0.05,5000,13,34,257,0.2738612787525831,,2.1182030102617406
zdt1_interval,random_search,lu,cw,finding,coverage_a_in_b,0.05,5000,13,34,257,0.2738612787525831,,0.7352941176470589
zdt1_interval,random_search,lu,cw,finding,coverage_b_in_a,0.05,5000,13,34,257,0.2738612787525831,,0.09727626459143969
zdt1_interval,random_search,lu,cw,finding,overlap,0.05,5000,13,34,257,0.2738612787525831,,0.1718213058419244
zdt1_interval,random_search,lu,cw,finding,overlap_jaccard,0.05,5000,13,34,257,0.2738612787525831,,0.09398496240601505
zdt1_interval,random_search,lu,cw,finding,cross_a_under_b,0.05,5000,13,34,257,0.2738612787525831,,0.7352941176470589
zdt1_interval,random_search,lu,cw,finding,cross_b_under_a,0.05,5000,13,34,257,0.2738612787525831,,0.10116731517509728
zdt1_interval,random_search,ls,cw,check,hausdorff_a_to_b,0.05,5000,13,274,257,0.2738612787525831,0,1.8042079724266795
zdt1_interval,random_search,ls,cw,check,hausdorff_b_to_a,0.05,5000,13,274,257,0.2738612787525831,0,0.0
zdt1_interval,random_search,ls,cw,check,hausdorff_symmetric,0.05,5000,13,274,257,0.2738612787525831,0,1.8042079724266795
zdt1_interval,random_search,ls,cw,check,coverage_a_in_b,0.05,5000,13,274,257,0.2738612787525831,0,0.9379562043795621
zdt1_interval,random_search,ls,cw,check,coverage_b_in_a,0.05,5000,13,274,257,0.2738612787525831,0,1.0
zdt1_interval,random_search,ls,cw,check,overlap,0.05,5000,13,274,257,0.2738612787525831,0,0.967984934086629
zdt1_interval,random_search,ls,cw,check,overlap_jaccard,0.05,5000,13,274,257,0.2738612787525831,0,0.937956204379562
zdt1_interval,random_search,ls,cw,check,cross_a_under_b,0.05,5000,13,274,257,0.2738612787525831,0,0.9379562043795621
zdt1_interval,random_search,ls,cw,check,cross_b_under_a,0.05,5000,13,274,257,0.2738612787525831,0,1.0
zdt1_interval,random_search,lu,ls,check,hausdorff_a_to_b,0.05,5000,14,36,269,0.2738612787525831,0,0.0
zdt1_interval,random_search,lu,ls,check,hausdorff_b_to_a,0.05,5000,14,36,269,0.2738612787525831,0,2.0993274222432046
zdt1_interval,random_search,lu,ls,check,hausdorff_symmetric,0.05,5000,14,36,269,0.2738612787525831,0,2.0993274222432046
zdt1_interval,random_search,lu,ls,check,coverage_a_in_b,0.05,5000,14,36,269,0.2738612787525831,0,1.0
zdt1_interval,random_search,lu,ls,check,coverage_b_in_a,0.05,5000,14,36,269,0.2738612787525831,0,0.13382899628252787
zdt1_interval,random_search,lu,ls,check,overlap,0.05,5000,14,36,269,0.2738612787525831,0,0.2360655737704918
zdt1_interval,random_search,lu,ls,check,overlap_jaccard,0.05,5000,14,36,269,0.2738612787525831,0,0.13382899628252787
zdt1_interval,random_search,lu,ls,check,cross_a_under_b,0.05,5000,14,36,269,0.2738612787525831,0,1.0
zdt1_interval,random_search,lu,ls,check,cross_b_under_a,0.05,5000,14,36,269,0.2738612787525831,0,0.13382899628252787
zdt1_interval,random_search,lu,cw,finding,hausdorff_a_to_b,0.05,5000,14,36,253,0.2738612787525831,,1.7324970805312332
zdt1_interval,random_search,lu,cw,finding,hausdorff_b_to_a,0.05,5000,14,36,253,0.2738612787525831,,2.0993274222432046
zdt1_interval,random_search,lu,cw,finding,hausdorff_symmetric,0.05,5000,14,36,253,0.2738612787525831,,2.0993274222432046
zdt1_interval,random_search,lu,cw,finding,coverage_a_in_b,0.05,5000,14,36,253,0.2738612787525831,,0.8888888888888888
zdt1_interval,random_search,lu,cw,finding,coverage_b_in_a,0.05,5000,14,36,253,0.2738612787525831,,0.12648221343873517
zdt1_interval,random_search,lu,cw,finding,overlap,0.05,5000,14,36,253,0.2738612787525831,,0.22145328719723184
zdt1_interval,random_search,lu,cw,finding,overlap_jaccard,0.05,5000,14,36,253,0.2738612787525831,,0.1245136186770428
zdt1_interval,random_search,lu,cw,finding,cross_a_under_b,0.05,5000,14,36,253,0.2738612787525831,,0.8888888888888888
zdt1_interval,random_search,lu,cw,finding,cross_b_under_a,0.05,5000,14,36,253,0.2738612787525831,,0.12648221343873517
zdt1_interval,random_search,ls,cw,check,hausdorff_a_to_b,0.05,5000,14,269,253,0.2738612787525831,0,1.7324970805312332
zdt1_interval,random_search,ls,cw,check,hausdorff_b_to_a,0.05,5000,14,269,253,0.2738612787525831,0,0.0
zdt1_interval,random_search,ls,cw,check,hausdorff_symmetric,0.05,5000,14,269,253,0.2738612787525831,0,1.7324970805312332
zdt1_interval,random_search,ls,cw,check,coverage_a_in_b,0.05,5000,14,269,253,0.2738612787525831,0,0.9405204460966543
zdt1_interval,random_search,ls,cw,check,coverage_b_in_a,0.05,5000,14,269,253,0.2738612787525831,0,1.0
zdt1_interval,random_search,ls,cw,check,overlap,0.05,5000,14,269,253,0.2738612787525831,0,0.9693486590038314
zdt1_interval,random_search,ls,cw,check,overlap_jaccard,0.05,5000,14,269,253,0.2738612787525831,0,0.9405204460966542
zdt1_interval,random_search,ls,cw,check,cross_a_under_b,0.05,5000,14,269,253,0.2738612787525831,0,0.9405204460966543
zdt1_interval,random_search,ls,cw,check,cross_b_under_a,0.05,5000,14,269,253,0.2738612787525831,0,1.0
zdt1_interval,random_search,lu,ls,check,hausdorff_a_to_b,0.05,5000,15,20,285,0.2738612787525831,0,0.0
zdt1_interval,random_search,lu,ls,check,hausdorff_b_to_a,0.05,5000,15,20,285,0.2738612787525831,0,2.1537338995105157
zdt1_interval,random_search,lu,ls,check,hausdorff_symmetric,0.05,5000,15,20,285,0.2738612787525831,0,2.1537338995105157
zdt1_interval,random_search,lu,ls,check,coverage_a_in_b,0.05,5000,15,20,285,0.2738612787525831,0,1.0
zdt1_interval,random_search,lu,ls,check,coverage_b_in_a,0.05,5000,15,20,285,0.2738612787525831,0,0.07017543859649122
zdt1_interval,random_search,lu,ls,check,overlap,0.05,5000,15,20,285,0.2738612787525831,0,0.13114754098360656
zdt1_interval,random_search,lu,ls,check,overlap_jaccard,0.05,5000,15,20,285,0.2738612787525831,0,0.07017543859649122
zdt1_interval,random_search,lu,ls,check,cross_a_under_b,0.05,5000,15,20,285,0.2738612787525831,0,1.0
zdt1_interval,random_search,lu,ls,check,cross_b_under_a,0.05,5000,15,20,285,0.2738612787525831,0,0.07017543859649122
zdt1_interval,random_search,lu,cw,finding,hausdorff_a_to_b,0.05,5000,15,20,271,0.2738612787525831,,1.6409428048718004
zdt1_interval,random_search,lu,cw,finding,hausdorff_b_to_a,0.05,5000,15,20,271,0.2738612787525831,,2.1537338995105157
zdt1_interval,random_search,lu,cw,finding,hausdorff_symmetric,0.05,5000,15,20,271,0.2738612787525831,,2.1537338995105157
zdt1_interval,random_search,lu,cw,finding,coverage_a_in_b,0.05,5000,15,20,271,0.2738612787525831,,0.9
zdt1_interval,random_search,lu,cw,finding,coverage_b_in_a,0.05,5000,15,20,271,0.2738612787525831,,0.06642066420664207
zdt1_interval,random_search,lu,cw,finding,overlap,0.05,5000,15,20,271,0.2738612787525831,,0.12371134020618557
zdt1_interval,random_search,lu,cw,finding,overlap_jaccard,0.05,5000,15,20,271,0.2738612787525831,,0.06593406593406594
zdt1_interval,random_search,lu,cw,finding,cross_a_under_b,0.05,5000,15,20,271,0.2738612787525831,,0.9
zdt1_interval,random_search,lu,cw,finding,cross_b_under_a,0.05,5000,15,20,271,0.2738612787525831,,0.06642066420664207
zdt1_interval,random_search,ls,cw,check,hausdorff_a_to_b,0.05,5000,15,285,271,0.2738612787525831,0,1.6558040539842
zdt1_interval,random_search,ls,cw,check,hausdorff_b_to_a,0.05,5000,15,285,271,0.2738612787525831,0,0.0
zdt1_interval,random_search,ls,cw,check,hausdorff_symmetric,0.05,5000,15,285,271,0.2738612787525831,0,1.6558040539842
zdt1_interval,random_search,ls,cw,check,coverage_a_in_b,0.05,5000,15,285,271,0.2738612787525831,0,0.9508771929824561
zdt1_interval,random_search,ls,cw,check,coverage_b_in_a,0.05,5000,15,285,271,0.2738612787525831,0,1.0
zdt1_interval,random_search,ls,cw,check,overlap,0.05,5000,15,285,271,0.2738612787525831,0,0.9748201438848921
zdt1_interval,random_search,ls,cw,check,overlap_jaccard,0.05,5000,15,285,271,0.2738612787525831,0,0.9508771929824563
zdt1_interval,random_search,ls,cw,check,cross_a_under_b,0.05,5000,15,285,271,0.2738612787525831,0,0.9508771929824561
zdt1_interval,random_search,ls,cw,check,cross_b_under_a,0.05,5000,15,285,271,0.2738612787525831,0,1.0
zdt1_interval,random_search,lu,ls,check,coverage_a_in_b,0.05,5000,11,26,304,0.0,,1.0
zdt1_interval,random_search,lu,ls,check,coverage_b_in_a,0.05,5000,11,26,304,0.0,,0.08552631578947369
zdt1_interval,random_search,lu,ls,check,overlap,0.05,5000,11,26,304,0.0,,0.15757575757575756
zdt1_interval,random_search,lu,ls,check,overlap_jaccard,0.05,5000,11,26,304,0.0,,0.08552631578947367
zdt1_interval,random_search,lu,cw,finding,coverage_a_in_b,0.05,5000,11,26,287,0.0,,0.7307692307692307
zdt1_interval,random_search,lu,cw,finding,coverage_b_in_a,0.05,5000,11,26,287,0.0,,0.06620209059233449
zdt1_interval,random_search,lu,cw,finding,overlap,0.05,5000,11,26,287,0.0,,0.12140575079872204
zdt1_interval,random_search,lu,cw,finding,overlap_jaccard,0.05,5000,11,26,287,0.0,,0.06462585034013606
zdt1_interval,random_search,ls,cw,check,coverage_a_in_b,0.05,5000,11,304,287,0.0,,0.944078947368421
zdt1_interval,random_search,ls,cw,check,coverage_b_in_a,0.05,5000,11,304,287,0.0,,1.0
zdt1_interval,random_search,ls,cw,check,overlap,0.05,5000,11,304,287,0.0,,0.9712351945854484
zdt1_interval,random_search,ls,cw,check,overlap_jaccard,0.05,5000,11,304,287,0.0,,0.9440789473684209
zdt1_interval,random_search,lu,ls,check,coverage_a_in_b,0.05,5000,12,26,270,0.0,,1.0
zdt1_interval,random_search,lu,ls,check,coverage_b_in_a,0.05,5000,12,26,270,0.0,,0.0962962962962963
zdt1_interval,random_search,lu,ls,check,overlap,0.05,5000,12,26,270,0.0,,0.17567567567567569
zdt1_interval,random_search,lu,ls,check,overlap_jaccard,0.05,5000,12,26,270,0.0,,0.0962962962962963
zdt1_interval,random_search,lu,cw,finding,coverage_a_in_b,0.05,5000,12,26,250,0.0,,0.8461538461538461
zdt1_interval,random_search,lu,cw,finding,coverage_b_in_a,0.05,5000,12,26,250,0.0,,0.088
zdt1_interval,random_search,lu,cw,finding,overlap,0.05,5000,12,26,250,0.0,,0.15942028985507245
zdt1_interval,random_search,lu,cw,finding,overlap_jaccard,0.05,5000,12,26,250,0.0,,0.08661417322834646
zdt1_interval,random_search,ls,cw,check,coverage_a_in_b,0.05,5000,12,270,250,0.0,,0.9259259259259259
zdt1_interval,random_search,ls,cw,check,coverage_b_in_a,0.05,5000,12,270,250,0.0,,1.0
zdt1_interval,random_search,ls,cw,check,overlap,0.05,5000,12,270,250,0.0,,0.9615384615384616
zdt1_interval,random_search,ls,cw,check,overlap_jaccard,0.05,5000,12,270,250,0.0,,0.925925925925926
zdt1_interval,random_search,lu,ls,check,coverage_a_in_b,0.05,5000,13,34,274,0.0,,1.0
zdt1_interval,random_search,lu,ls,check,coverage_b_in_a,0.05,5000,13,34,274,0.0,,0.12408759124087591
zdt1_interval,random_search,lu,ls,check,overlap,0.05,5000,13,34,274,0.0,,0.22077922077922077
zdt1_interval,random_search,lu,ls,check,overlap_jaccard,0.05,5000,13,34,274,0.0,,0.1240875912408759
zdt1_interval,random_search,lu,cw,finding,coverage_a_in_b,0.05,5000,13,34,257,0.0,,0.7352941176470589
zdt1_interval,random_search,lu,cw,finding,coverage_b_in_a,0.05,5000,13,34,257,0.0,,0.09727626459143969
zdt1_interval,random_search,lu,cw,finding,overlap,0.05,5000,13,34,257,0.0,,0.1718213058419244
zdt1_interval,random_search,lu,cw,finding,overlap_jaccard,0.05,5000,13,34,257,0.0,,0.09398496240601505
zdt1_interval,random_search,ls,cw,check,coverage_a_in_b,0.05,5000,13,274,257,0.0,,0.9379562043795621
zdt1_interval,random_search,ls,cw,check,coverage_b_in_a,0.05,5000,13,274,257,0.0,,1.0
zdt1_interval,random_search,ls,cw,check,overlap,0.05,5000,13,274,257,0.0,,0.967984934086629
zdt1_interval,random_search,ls,cw,check,overlap_jaccard,0.05,5000,13,274,257,0.0,,0.937956204379562
zdt1_interval,random_search,lu,ls,check,coverage_a_in_b,0.05,5000,14,36,269,0.0,,1.0
zdt1_interval,random_search,lu,ls,check,coverage_b_in_a,0.05,5000,14,36,269,0.0,,0.13382899628252787
zdt1_interval,random_search,lu,ls,check,overlap,0.05,5000,14,36,269,0.0,,0.2360655737704918
zdt1_interval,random_search,lu,ls,check,overlap_jaccard,0.05,5000,14,36,269,0.0,,0.13382899628252787
zdt1_interval,random_search,lu,cw,finding,coverage_a_in_b,0.05,5000,14,36,253,0.0,,0.8888888888888888
zdt1_interval,random_search,lu,cw,finding,coverage_b_in_a,0.05,5000,14,36,253,0.0,,0.12648221343873517
zdt1_interval,random_search,lu,cw,finding,overlap,0.05,5000,14,36,253,0.0,,0.22145328719723184
zdt1_interval,random_search,lu,cw,finding,overlap_jaccard,0.05,5000,14,36,253,0.0,,0.1245136186770428
zdt1_interval,random_search,ls,cw,check,coverage_a_in_b,0.05,5000,14,269,253,0.0,,0.9405204460966543
zdt1_interval,random_search,ls,cw,check,coverage_b_in_a,0.05,5000,14,269,253,0.0,,1.0
zdt1_interval,random_search,ls,cw,check,overlap,0.05,5000,14,269,253,0.0,,0.9693486590038314
zdt1_interval,random_search,ls,cw,check,overlap_jaccard,0.05,5000,14,269,253,0.0,,0.9405204460966542
zdt1_interval,random_search,lu,ls,check,coverage_a_in_b,0.05,5000,15,20,285,0.0,,1.0
zdt1_interval,random_search,lu,ls,check,coverage_b_in_a,0.05,5000,15,20,285,0.0,,0.07017543859649122
zdt1_interval,random_search,lu,ls,check,overlap,0.05,5000,15,20,285,0.0,,0.13114754098360656
zdt1_interval,random_search,lu,ls,check,overlap_jaccard,0.05,5000,15,20,285,0.0,,0.07017543859649122
zdt1_interval,random_search,lu,cw,finding,coverage_a_in_b,0.05,5000,15,20,271,0.0,,0.9
zdt1_interval,random_search,lu,cw,finding,coverage_b_in_a,0.05,5000,15,20,271,0.0,,0.06642066420664207
zdt1_interval,random_search,lu,cw,finding,overlap,0.05,5000,15,20,271,0.0,,0.12371134020618557
zdt1_interval,random_search,lu,cw,finding,overlap_jaccard,0.05,5000,15,20,271,0.0,,0.06593406593406594
zdt1_interval,random_search,ls,cw,check,coverage_a_in_b,0.05,5000,15,285,271,0.0,,0.9508771929824561
zdt1_interval,random_search,ls,cw,check,coverage_b_in_a,0.05,5000,15,285,271,0.0,,1.0
zdt1_interval,random_search,ls,cw,check,overlap,0.05,5000,15,285,271,0.0,,0.9748201438848921
zdt1_interval,random_search,ls,cw,check,overlap_jaccard,0.05,5000,15,285,271,0.0,,0.9508771929824563
zdt1_interval,random_search_noise_floor,lu,lu,finding,coverage_a_in_b,0.05,5000,11,26,26,0.2738612787525831,,0.0
zdt1_interval,random_search_noise_floor,lu,lu,finding,coverage_b_in_a,0.05,5000,11,26,26,0.2738612787525831,,0.0
zdt1_interval,random_search_noise_floor,lu,lu,finding,overlap,0.05,5000,11,26,26,0.2738612787525831,,0.0
zdt1_interval,random_search_noise_floor,lu,lu,finding,overlap_jaccard,0.05,5000,11,26,26,0.2738612787525831,,0.0
zdt1_interval,random_search_noise_floor,lu,lu,finding,coverage_a_in_b,0.05,5000,12,26,34,0.2738612787525831,,0.0
zdt1_interval,random_search_noise_floor,lu,lu,finding,coverage_b_in_a,0.05,5000,12,26,34,0.2738612787525831,,0.0
zdt1_interval,random_search_noise_floor,lu,lu,finding,overlap,0.05,5000,12,26,34,0.2738612787525831,,0.0
zdt1_interval,random_search_noise_floor,lu,lu,finding,overlap_jaccard,0.05,5000,12,26,34,0.2738612787525831,,0.0
zdt1_interval,random_search_noise_floor,lu,lu,finding,coverage_a_in_b,0.05,5000,13,34,36,0.2738612787525831,,0.0
zdt1_interval,random_search_noise_floor,lu,lu,finding,coverage_b_in_a,0.05,5000,13,34,36,0.2738612787525831,,0.0
zdt1_interval,random_search_noise_floor,lu,lu,finding,overlap,0.05,5000,13,34,36,0.2738612787525831,,0.0
zdt1_interval,random_search_noise_floor,lu,lu,finding,overlap_jaccard,0.05,5000,13,34,36,0.2738612787525831,,0.0
zdt1_interval,random_search_noise_floor,lu,lu,finding,coverage_a_in_b,0.05,5000,14,36,20,0.2738612787525831,,0.0
zdt1_interval,random_search_noise_floor,lu,lu,finding,coverage_b_in_a,0.05,5000,14,36,20,0.2738612787525831,,0.0
zdt1_interval,random_search_noise_floor,lu,lu,finding,overlap,0.05,5000,14,36,20,0.2738612787525831,,0.0
zdt1_interval,random_search_noise_floor,lu,lu,finding,overlap_jaccard,0.05,5000,14,36,20,0.2738612787525831,,0.0
zdt1_interval,random_search_noise_floor,lu,lu,finding,coverage_a_in_b,0.05,5000,15,20,26,0.2738612787525831,,0.0
zdt1_interval,random_search_noise_floor,lu,lu,finding,coverage_b_in_a,0.05,5000,15,20,26,0.2738612787525831,,0.0
zdt1_interval,random_search_noise_floor,lu,lu,finding,overlap,0.05,5000,15,20,26,0.2738612787525831,,0.0
zdt1_interval,random_search_noise_floor,lu,lu,finding,overlap_jaccard,0.05,5000,15,20,26,0.2738612787525831,,0.0
zdt1_interval,random_search_noise_floor,ls,ls,finding,coverage_a_in_b,0.05,5000,11,304,270,0.2738612787525831,,0.0
zdt1_interval,random_search_noise_floor,ls,ls,finding,coverage_b_in_a,0.05,5000,11,304,270,0.2738612787525831,,0.0
zdt1_interval,random_search_noise_floor,ls,ls,finding,overlap,0.05,5000,11,304,270,0.2738612787525831,,0.0
zdt1_interval,random_search_noise_floor,ls,ls,finding,overlap_jaccard,0.05,5000,11,304,270,0.2738612787525831,,0.0
zdt1_interval,random_search_noise_floor,ls,ls,finding,coverage_a_in_b,0.05,5000,12,270,274,0.2738612787525831,,0.0
zdt1_interval,random_search_noise_floor,ls,ls,finding,coverage_b_in_a,0.05,5000,12,270,274,0.2738612787525831,,0.0
zdt1_interval,random_search_noise_floor,ls,ls,finding,overlap,0.05,5000,12,270,274,0.2738612787525831,,0.0
zdt1_interval,random_search_noise_floor,ls,ls,finding,overlap_jaccard,0.05,5000,12,270,274,0.2738612787525831,,0.0
zdt1_interval,random_search_noise_floor,ls,ls,finding,coverage_a_in_b,0.05,5000,13,274,269,0.2738612787525831,,0.0
zdt1_interval,random_search_noise_floor,ls,ls,finding,coverage_b_in_a,0.05,5000,13,274,269,0.2738612787525831,,0.0
zdt1_interval,random_search_noise_floor,ls,ls,finding,overlap,0.05,5000,13,274,269,0.2738612787525831,,0.0
zdt1_interval,random_search_noise_floor,ls,ls,finding,overlap_jaccard,0.05,5000,13,274,269,0.2738612787525831,,0.0
zdt1_interval,random_search_noise_floor,ls,ls,finding,coverage_a_in_b,0.05,5000,14,269,285,0.2738612787525831,,0.0
zdt1_interval,random_search_noise_floor,ls,ls,finding,coverage_b_in_a,0.05,5000,14,269,285,0.2738612787525831,,0.0
zdt1_interval,random_search_noise_floor,ls,ls,finding,overlap,0.05,5000,14,269,285,0.2738612787525831,,0.0
zdt1_interval,random_search_noise_floor,ls,ls,finding,overlap_jaccard,0.05,5000,14,269,285,0.2738612787525831,,0.0
zdt1_interval,random_search_noise_floor,ls,ls,finding,coverage_a_in_b,0.05,5000,15,285,304,0.2738612787525831,,0.0
zdt1_interval,random_search_noise_floor,ls,ls,finding,coverage_b_in_a,0.05,5000,15,285,304,0.2738612787525831,,0.0
zdt1_interval,random_search_noise_floor,ls,ls,finding,overlap,0.05,5000,15,285,304,0.2738612787525831,,0.0
zdt1_interval,random_search_noise_floor,ls,ls,finding,overlap_jaccard,0.05,5000,15,285,304,0.2738612787525831,,0.0
zdt1_interval,random_search_noise_floor,cw,cw,finding,coverage_a_in_b,0.05,5000,11,287,250,0.2738612787525831,,0.0
zdt1_interval,random_search_noise_floor,cw,cw,finding,coverage_b_in_a,0.05,5000,11,287,250,0.2738612787525831,,0.0
zdt1_interval,random_search_noise_floor,cw,cw,finding,overlap,0.05,5000,11,287,250,0.2738612787525831,,0.0
zdt1_interval,random_search_noise_floor,cw,cw,finding,overlap_jaccard,0.05,5000,11,287,250,0.2738612787525831,,0.0
zdt1_interval,random_search_noise_floor,cw,cw,finding,coverage_a_in_b,0.05,5000,12,250,257,0.2738612787525831,,0.0
zdt1_interval,random_search_noise_floor,cw,cw,finding,coverage_b_in_a,0.05,5000,12,250,257,0.2738612787525831,,0.0
zdt1_interval,random_search_noise_floor,cw,cw,finding,overlap,0.05,5000,12,250,257,0.2738612787525831,,0.0
zdt1_interval,random_search_noise_floor,cw,cw,finding,overlap_jaccard,0.05,5000,12,250,257,0.2738612787525831,,0.0
zdt1_interval,random_search_noise_floor,cw,cw,finding,coverage_a_in_b,0.05,5000,13,257,253,0.2738612787525831,,0.0
zdt1_interval,random_search_noise_floor,cw,cw,finding,coverage_b_in_a,0.05,5000,13,257,253,0.2738612787525831,,0.0
zdt1_interval,random_search_noise_floor,cw,cw,finding,overlap,0.05,5000,13,257,253,0.2738612787525831,,0.0
zdt1_interval,random_search_noise_floor,cw,cw,finding,overlap_jaccard,0.05,5000,13,257,253,0.2738612787525831,,0.0
zdt1_interval,random_search_noise_floor,cw,cw,finding,coverage_a_in_b,0.05,5000,14,253,271,0.2738612787525831,,0.0
zdt1_interval,random_search_noise_floor,cw,cw,finding,coverage_b_in_a,0.05,5000,14,253,271,0.2738612787525831,,0.0
zdt1_interval,random_search_noise_floor,cw,cw,finding,overlap,0.05,5000,14,253,271,0.2738612787525831,,0.0
zdt1_interval,random_search_noise_floor,cw,cw,finding,overlap_jaccard,0.05,5000,14,253,271,0.2738612787525831,,0.0
zdt1_interval,random_search_noise_floor,cw,cw,finding,coverage_a_in_b,0.05,5000,15,271,287,0.2738612787525831,,0.0
zdt1_interval,random_search_noise_floor,cw,cw,finding,coverage_b_in_a,0.05,5000,15,271,287,0.2738612787525831,,0.0
zdt1_interval,random_search_noise_floor,cw,cw,finding,overlap,0.05,5000,15,271,287,0.2738612787525831,,0.0
zdt1_interval,random_search_noise_floor,cw,cw,finding,overlap_jaccard,0.05,5000,15,271,287,0.2738612787525831,,0.0
zdt1_interval,random_search,lu,ls,check,hausdorff_a_to_b,0.1,5000,11,32,316,0.2738612787525831,0,0.0
zdt1_interval,random_search,lu,ls,check,hausdorff_b_to_a,0.1,5000,11,32,316,0.2738612787525831,0,2.056715394071742
zdt1_interval,random_search,lu,ls,check,hausdorff_symmetric,0.1,5000,11,32,316,0.2738612787525831,0,2.056715394071742
zdt1_interval,random_search,lu,ls,check,coverage_a_in_b,0.1,5000,11,32,316,0.2738612787525831,0,1.0
zdt1_interval,random_search,lu,ls,check,coverage_b_in_a,0.1,5000,11,32,316,0.2738612787525831,0,0.10126582278481013
zdt1_interval,random_search,lu,ls,check,overlap,0.1,5000,11,32,316,0.2738612787525831,0,0.1839080459770115
zdt1_interval,random_search,lu,ls,check,overlap_jaccard,0.1,5000,11,32,316,0.2738612787525831,0,0.10126582278481013
zdt1_interval,random_search,lu,ls,check,cross_a_under_b,0.1,5000,11,32,316,0.2738612787525831,0,1.0
zdt1_interval,random_search,lu,ls,check,cross_b_under_a,0.1,5000,11,32,316,0.2738612787525831,0,0.10126582278481013
zdt1_interval,random_search,lu,cw,finding,hausdorff_a_to_b,0.1,5000,11,32,287,0.2738612787525831,,1.7383891361086774
zdt1_interval,random_search,lu,cw,finding,hausdorff_b_to_a,0.1,5000,11,32,287,0.2738612787525831,,2.056715394071742
zdt1_interval,random_search,lu,cw,finding,hausdorff_symmetric,0.1,5000,11,32,287,0.2738612787525831,,2.056715394071742
zdt1_interval,random_search,lu,cw,finding,coverage_a_in_b,0.1,5000,11,32,287,0.2738612787525831,,0.6875
zdt1_interval,random_search,lu,cw,finding,coverage_b_in_a,0.1,5000,11,32,287,0.2738612787525831,,0.07665505226480836
zdt1_interval,random_search,lu,cw,finding,overlap,0.1,5000,11,32,287,0.2738612787525831,,0.13793103448275862
zdt1_interval,random_search,lu,cw,finding,overlap_jaccard,0.1,5000,11,32,287,0.2738612787525831,,0.07407407407407407
zdt1_interval,random_search,lu,cw,finding,cross_a_under_b,0.1,5000,11,32,287,0.2738612787525831,,0.6875
zdt1_interval,random_search,lu,cw,finding,cross_b_under_a,0.1,5000,11,32,287,0.2738612787525831,,0.07665505226480836
zdt1_interval,random_search,ls,cw,check,hausdorff_a_to_b,0.1,5000,11,316,287,0.2738612787525831,0,1.8150533424717474
zdt1_interval,random_search,ls,cw,check,hausdorff_b_to_a,0.1,5000,11,316,287,0.2738612787525831,0,0.0
zdt1_interval,random_search,ls,cw,check,hausdorff_symmetric,0.1,5000,11,316,287,0.2738612787525831,0,1.8150533424717474
zdt1_interval,random_search,ls,cw,check,coverage_a_in_b,0.1,5000,11,316,287,0.2738612787525831,0,0.9082278481012658
zdt1_interval,random_search,ls,cw,check,coverage_b_in_a,0.1,5000,11,316,287,0.2738612787525831,0,1.0
zdt1_interval,random_search,ls,cw,check,overlap,0.1,5000,11,316,287,0.2738612787525831,0,0.9519071310116086
zdt1_interval,random_search,ls,cw,check,overlap_jaccard,0.1,5000,11,316,287,0.2738612787525831,0,0.9082278481012657
zdt1_interval,random_search,ls,cw,check,cross_a_under_b,0.1,5000,11,316,287,0.2738612787525831,0,0.9082278481012658
zdt1_interval,random_search,ls,cw,check,cross_b_under_a,0.1,5000,11,316,287,0.2738612787525831,0,1.0
zdt1_interval,random_search,lu,ls,check,hausdorff_a_to_b,0.1,5000,12,36,290,0.2738612787525831,0,0.0
zdt1_interval,random_search,lu,ls,check,hausdorff_b_to_a,0.1,5000,12,36,290,0.2738612787525831,0,2.1930437524627746
zdt1_interval,random_search,lu,ls,check,hausdorff_symmetric,0.1,5000,12,36,290,0.2738612787525831,0,2.1930437524627746
zdt1_interval,random_search,lu,ls,check,coverage_a_in_b,0.1,5000,12,36,290,0.2738612787525831,0,1.0
zdt1_interval,random_search,lu,ls,check,coverage_b_in_a,0.1,5000,12,36,290,0.2738612787525831,0,0.12413793103448276
zdt1_interval,random_search,lu,ls,check,overlap,0.1,5000,12,36,290,0.2738612787525831,0,0.22085889570552147
zdt1_interval,random_search,lu,ls,check,overlap_jaccard,0.1,5000,12,36,290,0.2738612787525831,0,0.12413793103448276
zdt1_interval,random_search,lu,ls,check,cross_a_under_b,0.1,5000,12,36,290,0.2738612787525831,0,1.0
zdt1_interval,random_search,lu,ls,check,cross_b_under_a,0.1,5000,12,36,290,0.2738612787525831,0,0.12413793103448276
zdt1_interval,random_search,lu,cw,finding,hausdorff_a_to_b,0.1,5000,12,36,250,0.2738612787525831,,1.6658479972403972
zdt1_interval,random_search,lu,cw,finding,hausdorff_b_to_a,0.1,5000,12,36,250,0.2738612787525831,,2.1930437524627746
zdt1_interval,random_search,lu,cw,finding,hausdorff_symmetric,0.1,5000,12,36,250,0.2738612787525831,,2.1930437524627746
zdt1_interval,random_search,lu,cw,finding,coverage_a_in_b,0.1,5000,12,36,250,0.2738612787525831,,0.7222222222222222
zdt1_interval,random_search,lu,cw,finding,coverage_b_in_a,0.1,5000,12,36,250,0.2738612787525831,,0.104
zdt1_interval,random_search,lu,cw,finding,overlap,0.1,5000,12,36,250,0.2738612787525831,,0.18181818181818182
zdt1_interval,random_search,lu,cw,finding,overlap_jaccard,0.1,5000,12,36,250,0.2738612787525831,,0.1
zdt1_interval,random_search,lu,cw,finding,cross_a_under_b,0.1,5000,12,36,250,0.2738612787525831,,0.75
zdt1_interval,random_search,lu,cw,finding,cross_b_under_a,0.1,5000,12,36,250,0.2738612787525831,,0.104
zdt1_interval,random_search,ls,cw,check,hausdorff_a_to_b,0.1,5000,12,290,250,0.2738612787525831,0,1.7628290886416558
zdt1_interval,random_search,ls,cw,check,hausdorff_b_to_a,0.1,5000,12,290,250,0.2738612787525831,0,0.0
zdt1_interval,random_search,ls,cw,check,hausdorff_symmetric,0.1,5000,12,290,250,0.2738612787525831,0,1.7628290886416558
zdt1_interval,random_search,ls,cw,check,coverage_a_in_b,0.1,5000,12,290,250,0.2738612787525831,0,0.8620689655172413
zdt1_interval,random_search,ls,cw,check,coverage_b_in_a,0.1,5000,12,290,250,0.2738612787525831,0,1.0
zdt1_interval,random_search,ls,cw,check,overlap,0.1,5000,12,290,250,0.2738612787525831,0,0.9259259259259259
zdt1_interval,random_search,ls,cw,check,overlap_jaccard,0.1,5000,12,290,250,0.2738612787525831,0,0.8620689655172414
zdt1_interval,random_search,ls,cw,check,cross_a_under_b,0.1,5000,12,290,250,0.2738612787525831,0,0.8620689655172413
zdt1_interval,random_search,ls,cw,check,cross_b_under_a,0.1,5000,12,290,250,0.2738612787525831,0,1.0
zdt1_interval,random_search,lu,ls,check,hausdorff_a_to_b,0.1,5000,13,43,290,0.2738612787525831,0,0.0
zdt1_interval,random_search,lu,ls,check,hausdorff_b_to_a,0.1,5000,13,43,290,0.2738612787525831,0,2.1182030102617406
zdt1_interval,random_search,lu,ls,check,hausdorff_symmetric,0.1,5000,13,43,290,0.2738612787525831,0,2.1182030102617406
zdt1_interval,random_search,lu,ls,check,coverage_a_in_b,0.1,5000,13,43,290,0.2738612787525831,0,1.0
zdt1_interval,random_search,lu,ls,check,coverage_b_in_a,0.1,5000,13,43,290,0.2738612787525831,0,0.1482758620689655
zdt1_interval,random_search,lu,ls,check,overlap,0.1,5000,13,43,290,0.2738612787525831,0,0.25825825825825827
zdt1_interval,random_search,lu,ls,check,overlap_jaccard,0.1,5000,13,43,290,0.2738612787525831,0,0.1482758620689655
zdt1_interval,random_search,lu,ls,check,cross_a_under_b,0.1,5000,13,43,290,0.2738612787525831,0,1.0
zdt1_interval,random_search,lu,ls,check,cross_b_under_a,0.1,5000,13,43,290,0.2738612787525831,0,0.1482758620689655
zdt1_interval,random_search,lu,cw,finding,hausdorff_a_to_b,0.1,5000,13,43,257,0.2738612787525831,,1.8042079724266795
zdt1_interval,random_search,lu,cw,finding,hausdorff_b_to_a,0.1,5000,13,43,257,0.2738612787525831,,2.1182030102617406
zdt1_interval,random_search,lu,cw,finding,hausdorff_symmetric,0.1,5000,13,43,257,0.2738612787525831,,2.1182030102617406
zdt1_interval,random_search,lu,cw,finding,coverage_a_in_b,0.1,5000,13,43,257,0.2738612787525831,,0.6046511627906976
zdt1_interval,random_search,lu,cw,finding,coverage_b_in_a,0.1,5000,13,43,257,0.2738612787525831,,0.10116731517509728
zdt1_interval,random_search,lu,cw,finding,overlap,0.1,5000,13,43,257,0.2738612787525831,,0.17333333333333334
zdt1_interval,random_search,lu,cw,finding,overlap_jaccard,0.1,5000,13,43,257,0.2738612787525831,,0.09489051094890512
zdt1_interval,random_search,lu,cw,finding,cross_a_under_b,0.1,5000,13,43,257,0.2738612787525831,,0.6046511627906976
zdt1_interval,random_search,lu,cw,finding,cross_b_under_a,0.1,5000,13,43,257,0.2738612787525831,,0.10505836575875487
zdt1_interval,random_search,ls,cw,check,hausdorff_a_to_b,0.1,5000,13,290,257,0.2738612787525831,0,1.8042079724266795
zdt1_interval,random_search,ls,cw,check,hausdorff_b_to_a,0.1,5000,13,290,257,0.2738612787525831,0,0.0
zdt1_interval,random_search,ls,cw,check,hausdorff_symmetric,0.1,5000,13,290,257,0.2738612787525831,0,1.8042079724266795
zdt1_interval,random_search,ls,cw,check,coverage_a_in_b,0.1,5000,13,290,257,0.2738612787525831,0,0.8862068965517241
zdt1_interval,random_search,ls,cw,check,coverage_b_in_a,0.1,5000,13,290,257,0.2738612787525831,0,1.0
zdt1_interval,random_search,ls,cw,check,overlap,0.1,5000,13,290,257,0.2738612787525831,0,0.9396709323583181
zdt1_interval,random_search,ls,cw,check,overlap_jaccard,0.1,5000,13,290,257,0.2738612787525831,0,0.8862068965517241
zdt1_interval,random_search,ls,cw,check,cross_a_under_b,0.1,5000,13,290,257,0.2738612787525831,0,0.8862068965517241
zdt1_interval,random_search,ls,cw,check,cross_b_under_a,0.1,5000,13,290,257,0.2738612787525831,0,1.0
zdt1_interval,random_search,lu,ls,check,hausdorff_a_to_b,0.1,5000,14,43,278,0.2738612787525831,0,0.0
zdt1_interval,random_search,lu,ls,check,hausdorff_b_to_a,0.1,5000,14,43,278,0.2738612787525831,0,2.0829404009234755
zdt1_interval,random_search,lu,ls,check,hausdorff_symmetric,0.1,5000,14,43,278,0.2738612787525831,0,2.0829404009234755
zdt1_interval,random_search,lu,ls,check,coverage_a_in_b,0.1,5000,14,43,278,0.2738612787525831,0,1.0
zdt1_interval,random_search,lu,ls,check,coverage_b_in_a,0.1,5000,14,43,278,0.2738612787525831,0,0.15467625899280577
zdt1_interval,random_search,lu,ls,check,overlap,0.1,5000,14,43,278,0.2738612787525831,0,0.26791277258566976
zdt1_interval,random_search,lu,ls,check,overlap_jaccard,0.1,5000,14,43,278,0.2738612787525831,0,0.15467625899280574
zdt1_interval,random_search,lu,ls,check,cross_a_under_b,0.1,5000,14,43,278,0.2738612787525831,0,1.0
zdt1_interval,random_search,lu,ls,check,cross_b_under_a,0.1,5000,14,43,278,0.2738612787525831,0,0.15467625899280577
zdt1_interval,random_search,lu,cw,finding,hausdorff_a_to_b,0.1,5000,14,43,253,0.2738612787525831,,1.7324970805312332
zdt1_interval,random_search,lu,cw,finding,hausdorff_b_to_a,0.1,5000,14,43,253,0.2738612787525831,,2.0829404009234755
zdt1_interval,random_search,lu,cw,finding,hausdorff_symmetric,0.1,5000,14,43,253,0.2738612787525831,,2.0829404009234755
zdt1_interval,random_search,lu,cw,finding,coverage_a_in_b,0.1,5000,14,43,253,0.2738612787525831,,0.8837209302325582
zdt1_interval,random_search,lu,cw,finding,coverage_b_in_a,0.1,5000,14,43,253,0.2738612787525831,,0.15019762845849802
zdt1_interval,random_search,lu,cw,finding,overlap,0.1,5000,14,43,253,0.2738612787525831,,0.25675675675675674
zdt1_interval,random_search,lu,cw,finding,overlap_jaccard,0.1,5000,14,43,253,0.2738612787525831,,0.14728682170542634
zdt1_interval,random_search,lu,cw,finding,cross_a_under_b,0.1,5000,14,43,253,0.2738612787525831,,0.8837209302325582
zdt1_interval,random_search,lu,cw,finding,cross_b_under_a,0.1,5000,14,43,253,0.2738612787525831,,0.15019762845849802
zdt1_interval,random_search,ls,cw,check,hausdorff_a_to_b,0.1,5000,14,278,253,0.2738612787525831,0,1.8024068434260077
zdt1_interval,random_search,ls,cw,check,hausdorff_b_to_a,0.1,5000,14,278,253,0.2738612787525831,0,0.0
zdt1_interval,random_search,ls,cw,check,hausdorff_symmetric,0.1,5000,14,278,253,0.2738612787525831,0,1.8024068434260077
zdt1_interval,random_search,ls,cw,check,coverage_a_in_b,0.1,5000,14,278,253,0.2738612787525831,0,0.9100719424460432
zdt1_interval,random_search,ls,cw,check,coverage_b_in_a,0.1,5000,14,278,253,0.2738612787525831,0,1.0
zdt1_interval,random_search,ls,cw,check,overlap,0.1,5000,14,278,253,0.2738612787525831,0,0.9529190207156308
zdt1_interval,random_search,ls,cw,check,overlap_jaccard,0.1,5000,14,278,253,0.2738612787525831,0,0.9100719424460431
zdt1_interval,random_search,ls,cw,check,cross_a_under_b,0.1,5000,14,278,253,0.2738612787525831,0,0.9100719424460432
zdt1_interval,random_search,ls,cw,check,cross_b_under_a,0.1,5000,14,278,253,0.2738612787525831,0,1.0
zdt1_interval,random_search,lu,ls,check,hausdorff_a_to_b,0.1,5000,15,29,296,0.2738612787525831,0,0.0
zdt1_interval,random_search,lu,ls,check,hausdorff_b_to_a,0.1,5000,15,29,296,0.2738612787525831,0,2.1305910155058285
zdt1_interval,random_search,lu,ls,check,hausdorff_symmetric,0.1,5000,15,29,296,0.2738612787525831,0,2.1305910155058285
zdt1_interval,random_search,lu,ls,check,coverage_a_in_b,0.1,5000,15,29,296,0.2738612787525831,0,1.0
zdt1_interval,random_search,lu,ls,check,coverage_b_in_a,0.1,5000,15,29,296,0.2738612787525831,0,0.09797297297297297
zdt1_interval,random_search,lu,ls,check,overlap,0.1,5000,15,29,296,0.2738612787525831,0,0.17846153846153845
zdt1_interval,random_search,lu,ls,check,overlap_jaccard,0.1,5000,15,29,296,0.2738612787525831,0,0.09797297297297297
zdt1_interval,random_search,lu,ls,check,cross_a_under_b,0.1,5000,15,29,296,0.2738612787525831,0,1.0
zdt1_interval,random_search,lu,ls,check,cross_b_under_a,0.1,5000,15,29,296,0.2738612787525831,0,0.09797297297297297
zdt1_interval,random_search,lu,cw,finding,hausdorff_a_to_b,0.1,5000,15,29,271,0.2738612787525831,,1.6409428048718004
zdt1_interval,random_search,lu,cw,finding,hausdorff_b_to_a,0.1,5000,15,29,271,0.2738612787525831,,2.1305910155058285
zdt1_interval,random_search,lu,cw,finding,hausdorff_symmetric,0.1,5000,15,29,271,0.2738612787525831,,2.1305910155058285
zdt1_interval,random_search,lu,cw,finding,coverage_a_in_b,0.1,5000,15,29,271,0.2738612787525831,,0.8275862068965517
zdt1_interval,random_search,lu,cw,finding,coverage_b_in_a,0.1,5000,15,29,271,0.2738612787525831,,0.08856088560885608
zdt1_interval,random_search,lu,cw,finding,overlap,0.1,5000,15,29,271,0.2738612787525831,,0.16
zdt1_interval,random_search,lu,cw,finding,overlap_jaccard,0.1,5000,15,29,271,0.2738612787525831,,0.08695652173913043
zdt1_interval,random_search,lu,cw,finding,cross_a_under_b,0.1,5000,15,29,271,0.2738612787525831,,0.8275862068965517
zdt1_interval,random_search,lu,cw,finding,cross_b_under_a,0.1,5000,15,29,271,0.2738612787525831,,0.08856088560885608
zdt1_interval,random_search,ls,cw,check,hausdorff_a_to_b,0.1,5000,15,296,271,0.2738612787525831,0,1.723828417138103
zdt1_interval,random_search,ls,cw,check,hausdorff_b_to_a,0.1,5000,15,296,271,0.2738612787525831,0,0.0
zdt1_interval,random_search,ls,cw,check,hausdorff_symmetric,0.1,5000,15,296,271,0.2738612787525831,0,1.723828417138103
zdt1_interval,random_search,ls,cw,check,coverage_a_in_b,0.1,5000,15,296,271,0.2738612787525831,0,0.9155405405405406
zdt1_interval,random_search,ls,cw,check,coverage_b_in_a,0.1,5000,15,296,271,0.2738612787525831,0,1.0
zdt1_interval,random_search,ls,cw,check,overlap,0.1,5000,15,296,271,0.2738612787525831,0,0.9559082892416225
zdt1_interval,random_search,ls,cw,check,overlap_jaccard,0.1,5000,15,296,271,0.2738612787525831,0,0.9155405405405406
zdt1_interval,random_search,ls,cw,check,cross_a_under_b,0.1,5000,15,296,271,0.2738612787525831,0,0.9155405405405406
zdt1_interval,random_search,ls,cw,check,cross_b_under_a,0.1,5000,15,296,271,0.2738612787525831,0,1.0
zdt1_interval,random_search,lu,ls,check,coverage_a_in_b,0.1,5000,11,32,316,0.0,,1.0
zdt1_interval,random_search,lu,ls,check,coverage_b_in_a,0.1,5000,11,32,316,0.0,,0.10126582278481013
zdt1_interval,random_search,lu,ls,check,overlap,0.1,5000,11,32,316,0.0,,0.1839080459770115
zdt1_interval,random_search,lu,ls,check,overlap_jaccard,0.1,5000,11,32,316,0.0,,0.10126582278481013
zdt1_interval,random_search,lu,cw,finding,coverage_a_in_b,0.1,5000,11,32,287,0.0,,0.6875
zdt1_interval,random_search,lu,cw,finding,coverage_b_in_a,0.1,5000,11,32,287,0.0,,0.07665505226480836
zdt1_interval,random_search,lu,cw,finding,overlap,0.1,5000,11,32,287,0.0,,0.13793103448275862
zdt1_interval,random_search,lu,cw,finding,overlap_jaccard,0.1,5000,11,32,287,0.0,,0.07407407407407407
zdt1_interval,random_search,ls,cw,check,coverage_a_in_b,0.1,5000,11,316,287,0.0,,0.9082278481012658
zdt1_interval,random_search,ls,cw,check,coverage_b_in_a,0.1,5000,11,316,287,0.0,,1.0
zdt1_interval,random_search,ls,cw,check,overlap,0.1,5000,11,316,287,0.0,,0.9519071310116086
zdt1_interval,random_search,ls,cw,check,overlap_jaccard,0.1,5000,11,316,287,0.0,,0.9082278481012657
zdt1_interval,random_search,lu,ls,check,coverage_a_in_b,0.1,5000,12,36,290,0.0,,1.0
zdt1_interval,random_search,lu,ls,check,coverage_b_in_a,0.1,5000,12,36,290,0.0,,0.12413793103448276
zdt1_interval,random_search,lu,ls,check,overlap,0.1,5000,12,36,290,0.0,,0.22085889570552147
zdt1_interval,random_search,lu,ls,check,overlap_jaccard,0.1,5000,12,36,290,0.0,,0.12413793103448276
zdt1_interval,random_search,lu,cw,finding,coverage_a_in_b,0.1,5000,12,36,250,0.0,,0.7222222222222222
zdt1_interval,random_search,lu,cw,finding,coverage_b_in_a,0.1,5000,12,36,250,0.0,,0.104
zdt1_interval,random_search,lu,cw,finding,overlap,0.1,5000,12,36,250,0.0,,0.18181818181818182
zdt1_interval,random_search,lu,cw,finding,overlap_jaccard,0.1,5000,12,36,250,0.0,,0.1
zdt1_interval,random_search,ls,cw,check,coverage_a_in_b,0.1,5000,12,290,250,0.0,,0.8620689655172413
zdt1_interval,random_search,ls,cw,check,coverage_b_in_a,0.1,5000,12,290,250,0.0,,1.0
zdt1_interval,random_search,ls,cw,check,overlap,0.1,5000,12,290,250,0.0,,0.9259259259259259
zdt1_interval,random_search,ls,cw,check,overlap_jaccard,0.1,5000,12,290,250,0.0,,0.8620689655172414
zdt1_interval,random_search,lu,ls,check,coverage_a_in_b,0.1,5000,13,43,290,0.0,,1.0
zdt1_interval,random_search,lu,ls,check,coverage_b_in_a,0.1,5000,13,43,290,0.0,,0.1482758620689655
zdt1_interval,random_search,lu,ls,check,overlap,0.1,5000,13,43,290,0.0,,0.25825825825825827
zdt1_interval,random_search,lu,ls,check,overlap_jaccard,0.1,5000,13,43,290,0.0,,0.1482758620689655
zdt1_interval,random_search,lu,cw,finding,coverage_a_in_b,0.1,5000,13,43,257,0.0,,0.6046511627906976
zdt1_interval,random_search,lu,cw,finding,coverage_b_in_a,0.1,5000,13,43,257,0.0,,0.10116731517509728
zdt1_interval,random_search,lu,cw,finding,overlap,0.1,5000,13,43,257,0.0,,0.17333333333333334
zdt1_interval,random_search,lu,cw,finding,overlap_jaccard,0.1,5000,13,43,257,0.0,,0.09489051094890512
zdt1_interval,random_search,ls,cw,check,coverage_a_in_b,0.1,5000,13,290,257,0.0,,0.8862068965517241
zdt1_interval,random_search,ls,cw,check,coverage_b_in_a,0.1,5000,13,290,257,0.0,,1.0
zdt1_interval,random_search,ls,cw,check,overlap,0.1,5000,13,290,257,0.0,,0.9396709323583181
zdt1_interval,random_search,ls,cw,check,overlap_jaccard,0.1,5000,13,290,257,0.0,,0.8862068965517241
zdt1_interval,random_search,lu,ls,check,coverage_a_in_b,0.1,5000,14,43,278,0.0,,1.0
zdt1_interval,random_search,lu,ls,check,coverage_b_in_a,0.1,5000,14,43,278,0.0,,0.15467625899280577
zdt1_interval,random_search,lu,ls,check,overlap,0.1,5000,14,43,278,0.0,,0.26791277258566976
zdt1_interval,random_search,lu,ls,check,overlap_jaccard,0.1,5000,14,43,278,0.0,,0.15467625899280574
zdt1_interval,random_search,lu,cw,finding,coverage_a_in_b,0.1,5000,14,43,253,0.0,,0.8837209302325582
zdt1_interval,random_search,lu,cw,finding,coverage_b_in_a,0.1,5000,14,43,253,0.0,,0.15019762845849802
zdt1_interval,random_search,lu,cw,finding,overlap,0.1,5000,14,43,253,0.0,,0.25675675675675674
zdt1_interval,random_search,lu,cw,finding,overlap_jaccard,0.1,5000,14,43,253,0.0,,0.14728682170542634
zdt1_interval,random_search,ls,cw,check,coverage_a_in_b,0.1,5000,14,278,253,0.0,,0.9100719424460432
zdt1_interval,random_search,ls,cw,check,coverage_b_in_a,0.1,5000,14,278,253,0.0,,1.0
zdt1_interval,random_search,ls,cw,check,overlap,0.1,5000,14,278,253,0.0,,0.9529190207156308
zdt1_interval,random_search,ls,cw,check,overlap_jaccard,0.1,5000,14,278,253,0.0,,0.9100719424460431
zdt1_interval,random_search,lu,ls,check,coverage_a_in_b,0.1,5000,15,29,296,0.0,,1.0
zdt1_interval,random_search,lu,ls,check,coverage_b_in_a,0.1,5000,15,29,296,0.0,,0.09797297297297297
zdt1_interval,random_search,lu,ls,check,overlap,0.1,5000,15,29,296,0.0,,0.17846153846153845
zdt1_interval,random_search,lu,ls,check,overlap_jaccard,0.1,5000,15,29,296,0.0,,0.09797297297297297
zdt1_interval,random_search,lu,cw,finding,coverage_a_in_b,0.1,5000,15,29,271,0.0,,0.8275862068965517
zdt1_interval,random_search,lu,cw,finding,coverage_b_in_a,0.1,5000,15,29,271,0.0,,0.08856088560885608
zdt1_interval,random_search,lu,cw,finding,overlap,0.1,5000,15,29,271,0.0,,0.16
zdt1_interval,random_search,lu,cw,finding,overlap_jaccard,0.1,5000,15,29,271,0.0,,0.08695652173913043
zdt1_interval,random_search,ls,cw,check,coverage_a_in_b,0.1,5000,15,296,271,0.0,,0.9155405405405406
zdt1_interval,random_search,ls,cw,check,coverage_b_in_a,0.1,5000,15,296,271,0.0,,1.0
zdt1_interval,random_search,ls,cw,check,overlap,0.1,5000,15,296,271,0.0,,0.9559082892416225
zdt1_interval,random_search,ls,cw,check,overlap_jaccard,0.1,5000,15,296,271,0.0,,0.9155405405405406
zdt1_interval,random_search_noise_floor,lu,lu,finding,coverage_a_in_b,0.1,5000,11,32,36,0.2738612787525831,,0.0
zdt1_interval,random_search_noise_floor,lu,lu,finding,coverage_b_in_a,0.1,5000,11,32,36,0.2738612787525831,,0.0
zdt1_interval,random_search_noise_floor,lu,lu,finding,overlap,0.1,5000,11,32,36,0.2738612787525831,,0.0
zdt1_interval,random_search_noise_floor,lu,lu,finding,overlap_jaccard,0.1,5000,11,32,36,0.2738612787525831,,0.0
zdt1_interval,random_search_noise_floor,lu,lu,finding,coverage_a_in_b,0.1,5000,12,36,43,0.2738612787525831,,0.0
zdt1_interval,random_search_noise_floor,lu,lu,finding,coverage_b_in_a,0.1,5000,12,36,43,0.2738612787525831,,0.0
zdt1_interval,random_search_noise_floor,lu,lu,finding,overlap,0.1,5000,12,36,43,0.2738612787525831,,0.0
zdt1_interval,random_search_noise_floor,lu,lu,finding,overlap_jaccard,0.1,5000,12,36,43,0.2738612787525831,,0.0
zdt1_interval,random_search_noise_floor,lu,lu,finding,coverage_a_in_b,0.1,5000,13,43,43,0.2738612787525831,,0.0
zdt1_interval,random_search_noise_floor,lu,lu,finding,coverage_b_in_a,0.1,5000,13,43,43,0.2738612787525831,,0.0
zdt1_interval,random_search_noise_floor,lu,lu,finding,overlap,0.1,5000,13,43,43,0.2738612787525831,,0.0
zdt1_interval,random_search_noise_floor,lu,lu,finding,overlap_jaccard,0.1,5000,13,43,43,0.2738612787525831,,0.0
zdt1_interval,random_search_noise_floor,lu,lu,finding,coverage_a_in_b,0.1,5000,14,43,29,0.2738612787525831,,0.0
zdt1_interval,random_search_noise_floor,lu,lu,finding,coverage_b_in_a,0.1,5000,14,43,29,0.2738612787525831,,0.0
zdt1_interval,random_search_noise_floor,lu,lu,finding,overlap,0.1,5000,14,43,29,0.2738612787525831,,0.0
zdt1_interval,random_search_noise_floor,lu,lu,finding,overlap_jaccard,0.1,5000,14,43,29,0.2738612787525831,,0.0
zdt1_interval,random_search_noise_floor,lu,lu,finding,coverage_a_in_b,0.1,5000,15,29,32,0.2738612787525831,,0.0
zdt1_interval,random_search_noise_floor,lu,lu,finding,coverage_b_in_a,0.1,5000,15,29,32,0.2738612787525831,,0.0
zdt1_interval,random_search_noise_floor,lu,lu,finding,overlap,0.1,5000,15,29,32,0.2738612787525831,,0.0
zdt1_interval,random_search_noise_floor,lu,lu,finding,overlap_jaccard,0.1,5000,15,29,32,0.2738612787525831,,0.0
zdt1_interval,random_search_noise_floor,ls,ls,finding,coverage_a_in_b,0.1,5000,11,316,290,0.2738612787525831,,0.0
zdt1_interval,random_search_noise_floor,ls,ls,finding,coverage_b_in_a,0.1,5000,11,316,290,0.2738612787525831,,0.0
zdt1_interval,random_search_noise_floor,ls,ls,finding,overlap,0.1,5000,11,316,290,0.2738612787525831,,0.0
zdt1_interval,random_search_noise_floor,ls,ls,finding,overlap_jaccard,0.1,5000,11,316,290,0.2738612787525831,,0.0
zdt1_interval,random_search_noise_floor,ls,ls,finding,coverage_a_in_b,0.1,5000,12,290,290,0.2738612787525831,,0.0
zdt1_interval,random_search_noise_floor,ls,ls,finding,coverage_b_in_a,0.1,5000,12,290,290,0.2738612787525831,,0.0
zdt1_interval,random_search_noise_floor,ls,ls,finding,overlap,0.1,5000,12,290,290,0.2738612787525831,,0.0
zdt1_interval,random_search_noise_floor,ls,ls,finding,overlap_jaccard,0.1,5000,12,290,290,0.2738612787525831,,0.0
zdt1_interval,random_search_noise_floor,ls,ls,finding,coverage_a_in_b,0.1,5000,13,290,278,0.2738612787525831,,0.0
zdt1_interval,random_search_noise_floor,ls,ls,finding,coverage_b_in_a,0.1,5000,13,290,278,0.2738612787525831,,0.0
zdt1_interval,random_search_noise_floor,ls,ls,finding,overlap,0.1,5000,13,290,278,0.2738612787525831,,0.0
zdt1_interval,random_search_noise_floor,ls,ls,finding,overlap_jaccard,0.1,5000,13,290,278,0.2738612787525831,,0.0
zdt1_interval,random_search_noise_floor,ls,ls,finding,coverage_a_in_b,0.1,5000,14,278,296,0.2738612787525831,,0.0
zdt1_interval,random_search_noise_floor,ls,ls,finding,coverage_b_in_a,0.1,5000,14,278,296,0.2738612787525831,,0.0
zdt1_interval,random_search_noise_floor,ls,ls,finding,overlap,0.1,5000,14,278,296,0.2738612787525831,,0.0
zdt1_interval,random_search_noise_floor,ls,ls,finding,overlap_jaccard,0.1,5000,14,278,296,0.2738612787525831,,0.0
zdt1_interval,random_search_noise_floor,ls,ls,finding,coverage_a_in_b,0.1,5000,15,296,316,0.2738612787525831,,0.0
zdt1_interval,random_search_noise_floor,ls,ls,finding,coverage_b_in_a,0.1,5000,15,296,316,0.2738612787525831,,0.0
zdt1_interval,random_search_noise_floor,ls,ls,finding,overlap,0.1,5000,15,296,316,0.2738612787525831,,0.0
zdt1_interval,random_search_noise_floor,ls,ls,finding,overlap_jaccard,0.1,5000,15,296,316,0.2738612787525831,,0.0
zdt1_interval,random_search_noise_floor,cw,cw,finding,coverage_a_in_b,0.1,5000,11,287,250,0.2738612787525831,,0.0
zdt1_interval,random_search_noise_floor,cw,cw,finding,coverage_b_in_a,0.1,5000,11,287,250,0.2738612787525831,,0.0
zdt1_interval,random_search_noise_floor,cw,cw,finding,overlap,0.1,5000,11,287,250,0.2738612787525831,,0.0
zdt1_interval,random_search_noise_floor,cw,cw,finding,overlap_jaccard,0.1,5000,11,287,250,0.2738612787525831,,0.0
zdt1_interval,random_search_noise_floor,cw,cw,finding,coverage_a_in_b,0.1,5000,12,250,257,0.2738612787525831,,0.0
zdt1_interval,random_search_noise_floor,cw,cw,finding,coverage_b_in_a,0.1,5000,12,250,257,0.2738612787525831,,0.0
zdt1_interval,random_search_noise_floor,cw,cw,finding,overlap,0.1,5000,12,250,257,0.2738612787525831,,0.0
zdt1_interval,random_search_noise_floor,cw,cw,finding,overlap_jaccard,0.1,5000,12,250,257,0.2738612787525831,,0.0
zdt1_interval,random_search_noise_floor,cw,cw,finding,coverage_a_in_b,0.1,5000,13,257,253,0.2738612787525831,,0.0
zdt1_interval,random_search_noise_floor,cw,cw,finding,coverage_b_in_a,0.1,5000,13,257,253,0.2738612787525831,,0.0
zdt1_interval,random_search_noise_floor,cw,cw,finding,overlap,0.1,5000,13,257,253,0.2738612787525831,,0.0
zdt1_interval,random_search_noise_floor,cw,cw,finding,overlap_jaccard,0.1,5000,13,257,253,0.2738612787525831,,0.0
zdt1_interval,random_search_noise_floor,cw,cw,finding,coverage_a_in_b,0.1,5000,14,253,271,0.2738612787525831,,0.0
zdt1_interval,random_search_noise_floor,cw,cw,finding,coverage_b_in_a,0.1,5000,14,253,271,0.2738612787525831,,0.0
zdt1_interval,random_search_noise_floor,cw,cw,finding,overlap,0.1,5000,14,253,271,0.2738612787525831,,0.0
zdt1_interval,random_search_noise_floor,cw,cw,finding,overlap_jaccard,0.1,5000,14,253,271,0.2738612787525831,,0.0
zdt1_interval,random_search_noise_floor,cw,cw,finding,coverage_a_in_b,0.1,5000,15,271,287,0.2738612787525831,,0.0
zdt1_interval,random_search_noise_floor,cw,cw,finding,coverage_b_in_a,0.1,5000,15,271,287,0.2738612787525831,,0.0
zdt1_interval,random_search_noise_floor,cw,cw,finding,overlap,0.1,5000,15,271,287,0.2738612787525831,,0.0
zdt1_interval,random_search_noise_floor,cw,cw,finding,overlap_jaccard,0.1,5000,15,271,287,0.2738612787525831,,0.0
zdt1_interval,random_search,lu,ls,check,hausdorff_a_to_b,0.1,20000,11,60,518,0.2738612787525831,0,0.0
zdt1_interval,random_search,lu,ls,check,hausdorff_b_to_a,0.1,20000,11,60,518,0.2738612787525831,0,2.065860683991752
zdt1_interval,random_search,lu,ls,check,hausdorff_symmetric,0.1,20000,11,60,518,0.2738612787525831,0,2.065860683991752
zdt1_interval,random_search,lu,ls,check,coverage_a_in_b,0.1,20000,11,60,518,0.2738612787525831,0,1.0
zdt1_interval,random_search,lu,ls,check,coverage_b_in_a,0.1,20000,11,60,518,0.2738612787525831,0,0.11583011583011583
zdt1_interval,random_search,lu,ls,check,overlap,0.1,20000,11,60,518,0.2738612787525831,0,0.20761245674740483
zdt1_interval,random_search,lu,ls,check,overlap_jaccard,0.1,20000,11,60,518,0.2738612787525831,0,0.11583011583011583
zdt1_interval,random_search,lu,ls,check,cross_a_under_b,0.1,20000,11,60,518,0.2738612787525831,0,1.0
zdt1_interval,random_search,lu,ls,check,cross_b_under_a,0.1,20000,11,60,518,0.2738612787525831,0,0.11583011583011583
zdt1_interval,random_search,lu,cw,finding,hausdorff_a_to_b,0.1,20000,11,60,452,0.2738612787525831,,1.718386032582636
zdt1_interval,random_search,lu,cw,finding,hausdorff_b_to_a,0.1,20000,11,60,452,0.2738612787525831,,2.065860683991752
zdt1_interval,random_search,lu,cw,finding,hausdorff_symmetric,0.1,20000,11,60,452,0.2738612787525831,,2.065860683991752
zdt1_interval,random_search,lu,cw,finding,coverage_a_in_b,0.1,20000,11,60,452,0.2738612787525831,,0.6333333333333333
zdt1_interval,random_search,lu,cw,finding,coverage_b_in_a,0.1,20000,11,60,452,0.2738612787525831,,0.084070796460177
zdt1_interval,random_search,lu,cw,finding,overlap,0.1,20000,11,60,452,0.2738612787525831,,0.1484375
zdt1_interval,random_search,lu,cw,finding,overlap_jaccard,0.1,20000,11,60,452,0.2738612787525831,,0.08016877637130802
zdt1_interval,random_search,lu,cw,finding,cross_a_under_b,0.1,20000,11,60,452,0.2738612787525831,,0.65
zdt1_interval,random_search,lu,cw,finding,cross_b_under_a,0.1,20000,11,60,452,0.2738612787525831,,0.08628318584070796
zdt1_interval,random_search,ls,cw,check,hausdorff_a_to_b,0.1,20000,11,518,452,0.2738612787525831,0,1.7235307075669617
zdt1_interval,random_search,ls,cw,check,hausdorff_b_to_a,0.1,20000,11,518,452,0.2738612787525831,0,0.0
zdt1_interval,random_search,ls,cw,check,hausdorff_symmetric,0.1,20000,11,518,452,0.2738612787525831,0,1.7235307075669617
zdt1_interval,random_search,ls,cw,check,coverage_a_in_b,0.1,20000,11,518,452,0.2738612787525831,0,0.8725868725868726
zdt1_interval,random_search,ls,cw,check,coverage_b_in_a,0.1,20000,11,518,452,0.2738612787525831,0,1.0
zdt1_interval,random_search,ls,cw,check,overlap,0.1,20000,11,518,452,0.2738612787525831,0,0.931958762886598
zdt1_interval,random_search,ls,cw,check,overlap_jaccard,0.1,20000,11,518,452,0.2738612787525831,0,0.8725868725868726
zdt1_interval,random_search,ls,cw,check,cross_a_under_b,0.1,20000,11,518,452,0.2738612787525831,0,0.8725868725868726
zdt1_interval,random_search,ls,cw,check,cross_b_under_a,0.1,20000,11,518,452,0.2738612787525831,0,1.0
zdt1_interval,random_search,lu,ls,check,hausdorff_a_to_b,0.1,20000,12,55,473,0.2738612787525831,0,0.0
zdt1_interval,random_search,lu,ls,check,hausdorff_b_to_a,0.1,20000,12,55,473,0.2738612787525831,0,2.0513282790560505
zdt1_interval,random_search,lu,ls,check,hausdorff_symmetric,0.1,20000,12,55,473,0.2738612787525831,0,2.0513282790560505
zdt1_interval,random_search,lu,ls,check,coverage_a_in_b,0.1,20000,12,55,473,0.2738612787525831,0,1.0
zdt1_interval,random_search,lu,ls,check,coverage_b_in_a,0.1,20000,12,55,473,0.2738612787525831,0,0.11627906976744186
zdt1_interval,random_search,lu,ls,check,overlap,0.1,20000,12,55,473,0.2738612787525831,0,0.20833333333333334
zdt1_interval,random_search,lu,ls,check,overlap_jaccard,0.1,20000,12,55,473,0.2738612787525831,0,0.11627906976744186
zdt1_interval,random_search,lu,ls,check,cross_a_under_b,0.1,20000,12,55,473,0.2738612787525831,0,1.0
zdt1_interval,random_search,lu,ls,check,cross_b_under_a,0.1,20000,12,55,473,0.2738612787525831,0,0.11627906976744186
zdt1_interval,random_search,lu,cw,finding,hausdorff_a_to_b,0.1,20000,12,55,411,0.2738612787525831,,1.7338995978126095
zdt1_interval,random_search,lu,cw,finding,hausdorff_b_to_a,0.1,20000,12,55,411,0.2738612787525831,,2.0513282790560505
zdt1_interval,random_search,lu,cw,finding,hausdorff_symmetric,0.1,20000,12,55,411,0.2738612787525831,,2.0513282790560505
zdt1_interval,random_search,lu,cw,finding,coverage_a_in_b,0.1,20000,12,55,411,0.2738612787525831,,0.6545454545454545
zdt1_interval,random_search,lu,cw,finding,coverage_b_in_a,0.1,20000,12,55,411,0.2738612787525831,,0.08759124087591241
zdt1_interval,random_search,lu,cw,finding,overlap,0.1,20000,12,55,411,0.2738612787525831,,0.15450643776824036
zdt1_interval,random_search,lu,cw,finding,overlap_jaccard,0.1,20000,12,55,411,0.2738612787525831,,0.08372093023255815
zdt1_interval,random_search,lu,cw,finding,cross_a_under_b,0.1,20000,12,55,411,0.2738612787525831,,0.6545454545454545
zdt1_interval,random_search,lu,cw,finding,cross_b_under_a,0.1,20000,12,55,411,0.2738612787525831,,0.08759124087591241
zdt1_interval,random_search,ls,cw,check,hausdorff_a_to_b,0.1,20000,12,473,411,0.2738612787525831,0,1.7338995978126095
zdt1_interval,random_search,ls,cw,check,hausdorff_b_to_a,0.1,20000,12,473,411,0.2738612787525831,0,0.0
zdt1_interval,random_search,ls,cw,check,hausdorff_symmetric,0.1,20000,12,473,411,0.2738612787525831,0,1.7338995978126095
zdt1_interval,random_search,ls,cw,check,coverage_a_in_b,0.1,20000,12,473,411,0.2738612787525831,0,0.86892177589852
zdt1_interval,random_search,ls,cw,check,coverage_b_in_a,0.1,20000,12,473,411,0.2738612787525831,0,1.0
zdt1_interval,random_search,ls,cw,check,overlap,0.1,20000,12,473,411,0.2738612787525831,0,0.9298642533936652
zdt1_interval,random_search,ls,cw,check,overlap_jaccard,0.1,20000,12,473,411,0.2738612787525831,0,0.8689217758985202
zdt1_interval,random_search,ls,cw,check,cross_a_under_b,0.1,20000,12,473,411,0.2738612787525831,0,0.86892177589852
zdt1_interval,random_search,ls,cw,check,cross_b_under_a,0.1,20000,12,473,411,0.2738612787525831,0,1.0
zdt1_interval,random_search,lu,ls,check,hausdorff_a_to_b,0.1,20000,13,74,470,0.2738612787525831,0,0.0
zdt1_interval,random_search,lu,ls,check,hausdorff_b_to_a,0.1,20000,13,74,470,0.2738612787525831,0,2.094359513501629
zdt1_interval,random_search,lu,ls,check,hausdorff_symmetric,0.1,20000,13,74,470,0.2738612787525831,0,2.094359513501629
zdt1_interval,random_search,lu,ls,check,coverage_a_in_b,0.1,20000,13,74,470,0.2738612787525831,0,1.0
zdt1_interval,random_search,lu,ls,check,coverage_b_in_a,0.1,20000,13,74,470,0.2738612787525831,0,0.1574468085106383
zdt1_interval,random_search,lu,ls,check,overlap,0.1,20000,13,74,470,0.2738612787525831,0,0.27205882352941174
zdt1_interval,random_search,lu,ls,check,overlap_jaccard,0.1,20000,13,74,470,0.2738612787525831,0,0.15744680851063828
zdt1_interval,random_search,lu,ls,check,cross_a_under_b,0.1,20000,13,74,470,0.2738612787525831,0,1.0
zdt1_interval,random_search,lu,ls,check,cross_b_under_a,0.1,20000,13,74,470,0.2738612787525831,0,0.1574468085106383
zdt1_interval,random_search,lu,cw,finding,hausdorff_a_to_b,0.1,20000,13,74,381,0.2738612787525831,,1.8447955384776602
zdt1_interval,random_search,lu,cw,finding,hausdorff_b_to_a,0.1,20000,13,74,381,0.2738612787525831,,2.094359513501629
zdt1_interval,random_search,lu,cw,finding,hausdorff_symmetric,0.1,20000,13,74,381,0.2738612787525831,,2.094359513501629
zdt1_interval,random_search,lu,cw,finding,coverage_a_in_b,0.1,20000,13,74,381,0.2738612787525831,,0.5675675675675675
zdt1_interval,random_search,lu,cw,finding,coverage_b_in_a,0.1,20000,13,74,381,0.2738612787525831,,0.11023622047244094
zdt1_interval,random_search,lu,cw,finding,overlap,0.1,20000,13,74,381,0.2738612787525831,,0.18461538461538463
zdt1_interval,random_search,lu,cw,finding,overlap_jaccard,0.1,20000,13,74,381,0.2738612787525831,,0.1016949152542373
zdt1_interval,random_search,lu,cw,finding,cross_a_under_b,0.1,20000,13,74,381,0.2738612787525831,,0.5675675675675675
zdt1_interval,random_search,lu,cw,finding,cross_b_under_a,0.1,20000,13,74,381,0.2738612787525831,,0.11023622047244094
zdt1_interval,random_search,ls,cw,check,hausdorff_a_to_b,0.1,20000,13,470,381,0.2738612787525831,0,1.8447955384776602
zdt1_interval,random_search,ls,cw,check,hausdorff_b_to_a,0.1,20000,13,470,381,0.2738612787525831,0,0.0
zdt1_interval,random_search,ls,cw,check,hausdorff_symmetric,0.1,20000,13,470,381,0.2738612787525831,0,1.8447955384776602
zdt1_interval,random_search,ls,cw,check,coverage_a_in_b,0.1,20000,13,470,381,0.2738612787525831,0,0.8106382978723404
zdt1_interval,random_search,ls,cw,check,coverage_b_in_a,0.1,20000,13,470,381,0.2738612787525831,0,1.0
zdt1_interval,random_search,ls,cw,check,overlap,0.1,20000,13,470,381,0.2738612787525831,0,0.8954171562867215
zdt1_interval,random_search,ls,cw,check,overlap_jaccard,0.1,20000,13,470,381,0.2738612787525831,0,0.8106382978723403
zdt1_interval,random_search,ls,cw,check,cross_a_under_b,0.1,20000,13,470,381,0.2738612787525831,0,0.8106382978723404
zdt1_interval,random_search,ls,cw,check,cross_b_under_a,0.1,20000,13,470,381,0.2738612787525831,0,1.0
zdt1_interval,random_search,lu,ls,check,hausdorff_a_to_b,0.1,20000,14,60,550,0.2738612787525831,0,0.0
zdt1_interval,random_search,lu,ls,check,hausdorff_b_to_a,0.1,20000,14,60,550,0.2738612787525831,0,2.023492844076964
zdt1_interval,random_search,lu,ls,check,hausdorff_symmetric,0.1,20000,14,60,550,0.2738612787525831,0,2.023492844076964
zdt1_interval,random_search,lu,ls,check,coverage_a_in_b,0.1,20000,14,60,550,0.2738612787525831,0,1.0
zdt1_interval,random_search,lu,ls,check,coverage_b_in_a,0.1,20000,14,60,550,0.2738612787525831,0,0.10909090909090909
zdt1_interval,random_search,lu,ls,check,overlap,0.1,20000,14,60,550,0.2738612787525831,0,0.19672131147540983
zdt1_interval,random_search,lu,ls,check,overlap_jaccard,0.1,20000,14,60,550,0.2738612787525831,0,0.10909090909090909
zdt1_interval,random_search,lu,ls,check,cross_a_under_b,0.1,20000,14,60,550,0.2738612787525831,0,1.0
zdt1_interval,random_search,lu,ls,check,cross_b_under_a,0.1,20000,14,60,550,0.2738612787525831,0,0.10909090909090909
zdt1_interval,random_search,lu,cw,finding,hausdorff_a_to_b,0.1,20000,14,60,491,0.2738612787525831,,1.6132738780068578
zdt1_interval,random_search,lu,cw,finding,hausdorff_b_to_a,0.1,20000,14,60,491,0.2738612787525831,,2.023492844076964
zdt1_interval,random_search,lu,cw,finding,hausdorff_symmetric,0.1,20000,14,60,491,0.2738612787525831,,2.023492844076964
zdt1_interval,random_search,lu,cw,finding,coverage_a_in_b,0.1,20000,14,60,491,0.2738612787525831,,0.8333333333333334
zdt1_interval,random_search,lu,cw,finding,coverage_b_in_a,0.1,20000,14,60,491,0.2738612787525831,,0.10183299389002037
zdt1_interval,random_search,lu,cw,finding,overlap,0.1,20000,14,60,491,0.2738612787525831,,0.18148820326678766
zdt1_interval,random_search,lu,cw,finding,overlap_jaccard,0.1,20000,14,60,491,0.2738612787525831,,0.0998003992015968
zdt1_interval,random_search,lu,cw,finding,cross_a_under_b,0.1,20000,14,60,491,0.2738612787525831,,0.85
zdt1_interval,random_search,lu,cw,finding,cross_b_under_a,0.1,20000,14,60,491,0.2738612787525831,,0.10386965376782077
zdt1_interval,random_search,ls,cw,check,hausdorff_a_to_b,0.1,20000,14,550,491,0.2738612787525831,0,1.6791221023750518
zdt1_interval,random_search,ls,cw,check,hausdorff_b_to_a,0.1,20000,14,550,491,0.2738612787525831,0,0.0
zdt1_interval,random_search,ls,cw,check,hausdorff_symmetric,0.1,20000,14,550,491,0.2738612787525831,0,1.6791221023750518
zdt1_interval,random_search,ls,cw,check,coverage_a_in_b,0.1,20000,14,550,491,0.2738612787525831,0,0.8927272727272727
zdt1_interval,random_search,ls,cw,check,coverage_b_in_a,0.1,20000,14,550,491,0.2738612787525831,0,1.0
zdt1_interval,random_search,ls,cw,check,overlap,0.1,20000,14,550,491,0.2738612787525831,0,0.9433237271853987
zdt1_interval,random_search,ls,cw,check,overlap_jaccard,0.1,20000,14,550,491,0.2738612787525831,0,0.8927272727272728
zdt1_interval,random_search,ls,cw,check,cross_a_under_b,0.1,20000,14,550,491,0.2738612787525831,0,0.8927272727272727
zdt1_interval,random_search,ls,cw,check,cross_b_under_a,0.1,20000,14,550,491,0.2738612787525831,0,1.0
zdt1_interval,random_search,lu,ls,check,hausdorff_a_to_b,0.1,20000,15,59,481,0.2738612787525831,0,0.0
zdt1_interval,random_search,lu,ls,check,hausdorff_b_to_a,0.1,20000,15,59,481,0.2738612787525831,0,1.9893372466445844
zdt1_interval,random_search,lu,ls,check,hausdorff_symmetric,0.1,20000,15,59,481,0.2738612787525831,0,1.9893372466445844
zdt1_interval,random_search,lu,ls,check,coverage_a_in_b,0.1,20000,15,59,481,0.2738612787525831,0,1.0
zdt1_interval,random_search,lu,ls,check,coverage_b_in_a,0.1,20000,15,59,481,0.2738612787525831,0,0.12266112266112267
zdt1_interval,random_search,lu,ls,check,overlap,0.1,20000,15,59,481,0.2738612787525831,0,0.21851851851851853
zdt1_interval,random_search,lu,ls,check,overlap_jaccard,0.1,20000,15,59,481,0.2738612787525831,0,0.12266112266112267
zdt1_interval,random_search,lu,ls,check,cross_a_under_b,0.1,20000,15,59,481,0.2738612787525831,0,1.0
zdt1_interval,random_search,lu,ls,check,cross_b_under_a,0.1,20000,15,59,481,0.2738612787525831,0,0.12266112266112267
zdt1_interval,random_search,lu,cw,finding,hausdorff_a_to_b,0.1,20000,15,59,393,0.2738612787525831,,1.792401172622521
zdt1_interval,random_search,lu,cw,finding,hausdorff_b_to_a,0.1,20000,15,59,393,0.2738612787525831,,1.9893372466445844
zdt1_interval,random_search,lu,cw,finding,hausdorff_symmetric,0.1,20000,15,59,393,0.2738612787525831,,1.9893372466445844
zdt1_interval,random_search,lu,cw,finding,coverage_a_in_b,0.1,20000,15,59,393,0.2738612787525831,,0.4915254237288136
zdt1_interval,random_search,lu,cw,finding,coverage_b_in_a,0.1,20000,15,59,393,0.2738612787525831,,0.0737913486005089
zdt1_interval,random_search,lu,cw,finding,overlap,0.1,20000,15,59,393,0.2738612787525831,,0.12831858407079647
zdt1_interval,random_search,lu,cw,finding,overlap_jaccard,0.1,20000,15,59,393,0.2738612787525831,,0.06855791962174941
zdt1_interval,random_search,lu,cw,finding,cross_a_under_b,0.1,20000,15,59,393,0.2738612787525831,,0.5423728813559322
zdt1_interval,random_search,lu,cw,finding,cross_b_under_a,0.1,20000,15,59,393,0.2738612787525831,,0.07633587786259542
zdt1_interval,random_search,ls,cw,check,hausdorff_a_to_b,0.1,20000,15,481,393,0.2738612787525831,0,1.7960903937256516
zdt1_interval,random_search,ls,cw,check,hausdorff_b_to_a,0.1,20000,15,481,393,0.2738612787525831,0,0.0
zdt1_interval,random_search,ls,cw,check,hausdorff_symmetric,0.1,20000,15,481,393,0.2738612787525831,0,1.7960903937256516
zdt1_interval,random_search,ls,cw,check,coverage_a_in_b,0.1,20000,15,481,393,0.2738612787525831,0,0.817047817047817
zdt1_interval,random_search,ls,cw,check,coverage_b_in_a,0.1,20000,15,481,393,0.2738612787525831,0,1.0
zdt1_interval,random_search,ls,cw,check,overlap,0.1,20000,15,481,393,0.2738612787525831,0,0.8993135011441648
zdt1_interval,random_search,ls,cw,check,overlap_jaccard,0.1,20000,15,481,393,0.2738612787525831,0,0.8170478170478169
zdt1_interval,random_search,ls,cw,check,cross_a_under_b,0.1,20000,15,481,393,0.2738612787525831,0,0.817047817047817
zdt1_interval,random_search,ls,cw,check,cross_b_under_a,0.1,20000,15,481,393,0.2738612787525831,0,1.0
zdt1_interval,random_search,lu,ls,check,coverage_a_in_b,0.1,20000,11,60,518,0.0,,1.0
zdt1_interval,random_search,lu,ls,check,coverage_b_in_a,0.1,20000,11,60,518,0.0,,0.11583011583011583
zdt1_interval,random_search,lu,ls,check,overlap,0.1,20000,11,60,518,0.0,,0.20761245674740483
zdt1_interval,random_search,lu,ls,check,overlap_jaccard,0.1,20000,11,60,518,0.0,,0.11583011583011583
zdt1_interval,random_search,lu,cw,finding,coverage_a_in_b,0.1,20000,11,60,452,0.0,,0.6333333333333333
zdt1_interval,random_search,lu,cw,finding,coverage_b_in_a,0.1,20000,11,60,452,0.0,,0.084070796460177
zdt1_interval,random_search,lu,cw,finding,overlap,0.1,20000,11,60,452,0.0,,0.1484375
zdt1_interval,random_search,lu,cw,finding,overlap_jaccard,0.1,20000,11,60,452,0.0,,0.08016877637130802
zdt1_interval,random_search,ls,cw,check,coverage_a_in_b,0.1,20000,11,518,452,0.0,,0.8725868725868726
zdt1_interval,random_search,ls,cw,check,coverage_b_in_a,0.1,20000,11,518,452,0.0,,1.0
zdt1_interval,random_search,ls,cw,check,overlap,0.1,20000,11,518,452,0.0,,0.931958762886598
zdt1_interval,random_search,ls,cw,check,overlap_jaccard,0.1,20000,11,518,452,0.0,,0.8725868725868726
zdt1_interval,random_search,lu,ls,check,coverage_a_in_b,0.1,20000,12,55,473,0.0,,1.0
zdt1_interval,random_search,lu,ls,check,coverage_b_in_a,0.1,20000,12,55,473,0.0,,0.11627906976744186
zdt1_interval,random_search,lu,ls,check,overlap,0.1,20000,12,55,473,0.0,,0.20833333333333334
zdt1_interval,random_search,lu,ls,check,overlap_jaccard,0.1,20000,12,55,473,0.0,,0.11627906976744186
zdt1_interval,random_search,lu,cw,finding,coverage_a_in_b,0.1,20000,12,55,411,0.0,,0.6545454545454545
zdt1_interval,random_search,lu,cw,finding,coverage_b_in_a,0.1,20000,12,55,411,0.0,,0.08759124087591241
zdt1_interval,random_search,lu,cw,finding,overlap,0.1,20000,12,55,411,0.0,,0.15450643776824036
zdt1_interval,random_search,lu,cw,finding,overlap_jaccard,0.1,20000,12,55,411,0.0,,0.08372093023255815
zdt1_interval,random_search,ls,cw,check,coverage_a_in_b,0.1,20000,12,473,411,0.0,,0.86892177589852
zdt1_interval,random_search,ls,cw,check,coverage_b_in_a,0.1,20000,12,473,411,0.0,,1.0
zdt1_interval,random_search,ls,cw,check,overlap,0.1,20000,12,473,411,0.0,,0.9298642533936652
zdt1_interval,random_search,ls,cw,check,overlap_jaccard,0.1,20000,12,473,411,0.0,,0.8689217758985202
zdt1_interval,random_search,lu,ls,check,coverage_a_in_b,0.1,20000,13,74,470,0.0,,1.0
zdt1_interval,random_search,lu,ls,check,coverage_b_in_a,0.1,20000,13,74,470,0.0,,0.1574468085106383
zdt1_interval,random_search,lu,ls,check,overlap,0.1,20000,13,74,470,0.0,,0.27205882352941174
zdt1_interval,random_search,lu,ls,check,overlap_jaccard,0.1,20000,13,74,470,0.0,,0.15744680851063828
zdt1_interval,random_search,lu,cw,finding,coverage_a_in_b,0.1,20000,13,74,381,0.0,,0.5675675675675675
zdt1_interval,random_search,lu,cw,finding,coverage_b_in_a,0.1,20000,13,74,381,0.0,,0.11023622047244094
zdt1_interval,random_search,lu,cw,finding,overlap,0.1,20000,13,74,381,0.0,,0.18461538461538463
zdt1_interval,random_search,lu,cw,finding,overlap_jaccard,0.1,20000,13,74,381,0.0,,0.1016949152542373
zdt1_interval,random_search,ls,cw,check,coverage_a_in_b,0.1,20000,13,470,381,0.0,,0.8106382978723404
zdt1_interval,random_search,ls,cw,check,coverage_b_in_a,0.1,20000,13,470,381,0.0,,1.0
zdt1_interval,random_search,ls,cw,check,overlap,0.1,20000,13,470,381,0.0,,0.8954171562867215
zdt1_interval,random_search,ls,cw,check,overlap_jaccard,0.1,20000,13,470,381,0.0,,0.8106382978723403
zdt1_interval,random_search,lu,ls,check,coverage_a_in_b,0.1,20000,14,60,550,0.0,,1.0
zdt1_interval,random_search,lu,ls,check,coverage_b_in_a,0.1,20000,14,60,550,0.0,,0.10909090909090909
zdt1_interval,random_search,lu,ls,check,overlap,0.1,20000,14,60,550,0.0,,0.19672131147540983
zdt1_interval,random_search,lu,ls,check,overlap_jaccard,0.1,20000,14,60,550,0.0,,0.10909090909090909
zdt1_interval,random_search,lu,cw,finding,coverage_a_in_b,0.1,20000,14,60,491,0.0,,0.8333333333333334
zdt1_interval,random_search,lu,cw,finding,coverage_b_in_a,0.1,20000,14,60,491,0.0,,0.10183299389002037
zdt1_interval,random_search,lu,cw,finding,overlap,0.1,20000,14,60,491,0.0,,0.18148820326678766
zdt1_interval,random_search,lu,cw,finding,overlap_jaccard,0.1,20000,14,60,491,0.0,,0.0998003992015968
zdt1_interval,random_search,ls,cw,check,coverage_a_in_b,0.1,20000,14,550,491,0.0,,0.8927272727272727
zdt1_interval,random_search,ls,cw,check,coverage_b_in_a,0.1,20000,14,550,491,0.0,,1.0
zdt1_interval,random_search,ls,cw,check,overlap,0.1,20000,14,550,491,0.0,,0.9433237271853987
zdt1_interval,random_search,ls,cw,check,overlap_jaccard,0.1,20000,14,550,491,0.0,,0.8927272727272728
zdt1_interval,random_search,lu,ls,check,coverage_a_in_b,0.1,20000,15,59,481,0.0,,1.0
zdt1_interval,random_search,lu,ls,check,coverage_b_in_a,0.1,20000,15,59,481,0.0,,0.12266112266112267
zdt1_interval,random_search,lu,ls,check,overlap,0.1,20000,15,59,481,0.0,,0.21851851851851853
zdt1_interval,random_search,lu,ls,check,overlap_jaccard,0.1,20000,15,59,481,0.0,,0.12266112266112267
zdt1_interval,random_search,lu,cw,finding,coverage_a_in_b,0.1,20000,15,59,393,0.0,,0.4915254237288136
zdt1_interval,random_search,lu,cw,finding,coverage_b_in_a,0.1,20000,15,59,393,0.0,,0.0737913486005089
zdt1_interval,random_search,lu,cw,finding,overlap,0.1,20000,15,59,393,0.0,,0.12831858407079647
zdt1_interval,random_search,lu,cw,finding,overlap_jaccard,0.1,20000,15,59,393,0.0,,0.06855791962174941
zdt1_interval,random_search,ls,cw,check,coverage_a_in_b,0.1,20000,15,481,393,0.0,,0.817047817047817
zdt1_interval,random_search,ls,cw,check,coverage_b_in_a,0.1,20000,15,481,393,0.0,,1.0
zdt1_interval,random_search,ls,cw,check,overlap,0.1,20000,15,481,393,0.0,,0.8993135011441648
zdt1_interval,random_search,ls,cw,check,overlap_jaccard,0.1,20000,15,481,393,0.0,,0.8170478170478169
zdt1_interval,random_search_noise_floor,lu,lu,finding,coverage_a_in_b,0.1,20000,11,60,55,0.2738612787525831,,0.0
zdt1_interval,random_search_noise_floor,lu,lu,finding,coverage_b_in_a,0.1,20000,11,60,55,0.2738612787525831,,0.0
zdt1_interval,random_search_noise_floor,lu,lu,finding,overlap,0.1,20000,11,60,55,0.2738612787525831,,0.0
zdt1_interval,random_search_noise_floor,lu,lu,finding,overlap_jaccard,0.1,20000,11,60,55,0.2738612787525831,,0.0
zdt1_interval,random_search_noise_floor,lu,lu,finding,coverage_a_in_b,0.1,20000,12,55,74,0.2738612787525831,,0.0
zdt1_interval,random_search_noise_floor,lu,lu,finding,coverage_b_in_a,0.1,20000,12,55,74,0.2738612787525831,,0.0
zdt1_interval,random_search_noise_floor,lu,lu,finding,overlap,0.1,20000,12,55,74,0.2738612787525831,,0.0
zdt1_interval,random_search_noise_floor,lu,lu,finding,overlap_jaccard,0.1,20000,12,55,74,0.2738612787525831,,0.0
zdt1_interval,random_search_noise_floor,lu,lu,finding,coverage_a_in_b,0.1,20000,13,74,60,0.2738612787525831,,0.0
zdt1_interval,random_search_noise_floor,lu,lu,finding,coverage_b_in_a,0.1,20000,13,74,60,0.2738612787525831,,0.0
zdt1_interval,random_search_noise_floor,lu,lu,finding,overlap,0.1,20000,13,74,60,0.2738612787525831,,0.0
zdt1_interval,random_search_noise_floor,lu,lu,finding,overlap_jaccard,0.1,20000,13,74,60,0.2738612787525831,,0.0
zdt1_interval,random_search_noise_floor,lu,lu,finding,coverage_a_in_b,0.1,20000,14,60,59,0.2738612787525831,,0.0
zdt1_interval,random_search_noise_floor,lu,lu,finding,coverage_b_in_a,0.1,20000,14,60,59,0.2738612787525831,,0.0
zdt1_interval,random_search_noise_floor,lu,lu,finding,overlap,0.1,20000,14,60,59,0.2738612787525831,,0.0
zdt1_interval,random_search_noise_floor,lu,lu,finding,overlap_jaccard,0.1,20000,14,60,59,0.2738612787525831,,0.0
zdt1_interval,random_search_noise_floor,lu,lu,finding,coverage_a_in_b,0.1,20000,15,59,60,0.2738612787525831,,0.0
zdt1_interval,random_search_noise_floor,lu,lu,finding,coverage_b_in_a,0.1,20000,15,59,60,0.2738612787525831,,0.0
zdt1_interval,random_search_noise_floor,lu,lu,finding,overlap,0.1,20000,15,59,60,0.2738612787525831,,0.0
zdt1_interval,random_search_noise_floor,lu,lu,finding,overlap_jaccard,0.1,20000,15,59,60,0.2738612787525831,,0.0
zdt1_interval,random_search_noise_floor,ls,ls,finding,coverage_a_in_b,0.1,20000,11,518,473,0.2738612787525831,,0.0
zdt1_interval,random_search_noise_floor,ls,ls,finding,coverage_b_in_a,0.1,20000,11,518,473,0.2738612787525831,,0.0
zdt1_interval,random_search_noise_floor,ls,ls,finding,overlap,0.1,20000,11,518,473,0.2738612787525831,,0.0
zdt1_interval,random_search_noise_floor,ls,ls,finding,overlap_jaccard,0.1,20000,11,518,473,0.2738612787525831,,0.0
zdt1_interval,random_search_noise_floor,ls,ls,finding,coverage_a_in_b,0.1,20000,12,473,470,0.2738612787525831,,0.0
zdt1_interval,random_search_noise_floor,ls,ls,finding,coverage_b_in_a,0.1,20000,12,473,470,0.2738612787525831,,0.0
zdt1_interval,random_search_noise_floor,ls,ls,finding,overlap,0.1,20000,12,473,470,0.2738612787525831,,0.0
zdt1_interval,random_search_noise_floor,ls,ls,finding,overlap_jaccard,0.1,20000,12,473,470,0.2738612787525831,,0.0
zdt1_interval,random_search_noise_floor,ls,ls,finding,coverage_a_in_b,0.1,20000,13,470,550,0.2738612787525831,,0.0
zdt1_interval,random_search_noise_floor,ls,ls,finding,coverage_b_in_a,0.1,20000,13,470,550,0.2738612787525831,,0.0
zdt1_interval,random_search_noise_floor,ls,ls,finding,overlap,0.1,20000,13,470,550,0.2738612787525831,,0.0
zdt1_interval,random_search_noise_floor,ls,ls,finding,overlap_jaccard,0.1,20000,13,470,550,0.2738612787525831,,0.0
zdt1_interval,random_search_noise_floor,ls,ls,finding,coverage_a_in_b,0.1,20000,14,550,481,0.2738612787525831,,0.0
zdt1_interval,random_search_noise_floor,ls,ls,finding,coverage_b_in_a,0.1,20000,14,550,481,0.2738612787525831,,0.0
zdt1_interval,random_search_noise_floor,ls,ls,finding,overlap,0.1,20000,14,550,481,0.2738612787525831,,0.0
zdt1_interval,random_search_noise_floor,ls,ls,finding,overlap_jaccard,0.1,20000,14,550,481,0.2738612787525831,,0.0
zdt1_interval,random_search_noise_floor,ls,ls,finding,coverage_a_in_b,0.1,20000,15,481,518,0.2738612787525831,,0.0
zdt1_interval,random_search_noise_floor,ls,ls,finding,coverage_b_in_a,0.1,20000,15,481,518,0.2738612787525831,,0.0
zdt1_interval,random_search_noise_floor,ls,ls,finding,overlap,0.1,20000,15,481,518,0.2738612787525831,,0.0
zdt1_interval,random_search_noise_floor,ls,ls,finding,overlap_jaccard,0.1,20000,15,481,518,0.2738612787525831,,0.0
zdt1_interval,random_search_noise_floor,cw,cw,finding,coverage_a_in_b,0.1,20000,11,452,411,0.2738612787525831,,0.0
zdt1_interval,random_search_noise_floor,cw,cw,finding,coverage_b_in_a,0.1,20000,11,452,411,0.2738612787525831,,0.0
zdt1_interval,random_search_noise_floor,cw,cw,finding,overlap,0.1,20000,11,452,411,0.2738612787525831,,0.0
zdt1_interval,random_search_noise_floor,cw,cw,finding,overlap_jaccard,0.1,20000,11,452,411,0.2738612787525831,,0.0
zdt1_interval,random_search_noise_floor,cw,cw,finding,coverage_a_in_b,0.1,20000,12,411,381,0.2738612787525831,,0.0
zdt1_interval,random_search_noise_floor,cw,cw,finding,coverage_b_in_a,0.1,20000,12,411,381,0.2738612787525831,,0.0
zdt1_interval,random_search_noise_floor,cw,cw,finding,overlap,0.1,20000,12,411,381,0.2738612787525831,,0.0
zdt1_interval,random_search_noise_floor,cw,cw,finding,overlap_jaccard,0.1,20000,12,411,381,0.2738612787525831,,0.0
zdt1_interval,random_search_noise_floor,cw,cw,finding,coverage_a_in_b,0.1,20000,13,381,491,0.2738612787525831,,0.0
zdt1_interval,random_search_noise_floor,cw,cw,finding,coverage_b_in_a,0.1,20000,13,381,491,0.2738612787525831,,0.0
zdt1_interval,random_search_noise_floor,cw,cw,finding,overlap,0.1,20000,13,381,491,0.2738612787525831,,0.0
zdt1_interval,random_search_noise_floor,cw,cw,finding,overlap_jaccard,0.1,20000,13,381,491,0.2738612787525831,,0.0
zdt1_interval,random_search_noise_floor,cw,cw,finding,coverage_a_in_b,0.1,20000,14,491,393,0.2738612787525831,,0.0
zdt1_interval,random_search_noise_floor,cw,cw,finding,coverage_b_in_a,0.1,20000,14,491,393,0.2738612787525831,,0.0
zdt1_interval,random_search_noise_floor,cw,cw,finding,overlap,0.1,20000,14,491,393,0.2738612787525831,,0.0
zdt1_interval,random_search_noise_floor,cw,cw,finding,overlap_jaccard,0.1,20000,14,491,393,0.2738612787525831,,0.0
zdt1_interval,random_search_noise_floor,cw,cw,finding,coverage_a_in_b,0.1,20000,15,393,452,0.2738612787525831,,0.0
zdt1_interval,random_search_noise_floor,cw,cw,finding,coverage_b_in_a,0.1,20000,15,393,452,0.2738612787525831,,0.0
zdt1_interval,random_search_noise_floor,cw,cw,finding,overlap,0.1,20000,15,393,452,0.2738612787525831,,0.0
zdt1_interval,random_search_noise_floor,cw,cw,finding,overlap_jaccard,0.1,20000,15,393,452,0.2738612787525831,,0.0
zdt1_interval,random_search,lu,ls,check,hausdorff_a_to_b,0.25,5000,11,53,352,0.2738612787525831,0,0.0
zdt1_interval,random_search,lu,ls,check,hausdorff_b_to_a,0.25,5000,11,53,352,0.2738612787525831,0,2.0364504374874053
zdt1_interval,random_search,lu,ls,check,hausdorff_symmetric,0.25,5000,11,53,352,0.2738612787525831,0,2.0364504374874053
zdt1_interval,random_search,lu,ls,check,coverage_a_in_b,0.25,5000,11,53,352,0.2738612787525831,0,1.0
zdt1_interval,random_search,lu,ls,check,coverage_b_in_a,0.25,5000,11,53,352,0.2738612787525831,0,0.15056818181818182
zdt1_interval,random_search,lu,ls,check,overlap,0.25,5000,11,53,352,0.2738612787525831,0,0.2617283950617284
zdt1_interval,random_search,lu,ls,check,overlap_jaccard,0.25,5000,11,53,352,0.2738612787525831,0,0.15056818181818182
zdt1_interval,random_search,lu,ls,check,cross_a_under_b,0.25,5000,11,53,352,0.2738612787525831,0,1.0
zdt1_interval,random_search,lu,ls,check,cross_b_under_a,0.25,5000,11,53,352,0.2738612787525831,0,0.15056818181818182
zdt1_interval,random_search,lu,cw,finding,hausdorff_a_to_b,0.25,5000,11,53,287,0.2738612787525831,,1.8150533424717474
zdt1_interval,random_search,lu,cw,finding,hausdorff_b_to_a,0.25,5000,11,53,287,0.2738612787525831,,2.0364504374874053
zdt1_interval,random_search,lu,cw,finding,hausdorff_symmetric,0.25,5000,11,53,287,0.2738612787525831,,2.0364504374874053
zdt1_interval,random_search,lu,cw,finding,coverage_a_in_b,0.25,5000,11,53,287,0.2738612787525831,,0.5660377358490566
zdt1_interval,random_search,lu,cw,finding,coverage_b_in_a,0.25,5000,11,53,287,0.2738612787525831,,0.10452961672473868
zdt1_interval,random_search,lu,cw,finding,overlap,0.25,5000,11,53,287,0.2738612787525831,,0.17647058823529413
zdt1_interval,random_search,lu,cw,finding,overlap_jaccard,0.25,5000,11,53,287,0.2738612787525831,,0.09677419354838711
zdt1_interval,random_search,lu,cw,finding,cross_a_under_b,0.25,5000,11,53,287,0.2738612787525831,,0.5660377358490566
zdt1_interval,random_search,lu,cw,finding,cross_b_under_a,0.25,5000,11,53,287,0.2738612787525831,,0.10452961672473868
zdt1_interval,random_search,ls,cw,check,hausdorff_a_to_b,0.25,5000,11,352,287,0.2738612787525831,0,1.8150533424717474
zdt1_interval,random_search,ls,cw,check,hausdorff_b_to_a,0.25,5000,11,352,287,0.2738612787525831,0,0.0
zdt1_interval,random_search,ls,cw,check,hausdorff_symmetric,0.25,5000,11,352,287,0.2738612787525831,0,1.8150533424717474
zdt1_interval,random_search,ls,cw,check,coverage_a_in_b,0.25,5000,11,352,287,0.2738612787525831,0,0.8153409090909091
zdt1_interval,random_search,ls,cw,check,coverage_b_in_a,0.25,5000,11,352,287,0.2738612787525831,0,1.0
zdt1_interval,random_search,ls,cw,check,overlap,0.25,5000,11,352,287,0.2738612787525831,0,0.8982785602503912
zdt1_interval,random_search,ls,cw,check,overlap_jaccard,0.25,5000,11,352,287,0.2738612787525831,0,0.8153409090909092
zdt1_interval,random_search,ls,cw,check,cross_a_under_b,0.25,5000,11,352,287,0.2738612787525831,0,0.8153409090909091
zdt1_interval,random_search,ls,cw,check,cross_b_under_a,0.25,5000,11,352,287,0.2738612787525831,0,1.0
zdt1_interval,random_search,lu,ls,check,hausdorff_a_to_b,0.25,5000,12,50,328,0.2738612787525831,0,0.0
zdt1_interval,random_search,lu,ls,check,hausdorff_b_to_a,0.25,5000,12,50,328,0.2738612787525831,0,2.1197000713332845
zdt1_interval,random_search,lu,ls,check,hausdorff_symmetric,0.25,5000,12,50,328,0.2738612787525831,0,2.1197000713332845
zdt1_interval,random_search,lu,ls,check,coverage_a_in_b,0.25,5000,12,50,328,0.2738612787525831,0,1.0
zdt1_interval,random_search,lu,ls,check,coverage_b_in_a,0.25,5000,12,50,328,0.2738612787525831,0,0.1524390243902439
zdt1_interval,random_search,lu,ls,check,overlap,0.25,5000,12,50,328,0.2738612787525831,0,0.26455026455026454
zdt1_interval,random_search,lu,ls,check,overlap_jaccard,0.25,5000,12,50,328,0.2738612787525831,0,0.1524390243902439
zdt1_interval,random_search,lu,ls,check,cross_a_under_b,0.25,5000,12,50,328,0.2738612787525831,0,1.0
zdt1_interval,random_search,lu,ls,check,cross_b_under_a,0.25,5000,12,50,328,0.2738612787525831,0,0.1524390243902439
zdt1_interval,random_search,lu,cw,finding,hausdorff_a_to_b,0.25,5000,12,50,250,0.2738612787525831,,1.7483775408186994
zdt1_interval,random_search,lu,cw,finding,hausdorff_b_to_a,0.25,5000,12,50,250,0.2738612787525831,,2.0371619353691965
zdt1_interval,random_search,lu,cw,finding,hausdorff_symmetric,0.25,5000,12,50,250,0.2738612787525831,,2.0371619353691965
zdt1_interval,random_search,lu,cw,finding,coverage_a_in_b,0.25,5000,12,50,250,0.2738612787525831,,0.66
zdt1_interval,random_search,lu,cw,finding,coverage_b_in_a,0.25,5000,12,50,250,0.2738612787525831,,0.132
zdt1_interval,random_search,lu,cw,finding,overlap,0.25,5000,12,50,250,0.2738612787525831,,0.22
zdt1_interval,random_search,lu,cw,finding,overlap_jaccard,0.25,5000,12,50,250,0.2738612787525831,,0.12359550561797752
zdt1_interval,random_search,lu,cw,finding,cross_a_under_b,0.25,5000,12,50,250,0.2738612787525831,,0.66
zdt1_interval,random_search,lu,cw,finding,cross_b_under_a,0.25,5000,12,50,250,0.2738612787525831,,0.132
zdt1_interval,random_search,ls,cw,check,hausdorff_a_to_b,0.25,5000,12,328,250,0.2738612787525831,0,1.8174242275223793
zdt1_interval,random_search,ls,cw,check,hausdorff_b_to_a,0.25,5000,12,328,250,0.2738612787525831,0,0.0
zdt1_interval,random_search,ls,cw,check,hausdorff_symmetric,0.25,5000,12,328,250,0.2738612787525831,0,1.8174242275223793
zdt1_interval,random_search,ls,cw,check,coverage_a_in_b,0.25,5000,12,328,250,0.2738612787525831,0,0.7621951219512195
zdt1_interval,random_search,ls,cw,check,coverage_b_in_a,0.25,5000,12,328,250,0.2738612787525831,0,1.0
zdt1_interval,random_search,ls,cw,check,overlap,0.25,5000,12,328,250,0.2738612787525831,0,0.8650519031141869
zdt1_interval,random_search,ls,cw,check,overlap_jaccard,0.25,5000,12,328,250,0.2738612787525831,0,0.7621951219512195
zdt1_interval,random_search,ls,cw,check,cross_a_under_b,0.25,5000,12,328,250,0.2738612787525831,0,0.7621951219512195
zdt1_interval,random_search,ls,cw,check,cross_b_under_a,0.25,5000,12,328,250,0.2738612787525831,0,1.0
zdt1_interval,random_search,lu,ls,check,hausdorff_a_to_b,0.25,5000,13,59,323,0.2738612787525831,0,0.0
zdt1_interval,random_search,lu,ls,check,hausdorff_b_to_a,0.25,5000,13,59,323,0.2738612787525831,0,2.111547081005499
zdt1_interval,random_search,lu,ls,check,hausdorff_symmetric,0.25,5000,13,59,323,0.2738612787525831,0,2.111547081005499
zdt1_interval,random_search,lu,ls,check,coverage_a_in_b,0.25,5000,13,59,323,0.2738612787525831,0,1.0
zdt1_interval,random_search,lu,ls,check,coverage_b_in_a,0.25,5000,13,59,323,0.2738612787525831,0,0.1826625386996904
zdt1_interval,random_search,lu,ls,check,overlap,0.25,5000,13,59,323,0.2738612787525831,0,0.3089005235602094
zdt1_interval,random_search,lu,ls,check,overlap_jaccard,0.25,5000,13,59,323,0.2738612787525831,0,0.1826625386996904
zdt1_interval,random_search,lu,ls,check,cross_a_under_b,0.25,5000,13,59,323,0.2738612787525831,0,1.0
zdt1_interval,random_search,lu,ls,check,cross_b_under_a,0.25,5000,13,59,323,0.2738612787525831,0,0.1826625386996904
zdt1_interval,random_search,lu,cw,finding,hausdorff_a_to_b,0.25,5000,13,59,257,0.2738612787525831,,1.8042079724266795
zdt1_interval,random_search,lu,cw,finding,hausdorff_b_to_a,0.25,5000,13,59,257,0.2738612787525831,,2.111547081005499
zdt1_interval,random_search,lu,cw,finding,hausdorff_symmetric,0.25,5000,13,59,257,0.2738612787525831,,2.111547081005499
zdt1_interval,random_search,lu,cw,finding,coverage_a_in_b,0.25,5000,13,59,257,0.2738612787525831,,0.5254237288135594
zdt1_interval,random_search,lu,cw,finding,coverage_b_in_a,0.25,5000,13,59,257,0.2738612787525831,,0.12062256809338522
zdt1_interval,random_search,lu,cw,finding,overlap,0.25,5000,13,59,257,0.2738612787525831,,0.1962025316455696
zdt1_interval,random_search,lu,cw,finding,overlap_jaccard,0.25,5000,13,59,257,0.2738612787525831,,0.1087719298245614
zdt1_interval,random_search,lu,cw,finding,cross_a_under_b,0.25,5000,13,59,257,0.2738612787525831,,0.5254237288135594
zdt1_interval,random_search,lu,cw,finding,cross_b_under_a,0.25,5000,13,59,257,0.2738612787525831,,0.12840466926070038
zdt1_interval,random_search,ls,cw,check,hausdorff_a_to_b,0.25,5000,13,323,257,0.2738612787525831,0,1.8042079724266795
zdt1_interval,random_search,ls,cw,check,hausdorff_b_to_a,0.25,5000,13,323,257,0.2738612787525831,0,0.0
zdt1_interval,random_search,ls,cw,check,hausdorff_symmetric,0.25,5000,13,323,257,0.2738612787525831,0,1.8042079724266795
zdt1_interval,random_search,ls,cw,check,coverage_a_in_b,0.25,5000,13,323,257,0.2738612787525831,0,0.7956656346749226
zdt1_interval,random_search,ls,cw,check,coverage_b_in_a,0.25,5000,13,323,257,0.2738612787525831,0,1.0
zdt1_interval,random_search,ls,cw,check,overlap,0.25,5000,13,323,257,0.2738612787525831,0,0.8862068965517241
zdt1_interval,random_search,ls,cw,check,overlap_jaccard,0.25,5000,13,323,257,0.2738612787525831,0,0.7956656346749225
zdt1_interval,random_search,ls,cw,check,cross_a_under_b,0.25,5000,13,323,257,0.2738612787525831,0,0.7956656346749226
zdt1_interval,random_search,ls,cw,check,cross_b_under_a,0.25,5000,13,323,257,0.2738612787525831,0,1.0
zdt1_interval,random_search,lu,ls,check,hausdorff_a_to_b,0.25,5000,14,59,304,0.2738612787525831,0,0.0
zdt1_interval,random_search,lu,ls,check,hausdorff_b_to_a,0.25,5000,14,59,304,0.2738612787525831,0,2.0829404009234755
zdt1_interval,random_search,lu,ls,check,hausdorff_symmetric,0.25,5000,14,59,304,0.2738612787525831,0,2.0829404009234755
zdt1_interval,random_search,lu,ls,check,coverage_a_in_b,0.25,5000,14,59,304,0.2738612787525831,0,1.0
zdt1_interval,random_search,lu,ls,check,coverage_b_in_a,0.25,5000,14,59,304,0.2738612787525831,0,0.19407894736842105
zdt1_interval,random_search,lu,ls,check,overlap,0.25,5000,14,59,304,0.2738612787525831,0,0.325068870523416
zdt1_interval,random_search,lu,ls,check,overlap_jaccard,0.25,5000,14,59,304,0.2738612787525831,0,0.19407894736842105
zdt1_interval,random_search,lu,ls,check,cross_a_under_b,0.25,5000,14,59,304,0.2738612787525831,0,1.0
zdt1_interval,random_search,lu,ls,check,cross_b_under_a,0.25,5000,14,59,304,0.2738612787525831,0,0.19407894736842105
zdt1_interval,random_search,lu,cw,finding,hausdorff_a_to_b,0.25,5000,14,59,253,0.2738612787525831,,1.8024068434260077
zdt1_interval,random_search,lu,cw,finding,hausdorff_b_to_a,0.25,5000,14,59,253,0.2738612787525831,,2.0829404009234755
zdt1_interval,random_search,lu,cw,finding,hausdorff_symmetric,0.25,5000,14,59,253,0.2738612787525831,,2.0829404009234755
zdt1_interval,random_search,lu,cw,finding,coverage_a_in_b,0.25,5000,14,59,253,0.2738612787525831,,0.7796610169491526
zdt1_interval,random_search,lu,cw,finding,coverage_b_in_a,0.25,5000,14,59,253,0.2738612787525831,,0.18181818181818182
zdt1_interval,random_search,lu,cw,finding,overlap,0.25,5000,14,59,253,0.2738612787525831,,0.2948717948717949
zdt1_interval,random_search,lu,cw,finding,overlap_jaccard,0.25,5000,14,59,253,0.2738612787525831,,0.1729323308270677
zdt1_interval,random_search,lu,cw,finding,cross_a_under_b,0.25,5000,14,59,253,0.2738612787525831,,0.7966101694915254
zdt1_interval,random_search,lu,cw,finding,cross_b_under_a,0.25,5000,14,59,253,0.2738612787525831,,0.18181818181818182
zdt1_interval,random_search,ls,cw,check,hausdorff_a_to_b,0.25,5000,14,304,253,0.2738612787525831,0,1.8024068434260077
zdt1_interval,random_search,ls,cw,check,hausdorff_b_to_a,0.25,5000,14,304,253,0.2738612787525831,0,0.0
zdt1_interval,random_search,ls,cw,check,hausdorff_symmetric,0.25,5000,14,304,253,0.2738612787525831,0,1.8024068434260077
zdt1_interval,random_search,ls,cw,check,coverage_a_in_b,0.25,5000,14,304,253,0.2738612787525831,0,0.8322368421052632
zdt1_interval,random_search,ls,cw,check,coverage_b_in_a,0.25,5000,14,304,253,0.2738612787525831,0,1.0
zdt1_interval,random_search,ls,cw,check,overlap,0.25,5000,14,304,253,0.2738612787525831,0,0.9084380610412927
zdt1_interval,random_search,ls,cw,check,overlap_jaccard,0.25,5000,14,304,253,0.2738612787525831,0,0.8322368421052633
zdt1_interval,random_search,ls,cw,check,cross_a_under_b,0.25,5000,14,304,253,0.2738612787525831,0,0.8322368421052632
zdt1_interval,random_search,ls,cw,check,cross_b_under_a,0.25,5000,14,304,253,0.2738612787525831,0,1.0
zdt1_interval,random_search,lu,ls,check,hausdorff_a_to_b,0.25,5000,15,41,331,0.2738612787525831,0,0.0
zdt1_interval,random_search,lu,ls,check,hausdorff_b_to_a,0.25,5000,15,41,331,0.2738612787525831,0,2.1305910155058285
zdt1_interval,random_search,lu,ls,check,hausdorff_symmetric,0.25,5000,15,41,331,0.2738612787525831,0,2.1305910155058285
zdt1_interval,random_search,lu,ls,check,coverage_a_in_b,0.25,5000,15,41,331,0.2738612787525831,0,1.0
zdt1_interval,random_search,lu,ls,check,coverage_b_in_a,0.25,5000,15,41,331,0.2738612787525831,0,0.12386706948640483
zdt1_interval,random_search,lu,ls,check,overlap,0.25,5000,15,41,331,0.2738612787525831,0,0.22043010752688172
zdt1_interval,random_search,lu,ls,check,overlap_jaccard,0.25,5000,15,41,331,0.2738612787525831,0,0.12386706948640483
zdt1_interval,random_search,lu,ls,check,cross_a_under_b,0.25,5000,15,41,331,0.2738612787525831,0,1.0
zdt1_interval,random_search,lu,ls,check,cross_b_under_a,0.25,5000,15,41,331,0.2738612787525831,0,0.12386706948640483
zdt1_interval,random_search,lu,cw,finding,hausdorff_a_to_b,0.25,5000,15,41,271,0.2738612787525831,,1.9311773131945627
zdt1_interval,random_search,lu,cw,finding,hausdorff_b_to_a,0.25,5000,15,41,271,0.2738612787525831,,2.1305910155058285
zdt1_interval,random_search,lu,cw,finding,hausdorff_symmetric,0.25,5000,15,41,271,0.2738612787525831,,2.1305910155058285
zdt1_interval,random_search,lu,cw,finding,coverage_a_in_b,0.25,5000,15,41,271,0.2738612787525831,,0.6829268292682927
zdt1_interval,random_search,lu,cw,finding,coverage_b_in_a,0.25,5000,15,41,271,0.2738612787525831,,0.1033210332103321
zdt1_interval,random_search,lu,cw,finding,overlap,0.25,5000,15,41,271,0.2738612787525831,,0.1794871794871795
zdt1_interval,random_search,lu,cw,finding,overlap_jaccard,0.25,5000,15,41,271,0.2738612787525831,,0.09859154929577466
zdt1_interval,random_search,lu,cw,finding,cross_a_under_b,0.25,5000,15,41,271,0.2738612787525831,,0.6829268292682927
zdt1_interval,random_search,lu,cw,finding,cross_b_under_a,0.25,5000,15,41,271,0.2738612787525831,,0.1033210332103321
zdt1_interval,random_search,ls,cw,check,hausdorff_a_to_b,0.25,5000,15,331,271,0.2738612787525831,0,1.9311773131945627
zdt1_interval,random_search,ls,cw,check,hausdorff_b_to_a,0.25,5000,15,331,271,0.2738612787525831,0,0.0
zdt1_interval,random_search,ls,cw,check,hausdorff_symmetric,0.25,5000,15,331,271,0.2738612787525831,0,1.9311773131945627
zdt1_interval,random_search,ls,cw,check,coverage_a_in_b,0.25,5000,15,331,271,0.2738612787525831,0,0.8187311178247734
zdt1_interval,random_search,ls,cw,check,coverage_b_in_a,0.25,5000,15,331,271,0.2738612787525831,0,1.0
zdt1_interval,random_search,ls,cw,check,overlap,0.25,5000,15,331,271,0.2738612787525831,0,0.9003322259136213
zdt1_interval,random_search,ls,cw,check,overlap_jaccard,0.25,5000,15,331,271,0.2738612787525831,0,0.8187311178247735
zdt1_interval,random_search,ls,cw,check,cross_a_under_b,0.25,5000,15,331,271,0.2738612787525831,0,0.8187311178247734
zdt1_interval,random_search,ls,cw,check,cross_b_under_a,0.25,5000,15,331,271,0.2738612787525831,0,1.0
zdt1_interval,random_search,lu,ls,check,coverage_a_in_b,0.25,5000,11,53,352,0.0,,1.0
zdt1_interval,random_search,lu,ls,check,coverage_b_in_a,0.25,5000,11,53,352,0.0,,0.15056818181818182
zdt1_interval,random_search,lu,ls,check,overlap,0.25,5000,11,53,352,0.0,,0.2617283950617284
zdt1_interval,random_search,lu,ls,check,overlap_jaccard,0.25,5000,11,53,352,0.0,,0.15056818181818182
zdt1_interval,random_search,lu,cw,finding,coverage_a_in_b,0.25,5000,11,53,287,0.0,,0.5660377358490566
zdt1_interval,random_search,lu,cw,finding,coverage_b_in_a,0.25,5000,11,53,287,0.0,,0.10452961672473868
zdt1_interval,random_search,lu,cw,finding,overlap,0.25,5000,11,53,287,0.0,,0.17647058823529413
zdt1_interval,random_search,lu,cw,finding,overlap_jaccard,0.25,5000,11,53,287,0.0,,0.09677419354838711
zdt1_interval,random_search,ls,cw,check,coverage_a_in_b,0.25,5000,11,352,287,0.0,,0.8153409090909091
zdt1_interval,random_search,ls,cw,check,coverage_b_in_a,0.25,5000,11,352,287,0.0,,1.0
zdt1_interval,random_search,ls,cw,check,overlap,0.25,5000,11,352,287,0.0,,0.8982785602503912
zdt1_interval,random_search,ls,cw,check,overlap_jaccard,0.25,5000,11,352,287,0.0,,0.8153409090909092
zdt1_interval,random_search,lu,ls,check,coverage_a_in_b,0.25,5000,12,50,328,0.0,,1.0
zdt1_interval,random_search,lu,ls,check,coverage_b_in_a,0.25,5000,12,50,328,0.0,,0.1524390243902439
zdt1_interval,random_search,lu,ls,check,overlap,0.25,5000,12,50,328,0.0,,0.26455026455026454
zdt1_interval,random_search,lu,ls,check,overlap_jaccard,0.25,5000,12,50,328,0.0,,0.1524390243902439
zdt1_interval,random_search,lu,cw,finding,coverage_a_in_b,0.25,5000,12,50,250,0.0,,0.66
zdt1_interval,random_search,lu,cw,finding,coverage_b_in_a,0.25,5000,12,50,250,0.0,,0.132
zdt1_interval,random_search,lu,cw,finding,overlap,0.25,5000,12,50,250,0.0,,0.22
zdt1_interval,random_search,lu,cw,finding,overlap_jaccard,0.25,5000,12,50,250,0.0,,0.12359550561797752
zdt1_interval,random_search,ls,cw,check,coverage_a_in_b,0.25,5000,12,328,250,0.0,,0.7621951219512195
zdt1_interval,random_search,ls,cw,check,coverage_b_in_a,0.25,5000,12,328,250,0.0,,1.0
zdt1_interval,random_search,ls,cw,check,overlap,0.25,5000,12,328,250,0.0,,0.8650519031141869
zdt1_interval,random_search,ls,cw,check,overlap_jaccard,0.25,5000,12,328,250,0.0,,0.7621951219512195
zdt1_interval,random_search,lu,ls,check,coverage_a_in_b,0.25,5000,13,59,323,0.0,,1.0
zdt1_interval,random_search,lu,ls,check,coverage_b_in_a,0.25,5000,13,59,323,0.0,,0.1826625386996904
zdt1_interval,random_search,lu,ls,check,overlap,0.25,5000,13,59,323,0.0,,0.3089005235602094
zdt1_interval,random_search,lu,ls,check,overlap_jaccard,0.25,5000,13,59,323,0.0,,0.1826625386996904
zdt1_interval,random_search,lu,cw,finding,coverage_a_in_b,0.25,5000,13,59,257,0.0,,0.5254237288135594
zdt1_interval,random_search,lu,cw,finding,coverage_b_in_a,0.25,5000,13,59,257,0.0,,0.12062256809338522
zdt1_interval,random_search,lu,cw,finding,overlap,0.25,5000,13,59,257,0.0,,0.1962025316455696
zdt1_interval,random_search,lu,cw,finding,overlap_jaccard,0.25,5000,13,59,257,0.0,,0.1087719298245614
zdt1_interval,random_search,ls,cw,check,coverage_a_in_b,0.25,5000,13,323,257,0.0,,0.7956656346749226
zdt1_interval,random_search,ls,cw,check,coverage_b_in_a,0.25,5000,13,323,257,0.0,,1.0
zdt1_interval,random_search,ls,cw,check,overlap,0.25,5000,13,323,257,0.0,,0.8862068965517241
zdt1_interval,random_search,ls,cw,check,overlap_jaccard,0.25,5000,13,323,257,0.0,,0.7956656346749225
zdt1_interval,random_search,lu,ls,check,coverage_a_in_b,0.25,5000,14,59,304,0.0,,1.0
zdt1_interval,random_search,lu,ls,check,coverage_b_in_a,0.25,5000,14,59,304,0.0,,0.19407894736842105
zdt1_interval,random_search,lu,ls,check,overlap,0.25,5000,14,59,304,0.0,,0.325068870523416
zdt1_interval,random_search,lu,ls,check,overlap_jaccard,0.25,5000,14,59,304,0.0,,0.19407894736842105
zdt1_interval,random_search,lu,cw,finding,coverage_a_in_b,0.25,5000,14,59,253,0.0,,0.7796610169491526
zdt1_interval,random_search,lu,cw,finding,coverage_b_in_a,0.25,5000,14,59,253,0.0,,0.18181818181818182
zdt1_interval,random_search,lu,cw,finding,overlap,0.25,5000,14,59,253,0.0,,0.2948717948717949
zdt1_interval,random_search,lu,cw,finding,overlap_jaccard,0.25,5000,14,59,253,0.0,,0.1729323308270677
zdt1_interval,random_search,ls,cw,check,coverage_a_in_b,0.25,5000,14,304,253,0.0,,0.8322368421052632
zdt1_interval,random_search,ls,cw,check,coverage_b_in_a,0.25,5000,14,304,253,0.0,,1.0
zdt1_interval,random_search,ls,cw,check,overlap,0.25,5000,14,304,253,0.0,,0.9084380610412927
zdt1_interval,random_search,ls,cw,check,overlap_jaccard,0.25,5000,14,304,253,0.0,,0.8322368421052633
zdt1_interval,random_search,lu,ls,check,coverage_a_in_b,0.25,5000,15,41,331,0.0,,1.0
zdt1_interval,random_search,lu,ls,check,coverage_b_in_a,0.25,5000,15,41,331,0.0,,0.12386706948640483
zdt1_interval,random_search,lu,ls,check,overlap,0.25,5000,15,41,331,0.0,,0.22043010752688172
zdt1_interval,random_search,lu,ls,check,overlap_jaccard,0.25,5000,15,41,331,0.0,,0.12386706948640483
zdt1_interval,random_search,lu,cw,finding,coverage_a_in_b,0.25,5000,15,41,271,0.0,,0.6829268292682927
zdt1_interval,random_search,lu,cw,finding,coverage_b_in_a,0.25,5000,15,41,271,0.0,,0.1033210332103321
zdt1_interval,random_search,lu,cw,finding,overlap,0.25,5000,15,41,271,0.0,,0.1794871794871795
zdt1_interval,random_search,lu,cw,finding,overlap_jaccard,0.25,5000,15,41,271,0.0,,0.09859154929577466
zdt1_interval,random_search,ls,cw,check,coverage_a_in_b,0.25,5000,15,331,271,0.0,,0.8187311178247734
zdt1_interval,random_search,ls,cw,check,coverage_b_in_a,0.25,5000,15,331,271,0.0,,1.0
zdt1_interval,random_search,ls,cw,check,overlap,0.25,5000,15,331,271,0.0,,0.9003322259136213
zdt1_interval,random_search,ls,cw,check,overlap_jaccard,0.25,5000,15,331,271,0.0,,0.8187311178247735
zdt1_interval,random_search_noise_floor,lu,lu,finding,coverage_a_in_b,0.25,5000,11,53,50,0.2738612787525831,,0.0
zdt1_interval,random_search_noise_floor,lu,lu,finding,coverage_b_in_a,0.25,5000,11,53,50,0.2738612787525831,,0.0
zdt1_interval,random_search_noise_floor,lu,lu,finding,overlap,0.25,5000,11,53,50,0.2738612787525831,,0.0
zdt1_interval,random_search_noise_floor,lu,lu,finding,overlap_jaccard,0.25,5000,11,53,50,0.2738612787525831,,0.0
zdt1_interval,random_search_noise_floor,lu,lu,finding,coverage_a_in_b,0.25,5000,12,50,59,0.2738612787525831,,0.0
zdt1_interval,random_search_noise_floor,lu,lu,finding,coverage_b_in_a,0.25,5000,12,50,59,0.2738612787525831,,0.0
zdt1_interval,random_search_noise_floor,lu,lu,finding,overlap,0.25,5000,12,50,59,0.2738612787525831,,0.0
zdt1_interval,random_search_noise_floor,lu,lu,finding,overlap_jaccard,0.25,5000,12,50,59,0.2738612787525831,,0.0
zdt1_interval,random_search_noise_floor,lu,lu,finding,coverage_a_in_b,0.25,5000,13,59,59,0.2738612787525831,,0.0
zdt1_interval,random_search_noise_floor,lu,lu,finding,coverage_b_in_a,0.25,5000,13,59,59,0.2738612787525831,,0.0
zdt1_interval,random_search_noise_floor,lu,lu,finding,overlap,0.25,5000,13,59,59,0.2738612787525831,,0.0
zdt1_interval,random_search_noise_floor,lu,lu,finding,overlap_jaccard,0.25,5000,13,59,59,0.2738612787525831,,0.0
zdt1_interval,random_search_noise_floor,lu,lu,finding,coverage_a_in_b,0.25,5000,14,59,41,0.2738612787525831,,0.0
zdt1_interval,random_search_noise_floor,lu,lu,finding,coverage_b_in_a,0.25,5000,14,59,41,0.2738612787525831,,0.0
zdt1_interval,random_search_noise_floor,lu,lu,finding,overlap,0.25,5000,14,59,41,0.2738612787525831,,0.0
zdt1_interval,random_search_noise_floor,lu,lu,finding,overlap_jaccard,0.25,5000,14,59,41,0.2738612787525831,,0.0
zdt1_interval,random_search_noise_floor,lu,lu,finding,coverage_a_in_b,0.25,5000,15,41,53,0.2738612787525831,,0.0
zdt1_interval,random_search_noise_floor,lu,lu,finding,coverage_b_in_a,0.25,5000,15,41,53,0.2738612787525831,,0.0
zdt1_interval,random_search_noise_floor,lu,lu,finding,overlap,0.25,5000,15,41,53,0.2738612787525831,,0.0
zdt1_interval,random_search_noise_floor,lu,lu,finding,overlap_jaccard,0.25,5000,15,41,53,0.2738612787525831,,0.0
zdt1_interval,random_search_noise_floor,ls,ls,finding,coverage_a_in_b,0.25,5000,11,352,328,0.2738612787525831,,0.0
zdt1_interval,random_search_noise_floor,ls,ls,finding,coverage_b_in_a,0.25,5000,11,352,328,0.2738612787525831,,0.0
zdt1_interval,random_search_noise_floor,ls,ls,finding,overlap,0.25,5000,11,352,328,0.2738612787525831,,0.0
zdt1_interval,random_search_noise_floor,ls,ls,finding,overlap_jaccard,0.25,5000,11,352,328,0.2738612787525831,,0.0
zdt1_interval,random_search_noise_floor,ls,ls,finding,coverage_a_in_b,0.25,5000,12,328,323,0.2738612787525831,,0.0
zdt1_interval,random_search_noise_floor,ls,ls,finding,coverage_b_in_a,0.25,5000,12,328,323,0.2738612787525831,,0.0
zdt1_interval,random_search_noise_floor,ls,ls,finding,overlap,0.25,5000,12,328,323,0.2738612787525831,,0.0
zdt1_interval,random_search_noise_floor,ls,ls,finding,overlap_jaccard,0.25,5000,12,328,323,0.2738612787525831,,0.0
zdt1_interval,random_search_noise_floor,ls,ls,finding,coverage_a_in_b,0.25,5000,13,323,304,0.2738612787525831,,0.0
zdt1_interval,random_search_noise_floor,ls,ls,finding,coverage_b_in_a,0.25,5000,13,323,304,0.2738612787525831,,0.0
zdt1_interval,random_search_noise_floor,ls,ls,finding,overlap,0.25,5000,13,323,304,0.2738612787525831,,0.0
zdt1_interval,random_search_noise_floor,ls,ls,finding,overlap_jaccard,0.25,5000,13,323,304,0.2738612787525831,,0.0
zdt1_interval,random_search_noise_floor,ls,ls,finding,coverage_a_in_b,0.25,5000,14,304,331,0.2738612787525831,,0.0
zdt1_interval,random_search_noise_floor,ls,ls,finding,coverage_b_in_a,0.25,5000,14,304,331,0.2738612787525831,,0.0
zdt1_interval,random_search_noise_floor,ls,ls,finding,overlap,0.25,5000,14,304,331,0.2738612787525831,,0.0
zdt1_interval,random_search_noise_floor,ls,ls,finding,overlap_jaccard,0.25,5000,14,304,331,0.2738612787525831,,0.0
zdt1_interval,random_search_noise_floor,ls,ls,finding,coverage_a_in_b,0.25,5000,15,331,352,0.2738612787525831,,0.0
zdt1_interval,random_search_noise_floor,ls,ls,finding,coverage_b_in_a,0.25,5000,15,331,352,0.2738612787525831,,0.0
zdt1_interval,random_search_noise_floor,ls,ls,finding,overlap,0.25,5000,15,331,352,0.2738612787525831,,0.0
zdt1_interval,random_search_noise_floor,ls,ls,finding,overlap_jaccard,0.25,5000,15,331,352,0.2738612787525831,,0.0
zdt1_interval,random_search_noise_floor,cw,cw,finding,coverage_a_in_b,0.25,5000,11,287,250,0.2738612787525831,,0.0
zdt1_interval,random_search_noise_floor,cw,cw,finding,coverage_b_in_a,0.25,5000,11,287,250,0.2738612787525831,,0.0
zdt1_interval,random_search_noise_floor,cw,cw,finding,overlap,0.25,5000,11,287,250,0.2738612787525831,,0.0
zdt1_interval,random_search_noise_floor,cw,cw,finding,overlap_jaccard,0.25,5000,11,287,250,0.2738612787525831,,0.0
zdt1_interval,random_search_noise_floor,cw,cw,finding,coverage_a_in_b,0.25,5000,12,250,257,0.2738612787525831,,0.0
zdt1_interval,random_search_noise_floor,cw,cw,finding,coverage_b_in_a,0.25,5000,12,250,257,0.2738612787525831,,0.0
zdt1_interval,random_search_noise_floor,cw,cw,finding,overlap,0.25,5000,12,250,257,0.2738612787525831,,0.0
zdt1_interval,random_search_noise_floor,cw,cw,finding,overlap_jaccard,0.25,5000,12,250,257,0.2738612787525831,,0.0
zdt1_interval,random_search_noise_floor,cw,cw,finding,coverage_a_in_b,0.25,5000,13,257,253,0.2738612787525831,,0.0
zdt1_interval,random_search_noise_floor,cw,cw,finding,coverage_b_in_a,0.25,5000,13,257,253,0.2738612787525831,,0.0
zdt1_interval,random_search_noise_floor,cw,cw,finding,overlap,0.25,5000,13,257,253,0.2738612787525831,,0.0
zdt1_interval,random_search_noise_floor,cw,cw,finding,overlap_jaccard,0.25,5000,13,257,253,0.2738612787525831,,0.0
zdt1_interval,random_search_noise_floor,cw,cw,finding,coverage_a_in_b,0.25,5000,14,253,271,0.2738612787525831,,0.0
zdt1_interval,random_search_noise_floor,cw,cw,finding,coverage_b_in_a,0.25,5000,14,253,271,0.2738612787525831,,0.0
zdt1_interval,random_search_noise_floor,cw,cw,finding,overlap,0.25,5000,14,253,271,0.2738612787525831,,0.0
zdt1_interval,random_search_noise_floor,cw,cw,finding,overlap_jaccard,0.25,5000,14,253,271,0.2738612787525831,,0.0
zdt1_interval,random_search_noise_floor,cw,cw,finding,coverage_a_in_b,0.25,5000,15,271,287,0.2738612787525831,,0.0
zdt1_interval,random_search_noise_floor,cw,cw,finding,coverage_b_in_a,0.25,5000,15,271,287,0.2738612787525831,,0.0
zdt1_interval,random_search_noise_floor,cw,cw,finding,overlap,0.25,5000,15,271,287,0.2738612787525831,,0.0
zdt1_interval,random_search_noise_floor,cw,cw,finding,overlap_jaccard,0.25,5000,15,271,287,0.2738612787525831,,0.0
zdt1_interval,random_search,lu,ls,check,hausdorff_a_to_b,0.5,5000,11,68,389,0.2738612787525831,0,0.0
zdt1_interval,random_search,lu,ls,check,hausdorff_b_to_a,0.5,5000,11,68,389,0.2738612787525831,0,2.0364504374874053
zdt1_interval,random_search,lu,ls,check,hausdorff_symmetric,0.5,5000,11,68,389,0.2738612787525831,0,2.0364504374874053
zdt1_interval,random_search,lu,ls,check,coverage_a_in_b,0.5,5000,11,68,389,0.2738612787525831,0,1.0
zdt1_interval,random_search,lu,ls,check,coverage_b_in_a,0.5,5000,11,68,389,0.2738612787525831,0,0.17480719794344474
zdt1_interval,random_search,lu,ls,check,overlap,0.5,5000,11,68,389,0.2738612787525831,0,0.2975929978118162
zdt1_interval,random_search,lu,ls,check,overlap_jaccard,0.5,5000,11,68,389,0.2738612787525831,0,0.17480719794344474
zdt1_interval,random_search,lu,ls,check,cross_a_under_b,0.5,5000,11,68,389,0.2738612787525831,0,1.0
zdt1_interval,random_search,lu,ls,check,cross_b_under_a,0.5,5000,11,68,389,0.2738612787525831,0,0.17480719794344474
zdt1_interval,random_search,lu,cw,finding,hausdorff_a_to_b,0.5,5000,11,68,287,0.2738612787525831,,1.8150533424717474
zdt1_interval,random_search,lu,cw,finding,hausdorff_b_to_a,0.5,5000,11,68,287,0.2738612787525831,,2.0364504374874053
zdt1_interval,random_search,lu,cw,finding,hausdorff_symmetric,0.5,5000,11,68,287,0.2738612787525831,,2.0364504374874053
zdt1_interval,random_search,lu,cw,finding,coverage_a_in_b,0.5,5000,11,68,287,0.2738612787525831,,0.5147058823529411
zdt1_interval,random_search,lu,cw,finding,coverage_b_in_a,0.5,5000,11,68,287,0.2738612787525831,,0.12195121951219512
zdt1_interval,random_search,lu,cw,finding,overlap,0.5,5000,11,68,287,0.2738612787525831,,0.19718309859154928
zdt1_interval,random_search,lu,cw,finding,overlap_jaccard,0.5,5000,11,68,287,0.2738612787525831,,0.10937499999999999
zdt1_interval,random_search,lu,cw,finding,cross_a_under_b,0.5,5000,11,68,287,0.2738612787525831,,0.5147058823529411
zdt1_interval,random_search,lu,cw,finding,cross_b_under_a,0.5,5000,11,68,287,0.2738612787525831,,0.12195121951219512
zdt1_interval,random_search,ls,cw,check,hausdorff_a_to_b,0.5,5000,11,389,287,0.2738612787525831,0,1.8150533424717474
zdt1_interval,random_search,ls,cw,check,hausdorff_b_to_a,0.5,5000,11,389,287,0.2738612787525831,0,0.0
zdt1_interval,random_search,ls,cw,check,hausdorff_symmetric,0.5,5000,11,389,287,0.2738612787525831,0,1.8150533424717474
zdt1_interval,random_search,ls,cw,check,coverage_a_in_b,0.5,5000,11,389,287,0.2738612787525831,0,0.7377892030848329
zdt1_interval,random_search,ls,cw,check,coverage_b_in_a,0.5,5000,11,389,287,0.2738612787525831,0,1.0
zdt1_interval,random_search,ls,cw,check,overlap,0.5,5000,11,389,287,0.2738612787525831,0,0.849112426035503
zdt1_interval,random_search,ls,cw,check,overlap_jaccard,0.5,5000,11,389,287,0.2738612787525831,0,0.7377892030848329
zdt1_interval,random_search,ls,cw,check,cross_a_under_b,0.5,5000,11,389,287,0.2738612787525831,0,0.7377892030848329
zdt1_interval,random_search,ls,cw,check,cross_b_under_a,0.5,5000,11,389,287,0.2738612787525831,0,1.0
zdt1_interval,random_search,lu,ls,check,hausdorff_a_to_b,0.5,5000,12,67,371,0.2738612787525831,0,0.0
zdt1_interval,random_search,lu,ls,check,hausdorff_b_to_a,0.5,5000,12,67,371,0.2738612787525831,0,2.055989022197513
zdt1_interval,random_search,lu,ls,check,hausdorff_symmetric,0.5,5000,12,67,371,0.2738612787525831,0,2.055989022197513
zdt1_interval,random_search,lu,ls,check,coverage_a_in_b,0.5,5000,12,67,371,0.2738612787525831,0,1.0
zdt1_interval,random_search,lu,ls,check,coverage_b_in_a,0.5,5000,12,67,371,0.2738612787525831,0,0.18059299191374664
zdt1_interval,random_search,lu,ls,check,overlap,0.5,5000,12,67,371,0.2738612787525831,0,0.3059360730593607
zdt1_interval,random_search,lu,ls,check,overlap_jaccard,0.5,5000,12,67,371,0.2738612787525831,0,0.18059299191374661
zdt1_interval,random_search,lu,ls,check,cross_a_under_b,0.5,5000,12,67,371,0.2738612787525831,0,1.0
zdt1_interval,random_search,lu,ls,check,cross_b_under_a,0.5,5000,12,67,371,0.2738612787525831,0,0.18059299191374664
zdt1_interval,random_search,lu,cw,finding,hausdorff_a_to_b,0.5,5000,12,67,250,0.2738612787525831,,1.7483775408186994
zdt1_interval,random_search,lu,cw,finding,hausdorff_b_to_a,0.5,5000,12,67,250,0.2738612787525831,,1.9877133408387404
zdt1_interval,random_search,lu,cw,finding,hausdorff_symmetric,0.5,5000,12,67,250,0.2738612787525831,,1.9877133408387404
zdt1_interval,random_search,lu,cw,finding,coverage_a_in_b,0.5,5000,12,67,250,0.2738612787525831,,0.6119402985074627
zdt1_interval,random_search,lu,cw,finding,coverage_b_in_a,0.5,5000,12,67,250,0.2738612787525831,,0.164
zdt1_interval,random_search,lu,cw,finding,overlap,0.5,5000,12,67,250,0.2738612787525831,,0.2586750788643533
zdt1_interval,random_search,lu,cw,finding,overlap_jaccard,0.5,5000,12,67,250,0.2738612787525831,,0.14855072463768115
zdt1_interval,random_search,lu,cw,finding,cross_a_under_b,0.5,5000,12,67,250,0.2738612787525831,,0.6119402985074627
zdt1_interval,random_search,lu,cw,finding,cross_b_under_a,0.5,5000,12,67,250,0.2738612787525831,,0.164
zdt1_interval,random_search,ls,cw,check,hausdorff_a_to_b,0.5,5000,12,371,250,0.2738612787525831,0,1.8174242275223793
zdt1_interval,random_search,ls,cw,check,hausdorff_b_to_a,0.5,5000,12,371,250,0.2738612787525831,0,0.0
zdt1_interval,random_search,ls,cw,check,hausdorff_symmetric,0.5,5000,12,371,250,0.2738612787525831,0,1.8174242275223793
zdt1_interval,random_search,ls,cw,check,coverage_a_in_b,0.5,5000,12,371,250,0.2738612787525831,0,0.6738544474393531
zdt1_interval,random_search,ls,cw,check,coverage_b_in_a,0.5,5000,12,371,250,0.2738612787525831,0,1.0
zdt1_interval,random_search,ls,cw,check,overlap,0.5,5000,12,371,250,0.2738612787525831,0,0.8051529790660226
zdt1_interval,random_search,ls,cw,check,overlap_jaccard,0.5,5000,12,371,250,0.2738612787525831,0,0.6738544474393531
zdt1_interval,random_search,ls,cw,check,cross_a_under_b,0.5,5000,12,371,250,0.2738612787525831,0,0.6738544474393531
zdt1_interval,random_search,ls,cw,check,cross_b_under_a,0.5,5000,12,371,250,0.2738612787525831,0,1.0
zdt1_interval,random_search,lu,ls,check,hausdorff_a_to_b,0.5,5000,13,92,382,0.2738612787525831,0,0.0
zdt1_interval,random_search,lu,ls,check,hausdorff_b_to_a,0.5,5000,13,92,382,0.2738612787525831,0,2.006685781846711
zdt1_interval,random_search,lu,ls,check,hausdorff_symmetric,0.5,5000,13,92,382,0.2738612787525831,0,2.006685781846711
zdt1_interval,random_search,lu,ls,check,coverage_a_in_b,0.5,5000,13,92,382,0.2738612787525831,0,1.0
zdt1_interval,random_search,lu,ls,check,coverage_b_in_a,0.5,5000,13,92,382,0.2738612787525831,0,0.24083769633507854
zdt1_interval,random_search,lu,ls,check,overlap,0.5,5000,13,92,382,0.2738612787525831,0,0.3881856540084388
zdt1_interval,random_search,lu,ls,check,overlap_jaccard,0.5,5000,13,92,382,0.2738612787525831,0,0.2408376963350785
zdt1_interval,random_search,lu,ls,check,cross_a_under_b,0.5,5000,13,92,382,0.2738612787525831,0,1.0
zdt1_interval,random_search,lu,ls,check,cross_b_under_a,0.5,5000,13,92,382,0.2738612787525831,0,0.24083769633507854
zdt1_interval,random_search,lu,cw,finding,hausdorff_a_to_b,0.5,5000,13,92,257,0.2738612787525831,,1.8261313087509699
zdt1_interval,random_search,lu,cw,finding,hausdorff_b_to_a,0.5,5000,13,92,257,0.2738612787525831,,2.006685781846711
zdt1_interval,random_search,lu,cw,finding,hausdorff_symmetric,0.5,5000,13,92,257,0.2738612787525831,,2.006685781846711
zdt1_interval,random_search,lu,cw,finding,coverage_a_in_b,0.5,5000,13,92,257,0.2738612787525831,,0.44565217391304346
zdt1_interval,random_search,lu,cw,finding,coverage_b_in_a,0.5,5000,13,92,257,0.2738612787525831,,0.15953307392996108
zdt1_interval,random_search,lu,cw,finding,overlap,0.5,5000,13,92,257,0.2738612787525831,,0.2349570200573066
zdt1_interval,random_search,lu,cw,finding,overlap_jaccard,0.5,5000,13,92,257,0.2738612787525831,,0.1331168831168831
zdt1_interval,random_search,lu,cw,finding,cross_a_under_b,0.5,5000,13,92,257,0.2738612787525831,,0.44565217391304346
zdt1_interval,random_search,lu,cw,finding,cross_b_under_a,0.5,5000,13,92,257,0.2738612787525831,,0.17509727626459143
zdt1_interval,random_search,ls,cw,check,hausdorff_a_to_b,0.5,5000,13,382,257,0.2738612787525831,0,1.8261313087509699
zdt1_interval,random_search,ls,cw,check,hausdorff_b_to_a,0.5,5000,13,382,257,0.2738612787525831,0,0.0
zdt1_interval,random_search,ls,cw,check,hausdorff_symmetric,0.5,5000,13,382,257,0.2738612787525831,0,1.8261313087509699
zdt1_interval,random_search,ls,cw,check,coverage_a_in_b,0.5,5000,13,382,257,0.2738612787525831,0,0.6727748691099477
zdt1_interval,random_search,ls,cw,check,coverage_b_in_a,0.5,5000,13,382,257,0.2738612787525831,0,1.0
zdt1_interval,random_search,ls,cw,check,overlap,0.5,5000,13,382,257,0.2738612787525831,0,0.8043818466353677
zdt1_interval,random_search,ls,cw,check,overlap_jaccard,0.5,5000,13,382,257,0.2738612787525831,0,0.6727748691099477
zdt1_interval,random_search,ls,cw,check,cross_a_under_b,0.5,5000,13,382,257,0.2738612787525831,0,0.6727748691099477
zdt1_interval,random_search,ls,cw,check,cross_b_under_a,0.5,5000,13,382,257,0.2738612787525831,0,1.0
zdt1_interval,random_search,lu,ls,check,hausdorff_a_to_b,0.5,5000,14,90,356,0.2738612787525831,0,0.0
zdt1_interval,random_search,lu,ls,check,hausdorff_b_to_a,0.5,5000,14,90,356,0.2738612787525831,0,1.9825257547797959
zdt1_interval,random_search,lu,ls,check,hausdorff_symmetric,0.5,5000,14,90,356,0.2738612787525831,0,1.9825257547797959
zdt1_interval,random_search,lu,ls,check,coverage_a_in_b,0.5,5000,14,90,356,0.2738612787525831,0,1.0
zdt1_interval,random_search,lu,ls,check,coverage_b_in_a,0.5,5000,14,90,356,0.2738612787525831,0,0.25280898876404495
zdt1_interval,random_search,lu,ls,check,overlap,0.5,5000,14,90,356,0.2738612787525831,0,0.40358744394618834
zdt1_interval,random_search,lu,ls,check,overlap_jaccard,0.5,5000,14,90,356,0.2738612787525831,0,0.25280898876404495
zdt1_interval,random_search,lu,ls,check,cross_a_under_b,0.5,5000,14,90,356,0.2738612787525831,0,1.0
zdt1_interval,random_search,lu,ls,check,cross_b_under_a,0.5,5000,14,90,356,0.2738612787525831,0,0.25280898876404495
zdt1_interval,random_search,lu,cw,finding,hausdorff_a_to_b,0.5,5000,14,90,253,0.2738612787525831,,1.8024068434260077
zdt1_interval,random_search,lu,cw,finding,hausdorff_b_to_a,0.5,5000,14,90,253,0.2738612787525831,,1.9825257547797959
zdt1_interval,random_search,lu,cw,finding,hausdorff_symmetric,0.5,5000,14,90,253,0.2738612787525831,,1.9825257547797959
zdt1_interval,random_search,lu,cw,finding,coverage_a_in_b,0.5,5000,14,90,253,0.2738612787525831,,0.6555555555555556
zdt1_interval,random_search,lu,cw,finding,coverage_b_in_a,0.5,5000,14,90,253,0.2738612787525831,,0.233201581027668
zdt1_interval,random_search,lu,cw,finding,overlap,0.5,5000,14,90,253,0.2738612787525831,,0.34402332361516036
zdt1_interval,random_search,lu,cw,finding,overlap_jaccard,0.5,5000,14,90,253,0.2738612787525831,,0.20774647887323944
zdt1_interval,random_search,lu,cw,finding,cross_a_under_b,0.5,5000,14,90,253,0.2738612787525831,,0.6666666666666666
zdt1_interval,random_search,lu,cw,finding,cross_b_under_a,0.5,5000,14,90,253,0.2738612787525831,,0.233201581027668
zdt1_interval,random_search,ls,cw,check,hausdorff_a_to_b,0.5,5000,14,356,253,0.2738612787525831,0,1.8024068434260077
zdt1_interval,random_search,ls,cw,check,hausdorff_b_to_a,0.5,5000,14,356,253,0.2738612787525831,0,0.0
zdt1_interval,random_search,ls,cw,check,hausdorff_symmetric,0.5,5000,14,356,253,0.2738612787525831,0,1.8024068434260077
zdt1_interval,random_search,ls,cw,check,coverage_a_in_b,0.5,5000,14,356,253,0.2738612787525831,0,0.7106741573033708
zdt1_interval,random_search,ls,cw,check,coverage_b_in_a,0.5,5000,14,356,253,0.2738612787525831,0,1.0
zdt1_interval,random_search,ls,cw,check,overlap,0.5,5000,14,356,253,0.2738612787525831,0,0.8308702791461412
zdt1_interval,random_search,ls,cw,check,overlap_jaccard,0.5,5000,14,356,253,0.2738612787525831,0,0.7106741573033708
zdt1_interval,random_search,ls,cw,check,cross_a_under_b,0.5,5000,14,356,253,0.2738612787525831,0,0.7106741573033708
zdt1_interval,random_search,ls,cw,check,cross_b_under_a,0.5,5000,14,356,253,0.2738612787525831,0,1.0
zdt1_interval,random_search,lu,ls,check,hausdorff_a_to_b,0.5,5000,15,66,390,0.2738612787525831,0,0.0
zdt1_interval,random_search,lu,ls,check,hausdorff_b_to_a,0.5,5000,15,66,390,0.2738612787525831,0,2.0953980055585784
zdt1_interval,random_search,lu,ls,check,hausdorff_symmetric,0.5,5000,15,66,390,0.2738612787525831,0,2.0953980055585784
zdt1_interval,random_search,lu,ls,check,coverage_a_in_b,0.5,5000,15,66,390,0.2738612787525831,0,1.0
zdt1_interval,random_search,lu,ls,check,coverage_b_in_a,0.5,5000,15,66,390,0.2738612787525831,0,0.16923076923076924
zdt1_interval,random_search,lu,ls,check,overlap,0.5,5000,15,66,390,0.2738612787525831,0,0.2894736842105263
zdt1_interval,random_search,lu,ls,check,overlap_jaccard,0.5,5000,15,66,390,0.2738612787525831,0,0.16923076923076924
zdt1_interval,random_search,lu,ls,check,cross_a_under_b,0.5,5000,15,66,390,0.2738612787525831,0,1.0
zdt1_interval,random_search,lu,ls,check,cross_b_under_a,0.5,5000,15,66,390,0.2738612787525831,0,0.16923076923076924
zdt1_interval,random_search,lu,cw,finding,hausdorff_a_to_b,0.5,5000,15,66,271,0.2738612787525831,,1.9311773131945627
zdt1_interval,random_search,lu,cw,finding,hausdorff_b_to_a,0.5,5000,15,66,271,0.2738612787525831,,2.0953980055585784
zdt1_interval,random_search,lu,cw,finding,hausdorff_symmetric,0.5,5000,15,66,271,0.2738612787525831,,2.0953980055585784
zdt1_interval,random_search,lu,cw,finding,coverage_a_in_b,0.5,5000,15,66,271,0.2738612787525831,,0.5454545454545454
zdt1_interval,random_search,lu,cw,finding,coverage_b_in_a,0.5,5000,15,66,271,0.2738612787525831,,0.13284132841328414
zdt1_interval,random_search,lu,cw,finding,overlap,0.5,5000,15,66,271,0.2738612787525831,,0.21364985163204747
zdt1_interval,random_search,lu,cw,finding,overlap_jaccard,0.5,5000,15,66,271,0.2738612787525831,,0.11960132890365449
zdt1_interval,random_search,lu,cw,finding,cross_a_under_b,0.5,5000,15,66,271,0.2738612787525831,,0.5606060606060606
zdt1_interval,random_search,lu,cw,finding,cross_b_under_a,0.5,5000,15,66,271,0.2738612787525831,,0.13653136531365315
zdt1_interval,random_search,ls,cw,check,hausdorff_a_to_b,0.5,5000,15,390,271,0.2738612787525831,0,1.9311773131945627
zdt1_interval,random_search,ls,cw,check,hausdorff_b_to_a,0.5,5000,15,390,271,0.2738612787525831,0,0.0
zdt1_interval,random_search,ls,cw,check,hausdorff_symmetric,0.5,5000,15,390,271,0.2738612787525831,0,1.9311773131945627
zdt1_interval,random_search,ls,cw,check,coverage_a_in_b,0.5,5000,15,390,271,0.2738612787525831,0,0.6948717948717948
zdt1_interval,random_search,ls,cw,check,coverage_b_in_a,0.5,5000,15,390,271,0.2738612787525831,0,1.0
zdt1_interval,random_search,ls,cw,check,overlap,0.5,5000,15,390,271,0.2738612787525831,0,0.8199697428139183
zdt1_interval,random_search,ls,cw,check,overlap_jaccard,0.5,5000,15,390,271,0.2738612787525831,0,0.6948717948717948
zdt1_interval,random_search,ls,cw,check,cross_a_under_b,0.5,5000,15,390,271,0.2738612787525831,0,0.6948717948717948
zdt1_interval,random_search,ls,cw,check,cross_b_under_a,0.5,5000,15,390,271,0.2738612787525831,0,1.0
zdt1_interval,random_search,lu,ls,check,coverage_a_in_b,0.5,5000,11,68,389,0.0,,1.0
zdt1_interval,random_search,lu,ls,check,coverage_b_in_a,0.5,5000,11,68,389,0.0,,0.17480719794344474
zdt1_interval,random_search,lu,ls,check,overlap,0.5,5000,11,68,389,0.0,,0.2975929978118162
zdt1_interval,random_search,lu,ls,check,overlap_jaccard,0.5,5000,11,68,389,0.0,,0.17480719794344474
zdt1_interval,random_search,lu,cw,finding,coverage_a_in_b,0.5,5000,11,68,287,0.0,,0.5147058823529411
zdt1_interval,random_search,lu,cw,finding,coverage_b_in_a,0.5,5000,11,68,287,0.0,,0.12195121951219512
zdt1_interval,random_search,lu,cw,finding,overlap,0.5,5000,11,68,287,0.0,,0.19718309859154928
zdt1_interval,random_search,lu,cw,finding,overlap_jaccard,0.5,5000,11,68,287,0.0,,0.10937499999999999
zdt1_interval,random_search,ls,cw,check,coverage_a_in_b,0.5,5000,11,389,287,0.0,,0.7377892030848329
zdt1_interval,random_search,ls,cw,check,coverage_b_in_a,0.5,5000,11,389,287,0.0,,1.0
zdt1_interval,random_search,ls,cw,check,overlap,0.5,5000,11,389,287,0.0,,0.849112426035503
zdt1_interval,random_search,ls,cw,check,overlap_jaccard,0.5,5000,11,389,287,0.0,,0.7377892030848329
zdt1_interval,random_search,lu,ls,check,coverage_a_in_b,0.5,5000,12,67,371,0.0,,1.0
zdt1_interval,random_search,lu,ls,check,coverage_b_in_a,0.5,5000,12,67,371,0.0,,0.18059299191374664
zdt1_interval,random_search,lu,ls,check,overlap,0.5,5000,12,67,371,0.0,,0.3059360730593607
zdt1_interval,random_search,lu,ls,check,overlap_jaccard,0.5,5000,12,67,371,0.0,,0.18059299191374661
zdt1_interval,random_search,lu,cw,finding,coverage_a_in_b,0.5,5000,12,67,250,0.0,,0.6119402985074627
zdt1_interval,random_search,lu,cw,finding,coverage_b_in_a,0.5,5000,12,67,250,0.0,,0.164
zdt1_interval,random_search,lu,cw,finding,overlap,0.5,5000,12,67,250,0.0,,0.2586750788643533
zdt1_interval,random_search,lu,cw,finding,overlap_jaccard,0.5,5000,12,67,250,0.0,,0.14855072463768115
zdt1_interval,random_search,ls,cw,check,coverage_a_in_b,0.5,5000,12,371,250,0.0,,0.6738544474393531
zdt1_interval,random_search,ls,cw,check,coverage_b_in_a,0.5,5000,12,371,250,0.0,,1.0
zdt1_interval,random_search,ls,cw,check,overlap,0.5,5000,12,371,250,0.0,,0.8051529790660226
zdt1_interval,random_search,ls,cw,check,overlap_jaccard,0.5,5000,12,371,250,0.0,,0.6738544474393531
zdt1_interval,random_search,lu,ls,check,coverage_a_in_b,0.5,5000,13,92,382,0.0,,1.0
zdt1_interval,random_search,lu,ls,check,coverage_b_in_a,0.5,5000,13,92,382,0.0,,0.24083769633507854
zdt1_interval,random_search,lu,ls,check,overlap,0.5,5000,13,92,382,0.0,,0.3881856540084388
zdt1_interval,random_search,lu,ls,check,overlap_jaccard,0.5,5000,13,92,382,0.0,,0.2408376963350785
zdt1_interval,random_search,lu,cw,finding,coverage_a_in_b,0.5,5000,13,92,257,0.0,,0.44565217391304346
zdt1_interval,random_search,lu,cw,finding,coverage_b_in_a,0.5,5000,13,92,257,0.0,,0.15953307392996108
zdt1_interval,random_search,lu,cw,finding,overlap,0.5,5000,13,92,257,0.0,,0.2349570200573066
zdt1_interval,random_search,lu,cw,finding,overlap_jaccard,0.5,5000,13,92,257,0.0,,0.1331168831168831
zdt1_interval,random_search,ls,cw,check,coverage_a_in_b,0.5,5000,13,382,257,0.0,,0.6727748691099477
zdt1_interval,random_search,ls,cw,check,coverage_b_in_a,0.5,5000,13,382,257,0.0,,1.0
zdt1_interval,random_search,ls,cw,check,overlap,0.5,5000,13,382,257,0.0,,0.8043818466353677
zdt1_interval,random_search,ls,cw,check,overlap_jaccard,0.5,5000,13,382,257,0.0,,0.6727748691099477
zdt1_interval,random_search,lu,ls,check,coverage_a_in_b,0.5,5000,14,90,356,0.0,,1.0
zdt1_interval,random_search,lu,ls,check,coverage_b_in_a,0.5,5000,14,90,356,0.0,,0.25280898876404495
zdt1_interval,random_search,lu,ls,check,overlap,0.5,5000,14,90,356,0.0,,0.40358744394618834
zdt1_interval,random_search,lu,ls,check,overlap_jaccard,0.5,5000,14,90,356,0.0,,0.25280898876404495
zdt1_interval,random_search,lu,cw,finding,coverage_a_in_b,0.5,5000,14,90,253,0.0,,0.6555555555555556
zdt1_interval,random_search,lu,cw,finding,coverage_b_in_a,0.5,5000,14,90,253,0.0,,0.233201581027668
zdt1_interval,random_search,lu,cw,finding,overlap,0.5,5000,14,90,253,0.0,,0.34402332361516036
zdt1_interval,random_search,lu,cw,finding,overlap_jaccard,0.5,5000,14,90,253,0.0,,0.20774647887323944
zdt1_interval,random_search,ls,cw,check,coverage_a_in_b,0.5,5000,14,356,253,0.0,,0.7106741573033708
zdt1_interval,random_search,ls,cw,check,coverage_b_in_a,0.5,5000,14,356,253,0.0,,1.0
zdt1_interval,random_search,ls,cw,check,overlap,0.5,5000,14,356,253,0.0,,0.8308702791461412
zdt1_interval,random_search,ls,cw,check,overlap_jaccard,0.5,5000,14,356,253,0.0,,0.7106741573033708
zdt1_interval,random_search,lu,ls,check,coverage_a_in_b,0.5,5000,15,66,390,0.0,,1.0
zdt1_interval,random_search,lu,ls,check,coverage_b_in_a,0.5,5000,15,66,390,0.0,,0.16923076923076924
zdt1_interval,random_search,lu,ls,check,overlap,0.5,5000,15,66,390,0.0,,0.2894736842105263
zdt1_interval,random_search,lu,ls,check,overlap_jaccard,0.5,5000,15,66,390,0.0,,0.16923076923076924
zdt1_interval,random_search,lu,cw,finding,coverage_a_in_b,0.5,5000,15,66,271,0.0,,0.5454545454545454
zdt1_interval,random_search,lu,cw,finding,coverage_b_in_a,0.5,5000,15,66,271,0.0,,0.13284132841328414
zdt1_interval,random_search,lu,cw,finding,overlap,0.5,5000,15,66,271,0.0,,0.21364985163204747
zdt1_interval,random_search,lu,cw,finding,overlap_jaccard,0.5,5000,15,66,271,0.0,,0.11960132890365449
zdt1_interval,random_search,ls,cw,check,coverage_a_in_b,0.5,5000,15,390,271,0.0,,0.6948717948717948
zdt1_interval,random_search,ls,cw,check,coverage_b_in_a,0.5,5000,15,390,271,0.0,,1.0
zdt1_interval,random_search,ls,cw,check,overlap,0.5,5000,15,390,271,0.0,,0.8199697428139183
zdt1_interval,random_search,ls,cw,check,overlap_jaccard,0.5,5000,15,390,271,0.0,,0.6948717948717948
zdt1_interval,random_search_noise_floor,lu,lu,finding,coverage_a_in_b,0.5,5000,11,68,67,0.2738612787525831,,0.0
zdt1_interval,random_search_noise_floor,lu,lu,finding,coverage_b_in_a,0.5,5000,11,68,67,0.2738612787525831,,0.0
zdt1_interval,random_search_noise_floor,lu,lu,finding,overlap,0.5,5000,11,68,67,0.2738612787525831,,0.0
zdt1_interval,random_search_noise_floor,lu,lu,finding,overlap_jaccard,0.5,5000,11,68,67,0.2738612787525831,,0.0
zdt1_interval,random_search_noise_floor,lu,lu,finding,coverage_a_in_b,0.5,5000,12,67,92,0.2738612787525831,,0.0
zdt1_interval,random_search_noise_floor,lu,lu,finding,coverage_b_in_a,0.5,5000,12,67,92,0.2738612787525831,,0.0
zdt1_interval,random_search_noise_floor,lu,lu,finding,overlap,0.5,5000,12,67,92,0.2738612787525831,,0.0
zdt1_interval,random_search_noise_floor,lu,lu,finding,overlap_jaccard,0.5,5000,12,67,92,0.2738612787525831,,0.0
zdt1_interval,random_search_noise_floor,lu,lu,finding,coverage_a_in_b,0.5,5000,13,92,90,0.2738612787525831,,0.0
zdt1_interval,random_search_noise_floor,lu,lu,finding,coverage_b_in_a,0.5,5000,13,92,90,0.2738612787525831,,0.0
zdt1_interval,random_search_noise_floor,lu,lu,finding,overlap,0.5,5000,13,92,90,0.2738612787525831,,0.0
zdt1_interval,random_search_noise_floor,lu,lu,finding,overlap_jaccard,0.5,5000,13,92,90,0.2738612787525831,,0.0
zdt1_interval,random_search_noise_floor,lu,lu,finding,coverage_a_in_b,0.5,5000,14,90,66,0.2738612787525831,,0.0
zdt1_interval,random_search_noise_floor,lu,lu,finding,coverage_b_in_a,0.5,5000,14,90,66,0.2738612787525831,,0.0
zdt1_interval,random_search_noise_floor,lu,lu,finding,overlap,0.5,5000,14,90,66,0.2738612787525831,,0.0
zdt1_interval,random_search_noise_floor,lu,lu,finding,overlap_jaccard,0.5,5000,14,90,66,0.2738612787525831,,0.0
zdt1_interval,random_search_noise_floor,lu,lu,finding,coverage_a_in_b,0.5,5000,15,66,68,0.2738612787525831,,0.0
zdt1_interval,random_search_noise_floor,lu,lu,finding,coverage_b_in_a,0.5,5000,15,66,68,0.2738612787525831,,0.0
zdt1_interval,random_search_noise_floor,lu,lu,finding,overlap,0.5,5000,15,66,68,0.2738612787525831,,0.0
zdt1_interval,random_search_noise_floor,lu,lu,finding,overlap_jaccard,0.5,5000,15,66,68,0.2738612787525831,,0.0
zdt1_interval,random_search_noise_floor,ls,ls,finding,coverage_a_in_b,0.5,5000,11,389,371,0.2738612787525831,,0.0
zdt1_interval,random_search_noise_floor,ls,ls,finding,coverage_b_in_a,0.5,5000,11,389,371,0.2738612787525831,,0.0
zdt1_interval,random_search_noise_floor,ls,ls,finding,overlap,0.5,5000,11,389,371,0.2738612787525831,,0.0
zdt1_interval,random_search_noise_floor,ls,ls,finding,overlap_jaccard,0.5,5000,11,389,371,0.2738612787525831,,0.0
zdt1_interval,random_search_noise_floor,ls,ls,finding,coverage_a_in_b,0.5,5000,12,371,382,0.2738612787525831,,0.0
zdt1_interval,random_search_noise_floor,ls,ls,finding,coverage_b_in_a,0.5,5000,12,371,382,0.2738612787525831,,0.0
zdt1_interval,random_search_noise_floor,ls,ls,finding,overlap,0.5,5000,12,371,382,0.2738612787525831,,0.0
zdt1_interval,random_search_noise_floor,ls,ls,finding,overlap_jaccard,0.5,5000,12,371,382,0.2738612787525831,,0.0
zdt1_interval,random_search_noise_floor,ls,ls,finding,coverage_a_in_b,0.5,5000,13,382,356,0.2738612787525831,,0.0
zdt1_interval,random_search_noise_floor,ls,ls,finding,coverage_b_in_a,0.5,5000,13,382,356,0.2738612787525831,,0.0
zdt1_interval,random_search_noise_floor,ls,ls,finding,overlap,0.5,5000,13,382,356,0.2738612787525831,,0.0
zdt1_interval,random_search_noise_floor,ls,ls,finding,overlap_jaccard,0.5,5000,13,382,356,0.2738612787525831,,0.0
zdt1_interval,random_search_noise_floor,ls,ls,finding,coverage_a_in_b,0.5,5000,14,356,390,0.2738612787525831,,0.0
zdt1_interval,random_search_noise_floor,ls,ls,finding,coverage_b_in_a,0.5,5000,14,356,390,0.2738612787525831,,0.0
zdt1_interval,random_search_noise_floor,ls,ls,finding,overlap,0.5,5000,14,356,390,0.2738612787525831,,0.0
zdt1_interval,random_search_noise_floor,ls,ls,finding,overlap_jaccard,0.5,5000,14,356,390,0.2738612787525831,,0.0
zdt1_interval,random_search_noise_floor,ls,ls,finding,coverage_a_in_b,0.5,5000,15,390,389,0.2738612787525831,,0.0
zdt1_interval,random_search_noise_floor,ls,ls,finding,coverage_b_in_a,0.5,5000,15,390,389,0.2738612787525831,,0.0
zdt1_interval,random_search_noise_floor,ls,ls,finding,overlap,0.5,5000,15,390,389,0.2738612787525831,,0.0
zdt1_interval,random_search_noise_floor,ls,ls,finding,overlap_jaccard,0.5,5000,15,390,389,0.2738612787525831,,0.0
zdt1_interval,random_search_noise_floor,cw,cw,finding,coverage_a_in_b,0.5,5000,11,287,250,0.2738612787525831,,0.0
zdt1_interval,random_search_noise_floor,cw,cw,finding,coverage_b_in_a,0.5,5000,11,287,250,0.2738612787525831,,0.0
zdt1_interval,random_search_noise_floor,cw,cw,finding,overlap,0.5,5000,11,287,250,0.2738612787525831,,0.0
zdt1_interval,random_search_noise_floor,cw,cw,finding,overlap_jaccard,0.5,5000,11,287,250,0.2738612787525831,,0.0
zdt1_interval,random_search_noise_floor,cw,cw,finding,coverage_a_in_b,0.5,5000,12,250,257,0.2738612787525831,,0.0
zdt1_interval,random_search_noise_floor,cw,cw,finding,coverage_b_in_a,0.5,5000,12,250,257,0.2738612787525831,,0.0
zdt1_interval,random_search_noise_floor,cw,cw,finding,overlap,0.5,5000,12,250,257,0.2738612787525831,,0.0
zdt1_interval,random_search_noise_floor,cw,cw,finding,overlap_jaccard,0.5,5000,12,250,257,0.2738612787525831,,0.0
zdt1_interval,random_search_noise_floor,cw,cw,finding,coverage_a_in_b,0.5,5000,13,257,253,0.2738612787525831,,0.0
zdt1_interval,random_search_noise_floor,cw,cw,finding,coverage_b_in_a,0.5,5000,13,257,253,0.2738612787525831,,0.0
zdt1_interval,random_search_noise_floor,cw,cw,finding,overlap,0.5,5000,13,257,253,0.2738612787525831,,0.0
zdt1_interval,random_search_noise_floor,cw,cw,finding,overlap_jaccard,0.5,5000,13,257,253,0.2738612787525831,,0.0
zdt1_interval,random_search_noise_floor,cw,cw,finding,coverage_a_in_b,0.5,5000,14,253,271,0.2738612787525831,,0.0
zdt1_interval,random_search_noise_floor,cw,cw,finding,coverage_b_in_a,0.5,5000,14,253,271,0.2738612787525831,,0.0
zdt1_interval,random_search_noise_floor,cw,cw,finding,overlap,0.5,5000,14,253,271,0.2738612787525831,,0.0
zdt1_interval,random_search_noise_floor,cw,cw,finding,overlap_jaccard,0.5,5000,14,253,271,0.2738612787525831,,0.0
zdt1_interval,random_search_noise_floor,cw,cw,finding,coverage_a_in_b,0.5,5000,15,271,287,0.2738612787525831,,0.0
zdt1_interval,random_search_noise_floor,cw,cw,finding,coverage_b_in_a,0.5,5000,15,271,287,0.2738612787525831,,0.0
zdt1_interval,random_search_noise_floor,cw,cw,finding,overlap,0.5,5000,15,271,287,0.2738612787525831,,0.0
zdt1_interval,random_search_noise_floor,cw,cw,finding,overlap_jaccard,0.5,5000,15,271,287,0.2738612787525831,,0.0
dtlz2_interval,random_search,lu,ls,check,hausdorff_a_to_b,0.0,5000,11,159,159,0.17320508075688773,0,0.0
dtlz2_interval,random_search,lu,ls,check,hausdorff_b_to_a,0.0,5000,11,159,159,0.17320508075688773,0,0.0
dtlz2_interval,random_search,lu,ls,check,hausdorff_symmetric,0.0,5000,11,159,159,0.17320508075688773,0,0.0
dtlz2_interval,random_search,lu,ls,check,coverage_a_in_b,0.0,5000,11,159,159,0.17320508075688773,0,1.0
dtlz2_interval,random_search,lu,ls,check,coverage_b_in_a,0.0,5000,11,159,159,0.17320508075688773,0,1.0
dtlz2_interval,random_search,lu,ls,check,overlap,0.0,5000,11,159,159,0.17320508075688773,0,1.0
dtlz2_interval,random_search,lu,ls,check,overlap_jaccard,0.0,5000,11,159,159,0.17320508075688773,0,1.0
dtlz2_interval,random_search,lu,ls,check,cross_a_under_b,0.0,5000,11,159,159,0.17320508075688773,0,1.0
dtlz2_interval,random_search,lu,ls,check,cross_b_under_a,0.0,5000,11,159,159,0.17320508075688773,0,1.0
dtlz2_interval,random_search,lu,cw,finding,hausdorff_a_to_b,0.0,5000,11,159,159,0.17320508075688773,,0.0
dtlz2_interval,random_search,lu,cw,finding,hausdorff_b_to_a,0.0,5000,11,159,159,0.17320508075688773,,0.0
dtlz2_interval,random_search,lu,cw,finding,hausdorff_symmetric,0.0,5000,11,159,159,0.17320508075688773,,0.0
dtlz2_interval,random_search,lu,cw,finding,coverage_a_in_b,0.0,5000,11,159,159,0.17320508075688773,,1.0
dtlz2_interval,random_search,lu,cw,finding,coverage_b_in_a,0.0,5000,11,159,159,0.17320508075688773,,1.0
dtlz2_interval,random_search,lu,cw,finding,overlap,0.0,5000,11,159,159,0.17320508075688773,,1.0
dtlz2_interval,random_search,lu,cw,finding,overlap_jaccard,0.0,5000,11,159,159,0.17320508075688773,,1.0
dtlz2_interval,random_search,lu,cw,finding,cross_a_under_b,0.0,5000,11,159,159,0.17320508075688773,,1.0
dtlz2_interval,random_search,lu,cw,finding,cross_b_under_a,0.0,5000,11,159,159,0.17320508075688773,,1.0
dtlz2_interval,random_search,ls,cw,check,hausdorff_a_to_b,0.0,5000,11,159,159,0.17320508075688773,0,0.0
dtlz2_interval,random_search,ls,cw,check,hausdorff_b_to_a,0.0,5000,11,159,159,0.17320508075688773,0,0.0
dtlz2_interval,random_search,ls,cw,check,hausdorff_symmetric,0.0,5000,11,159,159,0.17320508075688773,0,0.0
dtlz2_interval,random_search,ls,cw,check,coverage_a_in_b,0.0,5000,11,159,159,0.17320508075688773,0,1.0
dtlz2_interval,random_search,ls,cw,check,coverage_b_in_a,0.0,5000,11,159,159,0.17320508075688773,0,1.0
dtlz2_interval,random_search,ls,cw,check,overlap,0.0,5000,11,159,159,0.17320508075688773,0,1.0
dtlz2_interval,random_search,ls,cw,check,overlap_jaccard,0.0,5000,11,159,159,0.17320508075688773,0,1.0
dtlz2_interval,random_search,ls,cw,check,cross_a_under_b,0.0,5000,11,159,159,0.17320508075688773,0,1.0
dtlz2_interval,random_search,ls,cw,check,cross_b_under_a,0.0,5000,11,159,159,0.17320508075688773,0,1.0
dtlz2_interval,random_search,lu,ls,check,hausdorff_a_to_b,0.0,5000,12,172,172,0.17320508075688773,0,0.0
dtlz2_interval,random_search,lu,ls,check,hausdorff_b_to_a,0.0,5000,12,172,172,0.17320508075688773,0,0.0
dtlz2_interval,random_search,lu,ls,check,hausdorff_symmetric,0.0,5000,12,172,172,0.17320508075688773,0,0.0
dtlz2_interval,random_search,lu,ls,check,coverage_a_in_b,0.0,5000,12,172,172,0.17320508075688773,0,1.0
dtlz2_interval,random_search,lu,ls,check,coverage_b_in_a,0.0,5000,12,172,172,0.17320508075688773,0,1.0
dtlz2_interval,random_search,lu,ls,check,overlap,0.0,5000,12,172,172,0.17320508075688773,0,1.0
dtlz2_interval,random_search,lu,ls,check,overlap_jaccard,0.0,5000,12,172,172,0.17320508075688773,0,1.0
dtlz2_interval,random_search,lu,ls,check,cross_a_under_b,0.0,5000,12,172,172,0.17320508075688773,0,1.0
dtlz2_interval,random_search,lu,ls,check,cross_b_under_a,0.0,5000,12,172,172,0.17320508075688773,0,1.0
dtlz2_interval,random_search,lu,cw,finding,hausdorff_a_to_b,0.0,5000,12,172,172,0.17320508075688773,,0.0
dtlz2_interval,random_search,lu,cw,finding,hausdorff_b_to_a,0.0,5000,12,172,172,0.17320508075688773,,0.0
dtlz2_interval,random_search,lu,cw,finding,hausdorff_symmetric,0.0,5000,12,172,172,0.17320508075688773,,0.0
dtlz2_interval,random_search,lu,cw,finding,coverage_a_in_b,0.0,5000,12,172,172,0.17320508075688773,,1.0
dtlz2_interval,random_search,lu,cw,finding,coverage_b_in_a,0.0,5000,12,172,172,0.17320508075688773,,1.0
dtlz2_interval,random_search,lu,cw,finding,overlap,0.0,5000,12,172,172,0.17320508075688773,,1.0
dtlz2_interval,random_search,lu,cw,finding,overlap_jaccard,0.0,5000,12,172,172,0.17320508075688773,,1.0
dtlz2_interval,random_search,lu,cw,finding,cross_a_under_b,0.0,5000,12,172,172,0.17320508075688773,,1.0
dtlz2_interval,random_search,lu,cw,finding,cross_b_under_a,0.0,5000,12,172,172,0.17320508075688773,,1.0
dtlz2_interval,random_search,ls,cw,check,hausdorff_a_to_b,0.0,5000,12,172,172,0.17320508075688773,0,0.0
dtlz2_interval,random_search,ls,cw,check,hausdorff_b_to_a,0.0,5000,12,172,172,0.17320508075688773,0,0.0
dtlz2_interval,random_search,ls,cw,check,hausdorff_symmetric,0.0,5000,12,172,172,0.17320508075688773,0,0.0
dtlz2_interval,random_search,ls,cw,check,coverage_a_in_b,0.0,5000,12,172,172,0.17320508075688773,0,1.0
dtlz2_interval,random_search,ls,cw,check,coverage_b_in_a,0.0,5000,12,172,172,0.17320508075688773,0,1.0
dtlz2_interval,random_search,ls,cw,check,overlap,0.0,5000,12,172,172,0.17320508075688773,0,1.0
dtlz2_interval,random_search,ls,cw,check,overlap_jaccard,0.0,5000,12,172,172,0.17320508075688773,0,1.0
dtlz2_interval,random_search,ls,cw,check,cross_a_under_b,0.0,5000,12,172,172,0.17320508075688773,0,1.0
dtlz2_interval,random_search,ls,cw,check,cross_b_under_a,0.0,5000,12,172,172,0.17320508075688773,0,1.0
dtlz2_interval,random_search,lu,ls,check,hausdorff_a_to_b,0.0,5000,13,150,150,0.17320508075688773,0,0.0
dtlz2_interval,random_search,lu,ls,check,hausdorff_b_to_a,0.0,5000,13,150,150,0.17320508075688773,0,0.0
dtlz2_interval,random_search,lu,ls,check,hausdorff_symmetric,0.0,5000,13,150,150,0.17320508075688773,0,0.0
dtlz2_interval,random_search,lu,ls,check,coverage_a_in_b,0.0,5000,13,150,150,0.17320508075688773,0,1.0
dtlz2_interval,random_search,lu,ls,check,coverage_b_in_a,0.0,5000,13,150,150,0.17320508075688773,0,1.0
dtlz2_interval,random_search,lu,ls,check,overlap,0.0,5000,13,150,150,0.17320508075688773,0,1.0
dtlz2_interval,random_search,lu,ls,check,overlap_jaccard,0.0,5000,13,150,150,0.17320508075688773,0,1.0
dtlz2_interval,random_search,lu,ls,check,cross_a_under_b,0.0,5000,13,150,150,0.17320508075688773,0,1.0
dtlz2_interval,random_search,lu,ls,check,cross_b_under_a,0.0,5000,13,150,150,0.17320508075688773,0,1.0
dtlz2_interval,random_search,lu,cw,finding,hausdorff_a_to_b,0.0,5000,13,150,150,0.17320508075688773,,0.0
dtlz2_interval,random_search,lu,cw,finding,hausdorff_b_to_a,0.0,5000,13,150,150,0.17320508075688773,,0.0
dtlz2_interval,random_search,lu,cw,finding,hausdorff_symmetric,0.0,5000,13,150,150,0.17320508075688773,,0.0
dtlz2_interval,random_search,lu,cw,finding,coverage_a_in_b,0.0,5000,13,150,150,0.17320508075688773,,1.0
dtlz2_interval,random_search,lu,cw,finding,coverage_b_in_a,0.0,5000,13,150,150,0.17320508075688773,,1.0
dtlz2_interval,random_search,lu,cw,finding,overlap,0.0,5000,13,150,150,0.17320508075688773,,1.0
dtlz2_interval,random_search,lu,cw,finding,overlap_jaccard,0.0,5000,13,150,150,0.17320508075688773,,1.0
dtlz2_interval,random_search,lu,cw,finding,cross_a_under_b,0.0,5000,13,150,150,0.17320508075688773,,1.0
dtlz2_interval,random_search,lu,cw,finding,cross_b_under_a,0.0,5000,13,150,150,0.17320508075688773,,1.0
dtlz2_interval,random_search,ls,cw,check,hausdorff_a_to_b,0.0,5000,13,150,150,0.17320508075688773,0,0.0
dtlz2_interval,random_search,ls,cw,check,hausdorff_b_to_a,0.0,5000,13,150,150,0.17320508075688773,0,0.0
dtlz2_interval,random_search,ls,cw,check,hausdorff_symmetric,0.0,5000,13,150,150,0.17320508075688773,0,0.0
dtlz2_interval,random_search,ls,cw,check,coverage_a_in_b,0.0,5000,13,150,150,0.17320508075688773,0,1.0
dtlz2_interval,random_search,ls,cw,check,coverage_b_in_a,0.0,5000,13,150,150,0.17320508075688773,0,1.0
dtlz2_interval,random_search,ls,cw,check,overlap,0.0,5000,13,150,150,0.17320508075688773,0,1.0
dtlz2_interval,random_search,ls,cw,check,overlap_jaccard,0.0,5000,13,150,150,0.17320508075688773,0,1.0
dtlz2_interval,random_search,ls,cw,check,cross_a_under_b,0.0,5000,13,150,150,0.17320508075688773,0,1.0
dtlz2_interval,random_search,ls,cw,check,cross_b_under_a,0.0,5000,13,150,150,0.17320508075688773,0,1.0
dtlz2_interval,random_search,lu,ls,check,hausdorff_a_to_b,0.0,5000,14,146,146,0.17320508075688773,0,0.0
dtlz2_interval,random_search,lu,ls,check,hausdorff_b_to_a,0.0,5000,14,146,146,0.17320508075688773,0,0.0
dtlz2_interval,random_search,lu,ls,check,hausdorff_symmetric,0.0,5000,14,146,146,0.17320508075688773,0,0.0
dtlz2_interval,random_search,lu,ls,check,coverage_a_in_b,0.0,5000,14,146,146,0.17320508075688773,0,1.0
dtlz2_interval,random_search,lu,ls,check,coverage_b_in_a,0.0,5000,14,146,146,0.17320508075688773,0,1.0
dtlz2_interval,random_search,lu,ls,check,overlap,0.0,5000,14,146,146,0.17320508075688773,0,1.0
dtlz2_interval,random_search,lu,ls,check,overlap_jaccard,0.0,5000,14,146,146,0.17320508075688773,0,1.0
dtlz2_interval,random_search,lu,ls,check,cross_a_under_b,0.0,5000,14,146,146,0.17320508075688773,0,1.0
dtlz2_interval,random_search,lu,ls,check,cross_b_under_a,0.0,5000,14,146,146,0.17320508075688773,0,1.0
dtlz2_interval,random_search,lu,cw,finding,hausdorff_a_to_b,0.0,5000,14,146,146,0.17320508075688773,,0.0
dtlz2_interval,random_search,lu,cw,finding,hausdorff_b_to_a,0.0,5000,14,146,146,0.17320508075688773,,0.0
dtlz2_interval,random_search,lu,cw,finding,hausdorff_symmetric,0.0,5000,14,146,146,0.17320508075688773,,0.0
dtlz2_interval,random_search,lu,cw,finding,coverage_a_in_b,0.0,5000,14,146,146,0.17320508075688773,,1.0
dtlz2_interval,random_search,lu,cw,finding,coverage_b_in_a,0.0,5000,14,146,146,0.17320508075688773,,1.0
dtlz2_interval,random_search,lu,cw,finding,overlap,0.0,5000,14,146,146,0.17320508075688773,,1.0
dtlz2_interval,random_search,lu,cw,finding,overlap_jaccard,0.0,5000,14,146,146,0.17320508075688773,,1.0
dtlz2_interval,random_search,lu,cw,finding,cross_a_under_b,0.0,5000,14,146,146,0.17320508075688773,,1.0
dtlz2_interval,random_search,lu,cw,finding,cross_b_under_a,0.0,5000,14,146,146,0.17320508075688773,,1.0
dtlz2_interval,random_search,ls,cw,check,hausdorff_a_to_b,0.0,5000,14,146,146,0.17320508075688773,0,0.0
dtlz2_interval,random_search,ls,cw,check,hausdorff_b_to_a,0.0,5000,14,146,146,0.17320508075688773,0,0.0
dtlz2_interval,random_search,ls,cw,check,hausdorff_symmetric,0.0,5000,14,146,146,0.17320508075688773,0,0.0
dtlz2_interval,random_search,ls,cw,check,coverage_a_in_b,0.0,5000,14,146,146,0.17320508075688773,0,1.0
dtlz2_interval,random_search,ls,cw,check,coverage_b_in_a,0.0,5000,14,146,146,0.17320508075688773,0,1.0
dtlz2_interval,random_search,ls,cw,check,overlap,0.0,5000,14,146,146,0.17320508075688773,0,1.0
dtlz2_interval,random_search,ls,cw,check,overlap_jaccard,0.0,5000,14,146,146,0.17320508075688773,0,1.0
dtlz2_interval,random_search,ls,cw,check,cross_a_under_b,0.0,5000,14,146,146,0.17320508075688773,0,1.0
dtlz2_interval,random_search,ls,cw,check,cross_b_under_a,0.0,5000,14,146,146,0.17320508075688773,0,1.0
dtlz2_interval,random_search,lu,ls,check,hausdorff_a_to_b,0.0,5000,15,128,128,0.17320508075688773,0,0.0
dtlz2_interval,random_search,lu,ls,check,hausdorff_b_to_a,0.0,5000,15,128,128,0.17320508075688773,0,0.0
dtlz2_interval,random_search,lu,ls,check,hausdorff_symmetric,0.0,5000,15,128,128,0.17320508075688773,0,0.0
dtlz2_interval,random_search,lu,ls,check,coverage_a_in_b,0.0,5000,15,128,128,0.17320508075688773,0,1.0
dtlz2_interval,random_search,lu,ls,check,coverage_b_in_a,0.0,5000,15,128,128,0.17320508075688773,0,1.0
dtlz2_interval,random_search,lu,ls,check,overlap,0.0,5000,15,128,128,0.17320508075688773,0,1.0
dtlz2_interval,random_search,lu,ls,check,overlap_jaccard,0.0,5000,15,128,128,0.17320508075688773,0,1.0
dtlz2_interval,random_search,lu,ls,check,cross_a_under_b,0.0,5000,15,128,128,0.17320508075688773,0,1.0
dtlz2_interval,random_search,lu,ls,check,cross_b_under_a,0.0,5000,15,128,128,0.17320508075688773,0,1.0
dtlz2_interval,random_search,lu,cw,finding,hausdorff_a_to_b,0.0,5000,15,128,128,0.17320508075688773,,0.0
dtlz2_interval,random_search,lu,cw,finding,hausdorff_b_to_a,0.0,5000,15,128,128,0.17320508075688773,,0.0
dtlz2_interval,random_search,lu,cw,finding,hausdorff_symmetric,0.0,5000,15,128,128,0.17320508075688773,,0.0
dtlz2_interval,random_search,lu,cw,finding,coverage_a_in_b,0.0,5000,15,128,128,0.17320508075688773,,1.0
dtlz2_interval,random_search,lu,cw,finding,coverage_b_in_a,0.0,5000,15,128,128,0.17320508075688773,,1.0
dtlz2_interval,random_search,lu,cw,finding,overlap,0.0,5000,15,128,128,0.17320508075688773,,1.0
dtlz2_interval,random_search,lu,cw,finding,overlap_jaccard,0.0,5000,15,128,128,0.17320508075688773,,1.0
dtlz2_interval,random_search,lu,cw,finding,cross_a_under_b,0.0,5000,15,128,128,0.17320508075688773,,1.0
dtlz2_interval,random_search,lu,cw,finding,cross_b_under_a,0.0,5000,15,128,128,0.17320508075688773,,1.0
dtlz2_interval,random_search,ls,cw,check,hausdorff_a_to_b,0.0,5000,15,128,128,0.17320508075688773,0,0.0
dtlz2_interval,random_search,ls,cw,check,hausdorff_b_to_a,0.0,5000,15,128,128,0.17320508075688773,0,0.0
dtlz2_interval,random_search,ls,cw,check,hausdorff_symmetric,0.0,5000,15,128,128,0.17320508075688773,0,0.0
dtlz2_interval,random_search,ls,cw,check,coverage_a_in_b,0.0,5000,15,128,128,0.17320508075688773,0,1.0
dtlz2_interval,random_search,ls,cw,check,coverage_b_in_a,0.0,5000,15,128,128,0.17320508075688773,0,1.0
dtlz2_interval,random_search,ls,cw,check,overlap,0.0,5000,15,128,128,0.17320508075688773,0,1.0
dtlz2_interval,random_search,ls,cw,check,overlap_jaccard,0.0,5000,15,128,128,0.17320508075688773,0,1.0
dtlz2_interval,random_search,ls,cw,check,cross_a_under_b,0.0,5000,15,128,128,0.17320508075688773,0,1.0
dtlz2_interval,random_search,ls,cw,check,cross_b_under_a,0.0,5000,15,128,128,0.17320508075688773,0,1.0
dtlz2_interval,random_search,lu,ls,check,coverage_a_in_b,0.0,5000,11,159,159,0.0,,1.0
dtlz2_interval,random_search,lu,ls,check,coverage_b_in_a,0.0,5000,11,159,159,0.0,,1.0
dtlz2_interval,random_search,lu,ls,check,overlap,0.0,5000,11,159,159,0.0,,1.0
dtlz2_interval,random_search,lu,ls,check,overlap_jaccard,0.0,5000,11,159,159,0.0,,1.0
dtlz2_interval,random_search,lu,cw,finding,coverage_a_in_b,0.0,5000,11,159,159,0.0,,1.0
dtlz2_interval,random_search,lu,cw,finding,coverage_b_in_a,0.0,5000,11,159,159,0.0,,1.0
dtlz2_interval,random_search,lu,cw,finding,overlap,0.0,5000,11,159,159,0.0,,1.0
dtlz2_interval,random_search,lu,cw,finding,overlap_jaccard,0.0,5000,11,159,159,0.0,,1.0
dtlz2_interval,random_search,ls,cw,check,coverage_a_in_b,0.0,5000,11,159,159,0.0,,1.0
dtlz2_interval,random_search,ls,cw,check,coverage_b_in_a,0.0,5000,11,159,159,0.0,,1.0
dtlz2_interval,random_search,ls,cw,check,overlap,0.0,5000,11,159,159,0.0,,1.0
dtlz2_interval,random_search,ls,cw,check,overlap_jaccard,0.0,5000,11,159,159,0.0,,1.0
dtlz2_interval,random_search,lu,ls,check,coverage_a_in_b,0.0,5000,12,172,172,0.0,,1.0
dtlz2_interval,random_search,lu,ls,check,coverage_b_in_a,0.0,5000,12,172,172,0.0,,1.0
dtlz2_interval,random_search,lu,ls,check,overlap,0.0,5000,12,172,172,0.0,,1.0
dtlz2_interval,random_search,lu,ls,check,overlap_jaccard,0.0,5000,12,172,172,0.0,,1.0
dtlz2_interval,random_search,lu,cw,finding,coverage_a_in_b,0.0,5000,12,172,172,0.0,,1.0
dtlz2_interval,random_search,lu,cw,finding,coverage_b_in_a,0.0,5000,12,172,172,0.0,,1.0
dtlz2_interval,random_search,lu,cw,finding,overlap,0.0,5000,12,172,172,0.0,,1.0
dtlz2_interval,random_search,lu,cw,finding,overlap_jaccard,0.0,5000,12,172,172,0.0,,1.0
dtlz2_interval,random_search,ls,cw,check,coverage_a_in_b,0.0,5000,12,172,172,0.0,,1.0
dtlz2_interval,random_search,ls,cw,check,coverage_b_in_a,0.0,5000,12,172,172,0.0,,1.0
dtlz2_interval,random_search,ls,cw,check,overlap,0.0,5000,12,172,172,0.0,,1.0
dtlz2_interval,random_search,ls,cw,check,overlap_jaccard,0.0,5000,12,172,172,0.0,,1.0
dtlz2_interval,random_search,lu,ls,check,coverage_a_in_b,0.0,5000,13,150,150,0.0,,1.0
dtlz2_interval,random_search,lu,ls,check,coverage_b_in_a,0.0,5000,13,150,150,0.0,,1.0
dtlz2_interval,random_search,lu,ls,check,overlap,0.0,5000,13,150,150,0.0,,1.0
dtlz2_interval,random_search,lu,ls,check,overlap_jaccard,0.0,5000,13,150,150,0.0,,1.0
dtlz2_interval,random_search,lu,cw,finding,coverage_a_in_b,0.0,5000,13,150,150,0.0,,1.0
dtlz2_interval,random_search,lu,cw,finding,coverage_b_in_a,0.0,5000,13,150,150,0.0,,1.0
dtlz2_interval,random_search,lu,cw,finding,overlap,0.0,5000,13,150,150,0.0,,1.0
dtlz2_interval,random_search,lu,cw,finding,overlap_jaccard,0.0,5000,13,150,150,0.0,,1.0
dtlz2_interval,random_search,ls,cw,check,coverage_a_in_b,0.0,5000,13,150,150,0.0,,1.0
dtlz2_interval,random_search,ls,cw,check,coverage_b_in_a,0.0,5000,13,150,150,0.0,,1.0
dtlz2_interval,random_search,ls,cw,check,overlap,0.0,5000,13,150,150,0.0,,1.0
dtlz2_interval,random_search,ls,cw,check,overlap_jaccard,0.0,5000,13,150,150,0.0,,1.0
dtlz2_interval,random_search,lu,ls,check,coverage_a_in_b,0.0,5000,14,146,146,0.0,,1.0
dtlz2_interval,random_search,lu,ls,check,coverage_b_in_a,0.0,5000,14,146,146,0.0,,1.0
dtlz2_interval,random_search,lu,ls,check,overlap,0.0,5000,14,146,146,0.0,,1.0
dtlz2_interval,random_search,lu,ls,check,overlap_jaccard,0.0,5000,14,146,146,0.0,,1.0
dtlz2_interval,random_search,lu,cw,finding,coverage_a_in_b,0.0,5000,14,146,146,0.0,,1.0
dtlz2_interval,random_search,lu,cw,finding,coverage_b_in_a,0.0,5000,14,146,146,0.0,,1.0
dtlz2_interval,random_search,lu,cw,finding,overlap,0.0,5000,14,146,146,0.0,,1.0
dtlz2_interval,random_search,lu,cw,finding,overlap_jaccard,0.0,5000,14,146,146,0.0,,1.0
dtlz2_interval,random_search,ls,cw,check,coverage_a_in_b,0.0,5000,14,146,146,0.0,,1.0
dtlz2_interval,random_search,ls,cw,check,coverage_b_in_a,0.0,5000,14,146,146,0.0,,1.0
dtlz2_interval,random_search,ls,cw,check,overlap,0.0,5000,14,146,146,0.0,,1.0
dtlz2_interval,random_search,ls,cw,check,overlap_jaccard,0.0,5000,14,146,146,0.0,,1.0
dtlz2_interval,random_search,lu,ls,check,coverage_a_in_b,0.0,5000,15,128,128,0.0,,1.0
dtlz2_interval,random_search,lu,ls,check,coverage_b_in_a,0.0,5000,15,128,128,0.0,,1.0
dtlz2_interval,random_search,lu,ls,check,overlap,0.0,5000,15,128,128,0.0,,1.0
dtlz2_interval,random_search,lu,ls,check,overlap_jaccard,0.0,5000,15,128,128,0.0,,1.0
dtlz2_interval,random_search,lu,cw,finding,coverage_a_in_b,0.0,5000,15,128,128,0.0,,1.0
dtlz2_interval,random_search,lu,cw,finding,coverage_b_in_a,0.0,5000,15,128,128,0.0,,1.0
dtlz2_interval,random_search,lu,cw,finding,overlap,0.0,5000,15,128,128,0.0,,1.0
dtlz2_interval,random_search,lu,cw,finding,overlap_jaccard,0.0,5000,15,128,128,0.0,,1.0
dtlz2_interval,random_search,ls,cw,check,coverage_a_in_b,0.0,5000,15,128,128,0.0,,1.0
dtlz2_interval,random_search,ls,cw,check,coverage_b_in_a,0.0,5000,15,128,128,0.0,,1.0
dtlz2_interval,random_search,ls,cw,check,overlap,0.0,5000,15,128,128,0.0,,1.0
dtlz2_interval,random_search,ls,cw,check,overlap_jaccard,0.0,5000,15,128,128,0.0,,1.0
dtlz2_interval,random_search_noise_floor,lu,lu,finding,coverage_a_in_b,0.0,5000,11,159,172,0.17320508075688773,,0.0
dtlz2_interval,random_search_noise_floor,lu,lu,finding,coverage_b_in_a,0.0,5000,11,159,172,0.17320508075688773,,0.0
dtlz2_interval,random_search_noise_floor,lu,lu,finding,overlap,0.0,5000,11,159,172,0.17320508075688773,,0.0
dtlz2_interval,random_search_noise_floor,lu,lu,finding,overlap_jaccard,0.0,5000,11,159,172,0.17320508075688773,,0.0
dtlz2_interval,random_search_noise_floor,lu,lu,finding,coverage_a_in_b,0.0,5000,12,172,150,0.17320508075688773,,0.0
dtlz2_interval,random_search_noise_floor,lu,lu,finding,coverage_b_in_a,0.0,5000,12,172,150,0.17320508075688773,,0.0
dtlz2_interval,random_search_noise_floor,lu,lu,finding,overlap,0.0,5000,12,172,150,0.17320508075688773,,0.0
dtlz2_interval,random_search_noise_floor,lu,lu,finding,overlap_jaccard,0.0,5000,12,172,150,0.17320508075688773,,0.0
dtlz2_interval,random_search_noise_floor,lu,lu,finding,coverage_a_in_b,0.0,5000,13,150,146,0.17320508075688773,,0.0
dtlz2_interval,random_search_noise_floor,lu,lu,finding,coverage_b_in_a,0.0,5000,13,150,146,0.17320508075688773,,0.0
dtlz2_interval,random_search_noise_floor,lu,lu,finding,overlap,0.0,5000,13,150,146,0.17320508075688773,,0.0
dtlz2_interval,random_search_noise_floor,lu,lu,finding,overlap_jaccard,0.0,5000,13,150,146,0.17320508075688773,,0.0
dtlz2_interval,random_search_noise_floor,lu,lu,finding,coverage_a_in_b,0.0,5000,14,146,128,0.17320508075688773,,0.0
dtlz2_interval,random_search_noise_floor,lu,lu,finding,coverage_b_in_a,0.0,5000,14,146,128,0.17320508075688773,,0.0
dtlz2_interval,random_search_noise_floor,lu,lu,finding,overlap,0.0,5000,14,146,128,0.17320508075688773,,0.0
dtlz2_interval,random_search_noise_floor,lu,lu,finding,overlap_jaccard,0.0,5000,14,146,128,0.17320508075688773,,0.0
dtlz2_interval,random_search_noise_floor,lu,lu,finding,coverage_a_in_b,0.0,5000,15,128,159,0.17320508075688773,,0.0
dtlz2_interval,random_search_noise_floor,lu,lu,finding,coverage_b_in_a,0.0,5000,15,128,159,0.17320508075688773,,0.0
dtlz2_interval,random_search_noise_floor,lu,lu,finding,overlap,0.0,5000,15,128,159,0.17320508075688773,,0.0
dtlz2_interval,random_search_noise_floor,lu,lu,finding,overlap_jaccard,0.0,5000,15,128,159,0.17320508075688773,,0.0
dtlz2_interval,random_search_noise_floor,ls,ls,finding,coverage_a_in_b,0.0,5000,11,159,172,0.17320508075688773,,0.0
dtlz2_interval,random_search_noise_floor,ls,ls,finding,coverage_b_in_a,0.0,5000,11,159,172,0.17320508075688773,,0.0
dtlz2_interval,random_search_noise_floor,ls,ls,finding,overlap,0.0,5000,11,159,172,0.17320508075688773,,0.0
dtlz2_interval,random_search_noise_floor,ls,ls,finding,overlap_jaccard,0.0,5000,11,159,172,0.17320508075688773,,0.0
dtlz2_interval,random_search_noise_floor,ls,ls,finding,coverage_a_in_b,0.0,5000,12,172,150,0.17320508075688773,,0.0
dtlz2_interval,random_search_noise_floor,ls,ls,finding,coverage_b_in_a,0.0,5000,12,172,150,0.17320508075688773,,0.0
dtlz2_interval,random_search_noise_floor,ls,ls,finding,overlap,0.0,5000,12,172,150,0.17320508075688773,,0.0
dtlz2_interval,random_search_noise_floor,ls,ls,finding,overlap_jaccard,0.0,5000,12,172,150,0.17320508075688773,,0.0
dtlz2_interval,random_search_noise_floor,ls,ls,finding,coverage_a_in_b,0.0,5000,13,150,146,0.17320508075688773,,0.0
dtlz2_interval,random_search_noise_floor,ls,ls,finding,coverage_b_in_a,0.0,5000,13,150,146,0.17320508075688773,,0.0
dtlz2_interval,random_search_noise_floor,ls,ls,finding,overlap,0.0,5000,13,150,146,0.17320508075688773,,0.0
dtlz2_interval,random_search_noise_floor,ls,ls,finding,overlap_jaccard,0.0,5000,13,150,146,0.17320508075688773,,0.0
dtlz2_interval,random_search_noise_floor,ls,ls,finding,coverage_a_in_b,0.0,5000,14,146,128,0.17320508075688773,,0.0
dtlz2_interval,random_search_noise_floor,ls,ls,finding,coverage_b_in_a,0.0,5000,14,146,128,0.17320508075688773,,0.0
dtlz2_interval,random_search_noise_floor,ls,ls,finding,overlap,0.0,5000,14,146,128,0.17320508075688773,,0.0
dtlz2_interval,random_search_noise_floor,ls,ls,finding,overlap_jaccard,0.0,5000,14,146,128,0.17320508075688773,,0.0
dtlz2_interval,random_search_noise_floor,ls,ls,finding,coverage_a_in_b,0.0,5000,15,128,159,0.17320508075688773,,0.0
dtlz2_interval,random_search_noise_floor,ls,ls,finding,coverage_b_in_a,0.0,5000,15,128,159,0.17320508075688773,,0.0
dtlz2_interval,random_search_noise_floor,ls,ls,finding,overlap,0.0,5000,15,128,159,0.17320508075688773,,0.0
dtlz2_interval,random_search_noise_floor,ls,ls,finding,overlap_jaccard,0.0,5000,15,128,159,0.17320508075688773,,0.0
dtlz2_interval,random_search_noise_floor,cw,cw,finding,coverage_a_in_b,0.0,5000,11,159,172,0.17320508075688773,,0.0
dtlz2_interval,random_search_noise_floor,cw,cw,finding,coverage_b_in_a,0.0,5000,11,159,172,0.17320508075688773,,0.0
dtlz2_interval,random_search_noise_floor,cw,cw,finding,overlap,0.0,5000,11,159,172,0.17320508075688773,,0.0
dtlz2_interval,random_search_noise_floor,cw,cw,finding,overlap_jaccard,0.0,5000,11,159,172,0.17320508075688773,,0.0
dtlz2_interval,random_search_noise_floor,cw,cw,finding,coverage_a_in_b,0.0,5000,12,172,150,0.17320508075688773,,0.0
dtlz2_interval,random_search_noise_floor,cw,cw,finding,coverage_b_in_a,0.0,5000,12,172,150,0.17320508075688773,,0.0
dtlz2_interval,random_search_noise_floor,cw,cw,finding,overlap,0.0,5000,12,172,150,0.17320508075688773,,0.0
dtlz2_interval,random_search_noise_floor,cw,cw,finding,overlap_jaccard,0.0,5000,12,172,150,0.17320508075688773,,0.0
dtlz2_interval,random_search_noise_floor,cw,cw,finding,coverage_a_in_b,0.0,5000,13,150,146,0.17320508075688773,,0.0
dtlz2_interval,random_search_noise_floor,cw,cw,finding,coverage_b_in_a,0.0,5000,13,150,146,0.17320508075688773,,0.0
dtlz2_interval,random_search_noise_floor,cw,cw,finding,overlap,0.0,5000,13,150,146,0.17320508075688773,,0.0
dtlz2_interval,random_search_noise_floor,cw,cw,finding,overlap_jaccard,0.0,5000,13,150,146,0.17320508075688773,,0.0
dtlz2_interval,random_search_noise_floor,cw,cw,finding,coverage_a_in_b,0.0,5000,14,146,128,0.17320508075688773,,0.0
dtlz2_interval,random_search_noise_floor,cw,cw,finding,coverage_b_in_a,0.0,5000,14,146,128,0.17320508075688773,,0.0
dtlz2_interval,random_search_noise_floor,cw,cw,finding,overlap,0.0,5000,14,146,128,0.17320508075688773,,0.0
dtlz2_interval,random_search_noise_floor,cw,cw,finding,overlap_jaccard,0.0,5000,14,146,128,0.17320508075688773,,0.0
dtlz2_interval,random_search_noise_floor,cw,cw,finding,coverage_a_in_b,0.0,5000,15,128,159,0.17320508075688773,,0.0
dtlz2_interval,random_search_noise_floor,cw,cw,finding,coverage_b_in_a,0.0,5000,15,128,159,0.17320508075688773,,0.0
dtlz2_interval,random_search_noise_floor,cw,cw,finding,overlap,0.0,5000,15,128,159,0.17320508075688773,,0.0
dtlz2_interval,random_search_noise_floor,cw,cw,finding,overlap_jaccard,0.0,5000,15,128,159,0.17320508075688773,,0.0
dtlz2_interval,random_search,lu,ls,check,hausdorff_a_to_b,0.05,5000,11,313,1850,0.17320508075688773,0,0.0
dtlz2_interval,random_search,lu,ls,check,hausdorff_b_to_a,0.05,5000,11,313,1850,0.17320508075688773,0,1.058183616673681
dtlz2_interval,random_search,lu,ls,check,hausdorff_symmetric,0.05,5000,11,313,1850,0.17320508075688773,0,1.058183616673681
dtlz2_interval,random_search,lu,ls,check,coverage_a_in_b,0.05,5000,11,313,1850,0.17320508075688773,0,1.0
dtlz2_interval,random_search,lu,ls,check,coverage_b_in_a,0.05,5000,11,313,1850,0.17320508075688773,0,0.16918918918918918
dtlz2_interval,random_search,lu,ls,check,overlap,0.05,5000,11,313,1850,0.17320508075688773,0,0.28941285251964866
dtlz2_interval,random_search,lu,ls,check,overlap_jaccard,0.05,5000,11,313,1850,0.17320508075688773,0,0.1691891891891892
dtlz2_interval,random_search,lu,ls,check,cross_a_under_b,0.05,5000,11,313,1850,0.17320508075688773,0,1.0
dtlz2_interval,random_search,lu,ls,check,cross_b_under_a,0.05,5000,11,313,1850,0.17320508075688773,0,0.16918918918918918
dtlz2_interval,random_search,lu,cw,finding,hausdorff_a_to_b,0.05,5000,11,313,1702,0.17320508075688773,,0.8465277176042392
dtlz2_interval,random_search,lu,cw,finding,hausdorff_b_to_a,0.05,5000,11,313,1702,0.17320508075688773,,1.058183616673681
dtlz2_interval,random_search,lu,cw,finding,hausdorff_symmetric,0.05,5000,11,313,1702,0.17320508075688773,,1.058183616673681
dtlz2_interval,random_search,lu,cw,finding,coverage_a_in_b,0.05,5000,11,313,1702,0.17320508075688773,,0.8785942492012779
dtlz2_interval,random_search,lu,cw,finding,coverage_b_in_a,0.05,5000,11,313,1702,0.17320508075688773,,0.16157461809635723
dtlz2_interval,random_search,lu,cw,finding,overlap,0.05,5000,11,313,1702,0.17320508075688773,,0.2729528535980149
dtlz2_interval,random_search,lu,cw,finding,overlap_jaccard,0.05,5000,11,313,1702,0.17320508075688773,,0.15804597701149428
dtlz2_interval,random_search,lu,cw,finding,cross_a_under_b,0.05,5000,11,313,1702,0.17320508075688773,,0.8785942492012779
dtlz2_interval,random_search,lu,cw,finding,cross_b_under_a,0.05,5000,11,313,1702,0.17320508075688773,,0.16157461809635723
dtlz2_interval,random_search,ls,cw,check,hausdorff_a_to_b,0.05,5000,11,1850,1702,0.17320508075688773,0,0.8709386574586468
dtlz2_interval,random_search,ls,cw,check,hausdorff_b_to_a,0.05,5000,11,1850,1702,0.17320508075688773,0,0.0
dtlz2_interval,random_search,ls,cw,check,hausdorff_symmetric,0.05,5000,11,1850,1702,0.17320508075688773,0,0.8709386574586468
dtlz2_interval,random_search,ls,cw,check,coverage_a_in_b,0.05,5000,11,1850,1702,0.17320508075688773,0,0.92
dtlz2_interval,random_search,ls,cw,check,coverage_b_in_a,0.05,5000,11,1850,1702,0.17320508075688773,0,1.0
dtlz2_interval,random_search,ls,cw,check,overlap,0.05,5000,11,1850,1702,0.17320508075688773,0,0.9583333333333334
dtlz2_interval,random_search,ls,cw,check,overlap_jaccard,0.05,5000,11,1850,1702,0.17320508075688773,0,0.9200000000000002
dtlz2_interval,random_search,ls,cw,check,cross_a_under_b,0.05,5000,11,1850,1702,0.17320508075688773,0,0.92
dtlz2_interval,random_search,ls,cw,check,cross_b_under_a,0.05,5000,11,1850,1702,0.17320508075688773,0,1.0
dtlz2_interval,random_search,lu,ls,check,hausdorff_a_to_b,0.05,5000,12,295,2013,0.17320508075688773,0,0.0
dtlz2_interval,random_search,lu,ls,check,hausdorff_b_to_a,0.05,5000,12,295,2013,0.17320508075688773,0,1.096711666702753
dtlz2_interval,random_search,lu,ls,check,hausdorff_symmetric,0.05,5000,12,295,2013,0.17320508075688773,0,1.096711666702753
dtlz2_interval,random_search,lu,ls,check,coverage_a_in_b,0.05,5000,12,295,2013,0.17320508075688773,0,1.0
dtlz2_interval,random_search,lu,ls,check,coverage_b_in_a,0.05,5000,12,295,2013,0.17320508075688773,0,0.14654744162940883
dtlz2_interval,random_search,lu,ls,check,overlap,0.05,5000,12,295,2013,0.17320508075688773,0,0.255632582322357
dtlz2_interval,random_search,lu,ls,check,overlap_jaccard,0.05,5000,12,295,2013,0.17320508075688773,0,0.14654744162940886
dtlz2_interval,random_search,lu,ls,check,cross_a_under_b,0.05,5000,12,295,2013,0.17320508075688773,0,1.0
dtlz2_interval,random_search,lu,ls,check,cross_b_under_a,0.05,5000,12,295,2013,0.17320508075688773,0,0.14654744162940883
dtlz2_interval,random_search,lu,cw,finding,hausdorff_a_to_b,0.05,5000,12,295,1857,0.17320508075688773,,0.8547560546051786
dtlz2_interval,random_search,lu,cw,finding,hausdorff_b_to_a,0.05,5000,12,295,1857,0.17320508075688773,,1.096711666702753
dtlz2_interval,random_search,lu,cw,finding,hausdorff_symmetric,0.05,5000,12,295,1857,0.17320508075688773,,1.096711666702753
dtlz2_interval,random_search,lu,cw,finding,coverage_a_in_b,0.05,5000,12,295,1857,0.17320508075688773,,0.9084745762711864
dtlz2_interval,random_search,lu,cw,finding,coverage_b_in_a,0.05,5000,12,295,1857,0.17320508075688773,,0.14431879375336565
dtlz2_interval,random_search,lu,cw,finding,overlap,0.05,5000,12,295,1857,0.17320508075688773,,0.24907063197026022
dtlz2_interval,random_search,lu,cw,finding,overlap_jaccard,0.05,5000,12,295,1857,0.17320508075688773,,0.14225053078556263
dtlz2_interval,random_search,lu,cw,finding,cross_a_under_b,0.05,5000,12,295,1857,0.17320508075688773,,0.9084745762711864
dtlz2_interval,random_search,lu,cw,finding,cross_b_under_a,0.05,5000,12,295,1857,0.17320508075688773,,0.14431879375336565
dtlz2_interval,random_search,ls,cw,check,hausdorff_a_to_b,0.05,5000,12,2013,1857,0.17320508075688773,0,0.8547560546051786
dtlz2_interval,random_search,ls,cw,check,hausdorff_b_to_a,0.05,5000,12,2013,1857,0.17320508075688773,0,0.0
dtlz2_interval,random_search,ls,cw,check,hausdorff_symmetric,0.05,5000,12,2013,1857,0.17320508075688773,0,0.8547560546051786
dtlz2_interval,random_search,ls,cw,check,coverage_a_in_b,0.05,5000,12,2013,1857,0.17320508075688773,0,0.9225037257824144
dtlz2_interval,random_search,ls,cw,check,coverage_b_in_a,0.05,5000,12,2013,1857,0.17320508075688773,0,1.0
dtlz2_interval,random_search,ls,cw,check,overlap,0.05,5000,12,2013,1857,0.17320508075688773,0,0.9596899224806201
dtlz2_interval,random_search,ls,cw,check,overlap_jaccard,0.05,5000,12,2013,1857,0.17320508075688773,0,0.9225037257824142
dtlz2_interval,random_search,ls,cw,check,cross_a_under_b,0.05,5000,12,2013,1857,0.17320508075688773,0,0.9225037257824144
dtlz2_interval,random_search,ls,cw,check,cross_b_under_a,0.05,5000,12,2013,1857,0.17320508075688773,0,1.0
dtlz2_interval,random_search,lu,ls,check,hausdorff_a_to_b,0.05,5000,13,277,1968,0.17320508075688773,0,0.0
dtlz2_interval,random_search,lu,ls,check,hausdorff_b_to_a,0.05,5000,13,277,1968,0.17320508075688773,0,1.0599316492955182
dtlz2_interval,random_search,lu,ls,check,hausdorff_symmetric,0.05,5000,13,277,1968,0.17320508075688773,0,1.0599316492955182
dtlz2_interval,random_search,lu,ls,check,coverage_a_in_b,0.05,5000,13,277,1968,0.17320508075688773,0,1.0
dtlz2_interval,random_search,lu,ls,check,coverage_b_in_a,0.05,5000,13,277,1968,0.17320508075688773,0,0.1407520325203252
dtlz2_interval,random_search,lu,ls,check,overlap,0.05,5000,13,277,1968,0.17320508075688773,0,0.2467706013363029
dtlz2_interval,random_search,lu,ls,check,overlap_jaccard,0.05,5000,13,277,1968,0.17320508075688773,0,0.1407520325203252
dtlz2_interval,random_search,lu,ls,check,cross_a_under_b,0.05,5000,13,277,1968,0.17320508075688773,0,1.0
dtlz2_interval,random_search,lu,ls,check,cross_b_under_a,0.05,5000,13,277,1968,0.17320508075688773,0,0.1407520325203252
dtlz2_interval,random_search,lu,cw,finding,hausdorff_a_to_b,0.05,5000,13,277,1838,0.17320508075688773,,0.9303044505215141
dtlz2_interval,random_search,lu,cw,finding,hausdorff_b_to_a,0.05,5000,13,277,1838,0.17320508075688773,,1.0599316492955182
dtlz2_interval,random_search,lu,cw,finding,hausdorff_symmetric,0.05,5000,13,277,1838,0.17320508075688773,,1.0599316492955182
dtlz2_interval,random_search,lu,cw,finding,coverage_a_in_b,0.05,5000,13,277,1838,0.17320508075688773,,0.9169675090252708
dtlz2_interval,random_search,lu,cw,finding,coverage_b_in_a,0.05,5000,13,277,1838,0.17320508075688773,,0.1381936887921654
dtlz2_interval,random_search,lu,cw,finding,overlap,0.05,5000,13,277,1838,0.17320508075688773,,0.2401891252955083
dtlz2_interval,random_search,lu,cw,finding,overlap_jaccard,0.05,5000,13,277,1838,0.17320508075688773,,0.13648576034390114
dtlz2_interval,random_search,lu,cw,finding,cross_a_under_b,0.05,5000,13,277,1838,0.17320508075688773,,0.9169675090252708
dtlz2_interval,random_search,lu,cw,finding,cross_b_under_a,0.05,5000,13,277,1838,0.17320508075688773,,0.1381936887921654
dtlz2_interval,random_search,ls,cw,check,hausdorff_a_to_b,0.05,5000,13,1968,1838,0.17320508075688773,0,0.9303044505215141
dtlz2_interval,random_search,ls,cw,check,hausdorff_b_to_a,0.05,5000,13,1968,1838,0.17320508075688773,0,0.0
dtlz2_interval,random_search,ls,cw,check,hausdorff_symmetric,0.05,5000,13,1968,1838,0.17320508075688773,0,0.9303044505215141
dtlz2_interval,random_search,ls,cw,check,coverage_a_in_b,0.05,5000,13,1968,1838,0.17320508075688773,0,0.9339430894308943
dtlz2_interval,random_search,ls,cw,check,coverage_b_in_a,0.05,5000,13,1968,1838,0.17320508075688773,0,1.0
dtlz2_interval,random_search,ls,cw,check,overlap,0.05,5000,13,1968,1838,0.17320508075688773,0,0.9658434051497635
dtlz2_interval,random_search,ls,cw,check,overlap_jaccard,0.05,5000,13,1968,1838,0.17320508075688773,0,0.9339430894308943
dtlz2_interval,random_search,ls,cw,check,cross_a_under_b,0.05,5000,13,1968,1838,0.17320508075688773,0,0.9339430894308943
dtlz2_interval,random_search,ls,cw,check,cross_b_under_a,0.05,5000,13,1968,1838,0.17320508075688773,0,1.0
dtlz2_interval,random_search,lu,ls,check,hausdorff_a_to_b,0.05,5000,14,278,1907,0.17320508075688773,0,0.0
dtlz2_interval,random_search,lu,ls,check,hausdorff_b_to_a,0.05,5000,14,278,1907,0.17320508075688773,0,1.0434364610231566
dtlz2_interval,random_search,lu,ls,check,hausdorff_symmetric,0.05,5000,14,278,1907,0.17320508075688773,0,1.0434364610231566
dtlz2_interval,random_search,lu,ls,check,coverage_a_in_b,0.05,5000,14,278,1907,0.17320508075688773,0,1.0
dtlz2_interval,random_search,lu,ls,check,coverage_b_in_a,0.05,5000,14,278,1907,0.17320508075688773,0,0.1457787100157315
dtlz2_interval,random_search,lu,ls,check,overlap,0.05,5000,14,278,1907,0.17320508075688773,0,0.25446224256292904
dtlz2_interval,random_search,lu,ls,check,overlap_jaccard,0.05,5000,14,278,1907,0.17320508075688773,0,0.1457787100157315
dtlz2_interval,random_search,lu,ls,check,cross_a_under_b,0.05,5000,14,278,1907,0.17320508075688773,0,1.0
dtlz2_interval,random_search,lu,ls,check,cross_b_under_a,0.05,5000,14,278,1907,0.17320508075688773,0,0.1457787100157315
dtlz2_interval,random_search,lu,cw,finding,hausdorff_a_to_b,0.05,5000,14,278,1743,0.17320508075688773,,0.8442078812437158
dtlz2_interval,random_search,lu,cw,finding,hausdorff_b_to_a,0.05,5000,14,278,1743,0.17320508075688773,,1.0434364610231566
dtlz2_interval,random_search,lu,cw,finding,hausdorff_symmetric,0.05,5000,14,278,1743,0.17320508075688773,,1.0434364610231566
dtlz2_interval,random_search,lu,cw,finding,coverage_a_in_b,0.05,5000,14,278,1743,0.17320508075688773,,0.8669064748201439
dtlz2_interval,random_search,lu,cw,finding,coverage_b_in_a,0.05,5000,14,278,1743,0.17320508075688773,,0.13826735513482502
dtlz2_interval,random_search,lu,cw,finding,overlap,0.05,5000,14,278,1743,0.17320508075688773,,0.23849579416130628
dtlz2_interval,random_search,lu,cw,finding,overlap_jaccard,0.05,5000,14,278,1743,0.17320508075688773,,0.1353932584269663
dtlz2_interval,random_search,lu,cw,finding,cross_a_under_b,0.05,5000,14,278,1743,0.17320508075688773,,0.8669064748201439
dtlz2_interval,random_search,lu,cw,finding,cross_b_under_a,0.05,5000,14,278,1743,0.17320508075688773,,0.13941480206540446
dtlz2_interval,random_search,ls,cw,check,hausdorff_a_to_b,0.05,5000,14,1907,1743,0.17320508075688773,0,0.84571409443987
dtlz2_interval,random_search,ls,cw,check,hausdorff_b_to_a,0.05,5000,14,1907,1743,0.17320508075688773,0,0.0
dtlz2_interval,random_search,ls,cw,check,hausdorff_symmetric,0.05,5000,14,1907,1743,0.17320508075688773,0,0.84571409443987
dtlz2_interval,random_search,ls,cw,check,coverage_a_in_b,0.05,5000,14,1907,1743,0.17320508075688773,0,0.9140010487676979
dtlz2_interval,random_search,ls,cw,check,coverage_b_in_a,0.05,5000,14,1907,1743,0.17320508075688773,0,1.0
dtlz2_interval,random_search,ls,cw,check,overlap,0.05,5000,14,1907,1743,0.17320508075688773,0,0.955068493150685
dtlz2_interval,random_search,ls,cw,check,overlap_jaccard,0.05,5000,14,1907,1743,0.17320508075688773,0,0.914001048767698
dtlz2_interval,random_search,ls,cw,check,cross_a_under_b,0.05,5000,14,1907,1743,0.17320508075688773,0,0.9140010487676979
dtlz2_interval,random_search,ls,cw,check,cross_b_under_a,0.05,5000,14,1907,1743,0.17320508075688773,0,1.0
dtlz2_interval,random_search,lu,ls,check,hausdorff_a_to_b,0.05,5000,15,244,1954,0.17320508075688773,0,0.0
dtlz2_interval,random_search,lu,ls,check,hausdorff_b_to_a,0.05,5000,15,244,1954,0.17320508075688773,0,1.153413731868667
dtlz2_interval,random_search,lu,ls,check,hausdorff_symmetric,0.05,5000,15,244,1954,0.17320508075688773,0,1.153413731868667
dtlz2_interval,random_search,lu,ls,check,coverage_a_in_b,0.05,5000,15,244,1954,0.17320508075688773,0,1.0
dtlz2_interval,random_search,lu,ls,check,coverage_b_in_a,0.05,5000,15,244,1954,0.17320508075688773,0,0.12487205731832139
dtlz2_interval,random_search,lu,ls,check,overlap,0.05,5000,15,244,1954,0.17320508075688773,0,0.22202001819836215
dtlz2_interval,random_search,lu,ls,check,overlap_jaccard,0.05,5000,15,244,1954,0.17320508075688773,0,0.12487205731832138
dtlz2_interval,random_search,lu,ls,check,cross_a_under_b,0.05,5000,15,244,1954,0.17320508075688773,0,1.0
dtlz2_interval,random_search,lu,ls,check,cross_b_under_a,0.05,5000,15,244,1954,0.17320508075688773,0,0.12487205731832139
dtlz2_interval,random_search,lu,cw,finding,hausdorff_a_to_b,0.05,5000,15,244,1813,0.17320508075688773,,0.8745448944804048
dtlz2_interval,random_search,lu,cw,finding,hausdorff_b_to_a,0.05,5000,15,244,1813,0.17320508075688773,,1.153413731868667
dtlz2_interval,random_search,lu,cw,finding,hausdorff_symmetric,0.05,5000,15,244,1813,0.17320508075688773,,1.153413731868667
dtlz2_interval,random_search,lu,cw,finding,coverage_a_in_b,0.05,5000,15,244,1813,0.17320508075688773,,0.8975409836065574
dtlz2_interval,random_search,lu,cw,finding,coverage_b_in_a,0.05,5000,15,244,1813,0.17320508075688773,,0.12079426365140651
dtlz2_interval,random_search,lu,cw,finding,overlap,0.05,5000,15,244,1813,0.17320508075688773,,0.21293145357316481
dtlz2_interval,random_search,lu,cw,finding,overlap_jaccard,0.05,5000,15,244,1813,0.17320508075688773,,0.11915125136017411
dtlz2_interval,random_search,lu,cw,finding,cross_a_under_b,0.05,5000,15,244,1813,0.17320508075688773,,0.8975409836065574
dtlz2_interval,random_search,lu,cw,finding,cross_b_under_a,0.05,5000,15,244,1813,0.17320508075688773,,0.12079426365140651
dtlz2_interval,random_search,ls,cw,check,hausdorff_a_to_b,0.05,5000,15,1954,1813,0.17320508075688773,0,0.8964471428393634
dtlz2_interval,random_search,ls,cw,check,hausdorff_b_to_a,0.05,5000,15,1954,1813,0.17320508075688773,0,0.0
dtlz2_interval,random_search,ls,cw,check,hausdorff_symmetric,0.05,5000,15,1954,1813,0.17320508075688773,0,0.8964471428393634
dtlz2_interval,random_search,ls,cw,check,coverage_a_in_b,0.05,5000,15,1954,1813,0.17320508075688773,0,0.9278403275332651
dtlz2_interval,random_search,ls,cw,check,coverage_b_in_a,0.05,5000,15,1954,1813,0.17320508075688773,0,1.0
dtlz2_interval,random_search,ls,cw,check,overlap,0.05,5000,15,1954,1813,0.17320508075688773,0,0.9625696840987523
dtlz2_interval,random_search,ls,cw,check,overlap_jaccard,0.05,5000,15,1954,1813,0.17320508075688773,0,0.9278403275332651
dtlz2_interval,random_search,ls,cw,check,cross_a_under_b,0.05,5000,15,1954,1813,0.17320508075688773,0,0.9278403275332651
dtlz2_interval,random_search,ls,cw,check,cross_b_under_a,0.05,5000,15,1954,1813,0.17320508075688773,0,1.0
dtlz2_interval,random_search,lu,ls,check,coverage_a_in_b,0.05,5000,11,313,1850,0.0,,1.0
dtlz2_interval,random_search,lu,ls,check,coverage_b_in_a,0.05,5000,11,313,1850,0.0,,0.16918918918918918
dtlz2_interval,random_search,lu,ls,check,overlap,0.05,5000,11,313,1850,0.0,,0.28941285251964866
dtlz2_interval,random_search,lu,ls,check,overlap_jaccard,0.05,5000,11,313,1850,0.0,,0.1691891891891892
dtlz2_interval,random_search,lu,cw,finding,coverage_a_in_b,0.05,5000,11,313,1702,0.0,,0.8785942492012779
dtlz2_interval,random_search,lu,cw,finding,coverage_b_in_a,0.05,5000,11,313,1702,0.0,,0.16157461809635723
dtlz2_interval,random_search,lu,cw,finding,overlap,0.05,5000,11,313,1702,0.0,,0.2729528535980149
dtlz2_interval,random_search,lu,cw,finding,overlap_jaccard,0.05,5000,11,313,1702,0.0,,0.15804597701149428
dtlz2_interval,random_search,ls,cw,check,coverage_a_in_b,0.05,5000,11,1850,1702,0.0,,0.92
dtlz2_interval,random_search,ls,cw,check,coverage_b_in_a,0.05,5000,11,1850,1702,0.0,,1.0
dtlz2_interval,random_search,ls,cw,check,overlap,0.05,5000,11,1850,1702,0.0,,0.9583333333333334
dtlz2_interval,random_search,ls,cw,check,overlap_jaccard,0.05,5000,11,1850,1702,0.0,,0.9200000000000002
dtlz2_interval,random_search,lu,ls,check,coverage_a_in_b,0.05,5000,12,295,2013,0.0,,1.0
dtlz2_interval,random_search,lu,ls,check,coverage_b_in_a,0.05,5000,12,295,2013,0.0,,0.14654744162940883
dtlz2_interval,random_search,lu,ls,check,overlap,0.05,5000,12,295,2013,0.0,,0.255632582322357
dtlz2_interval,random_search,lu,ls,check,overlap_jaccard,0.05,5000,12,295,2013,0.0,,0.14654744162940886
dtlz2_interval,random_search,lu,cw,finding,coverage_a_in_b,0.05,5000,12,295,1857,0.0,,0.9084745762711864
dtlz2_interval,random_search,lu,cw,finding,coverage_b_in_a,0.05,5000,12,295,1857,0.0,,0.14431879375336565
dtlz2_interval,random_search,lu,cw,finding,overlap,0.05,5000,12,295,1857,0.0,,0.24907063197026022
dtlz2_interval,random_search,lu,cw,finding,overlap_jaccard,0.05,5000,12,295,1857,0.0,,0.14225053078556263
dtlz2_interval,random_search,ls,cw,check,coverage_a_in_b,0.05,5000,12,2013,1857,0.0,,0.9225037257824144
dtlz2_interval,random_search,ls,cw,check,coverage_b_in_a,0.05,5000,12,2013,1857,0.0,,1.0
dtlz2_interval,random_search,ls,cw,check,overlap,0.05,5000,12,2013,1857,0.0,,0.9596899224806201
dtlz2_interval,random_search,ls,cw,check,overlap_jaccard,0.05,5000,12,2013,1857,0.0,,0.9225037257824142
dtlz2_interval,random_search,lu,ls,check,coverage_a_in_b,0.05,5000,13,277,1968,0.0,,1.0
dtlz2_interval,random_search,lu,ls,check,coverage_b_in_a,0.05,5000,13,277,1968,0.0,,0.1407520325203252
dtlz2_interval,random_search,lu,ls,check,overlap,0.05,5000,13,277,1968,0.0,,0.2467706013363029
dtlz2_interval,random_search,lu,ls,check,overlap_jaccard,0.05,5000,13,277,1968,0.0,,0.1407520325203252
dtlz2_interval,random_search,lu,cw,finding,coverage_a_in_b,0.05,5000,13,277,1838,0.0,,0.9169675090252708
dtlz2_interval,random_search,lu,cw,finding,coverage_b_in_a,0.05,5000,13,277,1838,0.0,,0.1381936887921654
dtlz2_interval,random_search,lu,cw,finding,overlap,0.05,5000,13,277,1838,0.0,,0.2401891252955083
dtlz2_interval,random_search,lu,cw,finding,overlap_jaccard,0.05,5000,13,277,1838,0.0,,0.13648576034390114
dtlz2_interval,random_search,ls,cw,check,coverage_a_in_b,0.05,5000,13,1968,1838,0.0,,0.9339430894308943
dtlz2_interval,random_search,ls,cw,check,coverage_b_in_a,0.05,5000,13,1968,1838,0.0,,1.0
dtlz2_interval,random_search,ls,cw,check,overlap,0.05,5000,13,1968,1838,0.0,,0.9658434051497635
dtlz2_interval,random_search,ls,cw,check,overlap_jaccard,0.05,5000,13,1968,1838,0.0,,0.9339430894308943
dtlz2_interval,random_search,lu,ls,check,coverage_a_in_b,0.05,5000,14,278,1907,0.0,,1.0
dtlz2_interval,random_search,lu,ls,check,coverage_b_in_a,0.05,5000,14,278,1907,0.0,,0.1457787100157315
dtlz2_interval,random_search,lu,ls,check,overlap,0.05,5000,14,278,1907,0.0,,0.25446224256292904
dtlz2_interval,random_search,lu,ls,check,overlap_jaccard,0.05,5000,14,278,1907,0.0,,0.1457787100157315
dtlz2_interval,random_search,lu,cw,finding,coverage_a_in_b,0.05,5000,14,278,1743,0.0,,0.8669064748201439
dtlz2_interval,random_search,lu,cw,finding,coverage_b_in_a,0.05,5000,14,278,1743,0.0,,0.13826735513482502
dtlz2_interval,random_search,lu,cw,finding,overlap,0.05,5000,14,278,1743,0.0,,0.23849579416130628
dtlz2_interval,random_search,lu,cw,finding,overlap_jaccard,0.05,5000,14,278,1743,0.0,,0.1353932584269663
dtlz2_interval,random_search,ls,cw,check,coverage_a_in_b,0.05,5000,14,1907,1743,0.0,,0.9140010487676979
dtlz2_interval,random_search,ls,cw,check,coverage_b_in_a,0.05,5000,14,1907,1743,0.0,,1.0
dtlz2_interval,random_search,ls,cw,check,overlap,0.05,5000,14,1907,1743,0.0,,0.955068493150685
dtlz2_interval,random_search,ls,cw,check,overlap_jaccard,0.05,5000,14,1907,1743,0.0,,0.914001048767698
dtlz2_interval,random_search,lu,ls,check,coverage_a_in_b,0.05,5000,15,244,1954,0.0,,1.0
dtlz2_interval,random_search,lu,ls,check,coverage_b_in_a,0.05,5000,15,244,1954,0.0,,0.12487205731832139
dtlz2_interval,random_search,lu,ls,check,overlap,0.05,5000,15,244,1954,0.0,,0.22202001819836215
dtlz2_interval,random_search,lu,ls,check,overlap_jaccard,0.05,5000,15,244,1954,0.0,,0.12487205731832138
dtlz2_interval,random_search,lu,cw,finding,coverage_a_in_b,0.05,5000,15,244,1813,0.0,,0.8975409836065574
dtlz2_interval,random_search,lu,cw,finding,coverage_b_in_a,0.05,5000,15,244,1813,0.0,,0.12079426365140651
dtlz2_interval,random_search,lu,cw,finding,overlap,0.05,5000,15,244,1813,0.0,,0.21293145357316481
dtlz2_interval,random_search,lu,cw,finding,overlap_jaccard,0.05,5000,15,244,1813,0.0,,0.11915125136017411
dtlz2_interval,random_search,ls,cw,check,coverage_a_in_b,0.05,5000,15,1954,1813,0.0,,0.9278403275332651
dtlz2_interval,random_search,ls,cw,check,coverage_b_in_a,0.05,5000,15,1954,1813,0.0,,1.0
dtlz2_interval,random_search,ls,cw,check,overlap,0.05,5000,15,1954,1813,0.0,,0.9625696840987523
dtlz2_interval,random_search,ls,cw,check,overlap_jaccard,0.05,5000,15,1954,1813,0.0,,0.9278403275332651
dtlz2_interval,random_search_noise_floor,lu,lu,finding,coverage_a_in_b,0.05,5000,11,313,295,0.17320508075688773,,0.0
dtlz2_interval,random_search_noise_floor,lu,lu,finding,coverage_b_in_a,0.05,5000,11,313,295,0.17320508075688773,,0.0
dtlz2_interval,random_search_noise_floor,lu,lu,finding,overlap,0.05,5000,11,313,295,0.17320508075688773,,0.0
dtlz2_interval,random_search_noise_floor,lu,lu,finding,overlap_jaccard,0.05,5000,11,313,295,0.17320508075688773,,0.0
dtlz2_interval,random_search_noise_floor,lu,lu,finding,coverage_a_in_b,0.05,5000,12,295,277,0.17320508075688773,,0.0
dtlz2_interval,random_search_noise_floor,lu,lu,finding,coverage_b_in_a,0.05,5000,12,295,277,0.17320508075688773,,0.0
dtlz2_interval,random_search_noise_floor,lu,lu,finding,overlap,0.05,5000,12,295,277,0.17320508075688773,,0.0
dtlz2_interval,random_search_noise_floor,lu,lu,finding,overlap_jaccard,0.05,5000,12,295,277,0.17320508075688773,,0.0
dtlz2_interval,random_search_noise_floor,lu,lu,finding,coverage_a_in_b,0.05,5000,13,277,278,0.17320508075688773,,0.0
dtlz2_interval,random_search_noise_floor,lu,lu,finding,coverage_b_in_a,0.05,5000,13,277,278,0.17320508075688773,,0.0
dtlz2_interval,random_search_noise_floor,lu,lu,finding,overlap,0.05,5000,13,277,278,0.17320508075688773,,0.0
dtlz2_interval,random_search_noise_floor,lu,lu,finding,overlap_jaccard,0.05,5000,13,277,278,0.17320508075688773,,0.0
dtlz2_interval,random_search_noise_floor,lu,lu,finding,coverage_a_in_b,0.05,5000,14,278,244,0.17320508075688773,,0.0
dtlz2_interval,random_search_noise_floor,lu,lu,finding,coverage_b_in_a,0.05,5000,14,278,244,0.17320508075688773,,0.0
dtlz2_interval,random_search_noise_floor,lu,lu,finding,overlap,0.05,5000,14,278,244,0.17320508075688773,,0.0
dtlz2_interval,random_search_noise_floor,lu,lu,finding,overlap_jaccard,0.05,5000,14,278,244,0.17320508075688773,,0.0
dtlz2_interval,random_search_noise_floor,lu,lu,finding,coverage_a_in_b,0.05,5000,15,244,313,0.17320508075688773,,0.0
dtlz2_interval,random_search_noise_floor,lu,lu,finding,coverage_b_in_a,0.05,5000,15,244,313,0.17320508075688773,,0.0
dtlz2_interval,random_search_noise_floor,lu,lu,finding,overlap,0.05,5000,15,244,313,0.17320508075688773,,0.0
dtlz2_interval,random_search_noise_floor,lu,lu,finding,overlap_jaccard,0.05,5000,15,244,313,0.17320508075688773,,0.0
dtlz2_interval,random_search_noise_floor,ls,ls,finding,coverage_a_in_b,0.05,5000,11,1850,2013,0.17320508075688773,,0.0
dtlz2_interval,random_search_noise_floor,ls,ls,finding,coverage_b_in_a,0.05,5000,11,1850,2013,0.17320508075688773,,0.0
dtlz2_interval,random_search_noise_floor,ls,ls,finding,overlap,0.05,5000,11,1850,2013,0.17320508075688773,,0.0
dtlz2_interval,random_search_noise_floor,ls,ls,finding,overlap_jaccard,0.05,5000,11,1850,2013,0.17320508075688773,,0.0
dtlz2_interval,random_search_noise_floor,ls,ls,finding,coverage_a_in_b,0.05,5000,12,2013,1968,0.17320508075688773,,0.0
dtlz2_interval,random_search_noise_floor,ls,ls,finding,coverage_b_in_a,0.05,5000,12,2013,1968,0.17320508075688773,,0.0
dtlz2_interval,random_search_noise_floor,ls,ls,finding,overlap,0.05,5000,12,2013,1968,0.17320508075688773,,0.0
dtlz2_interval,random_search_noise_floor,ls,ls,finding,overlap_jaccard,0.05,5000,12,2013,1968,0.17320508075688773,,0.0
dtlz2_interval,random_search_noise_floor,ls,ls,finding,coverage_a_in_b,0.05,5000,13,1968,1907,0.17320508075688773,,0.0
dtlz2_interval,random_search_noise_floor,ls,ls,finding,coverage_b_in_a,0.05,5000,13,1968,1907,0.17320508075688773,,0.0
dtlz2_interval,random_search_noise_floor,ls,ls,finding,overlap,0.05,5000,13,1968,1907,0.17320508075688773,,0.0
dtlz2_interval,random_search_noise_floor,ls,ls,finding,overlap_jaccard,0.05,5000,13,1968,1907,0.17320508075688773,,0.0
dtlz2_interval,random_search_noise_floor,ls,ls,finding,coverage_a_in_b,0.05,5000,14,1907,1954,0.17320508075688773,,0.0
dtlz2_interval,random_search_noise_floor,ls,ls,finding,coverage_b_in_a,0.05,5000,14,1907,1954,0.17320508075688773,,0.0
dtlz2_interval,random_search_noise_floor,ls,ls,finding,overlap,0.05,5000,14,1907,1954,0.17320508075688773,,0.0
dtlz2_interval,random_search_noise_floor,ls,ls,finding,overlap_jaccard,0.05,5000,14,1907,1954,0.17320508075688773,,0.0
dtlz2_interval,random_search_noise_floor,ls,ls,finding,coverage_a_in_b,0.05,5000,15,1954,1850,0.17320508075688773,,0.0
dtlz2_interval,random_search_noise_floor,ls,ls,finding,coverage_b_in_a,0.05,5000,15,1954,1850,0.17320508075688773,,0.0
dtlz2_interval,random_search_noise_floor,ls,ls,finding,overlap,0.05,5000,15,1954,1850,0.17320508075688773,,0.0
dtlz2_interval,random_search_noise_floor,ls,ls,finding,overlap_jaccard,0.05,5000,15,1954,1850,0.17320508075688773,,0.0
dtlz2_interval,random_search_noise_floor,cw,cw,finding,coverage_a_in_b,0.05,5000,11,1702,1857,0.17320508075688773,,0.0
dtlz2_interval,random_search_noise_floor,cw,cw,finding,coverage_b_in_a,0.05,5000,11,1702,1857,0.17320508075688773,,0.0
dtlz2_interval,random_search_noise_floor,cw,cw,finding,overlap,0.05,5000,11,1702,1857,0.17320508075688773,,0.0
dtlz2_interval,random_search_noise_floor,cw,cw,finding,overlap_jaccard,0.05,5000,11,1702,1857,0.17320508075688773,,0.0
dtlz2_interval,random_search_noise_floor,cw,cw,finding,coverage_a_in_b,0.05,5000,12,1857,1838,0.17320508075688773,,0.0
dtlz2_interval,random_search_noise_floor,cw,cw,finding,coverage_b_in_a,0.05,5000,12,1857,1838,0.17320508075688773,,0.0
dtlz2_interval,random_search_noise_floor,cw,cw,finding,overlap,0.05,5000,12,1857,1838,0.17320508075688773,,0.0
dtlz2_interval,random_search_noise_floor,cw,cw,finding,overlap_jaccard,0.05,5000,12,1857,1838,0.17320508075688773,,0.0
dtlz2_interval,random_search_noise_floor,cw,cw,finding,coverage_a_in_b,0.05,5000,13,1838,1743,0.17320508075688773,,0.0
dtlz2_interval,random_search_noise_floor,cw,cw,finding,coverage_b_in_a,0.05,5000,13,1838,1743,0.17320508075688773,,0.0
dtlz2_interval,random_search_noise_floor,cw,cw,finding,overlap,0.05,5000,13,1838,1743,0.17320508075688773,,0.0
dtlz2_interval,random_search_noise_floor,cw,cw,finding,overlap_jaccard,0.05,5000,13,1838,1743,0.17320508075688773,,0.0
dtlz2_interval,random_search_noise_floor,cw,cw,finding,coverage_a_in_b,0.05,5000,14,1743,1813,0.17320508075688773,,0.0
dtlz2_interval,random_search_noise_floor,cw,cw,finding,coverage_b_in_a,0.05,5000,14,1743,1813,0.17320508075688773,,0.0
dtlz2_interval,random_search_noise_floor,cw,cw,finding,overlap,0.05,5000,14,1743,1813,0.17320508075688773,,0.0
dtlz2_interval,random_search_noise_floor,cw,cw,finding,overlap_jaccard,0.05,5000,14,1743,1813,0.17320508075688773,,0.0
dtlz2_interval,random_search_noise_floor,cw,cw,finding,coverage_a_in_b,0.05,5000,15,1813,1702,0.17320508075688773,,0.0
dtlz2_interval,random_search_noise_floor,cw,cw,finding,coverage_b_in_a,0.05,5000,15,1813,1702,0.17320508075688773,,0.0
dtlz2_interval,random_search_noise_floor,cw,cw,finding,overlap,0.05,5000,15,1813,1702,0.17320508075688773,,0.0
dtlz2_interval,random_search_noise_floor,cw,cw,finding,overlap_jaccard,0.05,5000,15,1813,1702,0.17320508075688773,,0.0
dtlz2_interval,random_search,lu,ls,check,hausdorff_a_to_b,0.1,5000,11,420,1972,0.17320508075688773,0,0.0
dtlz2_interval,random_search,lu,ls,check,hausdorff_b_to_a,0.1,5000,11,420,1972,0.17320508075688773,0,1.0127511328201406
dtlz2_interval,random_search,lu,ls,check,hausdorff_symmetric,0.1,5000,11,420,1972,0.17320508075688773,0,1.0127511328201406
dtlz2_interval,random_search,lu,ls,check,coverage_a_in_b,0.1,5000,11,420,1972,0.17320508075688773,0,1.0
dtlz2_interval,random_search,lu,ls,check,coverage_b_in_a,0.1,5000,11,420,1972,0.17320508075688773,0,0.2129817444219067
dtlz2_interval,random_search,lu,ls,check,overlap,0.1,5000,11,420,1972,0.17320508075688773,0,0.3511705685618729
dtlz2_interval,random_search,lu,ls,check,overlap_jaccard,0.1,5000,11,420,1972,0.17320508075688773,0,0.21298174442190668
dtlz2_interval,random_search,lu,ls,check,cross_a_under_b,0.1,5000,11,420,1972,0.17320508075688773,0,1.0
dtlz2_interval,random_search,lu,ls,check,cross_b_under_a,0.1,5000,11,420,1972,0.17320508075688773,0,0.2129817444219067
dtlz2_interval,random_search,lu,cw,finding,hausdorff_a_to_b,0.1,5000,11,420,1702,0.17320508075688773,,0.8709386574586468
dtlz2_interval,random_search,lu,cw,finding,hausdorff_b_to_a,0.1,5000,11,420,1702,0.17320508075688773,,0.9998035460120368
dtlz2_interval,random_search,lu,cw,finding,hausdorff_symmetric,0.1,5000,11,420,1702,0.17320508075688773,,0.9998035460120368
dtlz2_interval,random_search,lu,cw,finding,coverage_a_in_b,0.1,5000,11,420,1702,0.17320508075688773,,0.8404761904761905
dtlz2_interval,random_search,lu,cw,finding,coverage_b_in_a,0.1,5000,11,420,1702,0.17320508075688773,,0.20740305522914218
dtlz2_interval,random_search,lu,cw,finding,overlap,0.1,5000,11,420,1702,0.17320508075688773,,0.33270499528746467
dtlz2_interval,random_search,lu,cw,finding,overlap_jaccard,0.1,5000,11,420,1702,0.17320508075688773,,0.19954776710005653
dtlz2_interval,random_search,lu,cw,finding,cross_a_under_b,0.1,5000,11,420,1702,0.17320508075688773,,0.8428571428571429
dtlz2_interval,random_search,lu,cw,finding,cross_b_under_a,0.1,5000,11,420,1702,0.17320508075688773,,0.20740305522914218
dtlz2_interval,random_search,ls,cw,check,hausdorff_a_to_b,0.1,5000,11,1972,1702,0.17320508075688773,0,0.8709386574586468
dtlz2_interval,random_search,ls,cw,check,hausdorff_b_to_a,0.1,5000,11,1972,1702,0.17320508075688773,0,0.0
dtlz2_interval,random_search,ls,cw,check,hausdorff_symmetric,0.1,5000,11,1972,1702,0.17320508075688773,0,0.8709386574586468
dtlz2_interval,random_search,ls,cw,check,coverage_a_in_b,0.1,5000,11,1972,1702,0.17320508075688773,0,0.8630831643002028
dtlz2_interval,random_search,ls,cw,check,coverage_b_in_a,0.1,5000,11,1972,1702,0.17320508075688773,0,1.0
dtlz2_interval,random_search,ls,cw,check,overlap,0.1,5000,11,1972,1702,0.17320508075688773,0,0.9265106151333696
dtlz2_interval,random_search,ls,cw,check,overlap_jaccard,0.1,5000,11,1972,1702,0.17320508075688773,0,0.8630831643002027
dtlz2_interval,random_search,ls,cw,check,cross_a_under_b,0.1,5000,11,1972,1702,0.17320508075688773,0,0.8630831643002028
dtlz2_interval,random_search,ls,cw,check,cross_b_under_a,0.1,5000,11,1972,1702,0.17320508075688773,0,1.0
dtlz2_interval,random_search,lu,ls,check,hausdorff_a_to_b,0.1,5000,12,384,2128,0.17320508075688773,0,0.0
dtlz2_interval,random_search,lu,ls,check,hausdorff_b_to_a,0.1,5000,12,384,2128,0.17320508075688773,0,0.9782942795603086
dtlz2_interval,random_search,lu,ls,check,hausdorff_symmetric,0.1,5000,12,384,2128,0.17320508075688773,0,0.9782942795603086
dtlz2_interval,random_search,lu,ls,check,coverage_a_in_b,0.1,5000,12,384,2128,0.17320508075688773,0,1.0
dtlz2_interval,random_search,lu,ls,check,coverage_b_in_a,0.1,5000,12,384,2128,0.17320508075688773,0,0.18045112781954886
dtlz2_interval,random_search,lu,ls,check,overlap,0.1,5000,12,384,2128,0.17320508075688773,0,0.3057324840764331
dtlz2_interval,random_search,lu,ls,check,overlap_jaccard,0.1,5000,12,384,2128,0.17320508075688773,0,0.18045112781954886
dtlz2_interval,random_search,lu,ls,check,cross_a_under_b,0.1,5000,12,384,2128,0.17320508075688773,0,1.0
dtlz2_interval,random_search,lu,ls,check,cross_b_under_a,0.1,5000,12,384,2128,0.17320508075688773,0,0.18045112781954886
dtlz2_interval,random_search,lu,cw,finding,hausdorff_a_to_b,0.1,5000,12,384,1857,0.17320508075688773,,0.8547560546051786
dtlz2_interval,random_search,lu,cw,finding,hausdorff_b_to_a,0.1,5000,12,384,1857,0.17320508075688773,,0.9782942795603086
dtlz2_interval,random_search,lu,cw,finding,hausdorff_symmetric,0.1,5000,12,384,1857,0.17320508075688773,,0.9782942795603086
dtlz2_interval,random_search,lu,cw,finding,coverage_a_in_b,0.1,5000,12,384,1857,0.17320508075688773,,0.8697916666666666
dtlz2_interval,random_search,lu,cw,finding,coverage_b_in_a,0.1,5000,12,384,1857,0.17320508075688773,,0.17985998922994076
dtlz2_interval,random_search,lu,cw,finding,overlap,0.1,5000,12,384,1857,0.17320508075688773,,0.29808121374386437
dtlz2_interval,random_search,lu,cw,finding,overlap_jaccard,0.1,5000,12,384,1857,0.17320508075688773,,0.17514420555846882
dtlz2_interval,random_search,lu,cw,finding,cross_a_under_b,0.1,5000,12,384,1857,0.17320508075688773,,0.8723958333333334
dtlz2_interval,random_search,lu,cw,finding,cross_b_under_a,0.1,5000,12,384,1857,0.17320508075688773,,0.18039849219170706
dtlz2_interval,random_search,ls,cw,check,hausdorff_a_to_b,0.1,5000,12,2128,1857,0.17320508075688773,0,0.8802135140062312
dtlz2_interval,random_search,ls,cw,check,hausdorff_b_to_a,0.1,5000,12,2128,1857,0.17320508075688773,0,0.0
dtlz2_interval,random_search,ls,cw,check,hausdorff_symmetric,0.1,5000,12,2128,1857,0.17320508075688773,0,0.8802135140062312
dtlz2_interval,random_search,ls,cw,check,coverage_a_in_b,0.1,5000,12,2128,1857,0.17320508075688773,0,0.8726503759398496
dtlz2_interval,random_search,ls,cw,check,coverage_b_in_a,0.1,5000,12,2128,1857,0.17320508075688773,0,1.0
dtlz2_interval,random_search,ls,cw,check,overlap,0.1,5000,12,2128,1857,0.17320508075688773,0,0.9319949811794228
dtlz2_interval,random_search,ls,cw,check,overlap_jaccard,0.1,5000,12,2128,1857,0.17320508075688773,0,0.8726503759398496
dtlz2_interval,random_search,ls,cw,check,cross_a_under_b,0.1,5000,12,2128,1857,0.17320508075688773,0,0.8726503759398496
dtlz2_interval,random_search,ls,cw,check,cross_b_under_a,0.1,5000,12,2128,1857,0.17320508075688773,0,1.0
dtlz2_interval,random_search,lu,ls,check,hausdorff_a_to_b,0.1,5000,13,351,2084,0.17320508075688773,0,0.0
dtlz2_interval,random_search,lu,ls,check,hausdorff_b_to_a,0.1,5000,13,351,2084,0.17320508075688773,0,1.0378594291977354
dtlz2_interval,random_search,lu,ls,check,hausdorff_symmetric,0.1,5000,13,351,2084,0.17320508075688773,0,1.0378594291977354
dtlz2_interval,random_search,lu,ls,check,coverage_a_in_b,0.1,5000,13,351,2084,0.17320508075688773,0,1.0
dtlz2_interval,random_search,lu,ls,check,coverage_b_in_a,0.1,5000,13,351,2084,0.17320508075688773,0,0.16842610364683303
dtlz2_interval,random_search,lu,ls,check,overlap,0.1,5000,13,351,2084,0.17320508075688773,0,0.28829568788501025
dtlz2_interval,random_search,lu,ls,check,overlap_jaccard,0.1,5000,13,351,2084,0.17320508075688773,0,0.168426103646833
dtlz2_interval,random_search,lu,ls,check,cross_a_under_b,0.1,5000,13,351,2084,0.17320508075688773,0,1.0
dtlz2_interval,random_search,lu,ls,check,cross_b_under_a,0.1,5000,13,351,2084,0.17320508075688773,0,0.16842610364683303
dtlz2_interval,random_search,lu,cw,finding,hausdorff_a_to_b,0.1,5000,13,351,1838,0.17320508075688773,,0.9303044505215141
dtlz2_interval,random_search,lu,cw,finding,hausdorff_b_to_a,0.1,5000,13,351,1838,0.17320508075688773,,1.0378594291977354
dtlz2_interval,random_search,lu,cw,finding,hausdorff_symmetric,0.1,5000,13,351,1838,0.17320508075688773,,1.0378594291977354
dtlz2_interval,random_search,lu,cw,finding,coverage_a_in_b,0.1,5000,13,351,1838,0.17320508075688773,,0.8603988603988604
dtlz2_interval,random_search,lu,cw,finding,coverage_b_in_a,0.1,5000,13,351,1838,0.17320508075688773,,0.16430903155603918
dtlz2_interval,random_search,lu,cw,finding,overlap,0.1,5000,13,351,1838,0.17320508075688773,,0.27592507994518045
dtlz2_interval,random_search,lu,cw,finding,overlap_jaccard,0.1,5000,13,351,1838,0.17320508075688773,,0.160042395336513
dtlz2_interval,random_search,lu,cw,finding,cross_a_under_b,0.1,5000,13,351,1838,0.17320508075688773,,0.8603988603988604
dtlz2_interval,random_search,lu,cw,finding,cross_b_under_a,0.1,5000,13,351,1838,0.17320508075688773,,0.1648531011969532
dtlz2_interval,random_search,ls,cw,check,hausdorff_a_to_b,0.1,5000,13,2084,1838,0.17320508075688773,0,0.9303044505215141
dtlz2_interval,random_search,ls,cw,check,hausdorff_b_to_a,0.1,5000,13,2084,1838,0.17320508075688773,0,0.0
dtlz2_interval,random_search,ls,cw,check,hausdorff_symmetric,0.1,5000,13,2084,1838,0.17320508075688773,0,0.9303044505215141
dtlz2_interval,random_search,ls,cw,check,coverage_a_in_b,0.1,5000,13,2084,1838,0.17320508075688773,0,0.8819577735124761
dtlz2_interval,random_search,ls,cw,check,coverage_b_in_a,0.1,5000,13,2084,1838,0.17320508075688773,0,1.0
dtlz2_interval,random_search,ls,cw,check,overlap,0.1,5000,13,2084,1838,0.17320508075688773,0,0.9372768995410505
dtlz2_interval,random_search,ls,cw,check,overlap_jaccard,0.1,5000,13,2084,1838,0.17320508075688773,0,0.8819577735124761
dtlz2_interval,random_search,ls,cw,check,cross_a_under_b,0.1,5000,13,2084,1838,0.17320508075688773,0,0.8819577735124761
dtlz2_interval,random_search,ls,cw,check,cross_b_under_a,0.1,5000,13,2084,1838,0.17320508075688773,0,1.0
dtlz2_interval,random_search,lu,ls,check,hausdorff_a_to_b,0.1,5000,14,348,2046,0.17320508075688773,0,0.0
dtlz2_interval,random_search,lu,ls,check,hausdorff_b_to_a,0.1,5000,14,348,2046,0.17320508075688773,0,1.0103335412657923
dtlz2_interval,random_search,lu,ls,check,hausdorff_symmetric,0.1,5000,14,348,2046,0.17320508075688773,0,1.0103335412657923
dtlz2_interval,random_search,lu,ls,check,coverage_a_in_b,0.1,5000,14,348,2046,0.17320508075688773,0,1.0
dtlz2_interval,random_search,lu,ls,check,coverage_b_in_a,0.1,5000,14,348,2046,0.17320508075688773,0,0.17008797653958943
dtlz2_interval,random_search,lu,ls,check,overlap,0.1,5000,14,348,2046,0.17320508075688773,0,0.2907268170426065
dtlz2_interval,random_search,lu,ls,check,overlap_jaccard,0.1,5000,14,348,2046,0.17320508075688773,0,0.17008797653958943
dtlz2_interval,random_search,lu,ls,check,cross_a_under_b,0.1,5000,14,348,2046,0.17320508075688773,0,1.0
dtlz2_interval,random_search,lu,ls,check,cross_b_under_a,0.1,5000,14,348,2046,0.17320508075688773,0,0.17008797653958943
dtlz2_interval,random_search,lu,cw,finding,hausdorff_a_to_b,0.1,5000,14,348,1743,0.17320508075688773,,0.8512391963187341
dtlz2_interval,random_search,lu,cw,finding,hausdorff_b_to_a,0.1,5000,14,348,1743,0.17320508075688773,,1.0103335412657923
dtlz2_interval,random_search,lu,cw,finding,hausdorff_symmetric,0.1,5000,14,348,1743,0.17320508075688773,,1.0103335412657923
dtlz2_interval,random_search,lu,cw,finding,coverage_a_in_b,0.1,5000,14,348,1743,0.17320508075688773,,0.8390804597701149
dtlz2_interval,random_search,lu,cw,finding,coverage_b_in_a,0.1,5000,14,348,1743,0.17320508075688773,,0.16752725186460127
dtlz2_interval,random_search,lu,cw,finding,overlap,0.1,5000,14,348,1743,0.17320508075688773,,0.27929220468675275
dtlz2_interval,random_search,lu,cw,finding,overlap_jaccard,0.1,5000,14,348,1743,0.17320508075688773,,0.1623123957754308
dtlz2_interval,random_search,lu,cw,finding,cross_a_under_b,0.1,5000,14,348,1743,0.17320508075688773,,0.8390804597701149
dtlz2_interval,random_search,lu,cw,finding,cross_b_under_a,0.1,5000,14,348,1743,0.17320508075688773,,0.16982214572576018
dtlz2_interval,random_search,ls,cw,check,hausdorff_a_to_b,0.1,5000,14,2046,1743,0.17320508075688773,0,0.8512391963187341
dtlz2_interval,random_search,ls,cw,check,hausdorff_b_to_a,0.1,5000,14,2046,1743,0.17320508075688773,0,0.0
dtlz2_interval,random_search,ls,cw,check,hausdorff_symmetric,0.1,5000,14,2046,1743,0.17320508075688773,0,0.8512391963187341
dtlz2_interval,random_search,ls,cw,check,coverage_a_in_b,0.1,5000,14,2046,1743,0.17320508075688773,0,0.8519061583577713
dtlz2_interval,random_search,ls,cw,check,coverage_b_in_a,0.1,5000,14,2046,1743,0.17320508075688773,0,1.0
dtlz2_interval,random_search,ls,cw,check,overlap,0.1,5000,14,2046,1743,0.17320508075688773,0,0.9200316706254948
dtlz2_interval,random_search,ls,cw,check,overlap_jaccard,0.1,5000,14,2046,1743,0.17320508075688773,0,0.8519061583577713
dtlz2_interval,random_search,ls,cw,check,cross_a_under_b,0.1,5000,14,2046,1743,0.17320508075688773,0,0.8519061583577713
dtlz2_interval,random_search,ls,cw,check,cross_b_under_a,0.1,5000,14,2046,1743,0.17320508075688773,0,1.0
dtlz2_interval,random_search,lu,ls,check,hausdorff_a_to_b,0.1,5000,15,331,2077,0.17320508075688773,0,0.0
dtlz2_interval,random_search,lu,ls,check,hausdorff_b_to_a,0.1,5000,15,331,2077,0.17320508075688773,0,1.153413731868667
dtlz2_interval,random_search,lu,ls,check,hausdorff_symmetric,0.1,5000,15,331,2077,0.17320508075688773,0,1.153413731868667
dtlz2_interval,random_search,lu,ls,check,coverage_a_in_b,0.1,5000,15,331,2077,0.17320508075688773,0,1.0
dtlz2_interval,random_search,lu,ls,check,coverage_b_in_a,0.1,5000,15,331,2077,0.17320508075688773,0,0.15936446798266732
dtlz2_interval,random_search,lu,ls,check,overlap,0.1,5000,15,331,2077,0.17320508075688773,0,0.2749169435215947
dtlz2_interval,random_search,lu,ls,check,overlap_jaccard,0.1,5000,15,331,2077,0.17320508075688773,0,0.15936446798266732
dtlz2_interval,random_search,lu,ls,check,cross_a_under_b,0.1,5000,15,331,2077,0.17320508075688773,0,1.0
dtlz2_interval,random_search,lu,ls,check,cross_b_under_a,0.1,5000,15,331,2077,0.17320508075688773,0,0.15936446798266732
dtlz2_interval,random_search,lu,cw,finding,hausdorff_a_to_b,0.1,5000,15,331,1813,0.17320508075688773,,0.8745448944804048
dtlz2_interval,random_search,lu,cw,finding,hausdorff_b_to_a,0.1,5000,15,331,1813,0.17320508075688773,,1.153413731868667
dtlz2_interval,random_search,lu,cw,finding,hausdorff_symmetric,0.1,5000,15,331,1813,0.17320508075688773,,1.153413731868667
dtlz2_interval,random_search,lu,cw,finding,coverage_a_in_b,0.1,5000,15,331,1813,0.17320508075688773,,0.851963746223565
dtlz2_interval,random_search,lu,cw,finding,coverage_b_in_a,0.1,5000,15,331,1813,0.17320508075688773,,0.15554329840044126
dtlz2_interval,random_search,lu,cw,finding,overlap,0.1,5000,15,331,1813,0.17320508075688773,,0.2630597014925373
dtlz2_interval,random_search,lu,cw,finding,overlap_jaccard,0.1,5000,15,331,1813,0.17320508075688773,,0.1514500537056928
dtlz2_interval,random_search,lu,cw,finding,cross_a_under_b,0.1,5000,15,331,1813,0.17320508075688773,,0.851963746223565
dtlz2_interval,random_search,lu,cw,finding,cross_b_under_a,0.1,5000,15,331,1813,0.17320508075688773,,0.15554329840044126
dtlz2_interval,random_search,ls,cw,check,hausdorff_a_to_b,0.1,5000,15,2077,1813,0.17320508075688773,0,0.8964471428393634
dtlz2_interval,random_search,ls,cw,check,hausdorff_b_to_a,0.1,5000,15,2077,1813,0.17320508075688773,0,0.0
dtlz2_interval,random_search,ls,cw,check,hausdorff_symmetric,0.1,5000,15,2077,1813,0.17320508075688773,0,0.8964471428393634
dtlz2_interval,random_search,ls,cw,check,coverage_a_in_b,0.1,5000,15,2077,1813,0.17320508075688773,0,0.8728935965334618
dtlz2_interval,random_search,ls,cw,check,coverage_b_in_a,0.1,5000,15,2077,1813,0.17320508075688773,0,1.0
dtlz2_interval,random_search,ls,cw,check,overlap,0.1,5000,15,2077,1813,0.17320508075688773,0,0.9321336760925449
dtlz2_interval,random_search,ls,cw,check,overlap_jaccard,0.1,5000,15,2077,1813,0.17320508075688773,0,0.8728935965334617
dtlz2_interval,random_search,ls,cw,check,cross_a_under_b,0.1,5000,15,2077,1813,0.17320508075688773,0,0.8728935965334618
dtlz2_interval,random_search,ls,cw,check,cross_b_under_a,0.1,5000,15,2077,1813,0.17320508075688773,0,1.0
dtlz2_interval,random_search,lu,ls,check,coverage_a_in_b,0.1,5000,11,420,1972,0.0,,1.0
dtlz2_interval,random_search,lu,ls,check,coverage_b_in_a,0.1,5000,11,420,1972,0.0,,0.2129817444219067
dtlz2_interval,random_search,lu,ls,check,overlap,0.1,5000,11,420,1972,0.0,,0.3511705685618729
dtlz2_interval,random_search,lu,ls,check,overlap_jaccard,0.1,5000,11,420,1972,0.0,,0.21298174442190668
dtlz2_interval,random_search,lu,cw,finding,coverage_a_in_b,0.1,5000,11,420,1702,0.0,,0.8404761904761905
dtlz2_interval,random_search,lu,cw,finding,coverage_b_in_a,0.1,5000,11,420,1702,0.0,,0.20740305522914218
dtlz2_interval,random_search,lu,cw,finding,overlap,0.1,5000,11,420,1702,0.0,,0.33270499528746467
dtlz2_interval,random_search,lu,cw,finding,overlap_jaccard,0.1,5000,11,420,1702,0.0,,0.19954776710005653
dtlz2_interval,random_search,ls,cw,check,coverage_a_in_b,0.1,5000,11,1972,1702,0.0,,0.8630831643002028
dtlz2_interval,random_search,ls,cw,check,coverage_b_in_a,0.1,5000,11,1972,1702,0.0,,1.0
dtlz2_interval,random_search,ls,cw,check,overlap,0.1,5000,11,1972,1702,0.0,,0.9265106151333696
dtlz2_interval,random_search,ls,cw,check,overlap_jaccard,0.1,5000,11,1972,1702,0.0,,0.8630831643002027
dtlz2_interval,random_search,lu,ls,check,coverage_a_in_b,0.1,5000,12,384,2128,0.0,,1.0
dtlz2_interval,random_search,lu,ls,check,coverage_b_in_a,0.1,5000,12,384,2128,0.0,,0.18045112781954886
dtlz2_interval,random_search,lu,ls,check,overlap,0.1,5000,12,384,2128,0.0,,0.3057324840764331
dtlz2_interval,random_search,lu,ls,check,overlap_jaccard,0.1,5000,12,384,2128,0.0,,0.18045112781954886
dtlz2_interval,random_search,lu,cw,finding,coverage_a_in_b,0.1,5000,12,384,1857,0.0,,0.8697916666666666
dtlz2_interval,random_search,lu,cw,finding,coverage_b_in_a,0.1,5000,12,384,1857,0.0,,0.17985998922994076
dtlz2_interval,random_search,lu,cw,finding,overlap,0.1,5000,12,384,1857,0.0,,0.29808121374386437
dtlz2_interval,random_search,lu,cw,finding,overlap_jaccard,0.1,5000,12,384,1857,0.0,,0.17514420555846882
dtlz2_interval,random_search,ls,cw,check,coverage_a_in_b,0.1,5000,12,2128,1857,0.0,,0.8726503759398496
dtlz2_interval,random_search,ls,cw,check,coverage_b_in_a,0.1,5000,12,2128,1857,0.0,,1.0
dtlz2_interval,random_search,ls,cw,check,overlap,0.1,5000,12,2128,1857,0.0,,0.9319949811794228
dtlz2_interval,random_search,ls,cw,check,overlap_jaccard,0.1,5000,12,2128,1857,0.0,,0.8726503759398496
dtlz2_interval,random_search,lu,ls,check,coverage_a_in_b,0.1,5000,13,351,2084,0.0,,1.0
dtlz2_interval,random_search,lu,ls,check,coverage_b_in_a,0.1,5000,13,351,2084,0.0,,0.16842610364683303
dtlz2_interval,random_search,lu,ls,check,overlap,0.1,5000,13,351,2084,0.0,,0.28829568788501025
dtlz2_interval,random_search,lu,ls,check,overlap_jaccard,0.1,5000,13,351,2084,0.0,,0.168426103646833
dtlz2_interval,random_search,lu,cw,finding,coverage_a_in_b,0.1,5000,13,351,1838,0.0,,0.8603988603988604
dtlz2_interval,random_search,lu,cw,finding,coverage_b_in_a,0.1,5000,13,351,1838,0.0,,0.16430903155603918
dtlz2_interval,random_search,lu,cw,finding,overlap,0.1,5000,13,351,1838,0.0,,0.27592507994518045
dtlz2_interval,random_search,lu,cw,finding,overlap_jaccard,0.1,5000,13,351,1838,0.0,,0.160042395336513
dtlz2_interval,random_search,ls,cw,check,coverage_a_in_b,0.1,5000,13,2084,1838,0.0,,0.8819577735124761
dtlz2_interval,random_search,ls,cw,check,coverage_b_in_a,0.1,5000,13,2084,1838,0.0,,1.0
dtlz2_interval,random_search,ls,cw,check,overlap,0.1,5000,13,2084,1838,0.0,,0.9372768995410505
dtlz2_interval,random_search,ls,cw,check,overlap_jaccard,0.1,5000,13,2084,1838,0.0,,0.8819577735124761
dtlz2_interval,random_search,lu,ls,check,coverage_a_in_b,0.1,5000,14,348,2046,0.0,,1.0
dtlz2_interval,random_search,lu,ls,check,coverage_b_in_a,0.1,5000,14,348,2046,0.0,,0.17008797653958943
dtlz2_interval,random_search,lu,ls,check,overlap,0.1,5000,14,348,2046,0.0,,0.2907268170426065
dtlz2_interval,random_search,lu,ls,check,overlap_jaccard,0.1,5000,14,348,2046,0.0,,0.17008797653958943
dtlz2_interval,random_search,lu,cw,finding,coverage_a_in_b,0.1,5000,14,348,1743,0.0,,0.8390804597701149
dtlz2_interval,random_search,lu,cw,finding,coverage_b_in_a,0.1,5000,14,348,1743,0.0,,0.16752725186460127
dtlz2_interval,random_search,lu,cw,finding,overlap,0.1,5000,14,348,1743,0.0,,0.27929220468675275
dtlz2_interval,random_search,lu,cw,finding,overlap_jaccard,0.1,5000,14,348,1743,0.0,,0.1623123957754308
dtlz2_interval,random_search,ls,cw,check,coverage_a_in_b,0.1,5000,14,2046,1743,0.0,,0.8519061583577713
dtlz2_interval,random_search,ls,cw,check,coverage_b_in_a,0.1,5000,14,2046,1743,0.0,,1.0
dtlz2_interval,random_search,ls,cw,check,overlap,0.1,5000,14,2046,1743,0.0,,0.9200316706254948
dtlz2_interval,random_search,ls,cw,check,overlap_jaccard,0.1,5000,14,2046,1743,0.0,,0.8519061583577713
dtlz2_interval,random_search,lu,ls,check,coverage_a_in_b,0.1,5000,15,331,2077,0.0,,1.0
dtlz2_interval,random_search,lu,ls,check,coverage_b_in_a,0.1,5000,15,331,2077,0.0,,0.15936446798266732
dtlz2_interval,random_search,lu,ls,check,overlap,0.1,5000,15,331,2077,0.0,,0.2749169435215947
dtlz2_interval,random_search,lu,ls,check,overlap_jaccard,0.1,5000,15,331,2077,0.0,,0.15936446798266732
dtlz2_interval,random_search,lu,cw,finding,coverage_a_in_b,0.1,5000,15,331,1813,0.0,,0.851963746223565
dtlz2_interval,random_search,lu,cw,finding,coverage_b_in_a,0.1,5000,15,331,1813,0.0,,0.15554329840044126
dtlz2_interval,random_search,lu,cw,finding,overlap,0.1,5000,15,331,1813,0.0,,0.2630597014925373
dtlz2_interval,random_search,lu,cw,finding,overlap_jaccard,0.1,5000,15,331,1813,0.0,,0.1514500537056928
dtlz2_interval,random_search,ls,cw,check,coverage_a_in_b,0.1,5000,15,2077,1813,0.0,,0.8728935965334618
dtlz2_interval,random_search,ls,cw,check,coverage_b_in_a,0.1,5000,15,2077,1813,0.0,,1.0
dtlz2_interval,random_search,ls,cw,check,overlap,0.1,5000,15,2077,1813,0.0,,0.9321336760925449
dtlz2_interval,random_search,ls,cw,check,overlap_jaccard,0.1,5000,15,2077,1813,0.0,,0.8728935965334617
dtlz2_interval,random_search_noise_floor,lu,lu,finding,coverage_a_in_b,0.1,5000,11,420,384,0.17320508075688773,,0.0
dtlz2_interval,random_search_noise_floor,lu,lu,finding,coverage_b_in_a,0.1,5000,11,420,384,0.17320508075688773,,0.0
dtlz2_interval,random_search_noise_floor,lu,lu,finding,overlap,0.1,5000,11,420,384,0.17320508075688773,,0.0
dtlz2_interval,random_search_noise_floor,lu,lu,finding,overlap_jaccard,0.1,5000,11,420,384,0.17320508075688773,,0.0
dtlz2_interval,random_search_noise_floor,lu,lu,finding,coverage_a_in_b,0.1,5000,12,384,351,0.17320508075688773,,0.0
dtlz2_interval,random_search_noise_floor,lu,lu,finding,coverage_b_in_a,0.1,5000,12,384,351,0.17320508075688773,,0.0
dtlz2_interval,random_search_noise_floor,lu,lu,finding,overlap,0.1,5000,12,384,351,0.17320508075688773,,0.0
dtlz2_interval,random_search_noise_floor,lu,lu,finding,overlap_jaccard,0.1,5000,12,384,351,0.17320508075688773,,0.0
dtlz2_interval,random_search_noise_floor,lu,lu,finding,coverage_a_in_b,0.1,5000,13,351,348,0.17320508075688773,,0.0
dtlz2_interval,random_search_noise_floor,lu,lu,finding,coverage_b_in_a,0.1,5000,13,351,348,0.17320508075688773,,0.0
dtlz2_interval,random_search_noise_floor,lu,lu,finding,overlap,0.1,5000,13,351,348,0.17320508075688773,,0.0
dtlz2_interval,random_search_noise_floor,lu,lu,finding,overlap_jaccard,0.1,5000,13,351,348,0.17320508075688773,,0.0
dtlz2_interval,random_search_noise_floor,lu,lu,finding,coverage_a_in_b,0.1,5000,14,348,331,0.17320508075688773,,0.0
dtlz2_interval,random_search_noise_floor,lu,lu,finding,coverage_b_in_a,0.1,5000,14,348,331,0.17320508075688773,,0.0
dtlz2_interval,random_search_noise_floor,lu,lu,finding,overlap,0.1,5000,14,348,331,0.17320508075688773,,0.0
dtlz2_interval,random_search_noise_floor,lu,lu,finding,overlap_jaccard,0.1,5000,14,348,331,0.17320508075688773,,0.0
dtlz2_interval,random_search_noise_floor,lu,lu,finding,coverage_a_in_b,0.1,5000,15,331,420,0.17320508075688773,,0.0
dtlz2_interval,random_search_noise_floor,lu,lu,finding,coverage_b_in_a,0.1,5000,15,331,420,0.17320508075688773,,0.0
dtlz2_interval,random_search_noise_floor,lu,lu,finding,overlap,0.1,5000,15,331,420,0.17320508075688773,,0.0
dtlz2_interval,random_search_noise_floor,lu,lu,finding,overlap_jaccard,0.1,5000,15,331,420,0.17320508075688773,,0.0
dtlz2_interval,random_search_noise_floor,ls,ls,finding,coverage_a_in_b,0.1,5000,11,1972,2128,0.17320508075688773,,0.0
dtlz2_interval,random_search_noise_floor,ls,ls,finding,coverage_b_in_a,0.1,5000,11,1972,2128,0.17320508075688773,,0.0
dtlz2_interval,random_search_noise_floor,ls,ls,finding,overlap,0.1,5000,11,1972,2128,0.17320508075688773,,0.0
dtlz2_interval,random_search_noise_floor,ls,ls,finding,overlap_jaccard,0.1,5000,11,1972,2128,0.17320508075688773,,0.0
dtlz2_interval,random_search_noise_floor,ls,ls,finding,coverage_a_in_b,0.1,5000,12,2128,2084,0.17320508075688773,,0.0
dtlz2_interval,random_search_noise_floor,ls,ls,finding,coverage_b_in_a,0.1,5000,12,2128,2084,0.17320508075688773,,0.0
dtlz2_interval,random_search_noise_floor,ls,ls,finding,overlap,0.1,5000,12,2128,2084,0.17320508075688773,,0.0
dtlz2_interval,random_search_noise_floor,ls,ls,finding,overlap_jaccard,0.1,5000,12,2128,2084,0.17320508075688773,,0.0
dtlz2_interval,random_search_noise_floor,ls,ls,finding,coverage_a_in_b,0.1,5000,13,2084,2046,0.17320508075688773,,0.0
dtlz2_interval,random_search_noise_floor,ls,ls,finding,coverage_b_in_a,0.1,5000,13,2084,2046,0.17320508075688773,,0.0
dtlz2_interval,random_search_noise_floor,ls,ls,finding,overlap,0.1,5000,13,2084,2046,0.17320508075688773,,0.0
dtlz2_interval,random_search_noise_floor,ls,ls,finding,overlap_jaccard,0.1,5000,13,2084,2046,0.17320508075688773,,0.0
dtlz2_interval,random_search_noise_floor,ls,ls,finding,coverage_a_in_b,0.1,5000,14,2046,2077,0.17320508075688773,,0.0
dtlz2_interval,random_search_noise_floor,ls,ls,finding,coverage_b_in_a,0.1,5000,14,2046,2077,0.17320508075688773,,0.0
dtlz2_interval,random_search_noise_floor,ls,ls,finding,overlap,0.1,5000,14,2046,2077,0.17320508075688773,,0.0
dtlz2_interval,random_search_noise_floor,ls,ls,finding,overlap_jaccard,0.1,5000,14,2046,2077,0.17320508075688773,,0.0
dtlz2_interval,random_search_noise_floor,ls,ls,finding,coverage_a_in_b,0.1,5000,15,2077,1972,0.17320508075688773,,0.0
dtlz2_interval,random_search_noise_floor,ls,ls,finding,coverage_b_in_a,0.1,5000,15,2077,1972,0.17320508075688773,,0.0
dtlz2_interval,random_search_noise_floor,ls,ls,finding,overlap,0.1,5000,15,2077,1972,0.17320508075688773,,0.0
dtlz2_interval,random_search_noise_floor,ls,ls,finding,overlap_jaccard,0.1,5000,15,2077,1972,0.17320508075688773,,0.0
dtlz2_interval,random_search_noise_floor,cw,cw,finding,coverage_a_in_b,0.1,5000,11,1702,1857,0.17320508075688773,,0.0
dtlz2_interval,random_search_noise_floor,cw,cw,finding,coverage_b_in_a,0.1,5000,11,1702,1857,0.17320508075688773,,0.0
dtlz2_interval,random_search_noise_floor,cw,cw,finding,overlap,0.1,5000,11,1702,1857,0.17320508075688773,,0.0
dtlz2_interval,random_search_noise_floor,cw,cw,finding,overlap_jaccard,0.1,5000,11,1702,1857,0.17320508075688773,,0.0
dtlz2_interval,random_search_noise_floor,cw,cw,finding,coverage_a_in_b,0.1,5000,12,1857,1838,0.17320508075688773,,0.0
dtlz2_interval,random_search_noise_floor,cw,cw,finding,coverage_b_in_a,0.1,5000,12,1857,1838,0.17320508075688773,,0.0
dtlz2_interval,random_search_noise_floor,cw,cw,finding,overlap,0.1,5000,12,1857,1838,0.17320508075688773,,0.0
dtlz2_interval,random_search_noise_floor,cw,cw,finding,overlap_jaccard,0.1,5000,12,1857,1838,0.17320508075688773,,0.0
dtlz2_interval,random_search_noise_floor,cw,cw,finding,coverage_a_in_b,0.1,5000,13,1838,1743,0.17320508075688773,,0.0
dtlz2_interval,random_search_noise_floor,cw,cw,finding,coverage_b_in_a,0.1,5000,13,1838,1743,0.17320508075688773,,0.0
dtlz2_interval,random_search_noise_floor,cw,cw,finding,overlap,0.1,5000,13,1838,1743,0.17320508075688773,,0.0
dtlz2_interval,random_search_noise_floor,cw,cw,finding,overlap_jaccard,0.1,5000,13,1838,1743,0.17320508075688773,,0.0
dtlz2_interval,random_search_noise_floor,cw,cw,finding,coverage_a_in_b,0.1,5000,14,1743,1813,0.17320508075688773,,0.0
dtlz2_interval,random_search_noise_floor,cw,cw,finding,coverage_b_in_a,0.1,5000,14,1743,1813,0.17320508075688773,,0.0
dtlz2_interval,random_search_noise_floor,cw,cw,finding,overlap,0.1,5000,14,1743,1813,0.17320508075688773,,0.0
dtlz2_interval,random_search_noise_floor,cw,cw,finding,overlap_jaccard,0.1,5000,14,1743,1813,0.17320508075688773,,0.0
dtlz2_interval,random_search_noise_floor,cw,cw,finding,coverage_a_in_b,0.1,5000,15,1813,1702,0.17320508075688773,,0.0
dtlz2_interval,random_search_noise_floor,cw,cw,finding,coverage_b_in_a,0.1,5000,15,1813,1702,0.17320508075688773,,0.0
dtlz2_interval,random_search_noise_floor,cw,cw,finding,overlap,0.1,5000,15,1813,1702,0.17320508075688773,,0.0
dtlz2_interval,random_search_noise_floor,cw,cw,finding,overlap_jaccard,0.1,5000,15,1813,1702,0.17320508075688773,,0.0
dtlz2_interval,random_search,lu,ls,check,hausdorff_a_to_b,0.1,20000,11,822,5539,0.17320508075688773,0,0.0
dtlz2_interval,random_search,lu,ls,check,hausdorff_b_to_a,0.1,20000,11,822,5539,0.17320508075688773,0,1.01677353440211
dtlz2_interval,random_search,lu,ls,check,hausdorff_symmetric,0.1,20000,11,822,5539,0.17320508075688773,0,1.01677353440211
dtlz2_interval,random_search,lu,ls,check,coverage_a_in_b,0.1,20000,11,822,5539,0.17320508075688773,0,1.0
dtlz2_interval,random_search,lu,ls,check,coverage_b_in_a,0.1,20000,11,822,5539,0.17320508075688773,0,0.1484022386712403
dtlz2_interval,random_search,lu,ls,check,overlap,0.1,20000,11,822,5539,0.17320508075688773,0,0.25844992925640625
dtlz2_interval,random_search,lu,ls,check,overlap_jaccard,0.1,20000,11,822,5539,0.17320508075688773,0,0.1484022386712403
dtlz2_interval,random_search,lu,ls,check,cross_a_under_b,0.1,20000,11,822,5539,0.17320508075688773,0,1.0
dtlz2_interval,random_search,lu,ls,check,cross_b_under_a,0.1,20000,11,822,5539,0.17320508075688773,0,0.1484022386712403
dtlz2_interval,random_search,lu,cw,finding,hausdorff_a_to_b,0.1,20000,11,822,4548,0.17320508075688773,,0.864987320099657
dtlz2_interval,random_search,lu,cw,finding,hausdorff_b_to_a,0.1,20000,11,822,4548,0.17320508075688773,,1.01677353440211
dtlz2_interval,random_search,lu,cw,finding,hausdorff_symmetric,0.1,20000,11,822,4548,0.17320508075688773,,1.01677353440211
dtlz2_interval,random_search,lu,cw,finding,coverage_a_in_b,0.1,20000,11,822,4548,0.17320508075688773,,0.767639902676399
dtlz2_interval,random_search,lu,cw,finding,coverage_b_in_a,0.1,20000,11,822,4548,0.17320508075688773,,0.13874230430958664
dtlz2_interval,random_search,lu,cw,finding,overlap,0.1,20000,11,822,4548,0.17320508075688773,,0.23500931098696462
dtlz2_interval,random_search,lu,cw,finding,overlap_jaccard,0.1,20000,11,822,4548,0.17320508075688773,,0.13315045368221143
dtlz2_interval,random_search,lu,cw,finding,cross_a_under_b,0.1,20000,11,822,4548,0.17320508075688773,,0.7688564476885644
dtlz2_interval,random_search,lu,cw,finding,cross_b_under_a,0.1,20000,11,822,4548,0.17320508075688773,,0.13984168865435356
dtlz2_interval,random_search,ls,cw,check,hausdorff_a_to_b,0.1,20000,11,5539,4548,0.17320508075688773,0,0.9377019018830903
dtlz2_interval,random_search,ls,cw,check,hausdorff_b_to_a,0.1,20000,11,5539,4548,0.17320508075688773,0,0.0
dtlz2_interval,random_search,ls,cw,check,hausdorff_symmetric,0.1,20000,11,5539,4548,0.17320508075688773,0,0.9377019018830903
dtlz2_interval,random_search,ls,cw,check,coverage_a_in_b,0.1,20000,11,5539,4548,0.17320508075688773,0,0.8210868387795631
dtlz2_interval,random_search,ls,cw,check,coverage_b_in_a,0.1,20000,11,5539,4548,0.17320508075688773,0,1.0
dtlz2_interval,random_search,ls,cw,check,overlap,0.1,20000,11,5539,4548,0.17320508075688773,0,0.9017547338158025
dtlz2_interval,random_search,ls,cw,check,overlap_jaccard,0.1,20000,11,5539,4548,0.17320508075688773,0,0.8210868387795631
dtlz2_interval,random_search,ls,cw,check,cross_a_under_b,0.1,20000,11,5539,4548,0.17320508075688773,0,0.8210868387795631
dtlz2_interval,random_search,ls,cw,check,cross_b_under_a,0.1,20000,11,5539,4548,0.17320508075688773,0,1.0
dtlz2_interval,random_search,lu,ls,check,hausdorff_a_to_b,0.1,20000,12,805,5640,0.17320508075688773,0,0.0
dtlz2_interval,random_search,lu,ls,check,hausdorff_b_to_a,0.1,20000,12,805,5640,0.17320508075688773,0,0.9660832959572142
dtlz2_interval,random_search,lu,ls,check,hausdorff_symmetric,0.1,20000,12,805,5640,0.17320508075688773,0,0.9660832959572142
dtlz2_interval,random_search,lu,ls,check,coverage_a_in_b,0.1,20000,12,805,5640,0.17320508075688773,0,1.0
dtlz2_interval,random_search,lu,ls,check,coverage_b_in_a,0.1,20000,12,805,5640,0.17320508075688773,0,0.1427304964539007
dtlz2_interval,random_search,lu,ls,check,overlap,0.1,20000,12,805,5640,0.17320508075688773,0,0.24980605120248253
dtlz2_interval,random_search,lu,ls,check,overlap_jaccard,0.1,20000,12,805,5640,0.17320508075688773,0,0.1427304964539007
dtlz2_interval,random_search,lu,ls,check,cross_a_under_b,0.1,20000,12,805,5640,0.17320508075688773,0,1.0
dtlz2_interval,random_search,lu,ls,check,cross_b_under_a,0.1,20000,12,805,5640,0.17320508075688773,0,0.1427304964539007
dtlz2_interval,random_search,lu,cw,finding,hausdorff_a_to_b,0.1,20000,12,805,4678,0.17320508075688773,,0.9450199547150425
dtlz2_interval,random_search,lu,cw,finding,hausdorff_b_to_a,0.1,20000,12,805,4678,0.17320508075688773,,0.9660832959572142
dtlz2_interval,random_search,lu,cw,finding,hausdorff_symmetric,0.1,20000,12,805,4678,0.17320508075688773,,0.9660832959572142
dtlz2_interval,random_search,lu,cw,finding,coverage_a_in_b,0.1,20000,12,805,4678,0.17320508075688773,,0.7850931677018633
dtlz2_interval,random_search,lu,cw,finding,coverage_b_in_a,0.1,20000,12,805,4678,0.17320508075688773,,0.1351004702864472
dtlz2_interval,random_search,lu,cw,finding,overlap,0.1,20000,12,805,4678,0.17320508075688773,,0.23053073135144994
dtlz2_interval,random_search,lu,cw,finding,overlap_jaccard,0.1,20000,12,805,4678,0.17320508075688773,,0.1302824159967017
dtlz2_interval,random_search,lu,cw,finding,cross_a_under_b,0.1,20000,12,805,4678,0.17320508075688773,,0.7850931677018633
dtlz2_interval,random_search,lu,cw,finding,cross_b_under_a,0.1,20000,12,805,4678,0.17320508075688773,,0.135741769987174
dtlz2_interval,random_search,ls,cw,check,hausdorff_a_to_b,0.1,20000,12,5640,4678,0.17320508075688773,0,0.9450199547150425
dtlz2_interval,random_search,ls,cw,check,hausdorff_b_to_a,0.1,20000,12,5640,4678,0.17320508075688773,0,0.0
dtlz2_interval,random_search,ls,cw,check,hausdorff_symmetric,0.1,20000,12,5640,4678,0.17320508075688773,0,0.9450199547150425
dtlz2_interval,random_search,ls,cw,check,coverage_a_in_b,0.1,20000,12,5640,4678,0.17320508075688773,0,0.8294326241134752
dtlz2_interval,random_search,ls,cw,check,coverage_b_in_a,0.1,20000,12,5640,4678,0.17320508075688773,0,1.0
dtlz2_interval,random_search,ls,cw,check,overlap,0.1,20000,12,5640,4678,0.17320508075688773,0,0.9067648769141307
dtlz2_interval,random_search,ls,cw,check,overlap_jaccard,0.1,20000,12,5640,4678,0.17320508075688773,0,0.8294326241134751
dtlz2_interval,random_search,ls,cw,check,cross_a_under_b,0.1,20000,12,5640,4678,0.17320508075688773,0,0.8294326241134752
dtlz2_interval,random_search,ls,cw,check,cross_b_under_a,0.1,20000,12,5640,4678,0.17320508075688773,0,1.0
dtlz2_interval,random_search,lu,ls,check,hausdorff_a_to_b,0.1,20000,13,774,5481,0.17320508075688773,0,0.0
dtlz2_interval,random_search,lu,ls,check,hausdorff_b_to_a,0.1,20000,13,774,5481,0.17320508075688773,0,0.9762314131307588
dtlz2_interval,random_search,lu,ls,check,hausdorff_symmetric,0.1,20000,13,774,5481,0.17320508075688773,0,0.9762314131307588
dtlz2_interval,random_search,lu,ls,check,coverage_a_in_b,0.1,20000,13,774,5481,0.17320508075688773,0,1.0
dtlz2_interval,random_search,lu,ls,check,coverage_b_in_a,0.1,20000,13,774,5481,0.17320508075688773,0,0.1412151067323481
dtlz2_interval,random_search,lu,ls,check,overlap,0.1,20000,13,774,5481,0.17320508075688773,0,0.2474820143884892
dtlz2_interval,random_search,lu,ls,check,overlap_jaccard,0.1,20000,13,774,5481,0.17320508075688773,0,0.1412151067323481
dtlz2_interval,random_search,lu,ls,check,cross_a_under_b,0.1,20000,13,774,5481,0.17320508075688773,0,1.0
dtlz2_interval,random_search,lu,ls,check,cross_b_under_a,0.1,20000,13,774,5481,0.17320508075688773,0,0.1412151067323481
dtlz2_interval,random_search,lu,cw,finding,hausdorff_a_to_b,0.1,20000,13,774,4563,0.17320508075688773,,0.9867734436203475
dtlz2_interval,random_search,lu,cw,finding,hausdorff_b_to_a,0.1,20000,13,774,4563,0.17320508075688773,,0.9762314131307588
dtlz2_interval,random_search,lu,cw,finding,hausdorff_symmetric,0.1,20000,13,774,4563,0.17320508075688773,,0.9867734436203475
dtlz2_interval,random_search,lu,cw,finding,coverage_a_in_b,0.1,20000,13,774,4563,0.17320508075688773,,0.7571059431524548
dtlz2_interval,random_search,lu,cw,finding,coverage_b_in_a,0.1,20000,13,774,4563,0.17320508075688773,,0.12842428227043612
dtlz2_interval,random_search,lu,cw,finding,overlap,0.1,20000,13,774,4563,0.17320508075688773,,0.21959902566985198
dtlz2_interval,random_search,lu,cw,finding,overlap_jaccard,0.1,20000,13,774,4563,0.17320508075688773,,0.12334245422016417
dtlz2_interval,random_search,lu,cw,finding,cross_a_under_b,0.1,20000,13,774,4563,0.17320508075688773,,0.7571059431524548
dtlz2_interval,random_search,lu,cw,finding,cross_b_under_a,0.1,20000,13,774,4563,0.17320508075688773,,0.1301775147928994
dtlz2_interval,random_search,ls,cw,check,hausdorff_a_to_b,0.1,20000,13,5481,4563,0.17320508075688773,0,0.9867734436203475
dtlz2_interval,random_search,ls,cw,check,hausdorff_b_to_a,0.1,20000,13,5481,4563,0.17320508075688773,0,0.0
dtlz2_interval,random_search,ls,cw,check,hausdorff_symmetric,0.1,20000,13,5481,4563,0.17320508075688773,0,0.9867734436203475
dtlz2_interval,random_search,ls,cw,check,coverage_a_in_b,0.1,20000,13,5481,4563,0.17320508075688773,0,0.8325123152709359
dtlz2_interval,random_search,ls,cw,check,coverage_b_in_a,0.1,20000,13,5481,4563,0.17320508075688773,0,1.0
dtlz2_interval,random_search,ls,cw,check,overlap,0.1,20000,13,5481,4563,0.17320508075688773,0,0.9086021505376344
dtlz2_interval,random_search,ls,cw,check,overlap_jaccard,0.1,20000,13,5481,4563,0.17320508075688773,0,0.8325123152709359
dtlz2_interval,random_search,ls,cw,check,cross_a_under_b,0.1,20000,13,5481,4563,0.17320508075688773,0,0.8325123152709359
dtlz2_interval,random_search,ls,cw,check,cross_b_under_a,0.1,20000,13,5481,4563,0.17320508075688773,0,1.0
dtlz2_interval,random_search,lu,ls,check,hausdorff_a_to_b,0.1,20000,14,757,5344,0.17320508075688773,0,0.0
dtlz2_interval,random_search,lu,ls,check,hausdorff_b_to_a,0.1,20000,14,757,5344,0.17320508075688773,0,0.9855590438146183
dtlz2_interval,random_search,lu,ls,check,hausdorff_symmetric,0.1,20000,14,757,5344,0.17320508075688773,0,0.9855590438146183
dtlz2_interval,random_search,lu,ls,check,coverage_a_in_b,0.1,20000,14,757,5344,0.17320508075688773,0,1.0
dtlz2_interval,random_search,lu,ls,check,coverage_b_in_a,0.1,20000,14,757,5344,0.17320508075688773,0,0.14165419161676646
dtlz2_interval,random_search,lu,ls,check,overlap,0.1,20000,14,757,5344,0.17320508075688773,0,0.2481560399934437
dtlz2_interval,random_search,lu,ls,check,overlap_jaccard,0.1,20000,14,757,5344,0.17320508075688773,0,0.14165419161676648
dtlz2_interval,random_search,lu,ls,check,cross_a_under_b,0.1,20000,14,757,5344,0.17320508075688773,0,1.0
dtlz2_interval,random_search,lu,ls,check,cross_b_under_a,0.1,20000,14,757,5344,0.17320508075688773,0,0.14165419161676646
dtlz2_interval,random_search,lu,cw,finding,hausdorff_a_to_b,0.1,20000,14,757,4343,0.17320508075688773,,0.9685213056015035
dtlz2_interval,random_search,lu,cw,finding,hausdorff_b_to_a,0.1,20000,14,757,4343,0.17320508075688773,,0.9855590438146183
dtlz2_interval,random_search,lu,cw,finding,hausdorff_symmetric,0.1,20000,14,757,4343,0.17320508075688773,,0.9855590438146183
dtlz2_interval,random_search,lu,cw,finding,coverage_a_in_b,0.1,20000,14,757,4343,0.17320508075688773,,0.7014531043593131
dtlz2_interval,random_search,lu,cw,finding,coverage_b_in_a,0.1,20000,14,757,4343,0.17320508075688773,,0.12226571494358739
dtlz2_interval,random_search,lu,cw,finding,overlap,0.1,20000,14,757,4343,0.17320508075688773,,0.20823529411764705
dtlz2_interval,random_search,lu,cw,finding,overlap_jaccard,0.1,20000,14,757,4343,0.17320508075688773,,0.11621799080761654
dtlz2_interval,random_search,lu,cw,finding,cross_a_under_b,0.1,20000,14,757,4343,0.17320508075688773,,0.702774108322325
dtlz2_interval,random_search,lu,cw,finding,cross_b_under_a,0.1,20000,14,757,4343,0.17320508075688773,,0.12410775961317062
dtlz2_interval,random_search,ls,cw,check,hausdorff_a_to_b,0.1,20000,14,5344,4343,0.17320508075688773,0,0.9685213056015035
dtlz2_interval,random_search,ls,cw,check,hausdorff_b_to_a,0.1,20000,14,5344,4343,0.17320508075688773,0,0.0
dtlz2_interval,random_search,ls,cw,check,hausdorff_symmetric,0.1,20000,14,5344,4343,0.17320508075688773,0,0.9685213056015035
dtlz2_interval,random_search,ls,cw,check,coverage_a_in_b,0.1,20000,14,5344,4343,0.17320508075688773,0,0.812687125748503
dtlz2_interval,random_search,ls,cw,check,coverage_b_in_a,0.1,20000,14,5344,4343,0.17320508075688773,0,1.0
dtlz2_interval,random_search,ls,cw,check,overlap,0.1,20000,14,5344,4343,0.17320508075688773,0,0.8966656343553215
dtlz2_interval,random_search,ls,cw,check,overlap_jaccard,0.1,20000,14,5344,4343,0.17320508075688773,0,0.812687125748503
dtlz2_interval,random_search,ls,cw,check,cross_a_under_b,0.1,20000,14,5344,4343,0.17320508075688773,0,0.812687125748503
dtlz2_interval,random_search,ls,cw,check,cross_b_under_a,0.1,20000,14,5344,4343,0.17320508075688773,0,1.0
dtlz2_interval,random_search,lu,ls,check,hausdorff_a_to_b,0.1,20000,15,746,5521,0.17320508075688773,0,0.0
dtlz2_interval,random_search,lu,ls,check,hausdorff_b_to_a,0.1,20000,15,746,5521,0.17320508075688773,0,0.9709385329547688
dtlz2_interval,random_search,lu,ls,check,hausdorff_symmetric,0.1,20000,15,746,5521,0.17320508075688773,0,0.9709385329547688
dtlz2_interval,random_search,lu,ls,check,coverage_a_in_b,0.1,20000,15,746,5521,0.17320508075688773,0,1.0
dtlz2_interval,random_search,lu,ls,check,coverage_b_in_a,0.1,20000,15,746,5521,0.17320508075688773,0,0.1351204491939866
dtlz2_interval,random_search,lu,ls,check,overlap,0.1,20000,15,746,5521,0.17320508075688773,0,0.23807244295516197
dtlz2_interval,random_search,lu,ls,check,overlap_jaccard,0.1,20000,15,746,5521,0.17320508075688773,0,0.1351204491939866
dtlz2_interval,random_search,lu,ls,check,cross_a_under_b,0.1,20000,15,746,5521,0.17320508075688773,0,1.0
dtlz2_interval,random_search,lu,ls,check,cross_b_under_a,0.1,20000,15,746,5521,0.17320508075688773,0,0.1351204491939866
dtlz2_interval,random_search,lu,cw,finding,hausdorff_a_to_b,0.1,20000,15,746,4565,0.17320508075688773,,0.9090684930246538
dtlz2_interval,random_search,lu,cw,finding,hausdorff_b_to_a,0.1,20000,15,746,4565,0.17320508075688773,,0.9709385329547688
dtlz2_interval,random_search,lu,cw,finding,hausdorff_symmetric,0.1,20000,15,746,4565,0.17320508075688773,,0.9709385329547688
dtlz2_interval,random_search,lu,cw,finding,coverage_a_in_b,0.1,20000,15,746,4565,0.17320508075688773,,0.7680965147453083
dtlz2_interval,random_search,lu,cw,finding,coverage_b_in_a,0.1,20000,15,746,4565,0.17320508075688773,,0.12552026286966045
dtlz2_interval,random_search,lu,cw,finding,overlap,0.1,20000,15,746,4565,0.17320508075688773,,0.215778572773489
dtlz2_interval,random_search,lu,cw,finding,overlap_jaccard,0.1,20000,15,746,4565,0.17320508075688773,,0.12093710426340228
dtlz2_interval,random_search,lu,cw,finding,cross_a_under_b,0.1,20000,15,746,4565,0.17320508075688773,,0.7694369973190348
dtlz2_interval,random_search,lu,cw,finding,cross_b_under_a,0.1,20000,15,746,4565,0.17320508075688773,,0.12683461117196057
dtlz2_interval,random_search,ls,cw,check,hausdorff_a_to_b,0.1,20000,15,5521,4565,0.17320508075688773,0,0.9579630521751841
dtlz2_interval,random_search,ls,cw,check,hausdorff_b_to_a,0.1,20000,15,5521,4565,0.17320508075688773,0,0.0
dtlz2_interval,random_search,ls,cw,check,hausdorff_symmetric,0.1,20000,15,5521,4565,0.17320508075688773,0,0.9579630521751841
dtlz2_interval,random_search,ls,cw,check,coverage_a_in_b,0.1,20000,15,5521,4565,0.17320508075688773,0,0.8268429632312987
dtlz2_interval,random_search,ls,cw,check,coverage_b_in_a,0.1,20000,15,5521,4565,0.17320508075688773,0,1.0
dtlz2_interval,random_search,ls,cw,check,overlap,0.1,20000,15,5521,4565,0.17320508075688773,0,0.9052151497124727
dtlz2_interval,random_search,ls,cw,check,overlap_jaccard,0.1,20000,15,5521,4565,0.17320508075688773,0,0.8268429632312987
dtlz2_interval,random_search,ls,cw,check,cross_a_under_b,0.1,20000,15,5521,4565,0.17320508075688773,0,0.8268429632312987
dtlz2_interval,random_search,ls,cw,check,cross_b_under_a,0.1,20000,15,5521,4565,0.17320508075688773,0,1.0
dtlz2_interval,random_search,lu,ls,check,coverage_a_in_b,0.1,20000,11,822,5539,0.0,,1.0
dtlz2_interval,random_search,lu,ls,check,coverage_b_in_a,0.1,20000,11,822,5539,0.0,,0.1484022386712403
dtlz2_interval,random_search,lu,ls,check,overlap,0.1,20000,11,822,5539,0.0,,0.25844992925640625
dtlz2_interval,random_search,lu,ls,check,overlap_jaccard,0.1,20000,11,822,5539,0.0,,0.1484022386712403
dtlz2_interval,random_search,lu,cw,finding,coverage_a_in_b,0.1,20000,11,822,4548,0.0,,0.767639902676399
dtlz2_interval,random_search,lu,cw,finding,coverage_b_in_a,0.1,20000,11,822,4548,0.0,,0.13874230430958664
dtlz2_interval,random_search,lu,cw,finding,overlap,0.1,20000,11,822,4548,0.0,,0.23500931098696462
dtlz2_interval,random_search,lu,cw,finding,overlap_jaccard,0.1,20000,11,822,4548,0.0,,0.13315045368221143
dtlz2_interval,random_search,ls,cw,check,coverage_a_in_b,0.1,20000,11,5539,4548,0.0,,0.8210868387795631
dtlz2_interval,random_search,ls,cw,check,coverage_b_in_a,0.1,20000,11,5539,4548,0.0,,1.0
dtlz2_interval,random_search,ls,cw,check,overlap,0.1,20000,11,5539,4548,0.0,,0.9017547338158025
dtlz2_interval,random_search,ls,cw,check,overlap_jaccard,0.1,20000,11,5539,4548,0.0,,0.8210868387795631
dtlz2_interval,random_search,lu,ls,check,coverage_a_in_b,0.1,20000,12,805,5640,0.0,,1.0
dtlz2_interval,random_search,lu,ls,check,coverage_b_in_a,0.1,20000,12,805,5640,0.0,,0.1427304964539007
dtlz2_interval,random_search,lu,ls,check,overlap,0.1,20000,12,805,5640,0.0,,0.24980605120248253
dtlz2_interval,random_search,lu,ls,check,overlap_jaccard,0.1,20000,12,805,5640,0.0,,0.1427304964539007
dtlz2_interval,random_search,lu,cw,finding,coverage_a_in_b,0.1,20000,12,805,4678,0.0,,0.7850931677018633
dtlz2_interval,random_search,lu,cw,finding,coverage_b_in_a,0.1,20000,12,805,4678,0.0,,0.1351004702864472
dtlz2_interval,random_search,lu,cw,finding,overlap,0.1,20000,12,805,4678,0.0,,0.23053073135144994
dtlz2_interval,random_search,lu,cw,finding,overlap_jaccard,0.1,20000,12,805,4678,0.0,,0.1302824159967017
dtlz2_interval,random_search,ls,cw,check,coverage_a_in_b,0.1,20000,12,5640,4678,0.0,,0.8294326241134752
dtlz2_interval,random_search,ls,cw,check,coverage_b_in_a,0.1,20000,12,5640,4678,0.0,,1.0
dtlz2_interval,random_search,ls,cw,check,overlap,0.1,20000,12,5640,4678,0.0,,0.9067648769141307
dtlz2_interval,random_search,ls,cw,check,overlap_jaccard,0.1,20000,12,5640,4678,0.0,,0.8294326241134751
dtlz2_interval,random_search,lu,ls,check,coverage_a_in_b,0.1,20000,13,774,5481,0.0,,1.0
dtlz2_interval,random_search,lu,ls,check,coverage_b_in_a,0.1,20000,13,774,5481,0.0,,0.1412151067323481
dtlz2_interval,random_search,lu,ls,check,overlap,0.1,20000,13,774,5481,0.0,,0.2474820143884892
dtlz2_interval,random_search,lu,ls,check,overlap_jaccard,0.1,20000,13,774,5481,0.0,,0.1412151067323481
dtlz2_interval,random_search,lu,cw,finding,coverage_a_in_b,0.1,20000,13,774,4563,0.0,,0.7571059431524548
dtlz2_interval,random_search,lu,cw,finding,coverage_b_in_a,0.1,20000,13,774,4563,0.0,,0.12842428227043612
dtlz2_interval,random_search,lu,cw,finding,overlap,0.1,20000,13,774,4563,0.0,,0.21959902566985198
dtlz2_interval,random_search,lu,cw,finding,overlap_jaccard,0.1,20000,13,774,4563,0.0,,0.12334245422016417
dtlz2_interval,random_search,ls,cw,check,coverage_a_in_b,0.1,20000,13,5481,4563,0.0,,0.8325123152709359
dtlz2_interval,random_search,ls,cw,check,coverage_b_in_a,0.1,20000,13,5481,4563,0.0,,1.0
dtlz2_interval,random_search,ls,cw,check,overlap,0.1,20000,13,5481,4563,0.0,,0.9086021505376344
dtlz2_interval,random_search,ls,cw,check,overlap_jaccard,0.1,20000,13,5481,4563,0.0,,0.8325123152709359
dtlz2_interval,random_search,lu,ls,check,coverage_a_in_b,0.1,20000,14,757,5344,0.0,,1.0
dtlz2_interval,random_search,lu,ls,check,coverage_b_in_a,0.1,20000,14,757,5344,0.0,,0.14165419161676646
dtlz2_interval,random_search,lu,ls,check,overlap,0.1,20000,14,757,5344,0.0,,0.2481560399934437
dtlz2_interval,random_search,lu,ls,check,overlap_jaccard,0.1,20000,14,757,5344,0.0,,0.14165419161676648
dtlz2_interval,random_search,lu,cw,finding,coverage_a_in_b,0.1,20000,14,757,4343,0.0,,0.7014531043593131
dtlz2_interval,random_search,lu,cw,finding,coverage_b_in_a,0.1,20000,14,757,4343,0.0,,0.12226571494358739
dtlz2_interval,random_search,lu,cw,finding,overlap,0.1,20000,14,757,4343,0.0,,0.20823529411764705
dtlz2_interval,random_search,lu,cw,finding,overlap_jaccard,0.1,20000,14,757,4343,0.0,,0.11621799080761654
dtlz2_interval,random_search,ls,cw,check,coverage_a_in_b,0.1,20000,14,5344,4343,0.0,,0.812687125748503
dtlz2_interval,random_search,ls,cw,check,coverage_b_in_a,0.1,20000,14,5344,4343,0.0,,1.0
dtlz2_interval,random_search,ls,cw,check,overlap,0.1,20000,14,5344,4343,0.0,,0.8966656343553215
dtlz2_interval,random_search,ls,cw,check,overlap_jaccard,0.1,20000,14,5344,4343,0.0,,0.812687125748503
dtlz2_interval,random_search,lu,ls,check,coverage_a_in_b,0.1,20000,15,746,5521,0.0,,1.0
dtlz2_interval,random_search,lu,ls,check,coverage_b_in_a,0.1,20000,15,746,5521,0.0,,0.1351204491939866
dtlz2_interval,random_search,lu,ls,check,overlap,0.1,20000,15,746,5521,0.0,,0.23807244295516197
dtlz2_interval,random_search,lu,ls,check,overlap_jaccard,0.1,20000,15,746,5521,0.0,,0.1351204491939866
dtlz2_interval,random_search,lu,cw,finding,coverage_a_in_b,0.1,20000,15,746,4565,0.0,,0.7680965147453083
dtlz2_interval,random_search,lu,cw,finding,coverage_b_in_a,0.1,20000,15,746,4565,0.0,,0.12552026286966045
dtlz2_interval,random_search,lu,cw,finding,overlap,0.1,20000,15,746,4565,0.0,,0.215778572773489
dtlz2_interval,random_search,lu,cw,finding,overlap_jaccard,0.1,20000,15,746,4565,0.0,,0.12093710426340228
dtlz2_interval,random_search,ls,cw,check,coverage_a_in_b,0.1,20000,15,5521,4565,0.0,,0.8268429632312987
dtlz2_interval,random_search,ls,cw,check,coverage_b_in_a,0.1,20000,15,5521,4565,0.0,,1.0
dtlz2_interval,random_search,ls,cw,check,overlap,0.1,20000,15,5521,4565,0.0,,0.9052151497124727
dtlz2_interval,random_search,ls,cw,check,overlap_jaccard,0.1,20000,15,5521,4565,0.0,,0.8268429632312987
dtlz2_interval,random_search_noise_floor,lu,lu,finding,coverage_a_in_b,0.1,20000,11,822,805,0.17320508075688773,,0.0
dtlz2_interval,random_search_noise_floor,lu,lu,finding,coverage_b_in_a,0.1,20000,11,822,805,0.17320508075688773,,0.0
dtlz2_interval,random_search_noise_floor,lu,lu,finding,overlap,0.1,20000,11,822,805,0.17320508075688773,,0.0
dtlz2_interval,random_search_noise_floor,lu,lu,finding,overlap_jaccard,0.1,20000,11,822,805,0.17320508075688773,,0.0
dtlz2_interval,random_search_noise_floor,lu,lu,finding,coverage_a_in_b,0.1,20000,12,805,774,0.17320508075688773,,0.0
dtlz2_interval,random_search_noise_floor,lu,lu,finding,coverage_b_in_a,0.1,20000,12,805,774,0.17320508075688773,,0.0
dtlz2_interval,random_search_noise_floor,lu,lu,finding,overlap,0.1,20000,12,805,774,0.17320508075688773,,0.0
dtlz2_interval,random_search_noise_floor,lu,lu,finding,overlap_jaccard,0.1,20000,12,805,774,0.17320508075688773,,0.0
dtlz2_interval,random_search_noise_floor,lu,lu,finding,coverage_a_in_b,0.1,20000,13,774,757,0.17320508075688773,,0.0
dtlz2_interval,random_search_noise_floor,lu,lu,finding,coverage_b_in_a,0.1,20000,13,774,757,0.17320508075688773,,0.0
dtlz2_interval,random_search_noise_floor,lu,lu,finding,overlap,0.1,20000,13,774,757,0.17320508075688773,,0.0
dtlz2_interval,random_search_noise_floor,lu,lu,finding,overlap_jaccard,0.1,20000,13,774,757,0.17320508075688773,,0.0
dtlz2_interval,random_search_noise_floor,lu,lu,finding,coverage_a_in_b,0.1,20000,14,757,746,0.17320508075688773,,0.0
dtlz2_interval,random_search_noise_floor,lu,lu,finding,coverage_b_in_a,0.1,20000,14,757,746,0.17320508075688773,,0.0
dtlz2_interval,random_search_noise_floor,lu,lu,finding,overlap,0.1,20000,14,757,746,0.17320508075688773,,0.0
dtlz2_interval,random_search_noise_floor,lu,lu,finding,overlap_jaccard,0.1,20000,14,757,746,0.17320508075688773,,0.0
dtlz2_interval,random_search_noise_floor,lu,lu,finding,coverage_a_in_b,0.1,20000,15,746,822,0.17320508075688773,,0.0
dtlz2_interval,random_search_noise_floor,lu,lu,finding,coverage_b_in_a,0.1,20000,15,746,822,0.17320508075688773,,0.0
dtlz2_interval,random_search_noise_floor,lu,lu,finding,overlap,0.1,20000,15,746,822,0.17320508075688773,,0.0
dtlz2_interval,random_search_noise_floor,lu,lu,finding,overlap_jaccard,0.1,20000,15,746,822,0.17320508075688773,,0.0
dtlz2_interval,random_search_noise_floor,ls,ls,finding,coverage_a_in_b,0.1,20000,11,5539,5640,0.17320508075688773,,0.0
dtlz2_interval,random_search_noise_floor,ls,ls,finding,coverage_b_in_a,0.1,20000,11,5539,5640,0.17320508075688773,,0.0
dtlz2_interval,random_search_noise_floor,ls,ls,finding,overlap,0.1,20000,11,5539,5640,0.17320508075688773,,0.0
dtlz2_interval,random_search_noise_floor,ls,ls,finding,overlap_jaccard,0.1,20000,11,5539,5640,0.17320508075688773,,0.0
dtlz2_interval,random_search_noise_floor,ls,ls,finding,coverage_a_in_b,0.1,20000,12,5640,5481,0.17320508075688773,,0.0
dtlz2_interval,random_search_noise_floor,ls,ls,finding,coverage_b_in_a,0.1,20000,12,5640,5481,0.17320508075688773,,0.0
dtlz2_interval,random_search_noise_floor,ls,ls,finding,overlap,0.1,20000,12,5640,5481,0.17320508075688773,,0.0
dtlz2_interval,random_search_noise_floor,ls,ls,finding,overlap_jaccard,0.1,20000,12,5640,5481,0.17320508075688773,,0.0
dtlz2_interval,random_search_noise_floor,ls,ls,finding,coverage_a_in_b,0.1,20000,13,5481,5344,0.17320508075688773,,0.0
dtlz2_interval,random_search_noise_floor,ls,ls,finding,coverage_b_in_a,0.1,20000,13,5481,5344,0.17320508075688773,,0.0
dtlz2_interval,random_search_noise_floor,ls,ls,finding,overlap,0.1,20000,13,5481,5344,0.17320508075688773,,0.0
dtlz2_interval,random_search_noise_floor,ls,ls,finding,overlap_jaccard,0.1,20000,13,5481,5344,0.17320508075688773,,0.0
dtlz2_interval,random_search_noise_floor,ls,ls,finding,coverage_a_in_b,0.1,20000,14,5344,5521,0.17320508075688773,,0.0
dtlz2_interval,random_search_noise_floor,ls,ls,finding,coverage_b_in_a,0.1,20000,14,5344,5521,0.17320508075688773,,0.0
dtlz2_interval,random_search_noise_floor,ls,ls,finding,overlap,0.1,20000,14,5344,5521,0.17320508075688773,,0.0
dtlz2_interval,random_search_noise_floor,ls,ls,finding,overlap_jaccard,0.1,20000,14,5344,5521,0.17320508075688773,,0.0
dtlz2_interval,random_search_noise_floor,ls,ls,finding,coverage_a_in_b,0.1,20000,15,5521,5539,0.17320508075688773,,0.0
dtlz2_interval,random_search_noise_floor,ls,ls,finding,coverage_b_in_a,0.1,20000,15,5521,5539,0.17320508075688773,,0.0
dtlz2_interval,random_search_noise_floor,ls,ls,finding,overlap,0.1,20000,15,5521,5539,0.17320508075688773,,0.0
dtlz2_interval,random_search_noise_floor,ls,ls,finding,overlap_jaccard,0.1,20000,15,5521,5539,0.17320508075688773,,0.0
dtlz2_interval,random_search_noise_floor,cw,cw,finding,coverage_a_in_b,0.1,20000,11,4548,4678,0.17320508075688773,,0.0
dtlz2_interval,random_search_noise_floor,cw,cw,finding,coverage_b_in_a,0.1,20000,11,4548,4678,0.17320508075688773,,0.0
dtlz2_interval,random_search_noise_floor,cw,cw,finding,overlap,0.1,20000,11,4548,4678,0.17320508075688773,,0.0
dtlz2_interval,random_search_noise_floor,cw,cw,finding,overlap_jaccard,0.1,20000,11,4548,4678,0.17320508075688773,,0.0
dtlz2_interval,random_search_noise_floor,cw,cw,finding,coverage_a_in_b,0.1,20000,12,4678,4563,0.17320508075688773,,0.0
dtlz2_interval,random_search_noise_floor,cw,cw,finding,coverage_b_in_a,0.1,20000,12,4678,4563,0.17320508075688773,,0.0
dtlz2_interval,random_search_noise_floor,cw,cw,finding,overlap,0.1,20000,12,4678,4563,0.17320508075688773,,0.0
dtlz2_interval,random_search_noise_floor,cw,cw,finding,overlap_jaccard,0.1,20000,12,4678,4563,0.17320508075688773,,0.0
dtlz2_interval,random_search_noise_floor,cw,cw,finding,coverage_a_in_b,0.1,20000,13,4563,4343,0.17320508075688773,,0.0
dtlz2_interval,random_search_noise_floor,cw,cw,finding,coverage_b_in_a,0.1,20000,13,4563,4343,0.17320508075688773,,0.0
dtlz2_interval,random_search_noise_floor,cw,cw,finding,overlap,0.1,20000,13,4563,4343,0.17320508075688773,,0.0
dtlz2_interval,random_search_noise_floor,cw,cw,finding,overlap_jaccard,0.1,20000,13,4563,4343,0.17320508075688773,,0.0
dtlz2_interval,random_search_noise_floor,cw,cw,finding,coverage_a_in_b,0.1,20000,14,4343,4565,0.17320508075688773,,0.0
dtlz2_interval,random_search_noise_floor,cw,cw,finding,coverage_b_in_a,0.1,20000,14,4343,4565,0.17320508075688773,,0.0
dtlz2_interval,random_search_noise_floor,cw,cw,finding,overlap,0.1,20000,14,4343,4565,0.17320508075688773,,0.0
dtlz2_interval,random_search_noise_floor,cw,cw,finding,overlap_jaccard,0.1,20000,14,4343,4565,0.17320508075688773,,0.0
dtlz2_interval,random_search_noise_floor,cw,cw,finding,coverage_a_in_b,0.1,20000,15,4565,4548,0.17320508075688773,,0.0
dtlz2_interval,random_search_noise_floor,cw,cw,finding,coverage_b_in_a,0.1,20000,15,4565,4548,0.17320508075688773,,0.0
dtlz2_interval,random_search_noise_floor,cw,cw,finding,overlap,0.1,20000,15,4565,4548,0.17320508075688773,,0.0
dtlz2_interval,random_search_noise_floor,cw,cw,finding,overlap_jaccard,0.1,20000,15,4565,4548,0.17320508075688773,,0.0
dtlz2_interval,random_search,lu,ls,check,hausdorff_a_to_b,0.25,5000,11,678,2316,0.17320508075688773,0,0.0
dtlz2_interval,random_search,lu,ls,check,hausdorff_b_to_a,0.25,5000,11,678,2316,0.17320508075688773,0,0.9792977145802001
dtlz2_interval,random_search,lu,ls,check,hausdorff_symmetric,0.25,5000,11,678,2316,0.17320508075688773,0,0.9792977145802001
dtlz2_interval,random_search,lu,ls,check,coverage_a_in_b,0.25,5000,11,678,2316,0.17320508075688773,0,1.0
dtlz2_interval,random_search,lu,ls,check,coverage_b_in_a,0.25,5000,11,678,2316,0.17320508075688773,0,0.2927461139896373
dtlz2_interval,random_search,lu,ls,check,overlap,0.25,5000,11,678,2316,0.17320508075688773,0,0.4529058116232465
dtlz2_interval,random_search,lu,ls,check,overlap_jaccard,0.25,5000,11,678,2316,0.17320508075688773,0,0.2927461139896373
dtlz2_interval,random_search,lu,ls,check,cross_a_under_b,0.25,5000,11,678,2316,0.17320508075688773,0,1.0
dtlz2_interval,random_search,lu,ls,check,cross_b_under_a,0.25,5000,11,678,2316,0.17320508075688773,0,0.2927461139896373
dtlz2_interval,random_search,lu,cw,finding,hausdorff_a_to_b,0.25,5000,11,678,1702,0.17320508075688773,,0.8709386574586468
dtlz2_interval,random_search,lu,cw,finding,hausdorff_b_to_a,0.25,5000,11,678,1702,0.17320508075688773,,0.9792977145802001
dtlz2_interval,random_search,lu,cw,finding,hausdorff_symmetric,0.25,5000,11,678,1702,0.17320508075688773,,0.9792977145802001
dtlz2_interval,random_search,lu,cw,finding,coverage_a_in_b,0.25,5000,11,678,1702,0.17320508075688773,,0.7433628318584071
dtlz2_interval,random_search,lu,cw,finding,coverage_b_in_a,0.25,5000,11,678,1702,0.17320508075688773,,0.29612220916568743
dtlz2_interval,random_search,lu,cw,finding,overlap,0.25,5000,11,678,1702,0.17320508075688773,,0.4235294117647059
dtlz2_interval,random_search,lu,cw,finding,overlap_jaccard,0.25,5000,11,678,1702,0.17320508075688773,,0.26865671641791045
dtlz2_interval,random_search,lu,cw,finding,cross_a_under_b,0.25,5000,11,678,1702,0.17320508075688773,,0.7433628318584071
dtlz2_interval,random_search,lu,cw,finding,cross_b_under_a,0.25,5000,11,678,1702,0.17320508075688773,,0.2978848413631022
dtlz2_interval,random_search,ls,cw,check,hausdorff_a_to_b,0.25,5000,11,2316,1702,0.17320508075688773,0,0.8709386574586468
dtlz2_interval,random_search,ls,cw,check,hausdorff_b_to_a,0.25,5000,11,2316,1702,0.17320508075688773,0,0.0
dtlz2_interval,random_search,ls,cw,check,hausdorff_symmetric,0.25,5000,11,2316,1702,0.17320508075688773,0,0.8709386574586468
dtlz2_interval,random_search,ls,cw,check,coverage_a_in_b,0.25,5000,11,2316,1702,0.17320508075688773,0,0.7348877374784111
dtlz2_interval,random_search,ls,cw,check,coverage_b_in_a,0.25,5000,11,2316,1702,0.17320508075688773,0,1.0
dtlz2_interval,random_search,ls,cw,check,overlap,0.25,5000,11,2316,1702,0.17320508075688773,0,0.8471876555500248
dtlz2_interval,random_search,ls,cw,check,overlap_jaccard,0.25,5000,11,2316,1702,0.17320508075688773,0,0.734887737478411
dtlz2_interval,random_search,ls,cw,check,cross_a_under_b,0.25,5000,11,2316,1702,0.17320508075688773,0,0.7348877374784111
dtlz2_interval,random_search,ls,cw,check,cross_b_under_a,0.25,5000,11,2316,1702,0.17320508075688773,0,1.0
dtlz2_interval,random_search,lu,ls,check,hausdorff_a_to_b,0.25,5000,12,609,2469,0.17320508075688773,0,0.0
dtlz2_interval,random_search,lu,ls,check,hausdorff_b_to_a,0.25,5000,12,609,2469,0.17320508075688773,0,0.9752946816350611
dtlz2_interval,random_search,lu,ls,check,hausdorff_symmetric,0.25,5000,12,609,2469,0.17320508075688773,0,0.9752946816350611
dtlz2_interval,random_search,lu,ls,check,coverage_a_in_b,0.25,5000,12,609,2469,0.17320508075688773,0,1.0
dtlz2_interval,random_search,lu,ls,check,coverage_b_in_a,0.25,5000,12,609,2469,0.17320508075688773,0,0.24665856622114216
dtlz2_interval,random_search,lu,ls,check,overlap,0.25,5000,12,609,2469,0.17320508075688773,0,0.39571150097465885
dtlz2_interval,random_search,lu,ls,check,overlap_jaccard,0.25,5000,12,609,2469,0.17320508075688773,0,0.24665856622114213
dtlz2_interval,random_search,lu,ls,check,cross_a_under_b,0.25,5000,12,609,2469,0.17320508075688773,0,1.0
dtlz2_interval,random_search,lu,ls,check,cross_b_under_a,0.25,5000,12,609,2469,0.17320508075688773,0,0.24665856622114216
dtlz2_interval,random_search,lu,cw,finding,hausdorff_a_to_b,0.25,5000,12,609,1857,0.17320508075688773,,0.8547560546051786
dtlz2_interval,random_search,lu,cw,finding,hausdorff_b_to_a,0.25,5000,12,609,1857,0.17320508075688773,,0.9752946816350611
dtlz2_interval,random_search,lu,cw,finding,hausdorff_symmetric,0.25,5000,12,609,1857,0.17320508075688773,,0.9752946816350611
dtlz2_interval,random_search,lu,cw,finding,coverage_a_in_b,0.25,5000,12,609,1857,0.17320508075688773,,0.7799671592775042
dtlz2_interval,random_search,lu,cw,finding,coverage_b_in_a,0.25,5000,12,609,1857,0.17320508075688773,,0.25578890683898764
dtlz2_interval,random_search,lu,cw,finding,overlap,0.25,5000,12,609,1857,0.17320508075688773,,0.38523925385239255
dtlz2_interval,random_search,lu,cw,finding,overlap_jaccard,0.25,5000,12,609,1857,0.17320508075688773,,0.23857358111501759
dtlz2_interval,random_search,lu,cw,finding,cross_a_under_b,0.25,5000,12,609,1857,0.17320508075688773,,0.7799671592775042
dtlz2_interval,random_search,lu,cw,finding,cross_b_under_a,0.25,5000,12,609,1857,0.17320508075688773,,0.2579429186860528
dtlz2_interval,random_search,ls,cw,check,hausdorff_a_to_b,0.25,5000,12,2469,1857,0.17320508075688773,0,0.8802135140062312
dtlz2_interval,random_search,ls,cw,check,hausdorff_b_to_a,0.25,5000,12,2469,1857,0.17320508075688773,0,0.0
dtlz2_interval,random_search,ls,cw,check,hausdorff_symmetric,0.25,5000,12,2469,1857,0.17320508075688773,0,0.8802135140062312
dtlz2_interval,random_search,ls,cw,check,coverage_a_in_b,0.25,5000,12,2469,1857,0.17320508075688773,0,0.7521263669501823
dtlz2_interval,random_search,ls,cw,check,coverage_b_in_a,0.25,5000,12,2469,1857,0.17320508075688773,0,1.0
dtlz2_interval,random_search,ls,cw,check,overlap,0.25,5000,12,2469,1857,0.17320508075688773,0,0.8585298196948682
dtlz2_interval,random_search,ls,cw,check,overlap_jaccard,0.25,5000,12,2469,1857,0.17320508075688773,0,0.7521263669501823
dtlz2_interval,random_search,ls,cw,check,cross_a_under_b,0.25,5000,12,2469,1857,0.17320508075688773,0,0.7521263669501823
dtlz2_interval,random_search,ls,cw,check,cross_b_under_a,0.25,5000,12,2469,1857,0.17320508075688773,0,1.0
dtlz2_interval,random_search,lu,ls,check,hausdorff_a_to_b,0.25,5000,13,575,2393,0.17320508075688773,0,0.0
dtlz2_interval,random_search,lu,ls,check,hausdorff_b_to_a,0.25,5000,13,575,2393,0.17320508075688773,0,1.025956227718689
dtlz2_interval,random_search,lu,ls,check,hausdorff_symmetric,0.25,5000,13,575,2393,0.17320508075688773,0,1.025956227718689
dtlz2_interval,random_search,lu,ls,check,coverage_a_in_b,0.25,5000,13,575,2393,0.17320508075688773,0,1.0
dtlz2_interval,random_search,lu,ls,check,coverage_b_in_a,0.25,5000,13,575,2393,0.17320508075688773,0,0.24028416213957376
dtlz2_interval,random_search,lu,ls,check,overlap,0.25,5000,13,575,2393,0.17320508075688773,0,0.38746630727762804
dtlz2_interval,random_search,lu,ls,check,overlap_jaccard,0.25,5000,13,575,2393,0.17320508075688773,0,0.24028416213957376
dtlz2_interval,random_search,lu,ls,check,cross_a_under_b,0.25,5000,13,575,2393,0.17320508075688773,0,1.0
dtlz2_interval,random_search,lu,ls,check,cross_b_under_a,0.25,5000,13,575,2393,0.17320508075688773,0,0.24028416213957376
dtlz2_interval,random_search,lu,cw,finding,hausdorff_a_to_b,0.25,5000,13,575,1838,0.17320508075688773,,0.9303044505215141
dtlz2_interval,random_search,lu,cw,finding,hausdorff_b_to_a,0.25,5000,13,575,1838,0.17320508075688773,,1.025956227718689
dtlz2_interval,random_search,lu,cw,finding,hausdorff_symmetric,0.25,5000,13,575,1838,0.17320508075688773,,1.025956227718689
dtlz2_interval,random_search,lu,cw,finding,coverage_a_in_b,0.25,5000,13,575,1838,0.17320508075688773,,0.7843478260869565
dtlz2_interval,random_search,lu,cw,finding,coverage_b_in_a,0.25,5000,13,575,1838,0.17320508075688773,,0.24537540805223068
dtlz2_interval,random_search,lu,cw,finding,overlap,0.25,5000,13,575,1838,0.17320508075688773,,0.3738085370907584
dtlz2_interval,random_search,lu,cw,finding,overlap_jaccard,0.25,5000,13,575,1838,0.17320508075688773,,0.22986748216106015
dtlz2_interval,random_search,lu,cw,finding,cross_a_under_b,0.25,5000,13,575,1838,0.17320508075688773,,0.7860869565217391
dtlz2_interval,random_search,lu,cw,finding,cross_b_under_a,0.25,5000,13,575,1838,0.17320508075688773,,0.24591947769314473
dtlz2_interval,random_search,ls,cw,check,hausdorff_a_to_b,0.25,5000,13,2393,1838,0.17320508075688773,0,0.932477884133765
dtlz2_interval,random_search,ls,cw,check,hausdorff_b_to_a,0.25,5000,13,2393,1838,0.17320508075688773,0,0.0
dtlz2_interval,random_search,ls,cw,check,hausdorff_symmetric,0.25,5000,13,2393,1838,0.17320508075688773,0,0.932477884133765
dtlz2_interval,random_search,ls,cw,check,coverage_a_in_b,0.25,5000,13,2393,1838,0.17320508075688773,0,0.7680735478478897
dtlz2_interval,random_search,ls,cw,check,coverage_b_in_a,0.25,5000,13,2393,1838,0.17320508075688773,0,1.0
dtlz2_interval,random_search,ls,cw,check,overlap,0.25,5000,13,2393,1838,0.17320508075688773,0,0.8688253367998109
dtlz2_interval,random_search,ls,cw,check,overlap_jaccard,0.25,5000,13,2393,1838,0.17320508075688773,0,0.7680735478478896
dtlz2_interval,random_search,ls,cw,check,cross_a_under_b,0.25,5000,13,2393,1838,0.17320508075688773,0,0.7680735478478897
dtlz2_interval,random_search,ls,cw,check,cross_b_under_a,0.25,5000,13,2393,1838,0.17320508075688773,0,1.0
dtlz2_interval,random_search,lu,ls,check,hausdorff_a_to_b,0.25,5000,14,557,2378,0.17320508075688773,0,0.0
dtlz2_interval,random_search,lu,ls,check,hausdorff_b_to_a,0.25,5000,14,557,2378,0.17320508075688773,0,0.9734653763292032
dtlz2_interval,random_search,lu,ls,check,hausdorff_symmetric,0.25,5000,14,557,2378,0.17320508075688773,0,0.9734653763292032
dtlz2_interval,random_search,lu,ls,check,coverage_a_in_b,0.25,5000,14,557,2378,0.17320508075688773,0,1.0
dtlz2_interval,random_search,lu,ls,check,coverage_b_in_a,0.25,5000,14,557,2378,0.17320508075688773,0,0.23423044575273338
dtlz2_interval,random_search,lu,ls,check,overlap,0.25,5000,14,557,2378,0.17320508075688773,0,0.37955706984667803
dtlz2_interval,random_search,lu,ls,check,overlap_jaccard,0.25,5000,14,557,2378,0.17320508075688773,0,0.23423044575273338
dtlz2_interval,random_search,lu,ls,check,cross_a_under_b,0.25,5000,14,557,2378,0.17320508075688773,0,1.0
dtlz2_interval,random_search,lu,ls,check,cross_b_under_a,0.25,5000,14,557,2378,0.17320508075688773,0,0.23423044575273338
dtlz2_interval,random_search,lu,cw,finding,hausdorff_a_to_b,0.25,5000,14,557,1743,0.17320508075688773,,0.8642845199636909
dtlz2_interval,random_search,lu,cw,finding,hausdorff_b_to_a,0.25,5000,14,557,1743,0.17320508075688773,,0.9416983130814307
dtlz2_interval,random_search,lu,cw,finding,hausdorff_symmetric,0.25,5000,14,557,1743,0.17320508075688773,,0.9416983130814307
dtlz2_interval,random_search,lu,cw,finding,coverage_a_in_b,0.25,5000,14,557,1743,0.17320508075688773,,0.7576301615798923
dtlz2_interval,random_search,lu,cw,finding,coverage_b_in_a,0.25,5000,14,557,1743,0.17320508075688773,,0.24211130235226622
dtlz2_interval,random_search,lu,cw,finding,overlap,0.25,5000,14,557,1743,0.17320508075688773,,0.36695652173913046
dtlz2_interval,random_search,lu,cw,finding,overlap_jaccard,0.25,5000,14,557,1743,0.17320508075688773,,0.22470713525026625
dtlz2_interval,random_search,lu,cw,finding,cross_a_under_b,0.25,5000,14,557,1743,0.17320508075688773,,0.7594254937163375
dtlz2_interval,random_search,lu,cw,finding,cross_b_under_a,0.25,5000,14,557,1743,0.17320508075688773,,0.24497991967871485
dtlz2_interval,random_search,ls,cw,check,hausdorff_a_to_b,0.25,5000,14,2378,1743,0.17320508075688773,0,1.0479062740337823
dtlz2_interval,random_search,ls,cw,check,hausdorff_b_to_a,0.25,5000,14,2378,1743,0.17320508075688773,0,0.0
dtlz2_interval,random_search,ls,cw,check,hausdorff_symmetric,0.25,5000,14,2378,1743,0.17320508075688773,0,1.0479062740337823
dtlz2_interval,random_search,ls,cw,check,coverage_a_in_b,0.25,5000,14,2378,1743,0.17320508075688773,0,0.732968881412952
dtlz2_interval,random_search,ls,cw,check,coverage_b_in_a,0.25,5000,14,2378,1743,0.17320508075688773,0,1.0
dtlz2_interval,random_search,ls,cw,check,overlap,0.25,5000,14,2378,1743,0.17320508075688773,0,0.8459111866051929
dtlz2_interval,random_search,ls,cw,check,overlap_jaccard,0.25,5000,14,2378,1743,0.17320508075688773,0,0.7329688814129521
dtlz2_interval,random_search,ls,cw,check,cross_a_under_b,0.25,5000,14,2378,1743,0.17320508075688773,0,0.732968881412952
dtlz2_interval,random_search,ls,cw,check,cross_b_under_a,0.25,5000,14,2378,1743,0.17320508075688773,0,1.0
dtlz2_interval,random_search,lu,ls,check,hausdorff_a_to_b,0.25,5000,15,551,2380,0.17320508075688773,0,0.0
dtlz2_interval,random_search,lu,ls,check,hausdorff_b_to_a,0.25,5000,15,551,2380,0.17320508075688773,0,1.0462204825217292
dtlz2_interval,random_search,lu,ls,check,hausdorff_symmetric,0.25,5000,15,551,2380,0.17320508075688773,0,1.0462204825217292
dtlz2_interval,random_search,lu,ls,check,coverage_a_in_b,0.25,5000,15,551,2380,0.17320508075688773,0,1.0
dtlz2_interval,random_search,lu,ls,check,coverage_b_in_a,0.25,5000,15,551,2380,0.17320508075688773,0,0.23151260504201682
dtlz2_interval,random_search,lu,ls,check,overlap,0.25,5000,15,551,2380,0.17320508075688773,0,0.3759808938928693
dtlz2_interval,random_search,lu,ls,check,overlap_jaccard,0.25,5000,15,551,2380,0.17320508075688773,0,0.2315126050420168
dtlz2_interval,random_search,lu,ls,check,cross_a_under_b,0.25,5000,15,551,2380,0.17320508075688773,0,1.0
dtlz2_interval,random_search,lu,ls,check,cross_b_under_a,0.25,5000,15,551,2380,0.17320508075688773,0,0.23151260504201682
dtlz2_interval,random_search,lu,cw,finding,hausdorff_a_to_b,0.25,5000,15,551,1813,0.17320508075688773,,0.9073352521334919
dtlz2_interval,random_search,lu,cw,finding,hausdorff_b_to_a,0.25,5000,15,551,1813,0.17320508075688773,,1.0462204825217292
dtlz2_interval,random_search,lu,cw,finding,hausdorff_symmetric,0.25,5000,15,551,1813,0.17320508075688773,,1.0462204825217292
dtlz2_interval,random_search,lu,cw,finding,coverage_a_in_b,0.25,5000,15,551,1813,0.17320508075688773,,0.7840290381125227
dtlz2_interval,random_search,lu,cw,finding,coverage_b_in_a,0.25,5000,15,551,1813,0.17320508075688773,,0.23827909542195255
dtlz2_interval,random_search,lu,cw,finding,overlap,0.25,5000,15,551,1813,0.17320508075688773,,0.36548223350253806
dtlz2_interval,random_search,lu,cw,finding,overlap_jaccard,0.25,5000,15,551,1813,0.17320508075688773,,0.22360248447204967
dtlz2_interval,random_search,lu,cw,finding,cross_a_under_b,0.25,5000,15,551,1813,0.17320508075688773,,0.7840290381125227
dtlz2_interval,random_search,lu,cw,finding,cross_b_under_a,0.25,5000,15,551,1813,0.17320508075688773,,0.2399338113623828
dtlz2_interval,random_search,ls,cw,check,hausdorff_a_to_b,0.25,5000,15,2380,1813,0.17320508075688773,0,0.9850441117836346
dtlz2_interval,random_search,ls,cw,check,hausdorff_b_to_a,0.25,5000,15,2380,1813,0.17320508075688773,0,0.0
dtlz2_interval,random_search,ls,cw,check,hausdorff_symmetric,0.25,5000,15,2380,1813,0.17320508075688773,0,0.9850441117836346
dtlz2_interval,random_search,ls,cw,check,coverage_a_in_b,0.25,5000,15,2380,1813,0.17320508075688773,0,0.7617647058823529
dtlz2_interval,random_search,ls,cw,check,coverage_b_in_a,0.25,5000,15,2380,1813,0.17320508075688773,0,1.0
dtlz2_interval,random_search,ls,cw,check,overlap,0.25,5000,15,2380,1813,0.17320508075688773,0,0.8647746243739566
dtlz2_interval,random_search,ls,cw,check,overlap_jaccard,0.25,5000,15,2380,1813,0.17320508075688773,0,0.761764705882353
dtlz2_interval,random_search,ls,cw,check,cross_a_under_b,0.25,5000,15,2380,1813,0.17320508075688773,0,0.7617647058823529
dtlz2_interval,random_search,ls,cw,check,cross_b_under_a,0.25,5000,15,2380,1813,0.17320508075688773,0,1.0
dtlz2_interval,random_search,lu,ls,check,coverage_a_in_b,0.25,5000,11,678,2316,0.0,,1.0
dtlz2_interval,random_search,lu,ls,check,coverage_b_in_a,0.25,5000,11,678,2316,0.0,,0.2927461139896373
dtlz2_interval,random_search,lu,ls,check,overlap,0.25,5000,11,678,2316,0.0,,0.4529058116232465
dtlz2_interval,random_search,lu,ls,check,overlap_jaccard,0.25,5000,11,678,2316,0.0,,0.2927461139896373
dtlz2_interval,random_search,lu,cw,finding,coverage_a_in_b,0.25,5000,11,678,1702,0.0,,0.7433628318584071
dtlz2_interval,random_search,lu,cw,finding,coverage_b_in_a,0.25,5000,11,678,1702,0.0,,0.29612220916568743
dtlz2_interval,random_search,lu,cw,finding,overlap,0.25,5000,11,678,1702,0.0,,0.4235294117647059
dtlz2_interval,random_search,lu,cw,finding,overlap_jaccard,0.25,5000,11,678,1702,0.0,,0.26865671641791045
dtlz2_interval,random_search,ls,cw,check,coverage_a_in_b,0.25,5000,11,2316,1702,0.0,,0.7348877374784111
dtlz2_interval,random_search,ls,cw,check,coverage_b_in_a,0.25,5000,11,2316,1702,0.0,,1.0
dtlz2_interval,random_search,ls,cw,check,overlap,0.25,5000,11,2316,1702,0.0,,0.8471876555500248
dtlz2_interval,random_search,ls,cw,check,overlap_jaccard,0.25,5000,11,2316,1702,0.0,,0.734887737478411
dtlz2_interval,random_search,lu,ls,check,coverage_a_in_b,0.25,5000,12,609,2469,0.0,,1.0
dtlz2_interval,random_search,lu,ls,check,coverage_b_in_a,0.25,5000,12,609,2469,0.0,,0.24665856622114216
dtlz2_interval,random_search,lu,ls,check,overlap,0.25,5000,12,609,2469,0.0,,0.39571150097465885
dtlz2_interval,random_search,lu,ls,check,overlap_jaccard,0.25,5000,12,609,2469,0.0,,0.24665856622114213
dtlz2_interval,random_search,lu,cw,finding,coverage_a_in_b,0.25,5000,12,609,1857,0.0,,0.7799671592775042
dtlz2_interval,random_search,lu,cw,finding,coverage_b_in_a,0.25,5000,12,609,1857,0.0,,0.25578890683898764
dtlz2_interval,random_search,lu,cw,finding,overlap,0.25,5000,12,609,1857,0.0,,0.38523925385239255
dtlz2_interval,random_search,lu,cw,finding,overlap_jaccard,0.25,5000,12,609,1857,0.0,,0.23857358111501759
dtlz2_interval,random_search,ls,cw,check,coverage_a_in_b,0.25,5000,12,2469,1857,0.0,,0.7521263669501823
dtlz2_interval,random_search,ls,cw,check,coverage_b_in_a,0.25,5000,12,2469,1857,0.0,,1.0
dtlz2_interval,random_search,ls,cw,check,overlap,0.25,5000,12,2469,1857,0.0,,0.8585298196948682
dtlz2_interval,random_search,ls,cw,check,overlap_jaccard,0.25,5000,12,2469,1857,0.0,,0.7521263669501823
dtlz2_interval,random_search,lu,ls,check,coverage_a_in_b,0.25,5000,13,575,2393,0.0,,1.0
dtlz2_interval,random_search,lu,ls,check,coverage_b_in_a,0.25,5000,13,575,2393,0.0,,0.24028416213957376
dtlz2_interval,random_search,lu,ls,check,overlap,0.25,5000,13,575,2393,0.0,,0.38746630727762804
dtlz2_interval,random_search,lu,ls,check,overlap_jaccard,0.25,5000,13,575,2393,0.0,,0.24028416213957376
dtlz2_interval,random_search,lu,cw,finding,coverage_a_in_b,0.25,5000,13,575,1838,0.0,,0.7843478260869565
dtlz2_interval,random_search,lu,cw,finding,coverage_b_in_a,0.25,5000,13,575,1838,0.0,,0.24537540805223068
dtlz2_interval,random_search,lu,cw,finding,overlap,0.25,5000,13,575,1838,0.0,,0.3738085370907584
dtlz2_interval,random_search,lu,cw,finding,overlap_jaccard,0.25,5000,13,575,1838,0.0,,0.22986748216106015
dtlz2_interval,random_search,ls,cw,check,coverage_a_in_b,0.25,5000,13,2393,1838,0.0,,0.7680735478478897
dtlz2_interval,random_search,ls,cw,check,coverage_b_in_a,0.25,5000,13,2393,1838,0.0,,1.0
dtlz2_interval,random_search,ls,cw,check,overlap,0.25,5000,13,2393,1838,0.0,,0.8688253367998109
dtlz2_interval,random_search,ls,cw,check,overlap_jaccard,0.25,5000,13,2393,1838,0.0,,0.7680735478478896
dtlz2_interval,random_search,lu,ls,check,coverage_a_in_b,0.25,5000,14,557,2378,0.0,,1.0
dtlz2_interval,random_search,lu,ls,check,coverage_b_in_a,0.25,5000,14,557,2378,0.0,,0.23423044575273338
dtlz2_interval,random_search,lu,ls,check,overlap,0.25,5000,14,557,2378,0.0,,0.37955706984667803
dtlz2_interval,random_search,lu,ls,check,overlap_jaccard,0.25,5000,14,557,2378,0.0,,0.23423044575273338
dtlz2_interval,random_search,lu,cw,finding,coverage_a_in_b,0.25,5000,14,557,1743,0.0,,0.7576301615798923
dtlz2_interval,random_search,lu,cw,finding,coverage_b_in_a,0.25,5000,14,557,1743,0.0,,0.24211130235226622
dtlz2_interval,random_search,lu,cw,finding,overlap,0.25,5000,14,557,1743,0.0,,0.36695652173913046
dtlz2_interval,random_search,lu,cw,finding,overlap_jaccard,0.25,5000,14,557,1743,0.0,,0.22470713525026625
dtlz2_interval,random_search,ls,cw,check,coverage_a_in_b,0.25,5000,14,2378,1743,0.0,,0.732968881412952
dtlz2_interval,random_search,ls,cw,check,coverage_b_in_a,0.25,5000,14,2378,1743,0.0,,1.0
dtlz2_interval,random_search,ls,cw,check,overlap,0.25,5000,14,2378,1743,0.0,,0.8459111866051929
dtlz2_interval,random_search,ls,cw,check,overlap_jaccard,0.25,5000,14,2378,1743,0.0,,0.7329688814129521
dtlz2_interval,random_search,lu,ls,check,coverage_a_in_b,0.25,5000,15,551,2380,0.0,,1.0
dtlz2_interval,random_search,lu,ls,check,coverage_b_in_a,0.25,5000,15,551,2380,0.0,,0.23151260504201682
dtlz2_interval,random_search,lu,ls,check,overlap,0.25,5000,15,551,2380,0.0,,0.3759808938928693
dtlz2_interval,random_search,lu,ls,check,overlap_jaccard,0.25,5000,15,551,2380,0.0,,0.2315126050420168
dtlz2_interval,random_search,lu,cw,finding,coverage_a_in_b,0.25,5000,15,551,1813,0.0,,0.7840290381125227
dtlz2_interval,random_search,lu,cw,finding,coverage_b_in_a,0.25,5000,15,551,1813,0.0,,0.23827909542195255
dtlz2_interval,random_search,lu,cw,finding,overlap,0.25,5000,15,551,1813,0.0,,0.36548223350253806
dtlz2_interval,random_search,lu,cw,finding,overlap_jaccard,0.25,5000,15,551,1813,0.0,,0.22360248447204967
dtlz2_interval,random_search,ls,cw,check,coverage_a_in_b,0.25,5000,15,2380,1813,0.0,,0.7617647058823529
dtlz2_interval,random_search,ls,cw,check,coverage_b_in_a,0.25,5000,15,2380,1813,0.0,,1.0
dtlz2_interval,random_search,ls,cw,check,overlap,0.25,5000,15,2380,1813,0.0,,0.8647746243739566
dtlz2_interval,random_search,ls,cw,check,overlap_jaccard,0.25,5000,15,2380,1813,0.0,,0.761764705882353
dtlz2_interval,random_search_noise_floor,lu,lu,finding,coverage_a_in_b,0.25,5000,11,678,609,0.17320508075688773,,0.0
dtlz2_interval,random_search_noise_floor,lu,lu,finding,coverage_b_in_a,0.25,5000,11,678,609,0.17320508075688773,,0.0
dtlz2_interval,random_search_noise_floor,lu,lu,finding,overlap,0.25,5000,11,678,609,0.17320508075688773,,0.0
dtlz2_interval,random_search_noise_floor,lu,lu,finding,overlap_jaccard,0.25,5000,11,678,609,0.17320508075688773,,0.0
dtlz2_interval,random_search_noise_floor,lu,lu,finding,coverage_a_in_b,0.25,5000,12,609,575,0.17320508075688773,,0.0
dtlz2_interval,random_search_noise_floor,lu,lu,finding,coverage_b_in_a,0.25,5000,12,609,575,0.17320508075688773,,0.0
dtlz2_interval,random_search_noise_floor,lu,lu,finding,overlap,0.25,5000,12,609,575,0.17320508075688773,,0.0
dtlz2_interval,random_search_noise_floor,lu,lu,finding,overlap_jaccard,0.25,5000,12,609,575,0.17320508075688773,,0.0
dtlz2_interval,random_search_noise_floor,lu,lu,finding,coverage_a_in_b,0.25,5000,13,575,557,0.17320508075688773,,0.0
dtlz2_interval,random_search_noise_floor,lu,lu,finding,coverage_b_in_a,0.25,5000,13,575,557,0.17320508075688773,,0.0
dtlz2_interval,random_search_noise_floor,lu,lu,finding,overlap,0.25,5000,13,575,557,0.17320508075688773,,0.0
dtlz2_interval,random_search_noise_floor,lu,lu,finding,overlap_jaccard,0.25,5000,13,575,557,0.17320508075688773,,0.0
dtlz2_interval,random_search_noise_floor,lu,lu,finding,coverage_a_in_b,0.25,5000,14,557,551,0.17320508075688773,,0.0
dtlz2_interval,random_search_noise_floor,lu,lu,finding,coverage_b_in_a,0.25,5000,14,557,551,0.17320508075688773,,0.0
dtlz2_interval,random_search_noise_floor,lu,lu,finding,overlap,0.25,5000,14,557,551,0.17320508075688773,,0.0
dtlz2_interval,random_search_noise_floor,lu,lu,finding,overlap_jaccard,0.25,5000,14,557,551,0.17320508075688773,,0.0
dtlz2_interval,random_search_noise_floor,lu,lu,finding,coverage_a_in_b,0.25,5000,15,551,678,0.17320508075688773,,0.0
dtlz2_interval,random_search_noise_floor,lu,lu,finding,coverage_b_in_a,0.25,5000,15,551,678,0.17320508075688773,,0.0
dtlz2_interval,random_search_noise_floor,lu,lu,finding,overlap,0.25,5000,15,551,678,0.17320508075688773,,0.0
dtlz2_interval,random_search_noise_floor,lu,lu,finding,overlap_jaccard,0.25,5000,15,551,678,0.17320508075688773,,0.0
dtlz2_interval,random_search_noise_floor,ls,ls,finding,coverage_a_in_b,0.25,5000,11,2316,2469,0.17320508075688773,,0.0
dtlz2_interval,random_search_noise_floor,ls,ls,finding,coverage_b_in_a,0.25,5000,11,2316,2469,0.17320508075688773,,0.0
dtlz2_interval,random_search_noise_floor,ls,ls,finding,overlap,0.25,5000,11,2316,2469,0.17320508075688773,,0.0
dtlz2_interval,random_search_noise_floor,ls,ls,finding,overlap_jaccard,0.25,5000,11,2316,2469,0.17320508075688773,,0.0
dtlz2_interval,random_search_noise_floor,ls,ls,finding,coverage_a_in_b,0.25,5000,12,2469,2393,0.17320508075688773,,0.0
dtlz2_interval,random_search_noise_floor,ls,ls,finding,coverage_b_in_a,0.25,5000,12,2469,2393,0.17320508075688773,,0.0
dtlz2_interval,random_search_noise_floor,ls,ls,finding,overlap,0.25,5000,12,2469,2393,0.17320508075688773,,0.0
dtlz2_interval,random_search_noise_floor,ls,ls,finding,overlap_jaccard,0.25,5000,12,2469,2393,0.17320508075688773,,0.0
dtlz2_interval,random_search_noise_floor,ls,ls,finding,coverage_a_in_b,0.25,5000,13,2393,2378,0.17320508075688773,,0.0
dtlz2_interval,random_search_noise_floor,ls,ls,finding,coverage_b_in_a,0.25,5000,13,2393,2378,0.17320508075688773,,0.0
dtlz2_interval,random_search_noise_floor,ls,ls,finding,overlap,0.25,5000,13,2393,2378,0.17320508075688773,,0.0
dtlz2_interval,random_search_noise_floor,ls,ls,finding,overlap_jaccard,0.25,5000,13,2393,2378,0.17320508075688773,,0.0
dtlz2_interval,random_search_noise_floor,ls,ls,finding,coverage_a_in_b,0.25,5000,14,2378,2380,0.17320508075688773,,0.0
dtlz2_interval,random_search_noise_floor,ls,ls,finding,coverage_b_in_a,0.25,5000,14,2378,2380,0.17320508075688773,,0.0
dtlz2_interval,random_search_noise_floor,ls,ls,finding,overlap,0.25,5000,14,2378,2380,0.17320508075688773,,0.0
dtlz2_interval,random_search_noise_floor,ls,ls,finding,overlap_jaccard,0.25,5000,14,2378,2380,0.17320508075688773,,0.0
dtlz2_interval,random_search_noise_floor,ls,ls,finding,coverage_a_in_b,0.25,5000,15,2380,2316,0.17320508075688773,,0.0
dtlz2_interval,random_search_noise_floor,ls,ls,finding,coverage_b_in_a,0.25,5000,15,2380,2316,0.17320508075688773,,0.0
dtlz2_interval,random_search_noise_floor,ls,ls,finding,overlap,0.25,5000,15,2380,2316,0.17320508075688773,,0.0
dtlz2_interval,random_search_noise_floor,ls,ls,finding,overlap_jaccard,0.25,5000,15,2380,2316,0.17320508075688773,,0.0
dtlz2_interval,random_search_noise_floor,cw,cw,finding,coverage_a_in_b,0.25,5000,11,1702,1857,0.17320508075688773,,0.0
dtlz2_interval,random_search_noise_floor,cw,cw,finding,coverage_b_in_a,0.25,5000,11,1702,1857,0.17320508075688773,,0.0
dtlz2_interval,random_search_noise_floor,cw,cw,finding,overlap,0.25,5000,11,1702,1857,0.17320508075688773,,0.0
dtlz2_interval,random_search_noise_floor,cw,cw,finding,overlap_jaccard,0.25,5000,11,1702,1857,0.17320508075688773,,0.0
dtlz2_interval,random_search_noise_floor,cw,cw,finding,coverage_a_in_b,0.25,5000,12,1857,1838,0.17320508075688773,,0.0
dtlz2_interval,random_search_noise_floor,cw,cw,finding,coverage_b_in_a,0.25,5000,12,1857,1838,0.17320508075688773,,0.0
dtlz2_interval,random_search_noise_floor,cw,cw,finding,overlap,0.25,5000,12,1857,1838,0.17320508075688773,,0.0
dtlz2_interval,random_search_noise_floor,cw,cw,finding,overlap_jaccard,0.25,5000,12,1857,1838,0.17320508075688773,,0.0
dtlz2_interval,random_search_noise_floor,cw,cw,finding,coverage_a_in_b,0.25,5000,13,1838,1743,0.17320508075688773,,0.0
dtlz2_interval,random_search_noise_floor,cw,cw,finding,coverage_b_in_a,0.25,5000,13,1838,1743,0.17320508075688773,,0.0
dtlz2_interval,random_search_noise_floor,cw,cw,finding,overlap,0.25,5000,13,1838,1743,0.17320508075688773,,0.0
dtlz2_interval,random_search_noise_floor,cw,cw,finding,overlap_jaccard,0.25,5000,13,1838,1743,0.17320508075688773,,0.0
dtlz2_interval,random_search_noise_floor,cw,cw,finding,coverage_a_in_b,0.25,5000,14,1743,1813,0.17320508075688773,,0.0
dtlz2_interval,random_search_noise_floor,cw,cw,finding,coverage_b_in_a,0.25,5000,14,1743,1813,0.17320508075688773,,0.0
dtlz2_interval,random_search_noise_floor,cw,cw,finding,overlap,0.25,5000,14,1743,1813,0.17320508075688773,,0.0
dtlz2_interval,random_search_noise_floor,cw,cw,finding,overlap_jaccard,0.25,5000,14,1743,1813,0.17320508075688773,,0.0
dtlz2_interval,random_search_noise_floor,cw,cw,finding,coverage_a_in_b,0.25,5000,15,1813,1702,0.17320508075688773,,0.0
dtlz2_interval,random_search_noise_floor,cw,cw,finding,coverage_b_in_a,0.25,5000,15,1813,1702,0.17320508075688773,,0.0
dtlz2_interval,random_search_noise_floor,cw,cw,finding,overlap,0.25,5000,15,1813,1702,0.17320508075688773,,0.0
dtlz2_interval,random_search_noise_floor,cw,cw,finding,overlap_jaccard,0.25,5000,15,1813,1702,0.17320508075688773,,0.0
dtlz2_interval,random_search,lu,ls,check,hausdorff_a_to_b,0.5,5000,11,1114,2834,0.17320508075688773,0,0.0
dtlz2_interval,random_search,lu,ls,check,hausdorff_b_to_a,0.5,5000,11,1114,2834,0.17320508075688773,0,0.9707629337495214
dtlz2_interval,random_search,lu,ls,check,hausdorff_symmetric,0.5,5000,11,1114,2834,0.17320508075688773,0,0.9707629337495214
dtlz2_interval,random_search,lu,ls,check,coverage_a_in_b,0.5,5000,11,1114,2834,0.17320508075688773,0,1.0
dtlz2_interval,random_search,lu,ls,check,coverage_b_in_a,0.5,5000,11,1114,2834,0.17320508075688773,0,0.39308398023994356
dtlz2_interval,random_search,lu,ls,check,overlap,0.5,5000,11,1114,2834,0.17320508075688773,0,0.5643363728470111
dtlz2_interval,random_search,lu,ls,check,overlap_jaccard,0.5,5000,11,1114,2834,0.17320508075688773,0,0.39308398023994345
dtlz2_interval,random_search,lu,ls,check,cross_a_under_b,0.5,5000,11,1114,2834,0.17320508075688773,0,1.0
dtlz2_interval,random_search,lu,ls,check,cross_b_under_a,0.5,5000,11,1114,2834,0.17320508075688773,0,0.39308398023994356
dtlz2_interval,random_search,lu,cw,finding,hausdorff_a_to_b,0.5,5000,11,1114,1702,0.17320508075688773,,0.888392522818932
dtlz2_interval,random_search,lu,cw,finding,hausdorff_b_to_a,0.5,5000,11,1114,1702,0.17320508075688773,,0.9707629337495214
dtlz2_interval,random_search,lu,cw,finding,hausdorff_symmetric,0.5,5000,11,1114,1702,0.17320508075688773,,0.9707629337495214
dtlz2_interval,random_search,lu,cw,finding,coverage_a_in_b,0.5,5000,11,1114,1702,0.17320508075688773,,0.6526032315978456
dtlz2_interval,random_search,lu,cw,finding,coverage_b_in_a,0.5,5000,11,1114,1702,0.17320508075688773,,0.427144535840188
dtlz2_interval,random_search,lu,cw,finding,overlap,0.5,5000,11,1114,1702,0.17320508075688773,,0.5163352272727273
dtlz2_interval,random_search,lu,cw,finding,overlap_jaccard,0.5,5000,11,1114,1702,0.17320508075688773,,0.34801340354236476
dtlz2_interval,random_search,lu,cw,finding,cross_a_under_b,0.5,5000,11,1114,1702,0.17320508075688773,,0.6552962298025135
dtlz2_interval,random_search,lu,cw,finding,cross_b_under_a,0.5,5000,11,1114,1702,0.17320508075688773,,0.4289071680376028
dtlz2_interval,random_search,ls,cw,check,hausdorff_a_to_b,0.5,5000,11,2834,1702,0.17320508075688773,0,0.888392522818932
dtlz2_interval,random_search,ls,cw,check,hausdorff_b_to_a,0.5,5000,11,2834,1702,0.17320508075688773,0,0.0
dtlz2_interval,random_search,ls,cw,check,hausdorff_symmetric,0.5,5000,11,2834,1702,0.17320508075688773,0,0.888392522818932
dtlz2_interval,random_search,ls,cw,check,coverage_a_in_b,0.5,5000,11,2834,1702,0.17320508075688773,0,0.6005645730416372
dtlz2_interval,random_search,ls,cw,check,coverage_b_in_a,0.5,5000,11,2834,1702,0.17320508075688773,0,1.0
dtlz2_interval,random_search,ls,cw,check,overlap,0.5,5000,11,2834,1702,0.17320508075688773,0,0.7504409171075838
dtlz2_interval,random_search,ls,cw,check,overlap_jaccard,0.5,5000,11,2834,1702,0.17320508075688773,0,0.6005645730416374
dtlz2_interval,random_search,ls,cw,check,cross_a_under_b,0.5,5000,11,2834,1702,0.17320508075688773,0,0.6005645730416372
dtlz2_interval,random_search,ls,cw,check,cross_b_under_a,0.5,5000,11,2834,1702,0.17320508075688773,0,1.0
dtlz2_interval,random_search,lu,ls,check,hausdorff_a_to_b,0.5,5000,12,1026,2927,0.17320508075688773,0,0.0
dtlz2_interval,random_search,lu,ls,check,hausdorff_b_to_a,0.5,5000,12,1026,2927,0.17320508075688773,0,0.9317965944781539
dtlz2_interval,random_search,lu,ls,check,hausdorff_symmetric,0.5,5000,12,1026,2927,0.17320508075688773,0,0.9317965944781539
dtlz2_interval,random_search,lu,ls,check,coverage_a_in_b,0.5,5000,12,1026,2927,0.17320508075688773,0,1.0
dtlz2_interval,random_search,lu,ls,check,coverage_b_in_a,0.5,5000,12,1026,2927,0.17320508075688773,0,0.3505295524427742
dtlz2_interval,random_search,lu,ls,check,overlap,0.5,5000,12,1026,2927,0.17320508075688773,0,0.5190994181634202
dtlz2_interval,random_search,lu,ls,check,overlap_jaccard,0.5,5000,12,1026,2927,0.17320508075688773,0,0.3505295524427742
dtlz2_interval,random_search,lu,ls,check,cross_a_under_b,0.5,5000,12,1026,2927,0.17320508075688773,0,1.0
dtlz2_interval,random_search,lu,ls,check,cross_b_under_a,0.5,5000,12,1026,2927,0.17320508075688773,0,0.3505295524427742
dtlz2_interval,random_search,lu,cw,finding,hausdorff_a_to_b,0.5,5000,12,1026,1857,0.17320508075688773,,0.8802135140062312
dtlz2_interval,random_search,lu,cw,finding,hausdorff_b_to_a,0.5,5000,12,1026,1857,0.17320508075688773,,0.9317965944781539
dtlz2_interval,random_search,lu,cw,finding,hausdorff_symmetric,0.5,5000,12,1026,1857,0.17320508075688773,,0.9317965944781539
dtlz2_interval,random_search,lu,cw,finding,coverage_a_in_b,0.5,5000,12,1026,1857,0.17320508075688773,,0.6842105263157895
dtlz2_interval,random_search,lu,cw,finding,coverage_b_in_a,0.5,5000,12,1026,1857,0.17320508075688773,,0.3780290791599354
dtlz2_interval,random_search,lu,cw,finding,overlap,0.5,5000,12,1026,1857,0.17320508075688773,,0.4869927159209157
dtlz2_interval,random_search,lu,cw,finding,overlap_jaccard,0.5,5000,12,1026,1857,0.17320508075688773,,0.3218707015130674
dtlz2_interval,random_search,lu,cw,finding,cross_a_under_b,0.5,5000,12,1026,1857,0.17320508075688773,,0.6861598440545809
dtlz2_interval,random_search,lu,cw,finding,cross_b_under_a,0.5,5000,12,1026,1857,0.17320508075688773,,0.38018309100700054
dtlz2_interval,random_search,ls,cw,check,hausdorff_a_to_b,0.5,5000,12,2927,1857,0.17320508075688773,0,0.9059609657833031
dtlz2_interval,random_search,ls,cw,check,hausdorff_b_to_a,0.5,5000,12,2927,1857,0.17320508075688773,0,0.0
dtlz2_interval,random_search,ls,cw,check,hausdorff_symmetric,0.5,5000,12,2927,1857,0.17320508075688773,0,0.9059609657833031
dtlz2_interval,random_search,ls,cw,check,coverage_a_in_b,0.5,5000,12,2927,1857,0.17320508075688773,0,0.6344379911171848
dtlz2_interval,random_search,ls,cw,check,coverage_b_in_a,0.5,5000,12,2927,1857,0.17320508075688773,0,1.0
dtlz2_interval,random_search,ls,cw,check,overlap,0.5,5000,12,2927,1857,0.17320508075688773,0,0.7763377926421404
dtlz2_interval,random_search,ls,cw,check,overlap_jaccard,0.5,5000,12,2927,1857,0.17320508075688773,0,0.6344379911171848
dtlz2_interval,random_search,ls,cw,check,cross_a_under_b,0.5,5000,12,2927,1857,0.17320508075688773,0,0.6344379911171848
dtlz2_interval,random_search,ls,cw,check,cross_b_under_a,0.5,5000,12,2927,1857,0.17320508075688773,0,1.0
dtlz2_interval,random_search,lu,ls,check,hausdorff_a_to_b,0.5,5000,13,941,2858,0.17320508075688773,0,0.0
dtlz2_interval,random_search,lu,ls,check,hausdorff_b_to_a,0.5,5000,13,941,2858,0.17320508075688773,0,0.9677160840248368
dtlz2_interval,random_search,lu,ls,check,hausdorff_symmetric,0.5,5000,13,941,2858,0.17320508075688773,0,0.9677160840248368
dtlz2_interval,random_search,lu,ls,check,coverage_a_in_b,0.5,5000,13,941,2858,0.17320508075688773,0,1.0
dtlz2_interval,random_search,lu,ls,check,coverage_b_in_a,0.5,5000,13,941,2858,0.17320508075688773,0,0.3292512246326102
dtlz2_interval,random_search,lu,ls,check,overlap,0.5,5000,13,941,2858,0.17320508075688773,0,0.4953935246117399
dtlz2_interval,random_search,lu,ls,check,overlap_jaccard,0.5,5000,13,941,2858,0.17320508075688773,0,0.3292512246326102
dtlz2_interval,random_search,lu,ls,check,cross_a_under_b,0.5,5000,13,941,2858,0.17320508075688773,0,1.0
dtlz2_interval,random_search,lu,ls,check,cross_b_under_a,0.5,5000,13,941,2858,0.17320508075688773,0,0.3292512246326102
dtlz2_interval,random_search,lu,cw,finding,hausdorff_a_to_b,0.5,5000,13,941,1838,0.17320508075688773,,0.9303044505215141
dtlz2_interval,random_search,lu,cw,finding,hausdorff_b_to_a,0.5,5000,13,941,1838,0.17320508075688773,,0.9677160840248368
dtlz2_interval,random_search,lu,cw,finding,hausdorff_symmetric,0.5,5000,13,941,1838,0.17320508075688773,,0.9677160840248368
dtlz2_interval,random_search,lu,cw,finding,coverage_a_in_b,0.5,5000,13,941,1838,0.17320508075688773,,0.6992561105207227
dtlz2_interval,random_search,lu,cw,finding,coverage_b_in_a,0.5,5000,13,941,1838,0.17320508075688773,,0.35799782372143635
dtlz2_interval,random_search,lu,cw,finding,overlap,0.5,5000,13,941,1838,0.17320508075688773,,0.473551637279597
dtlz2_interval,random_search,lu,cw,finding,overlap_jaccard,0.5,5000,13,941,1838,0.17320508075688773,,0.3102310231023102
dtlz2_interval,random_search,lu,cw,finding,cross_a_under_b,0.5,5000,13,941,1838,0.17320508075688773,,0.7035069075451648
dtlz2_interval,random_search,lu,cw,finding,cross_b_under_a,0.5,5000,13,941,1838,0.17320508075688773,,0.3596300326441785
dtlz2_interval,random_search,ls,cw,check,hausdorff_a_to_b,0.5,5000,13,2858,1838,0.17320508075688773,0,0.932477884133765
dtlz2_interval,random_search,ls,cw,check,hausdorff_b_to_a,0.5,5000,13,2858,1838,0.17320508075688773,0,0.0
dtlz2_interval,random_search,ls,cw,check,hausdorff_symmetric,0.5,5000,13,2858,1838,0.17320508075688773,0,0.932477884133765
dtlz2_interval,random_search,ls,cw,check,coverage_a_in_b,0.5,5000,13,2858,1838,0.17320508075688773,0,0.6431070678796361
dtlz2_interval,random_search,ls,cw,check,coverage_b_in_a,0.5,5000,13,2858,1838,0.17320508075688773,0,1.0
dtlz2_interval,random_search,ls,cw,check,overlap,0.5,5000,13,2858,1838,0.17320508075688773,0,0.782793867120954
dtlz2_interval,random_search,ls,cw,check,overlap_jaccard,0.5,5000,13,2858,1838,0.17320508075688773,0,0.6431070678796361
dtlz2_interval,random_search,ls,cw,check,cross_a_under_b,0.5,5000,13,2858,1838,0.17320508075688773,0,0.6431070678796361
dtlz2_interval,random_search,ls,cw,check,cross_b_under_a,0.5,5000,13,2858,1838,0.17320508075688773,0,1.0
dtlz2_interval,random_search,lu,ls,check,hausdorff_a_to_b,0.5,5000,14,980,2838,0.17320508075688773,0,0.0
dtlz2_interval,random_search,lu,ls,check,hausdorff_b_to_a,0.5,5000,14,980,2838,0.17320508075688773,0,0.9227737945574703
dtlz2_interval,random_search,lu,ls,check,hausdorff_symmetric,0.5,5000,14,980,2838,0.17320508075688773,0,0.9227737945574703
dtlz2_interval,random_search,lu,ls,check,coverage_a_in_b,0.5,5000,14,980,2838,0.17320508075688773,0,1.0
dtlz2_interval,random_search,lu,ls,check,coverage_b_in_a,0.5,5000,14,980,2838,0.17320508075688773,0,0.3453136011275546
dtlz2_interval,random_search,lu,ls,check,overlap,0.5,5000,14,980,2838,0.17320508075688773,0,0.5133577789418544
dtlz2_interval,random_search,lu,ls,check,overlap_jaccard,0.5,5000,14,980,2838,0.17320508075688773,0,0.34531360112755466
dtlz2_interval,random_search,lu,ls,check,cross_a_under_b,0.5,5000,14,980,2838,0.17320508075688773,0,1.0
dtlz2_interval,random_search,lu,ls,check,cross_b_under_a,0.5,5000,14,980,2838,0.17320508075688773,0,0.3453136011275546
dtlz2_interval,random_search,lu,cw,finding,hausdorff_a_to_b,0.5,5000,14,980,1743,0.17320508075688773,,1.0479062740337823
dtlz2_interval,random_search,lu,cw,finding,hausdorff_b_to_a,0.5,5000,14,980,1743,0.17320508075688773,,0.9227737945574703
dtlz2_interval,random_search,lu,cw,finding,hausdorff_symmetric,0.5,5000,14,980,1743,0.17320508075688773,,1.0479062740337823
dtlz2_interval,random_search,lu,cw,finding,coverage_a_in_b,0.5,5000,14,980,1743,0.17320508075688773,,0.6561224489795918
dtlz2_interval,random_search,lu,cw,finding,coverage_b_in_a,0.5,5000,14,980,1743,0.17320508075688773,,0.3689041881812966
dtlz2_interval,random_search,lu,cw,finding,overlap,0.5,5000,14,980,1743,0.17320508075688773,,0.4722732280572898
dtlz2_interval,random_search,lu,cw,finding,overlap_jaccard,0.5,5000,14,980,1743,0.17320508075688773,,0.3091346153846154
dtlz2_interval,random_search,lu,cw,finding,cross_a_under_b,0.5,5000,14,980,1743,0.17320508075688773,,0.6571428571428571
dtlz2_interval,random_search,lu,cw,finding,cross_b_under_a,0.5,5000,14,980,1743,0.17320508075688773,,0.37062535857716583
dtlz2_interval,random_search,ls,cw,check,hausdorff_a_to_b,0.5,5000,14,2838,1743,0.17320508075688773,0,1.0479062740337823
dtlz2_interval,random_search,ls,cw,check,hausdorff_b_to_a,0.5,5000,14,2838,1743,0.17320508075688773,0,0.0
dtlz2_interval,random_search,ls,cw,check,hausdorff_symmetric,0.5,5000,14,2838,1743,0.17320508075688773,0,1.0479062740337823
dtlz2_interval,random_search,ls,cw,check,coverage_a_in_b,0.5,5000,14,2838,1743,0.17320508075688773,0,0.6141649048625792
dtlz2_interval,random_search,ls,cw,check,coverage_b_in_a,0.5,5000,14,2838,1743,0.17320508075688773,0,1.0
dtlz2_interval,random_search,ls,cw,check,overlap,0.5,5000,14,2838,1743,0.17320508075688773,0,0.7609692206941716
dtlz2_interval,random_search,ls,cw,check,overlap_jaccard,0.5,5000,14,2838,1743,0.17320508075688773,0,0.6141649048625794
dtlz2_interval,random_search,ls,cw,check,cross_a_under_b,0.5,5000,14,2838,1743,0.17320508075688773,0,0.6141649048625792
dtlz2_interval,random_search,ls,cw,check,cross_b_under_a,0.5,5000,14,2838,1743,0.17320508075688773,0,1.0
dtlz2_interval,random_search,lu,ls,check,hausdorff_a_to_b,0.5,5000,15,948,2866,0.17320508075688773,0,0.0
dtlz2_interval,random_search,lu,ls,check,hausdorff_b_to_a,0.5,5000,15,948,2866,0.17320508075688773,0,0.9549499070841476
dtlz2_interval,random_search,lu,ls,check,hausdorff_symmetric,0.5,5000,15,948,2866,0.17320508075688773,0,0.9549499070841476
dtlz2_interval,random_search,lu,ls,check,coverage_a_in_b,0.5,5000,15,948,2866,0.17320508075688773,0,1.0
dtlz2_interval,random_search,lu,ls,check,coverage_b_in_a,0.5,5000,15,948,2866,0.17320508075688773,0,0.3307745987438939
dtlz2_interval,random_search,lu,ls,check,overlap,0.5,5000,15,948,2866,0.17320508075688773,0,0.497115888830624
dtlz2_interval,random_search,lu,ls,check,overlap_jaccard,0.5,5000,15,948,2866,0.17320508075688773,0,0.3307745987438939
dtlz2_interval,random_search,lu,ls,check,cross_a_under_b,0.5,5000,15,948,2866,0.17320508075688773,0,1.0
dtlz2_interval,random_search,lu,ls,check,cross_b_under_a,0.5,5000,15,948,2866,0.17320508075688773,0,0.3307745987438939
dtlz2_interval,random_search,lu,cw,finding,hausdorff_a_to_b,0.5,5000,15,948,1813,0.17320508075688773,,0.9238557684308563
dtlz2_interval,random_search,lu,cw,finding,hausdorff_b_to_a,0.5,5000,15,948,1813,0.17320508075688773,,0.9092137322611861
dtlz2_interval,random_search,lu,cw,finding,hausdorff_symmetric,0.5,5000,15,948,1813,0.17320508075688773,,0.9238557684308563
dtlz2_interval,random_search,lu,cw,finding,coverage_a_in_b,0.5,5000,15,948,1813,0.17320508075688773,,0.7109704641350211
dtlz2_interval,random_search,lu,cw,finding,coverage_b_in_a,0.5,5000,15,948,1813,0.17320508075688773,,0.37175951461665746
dtlz2_interval,random_search,lu,cw,finding,overlap,0.5,5000,15,948,1813,0.17320508075688773,,0.48822890257153206
dtlz2_interval,random_search,lu,cw,finding,overlap_jaccard,0.5,5000,15,948,1813,0.17320508075688773,,0.3229516051748922
dtlz2_interval,random_search,lu,cw,finding,cross_a_under_b,0.5,5000,15,948,1813,0.17320508075688773,,0.7120253164556962
dtlz2_interval,random_search,lu,cw,finding,cross_b_under_a,0.5,5000,15,948,1813,0.17320508075688773,,0.3723110865968009
dtlz2_interval,random_search,ls,cw,check,hausdorff_a_to_b,0.5,5000,15,2866,1813,0.17320508075688773,0,0.9850441117836346
dtlz2_interval,random_search,ls,cw,check,hausdorff_b_to_a,0.5,5000,15,2866,1813,0.17320508075688773,0,0.0
dtlz2_interval,random_search,ls,cw,check,hausdorff_symmetric,0.5,5000,15,2866,1813,0.17320508075688773,0,0.9850441117836346
dtlz2_interval,random_search,ls,cw,check,coverage_a_in_b,0.5,5000,15,2866,1813,0.17320508075688773,0,0.6325889741800419
dtlz2_interval,random_search,ls,cw,check,coverage_b_in_a,0.5,5000,15,2866,1813,0.17320508075688773,0,1.0
dtlz2_interval,random_search,ls,cw,check,overlap,0.5,5000,15,2866,1813,0.17320508075688773,0,0.7749519128018807
dtlz2_interval,random_search,ls,cw,check,overlap_jaccard,0.5,5000,15,2866,1813,0.17320508075688773,0,0.6325889741800418
dtlz2_interval,random_search,ls,cw,check,cross_a_under_b,0.5,5000,15,2866,1813,0.17320508075688773,0,0.6325889741800419
dtlz2_interval,random_search,ls,cw,check,cross_b_under_a,0.5,5000,15,2866,1813,0.17320508075688773,0,1.0
dtlz2_interval,random_search,lu,ls,check,coverage_a_in_b,0.5,5000,11,1114,2834,0.0,,1.0
dtlz2_interval,random_search,lu,ls,check,coverage_b_in_a,0.5,5000,11,1114,2834,0.0,,0.39308398023994356
dtlz2_interval,random_search,lu,ls,check,overlap,0.5,5000,11,1114,2834,0.0,,0.5643363728470111
dtlz2_interval,random_search,lu,ls,check,overlap_jaccard,0.5,5000,11,1114,2834,0.0,,0.39308398023994345
dtlz2_interval,random_search,lu,cw,finding,coverage_a_in_b,0.5,5000,11,1114,1702,0.0,,0.6526032315978456
dtlz2_interval,random_search,lu,cw,finding,coverage_b_in_a,0.5,5000,11,1114,1702,0.0,,0.427144535840188
dtlz2_interval,random_search,lu,cw,finding,overlap,0.5,5000,11,1114,1702,0.0,,0.5163352272727273
dtlz2_interval,random_search,lu,cw,finding,overlap_jaccard,0.5,5000,11,1114,1702,0.0,,0.34801340354236476
dtlz2_interval,random_search,ls,cw,check,coverage_a_in_b,0.5,5000,11,2834,1702,0.0,,0.6005645730416372
dtlz2_interval,random_search,ls,cw,check,coverage_b_in_a,0.5,5000,11,2834,1702,0.0,,1.0
dtlz2_interval,random_search,ls,cw,check,overlap,0.5,5000,11,2834,1702,0.0,,0.7504409171075838
dtlz2_interval,random_search,ls,cw,check,overlap_jaccard,0.5,5000,11,2834,1702,0.0,,0.6005645730416374
dtlz2_interval,random_search,lu,ls,check,coverage_a_in_b,0.5,5000,12,1026,2927,0.0,,1.0
dtlz2_interval,random_search,lu,ls,check,coverage_b_in_a,0.5,5000,12,1026,2927,0.0,,0.3505295524427742
dtlz2_interval,random_search,lu,ls,check,overlap,0.5,5000,12,1026,2927,0.0,,0.5190994181634202
dtlz2_interval,random_search,lu,ls,check,overlap_jaccard,0.5,5000,12,1026,2927,0.0,,0.3505295524427742
dtlz2_interval,random_search,lu,cw,finding,coverage_a_in_b,0.5,5000,12,1026,1857,0.0,,0.6842105263157895
dtlz2_interval,random_search,lu,cw,finding,coverage_b_in_a,0.5,5000,12,1026,1857,0.0,,0.3780290791599354
dtlz2_interval,random_search,lu,cw,finding,overlap,0.5,5000,12,1026,1857,0.0,,0.4869927159209157
dtlz2_interval,random_search,lu,cw,finding,overlap_jaccard,0.5,5000,12,1026,1857,0.0,,0.3218707015130674
dtlz2_interval,random_search,ls,cw,check,coverage_a_in_b,0.5,5000,12,2927,1857,0.0,,0.6344379911171848
dtlz2_interval,random_search,ls,cw,check,coverage_b_in_a,0.5,5000,12,2927,1857,0.0,,1.0
dtlz2_interval,random_search,ls,cw,check,overlap,0.5,5000,12,2927,1857,0.0,,0.7763377926421404
dtlz2_interval,random_search,ls,cw,check,overlap_jaccard,0.5,5000,12,2927,1857,0.0,,0.6344379911171848
dtlz2_interval,random_search,lu,ls,check,coverage_a_in_b,0.5,5000,13,941,2858,0.0,,1.0
dtlz2_interval,random_search,lu,ls,check,coverage_b_in_a,0.5,5000,13,941,2858,0.0,,0.3292512246326102
dtlz2_interval,random_search,lu,ls,check,overlap,0.5,5000,13,941,2858,0.0,,0.4953935246117399
dtlz2_interval,random_search,lu,ls,check,overlap_jaccard,0.5,5000,13,941,2858,0.0,,0.3292512246326102
dtlz2_interval,random_search,lu,cw,finding,coverage_a_in_b,0.5,5000,13,941,1838,0.0,,0.6992561105207227
dtlz2_interval,random_search,lu,cw,finding,coverage_b_in_a,0.5,5000,13,941,1838,0.0,,0.35799782372143635
dtlz2_interval,random_search,lu,cw,finding,overlap,0.5,5000,13,941,1838,0.0,,0.473551637279597
dtlz2_interval,random_search,lu,cw,finding,overlap_jaccard,0.5,5000,13,941,1838,0.0,,0.3102310231023102
dtlz2_interval,random_search,ls,cw,check,coverage_a_in_b,0.5,5000,13,2858,1838,0.0,,0.6431070678796361
dtlz2_interval,random_search,ls,cw,check,coverage_b_in_a,0.5,5000,13,2858,1838,0.0,,1.0
dtlz2_interval,random_search,ls,cw,check,overlap,0.5,5000,13,2858,1838,0.0,,0.782793867120954
dtlz2_interval,random_search,ls,cw,check,overlap_jaccard,0.5,5000,13,2858,1838,0.0,,0.6431070678796361
dtlz2_interval,random_search,lu,ls,check,coverage_a_in_b,0.5,5000,14,980,2838,0.0,,1.0
dtlz2_interval,random_search,lu,ls,check,coverage_b_in_a,0.5,5000,14,980,2838,0.0,,0.3453136011275546
dtlz2_interval,random_search,lu,ls,check,overlap,0.5,5000,14,980,2838,0.0,,0.5133577789418544
dtlz2_interval,random_search,lu,ls,check,overlap_jaccard,0.5,5000,14,980,2838,0.0,,0.34531360112755466
dtlz2_interval,random_search,lu,cw,finding,coverage_a_in_b,0.5,5000,14,980,1743,0.0,,0.6561224489795918
dtlz2_interval,random_search,lu,cw,finding,coverage_b_in_a,0.5,5000,14,980,1743,0.0,,0.3689041881812966
dtlz2_interval,random_search,lu,cw,finding,overlap,0.5,5000,14,980,1743,0.0,,0.4722732280572898
dtlz2_interval,random_search,lu,cw,finding,overlap_jaccard,0.5,5000,14,980,1743,0.0,,0.3091346153846154
dtlz2_interval,random_search,ls,cw,check,coverage_a_in_b,0.5,5000,14,2838,1743,0.0,,0.6141649048625792
dtlz2_interval,random_search,ls,cw,check,coverage_b_in_a,0.5,5000,14,2838,1743,0.0,,1.0
dtlz2_interval,random_search,ls,cw,check,overlap,0.5,5000,14,2838,1743,0.0,,0.7609692206941716
dtlz2_interval,random_search,ls,cw,check,overlap_jaccard,0.5,5000,14,2838,1743,0.0,,0.6141649048625794
dtlz2_interval,random_search,lu,ls,check,coverage_a_in_b,0.5,5000,15,948,2866,0.0,,1.0
dtlz2_interval,random_search,lu,ls,check,coverage_b_in_a,0.5,5000,15,948,2866,0.0,,0.3307745987438939
dtlz2_interval,random_search,lu,ls,check,overlap,0.5,5000,15,948,2866,0.0,,0.497115888830624
dtlz2_interval,random_search,lu,ls,check,overlap_jaccard,0.5,5000,15,948,2866,0.0,,0.3307745987438939
dtlz2_interval,random_search,lu,cw,finding,coverage_a_in_b,0.5,5000,15,948,1813,0.0,,0.7109704641350211
dtlz2_interval,random_search,lu,cw,finding,coverage_b_in_a,0.5,5000,15,948,1813,0.0,,0.37175951461665746
dtlz2_interval,random_search,lu,cw,finding,overlap,0.5,5000,15,948,1813,0.0,,0.48822890257153206
dtlz2_interval,random_search,lu,cw,finding,overlap_jaccard,0.5,5000,15,948,1813,0.0,,0.3229516051748922
dtlz2_interval,random_search,ls,cw,check,coverage_a_in_b,0.5,5000,15,2866,1813,0.0,,0.6325889741800419
dtlz2_interval,random_search,ls,cw,check,coverage_b_in_a,0.5,5000,15,2866,1813,0.0,,1.0
dtlz2_interval,random_search,ls,cw,check,overlap,0.5,5000,15,2866,1813,0.0,,0.7749519128018807
dtlz2_interval,random_search,ls,cw,check,overlap_jaccard,0.5,5000,15,2866,1813,0.0,,0.6325889741800418
dtlz2_interval,random_search_noise_floor,lu,lu,finding,coverage_a_in_b,0.5,5000,11,1114,1026,0.17320508075688773,,0.0
dtlz2_interval,random_search_noise_floor,lu,lu,finding,coverage_b_in_a,0.5,5000,11,1114,1026,0.17320508075688773,,0.0
dtlz2_interval,random_search_noise_floor,lu,lu,finding,overlap,0.5,5000,11,1114,1026,0.17320508075688773,,0.0
dtlz2_interval,random_search_noise_floor,lu,lu,finding,overlap_jaccard,0.5,5000,11,1114,1026,0.17320508075688773,,0.0
dtlz2_interval,random_search_noise_floor,lu,lu,finding,coverage_a_in_b,0.5,5000,12,1026,941,0.17320508075688773,,0.0
dtlz2_interval,random_search_noise_floor,lu,lu,finding,coverage_b_in_a,0.5,5000,12,1026,941,0.17320508075688773,,0.0
dtlz2_interval,random_search_noise_floor,lu,lu,finding,overlap,0.5,5000,12,1026,941,0.17320508075688773,,0.0
dtlz2_interval,random_search_noise_floor,lu,lu,finding,overlap_jaccard,0.5,5000,12,1026,941,0.17320508075688773,,0.0
dtlz2_interval,random_search_noise_floor,lu,lu,finding,coverage_a_in_b,0.5,5000,13,941,980,0.17320508075688773,,0.0
dtlz2_interval,random_search_noise_floor,lu,lu,finding,coverage_b_in_a,0.5,5000,13,941,980,0.17320508075688773,,0.0
dtlz2_interval,random_search_noise_floor,lu,lu,finding,overlap,0.5,5000,13,941,980,0.17320508075688773,,0.0
dtlz2_interval,random_search_noise_floor,lu,lu,finding,overlap_jaccard,0.5,5000,13,941,980,0.17320508075688773,,0.0
dtlz2_interval,random_search_noise_floor,lu,lu,finding,coverage_a_in_b,0.5,5000,14,980,948,0.17320508075688773,,0.0
dtlz2_interval,random_search_noise_floor,lu,lu,finding,coverage_b_in_a,0.5,5000,14,980,948,0.17320508075688773,,0.0
dtlz2_interval,random_search_noise_floor,lu,lu,finding,overlap,0.5,5000,14,980,948,0.17320508075688773,,0.0
dtlz2_interval,random_search_noise_floor,lu,lu,finding,overlap_jaccard,0.5,5000,14,980,948,0.17320508075688773,,0.0
dtlz2_interval,random_search_noise_floor,lu,lu,finding,coverage_a_in_b,0.5,5000,15,948,1114,0.17320508075688773,,0.0
dtlz2_interval,random_search_noise_floor,lu,lu,finding,coverage_b_in_a,0.5,5000,15,948,1114,0.17320508075688773,,0.0
dtlz2_interval,random_search_noise_floor,lu,lu,finding,overlap,0.5,5000,15,948,1114,0.17320508075688773,,0.0
dtlz2_interval,random_search_noise_floor,lu,lu,finding,overlap_jaccard,0.5,5000,15,948,1114,0.17320508075688773,,0.0
dtlz2_interval,random_search_noise_floor,ls,ls,finding,coverage_a_in_b,0.5,5000,11,2834,2927,0.17320508075688773,,0.0
dtlz2_interval,random_search_noise_floor,ls,ls,finding,coverage_b_in_a,0.5,5000,11,2834,2927,0.17320508075688773,,0.0
dtlz2_interval,random_search_noise_floor,ls,ls,finding,overlap,0.5,5000,11,2834,2927,0.17320508075688773,,0.0
dtlz2_interval,random_search_noise_floor,ls,ls,finding,overlap_jaccard,0.5,5000,11,2834,2927,0.17320508075688773,,0.0
dtlz2_interval,random_search_noise_floor,ls,ls,finding,coverage_a_in_b,0.5,5000,12,2927,2858,0.17320508075688773,,0.0
dtlz2_interval,random_search_noise_floor,ls,ls,finding,coverage_b_in_a,0.5,5000,12,2927,2858,0.17320508075688773,,0.0
dtlz2_interval,random_search_noise_floor,ls,ls,finding,overlap,0.5,5000,12,2927,2858,0.17320508075688773,,0.0
dtlz2_interval,random_search_noise_floor,ls,ls,finding,overlap_jaccard,0.5,5000,12,2927,2858,0.17320508075688773,,0.0
dtlz2_interval,random_search_noise_floor,ls,ls,finding,coverage_a_in_b,0.5,5000,13,2858,2838,0.17320508075688773,,0.0
dtlz2_interval,random_search_noise_floor,ls,ls,finding,coverage_b_in_a,0.5,5000,13,2858,2838,0.17320508075688773,,0.0
dtlz2_interval,random_search_noise_floor,ls,ls,finding,overlap,0.5,5000,13,2858,2838,0.17320508075688773,,0.0
dtlz2_interval,random_search_noise_floor,ls,ls,finding,overlap_jaccard,0.5,5000,13,2858,2838,0.17320508075688773,,0.0
dtlz2_interval,random_search_noise_floor,ls,ls,finding,coverage_a_in_b,0.5,5000,14,2838,2866,0.17320508075688773,,0.0
dtlz2_interval,random_search_noise_floor,ls,ls,finding,coverage_b_in_a,0.5,5000,14,2838,2866,0.17320508075688773,,0.0
dtlz2_interval,random_search_noise_floor,ls,ls,finding,overlap,0.5,5000,14,2838,2866,0.17320508075688773,,0.0
dtlz2_interval,random_search_noise_floor,ls,ls,finding,overlap_jaccard,0.5,5000,14,2838,2866,0.17320508075688773,,0.0
dtlz2_interval,random_search_noise_floor,ls,ls,finding,coverage_a_in_b,0.5,5000,15,2866,2834,0.17320508075688773,,0.0
dtlz2_interval,random_search_noise_floor,ls,ls,finding,coverage_b_in_a,0.5,5000,15,2866,2834,0.17320508075688773,,0.0
dtlz2_interval,random_search_noise_floor,ls,ls,finding,overlap,0.5,5000,15,2866,2834,0.17320508075688773,,0.0
dtlz2_interval,random_search_noise_floor,ls,ls,finding,overlap_jaccard,0.5,5000,15,2866,2834,0.17320508075688773,,0.0
dtlz2_interval,random_search_noise_floor,cw,cw,finding,coverage_a_in_b,0.5,5000,11,1702,1857,0.17320508075688773,,0.0
dtlz2_interval,random_search_noise_floor,cw,cw,finding,coverage_b_in_a,0.5,5000,11,1702,1857,0.17320508075688773,,0.0
dtlz2_interval,random_search_noise_floor,cw,cw,finding,overlap,0.5,5000,11,1702,1857,0.17320508075688773,,0.0
dtlz2_interval,random_search_noise_floor,cw,cw,finding,overlap_jaccard,0.5,5000,11,1702,1857,0.17320508075688773,,0.0
dtlz2_interval,random_search_noise_floor,cw,cw,finding,coverage_a_in_b,0.5,5000,12,1857,1838,0.17320508075688773,,0.0
dtlz2_interval,random_search_noise_floor,cw,cw,finding,coverage_b_in_a,0.5,5000,12,1857,1838,0.17320508075688773,,0.0
dtlz2_interval,random_search_noise_floor,cw,cw,finding,overlap,0.5,5000,12,1857,1838,0.17320508075688773,,0.0
dtlz2_interval,random_search_noise_floor,cw,cw,finding,overlap_jaccard,0.5,5000,12,1857,1838,0.17320508075688773,,0.0
dtlz2_interval,random_search_noise_floor,cw,cw,finding,coverage_a_in_b,0.5,5000,13,1838,1743,0.17320508075688773,,0.0
dtlz2_interval,random_search_noise_floor,cw,cw,finding,coverage_b_in_a,0.5,5000,13,1838,1743,0.17320508075688773,,0.0
dtlz2_interval,random_search_noise_floor,cw,cw,finding,overlap,0.5,5000,13,1838,1743,0.17320508075688773,,0.0
dtlz2_interval,random_search_noise_floor,cw,cw,finding,overlap_jaccard,0.5,5000,13,1838,1743,0.17320508075688773,,0.0
dtlz2_interval,random_search_noise_floor,cw,cw,finding,coverage_a_in_b,0.5,5000,14,1743,1813,0.17320508075688773,,0.0
dtlz2_interval,random_search_noise_floor,cw,cw,finding,coverage_b_in_a,0.5,5000,14,1743,1813,0.17320508075688773,,0.0
dtlz2_interval,random_search_noise_floor,cw,cw,finding,overlap,0.5,5000,14,1743,1813,0.17320508075688773,,0.0
dtlz2_interval,random_search_noise_floor,cw,cw,finding,overlap_jaccard,0.5,5000,14,1743,1813,0.17320508075688773,,0.0
dtlz2_interval,random_search_noise_floor,cw,cw,finding,coverage_a_in_b,0.5,5000,15,1813,1702,0.17320508075688773,,0.0
dtlz2_interval,random_search_noise_floor,cw,cw,finding,coverage_b_in_a,0.5,5000,15,1813,1702,0.17320508075688773,,0.0
dtlz2_interval,random_search_noise_floor,cw,cw,finding,overlap,0.5,5000,15,1813,1702,0.17320508075688773,,0.0
dtlz2_interval,random_search_noise_floor,cw,cw,finding,overlap_jaccard,0.5,5000,15,1813,1702,0.17320508075688773,,0.0
