problem,phi_a,phi_b,status,metric,eps,n_evals,seed,delta_box_fraction,delta,box_scale,cardinality_a,cardinality_b,value
zdt1_interval,lu,ls,check,coverage_a_in_b,0.0,5000,11,0.0,0.0,5.477225575051661,17,17,1.0
zdt1_interval,lu,ls,check,coverage_b_in_a,0.0,5000,11,0.0,0.0,5.477225575051661,17,17,1.0
zdt1_interval,lu,ls,check,overlap,0.0,5000,11,0.0,0.0,5.477225575051661,17,17,1.0
zdt1_interval,lu,ls,check,overlap_jaccard,0.0,5000,11,0.0,0.0,5.477225575051661,17,17,1.0
zdt1_interval,lu,ls,check,coverage_a_in_b,0.0,5000,11,0.01,0.05477225575051661,5.477225575051661,17,17,1.0
zdt1_interval,lu,ls,check,coverage_b_in_a,0.0,5000,11,0.01,0.05477225575051661,5.477225575051661,17,17,1.0
zdt1_interval,lu,ls,check,overlap,0.0,5000,11,0.01,0.05477225575051661,5.477225575051661,17,17,1.0
zdt1_interval,lu,ls,check,overlap_jaccard,0.0,5000,11,0.01,0.05477225575051661,5.477225575051661,17,17,1.0
zdt1_interval,lu,ls,check,coverage_a_in_b,0.0,5000,11,0.02,0.10954451150103323,5.477225575051661,17,17,1.0
zdt1_interval,lu,ls,check,coverage_b_in_a,0.0,5000,11,0.02,0.10954451150103323,5.477225575051661,17,17,1.0
zdt1_interval,lu,ls,check,overlap,0.0,5000,11,0.02,0.10954451150103323,5.477225575051661,17,17,1.0
zdt1_interval,lu,ls,check,overlap_jaccard,0.0,5000,11,0.02,0.10954451150103323,5.477225575051661,17,17,1.0
zdt1_interval,lu,ls,check,coverage_a_in_b,0.0,5000,11,0.05,0.2738612787525831,5.477225575051661,17,17,1.0
zdt1_interval,lu,ls,check,coverage_b_in_a,0.0,5000,11,0.05,0.2738612787525831,5.477225575051661,17,17,1.0
zdt1_interval,lu,ls,check,overlap,0.0,5000,11,0.05,0.2738612787525831,5.477225575051661,17,17,1.0
zdt1_interval,lu,ls,check,overlap_jaccard,0.0,5000,11,0.05,0.2738612787525831,5.477225575051661,17,17,1.0
zdt1_interval,lu,ls,check,coverage_a_in_b,0.0,5000,11,0.1,0.5477225575051662,5.477225575051661,17,17,1.0
zdt1_interval,lu,ls,check,coverage_b_in_a,0.0,5000,11,0.1,0.5477225575051662,5.477225575051661,17,17,1.0
zdt1_interval,lu,ls,check,overlap,0.0,5000,11,0.1,0.5477225575051662,5.477225575051661,17,17,1.0
zdt1_interval,lu,ls,check,overlap_jaccard,0.0,5000,11,0.1,0.5477225575051662,5.477225575051661,17,17,1.0
zdt1_interval,lu,ls,check,coverage_a_in_b,0.0,5000,11,0.2,1.0954451150103324,5.477225575051661,17,17,1.0
zdt1_interval,lu,ls,check,coverage_b_in_a,0.0,5000,11,0.2,1.0954451150103324,5.477225575051661,17,17,1.0
zdt1_interval,lu,ls,check,overlap,0.0,5000,11,0.2,1.0954451150103324,5.477225575051661,17,17,1.0
zdt1_interval,lu,ls,check,overlap_jaccard,0.0,5000,11,0.2,1.0954451150103324,5.477225575051661,17,17,1.0
zdt1_interval,lu,cw,finding,coverage_a_in_b,0.0,5000,11,0.0,0.0,5.477225575051661,17,17,1.0
zdt1_interval,lu,cw,finding,coverage_b_in_a,0.0,5000,11,0.0,0.0,5.477225575051661,17,17,1.0
zdt1_interval,lu,cw,finding,overlap,0.0,5000,11,0.0,0.0,5.477225575051661,17,17,1.0
zdt1_interval,lu,cw,finding,overlap_jaccard,0.0,5000,11,0.0,0.0,5.477225575051661,17,17,1.0
zdt1_interval,lu,cw,finding,coverage_a_in_b,0.0,5000,11,0.01,0.05477225575051661,5.477225575051661,17,17,1.0
zdt1_interval,lu,cw,finding,coverage_b_in_a,0.0,5000,11,0.01,0.05477225575051661,5.477225575051661,17,17,1.0
zdt1_interval,lu,cw,finding,overlap,0.0,5000,11,0.01,0.05477225575051661,5.477225575051661,17,17,1.0
zdt1_interval,lu,cw,finding,overlap_jaccard,0.0,5000,11,0.01,0.05477225575051661,5.477225575051661,17,17,1.0
zdt1_interval,lu,cw,finding,coverage_a_in_b,0.0,5000,11,0.02,0.10954451150103323,5.477225575051661,17,17,1.0
zdt1_interval,lu,cw,finding,coverage_b_in_a,0.0,5000,11,0.02,0.10954451150103323,5.477225575051661,17,17,1.0
zdt1_interval,lu,cw,finding,overlap,0.0,5000,11,0.02,0.10954451150103323,5.477225575051661,17,17,1.0
zdt1_interval,lu,cw,finding,overlap_jaccard,0.0,5000,11,0.02,0.10954451150103323,5.477225575051661,17,17,1.0
zdt1_interval,lu,cw,finding,coverage_a_in_b,0.0,5000,11,0.05,0.2738612787525831,5.477225575051661,17,17,1.0
zdt1_interval,lu,cw,finding,coverage_b_in_a,0.0,5000,11,0.05,0.2738612787525831,5.477225575051661,17,17,1.0
zdt1_interval,lu,cw,finding,overlap,0.0,5000,11,0.05,0.2738612787525831,5.477225575051661,17,17,1.0
zdt1_interval,lu,cw,finding,overlap_jaccard,0.0,5000,11,0.05,0.2738612787525831,5.477225575051661,17,17,1.0
zdt1_interval,lu,cw,finding,coverage_a_in_b,0.0,5000,11,0.1,0.5477225575051662,5.477225575051661,17,17,1.0
zdt1_interval,lu,cw,finding,coverage_b_in_a,0.0,5000,11,0.1,0.5477225575051662,5.477225575051661,17,17,1.0
zdt1_interval,lu,cw,finding,overlap,0.0,5000,11,0.1,0.5477225575051662,5.477225575051661,17,17,1.0
zdt1_interval,lu,cw,finding,overlap_jaccard,0.0,5000,11,0.1,0.5477225575051662,5.477225575051661,17,17,1.0
zdt1_interval,lu,cw,finding,coverage_a_in_b,0.0,5000,11,0.2,1.0954451150103324,5.477225575051661,17,17,1.0
zdt1_interval,lu,cw,finding,coverage_b_in_a,0.0,5000,11,0.2,1.0954451150103324,5.477225575051661,17,17,1.0
zdt1_interval,lu,cw,finding,overlap,0.0,5000,11,0.2,1.0954451150103324,5.477225575051661,17,17,1.0
zdt1_interval,lu,cw,finding,overlap_jaccard,0.0,5000,11,0.2,1.0954451150103324,5.477225575051661,17,17,1.0
zdt1_interval,ls,cw,check,coverage_a_in_b,0.0,5000,11,0.0,0.0,5.477225575051661,17,17,1.0
zdt1_interval,ls,cw,check,coverage_b_in_a,0.0,5000,11,0.0,0.0,5.477225575051661,17,17,1.0
zdt1_interval,ls,cw,check,overlap,0.0,5000,11,0.0,0.0,5.477225575051661,17,17,1.0
zdt1_interval,ls,cw,check,overlap_jaccard,0.0,5000,11,0.0,0.0,5.477225575051661,17,17,1.0
zdt1_interval,ls,cw,check,coverage_a_in_b,0.0,5000,11,0.01,0.05477225575051661,5.477225575051661,17,17,1.0
zdt1_interval,ls,cw,check,coverage_b_in_a,0.0,5000,11,0.01,0.05477225575051661,5.477225575051661,17,17,1.0
zdt1_interval,ls,cw,check,overlap,0.0,5000,11,0.01,0.05477225575051661,5.477225575051661,17,17,1.0
zdt1_interval,ls,cw,check,overlap_jaccard,0.0,5000,11,0.01,0.05477225575051661,5.477225575051661,17,17,1.0
zdt1_interval,ls,cw,check,coverage_a_in_b,0.0,5000,11,0.02,0.10954451150103323,5.477225575051661,17,17,1.0
zdt1_interval,ls,cw,check,coverage_b_in_a,0.0,5000,11,0.02,0.10954451150103323,5.477225575051661,17,17,1.0
zdt1_interval,ls,cw,check,overlap,0.0,5000,11,0.02,0.10954451150103323,5.477225575051661,17,17,1.0
zdt1_interval,ls,cw,check,overlap_jaccard,0.0,5000,11,0.02,0.10954451150103323,5.477225575051661,17,17,1.0
zdt1_interval,ls,cw,check,coverage_a_in_b,0.0,5000,11,0.05,0.2738612787525831,5.477225575051661,17,17,1.0
zdt1_interval,ls,cw,check,coverage_b_in_a,0.0,5000,11,0.05,0.2738612787525831,5.477225575051661,17,17,1.0
zdt1_interval,ls,cw,check,overlap,0.0,5000,11,0.05,0.2738612787525831,5.477225575051661,17,17,1.0
zdt1_interval,ls,cw,check,overlap_jaccard,0.0,5000,11,0.05,0.2738612787525831,5.477225575051661,17,17,1.0
zdt1_interval,ls,cw,check,coverage_a_in_b,0.0,5000,11,0.1,0.5477225575051662,5.477225575051661,17,17,1.0
zdt1_interval,ls,cw,check,coverage_b_in_a,0.0,5000,11,0.1,0.5477225575051662,5.477225575051661,17,17,1.0
zdt1_interval,ls,cw,check,overlap,0.0,5000,11,0.1,0.5477225575051662,5.477225575051661,17,17,1.0
zdt1_interval,ls,cw,check,overlap_jaccard,0.0,5000,11,0.1,0.5477225575051662,5.477225575051661,17,17,1.0
zdt1_interval,ls,cw,check,coverage_a_in_b,0.0,5000,11,0.2,1.0954451150103324,5.477225575051661,17,17,1.0
zdt1_interval,ls,cw,check,coverage_b_in_a,0.0,5000,11,0.2,1.0954451150103324,5.477225575051661,17,17,1.0
zdt1_interval,ls,cw,check,overlap,0.0,5000,11,0.2,1.0954451150103324,5.477225575051661,17,17,1.0
zdt1_interval,ls,cw,check,overlap_jaccard,0.0,5000,11,0.2,1.0954451150103324,5.477225575051661,17,17,1.0
zdt1_interval,lu,ls,check,coverage_a_in_b,0.0,5000,12,0.0,0.0,5.477225575051661,18,18,1.0
zdt1_interval,lu,ls,check,coverage_b_in_a,0.0,5000,12,0.0,0.0,5.477225575051661,18,18,1.0
zdt1_interval,lu,ls,check,overlap,0.0,5000,12,0.0,0.0,5.477225575051661,18,18,1.0
zdt1_interval,lu,ls,check,overlap_jaccard,0.0,5000,12,0.0,0.0,5.477225575051661,18,18,1.0
zdt1_interval,lu,ls,check,coverage_a_in_b,0.0,5000,12,0.01,0.05477225575051661,5.477225575051661,18,18,1.0
zdt1_interval,lu,ls,check,coverage_b_in_a,0.0,5000,12,0.01,0.05477225575051661,5.477225575051661,18,18,1.0
zdt1_interval,lu,ls,check,overlap,0.0,5000,12,0.01,0.05477225575051661,5.477225575051661,18,18,1.0
zdt1_interval,lu,ls,check,overlap_jaccard,0.0,5000,12,0.01,0.05477225575051661,5.477225575051661,18,18,1.0
zdt1_interval,lu,ls,check,coverage_a_in_b,0.0,5000,12,0.02,0.10954451150103323,5.477225575051661,18,18,1.0
zdt1_interval,lu,ls,check,coverage_b_in_a,0.0,5000,12,0.02,0.10954451150103323,5.477225575051661,18,18,1.0
zdt1_interval,lu,ls,check,overlap,0.0,5000,12,0.02,0.10954451150103323,5.477225575051661,18,18,1.0
zdt1_interval,lu,ls,check,overlap_jaccard,0.0,5000,12,0.02,0.10954451150103323,5.477225575051661,18,18,1.0
zdt1_interval,lu,ls,check,coverage_a_in_b,0.0,5000,12,0.05,0.2738612787525831,5.477225575051661,18,18,1.0
zdt1_interval,lu,ls,check,coverage_b_in_a,0.0,5000,12,0.05,0.2738612787525831,5.477225575051661,18,18,1.0
zdt1_interval,lu,ls,check,overlap,0.0,5000,12,0.05,0.2738612787525831,5.477225575051661,18,18,1.0
zdt1_interval,lu,ls,check,overlap_jaccard,0.0,5000,12,0.05,0.2738612787525831,5.477225575051661,18,18,1.0
zdt1_interval,lu,ls,check,coverage_a_in_b,0.0,5000,12,0.1,0.5477225575051662,5.477225575051661,18,18,1.0
zdt1_interval,lu,ls,check,coverage_b_in_a,0.0,5000,12,0.1,0.5477225575051662,5.477225575051661,18,18,1.0
zdt1_interval,lu,ls,check,overlap,0.0,5000,12,0.1,0.5477225575051662,5.477225575051661,18,18,1.0
zdt1_interval,lu,ls,check,overlap_jaccard,0.0,5000,12,0.1,0.5477225575051662,5.477225575051661,18,18,1.0
zdt1_interval,lu,ls,check,coverage_a_in_b,0.0,5000,12,0.2,1.0954451150103324,5.477225575051661,18,18,1.0
zdt1_interval,lu,ls,check,coverage_b_in_a,0.0,5000,12,0.2,1.0954451150103324,5.477225575051661,18,18,1.0
zdt1_interval,lu,ls,check,overlap,0.0,5000,12,0.2,1.0954451150103324,5.477225575051661,18,18,1.0
zdt1_interval,lu,ls,check,overlap_jaccard,0.0,5000,12,0.2,1.0954451150103324,5.477225575051661,18,18,1.0
zdt1_interval,lu,cw,finding,coverage_a_in_b,0.0,5000,12,0.0,0.0,5.477225575051661,18,18,1.0
zdt1_interval,lu,cw,finding,coverage_b_in_a,0.0,5000,12,0.0,0.0,5.477225575051661,18,18,1.0
zdt1_interval,lu,cw,finding,overlap,0.0,5000,12,0.0,0.0,5.477225575051661,18,18,1.0
zdt1_interval,lu,cw,finding,overlap_jaccard,0.0,5000,12,0.0,0.0,5.477225575051661,18,18,1.0
zdt1_interval,lu,cw,finding,coverage_a_in_b,0.0,5000,12,0.01,0.05477225575051661,5.477225575051661,18,18,1.0
zdt1_interval,lu,cw,finding,coverage_b_in_a,0.0,5000,12,0.01,0.05477225575051661,5.477225575051661,18,18,1.0
zdt1_interval,lu,cw,finding,overlap,0.0,5000,12,0.01,0.05477225575051661,5.477225575051661,18,18,1.0
zdt1_interval,lu,cw,finding,overlap_jaccard,0.0,5000,12,0.01,0.05477225575051661,5.477225575051661,18,18,1.0
zdt1_interval,lu,cw,finding,coverage_a_in_b,0.0,5000,12,0.02,0.10954451150103323,5.477225575051661,18,18,1.0
zdt1_interval,lu,cw,finding,coverage_b_in_a,0.0,5000,12,0.02,0.10954451150103323,5.477225575051661,18,18,1.0
zdt1_interval,lu,cw,finding,overlap,0.0,5000,12,0.02,0.10954451150103323,5.477225575051661,18,18,1.0
zdt1_interval,lu,cw,finding,overlap_jaccard,0.0,5000,12,0.02,0.10954451150103323,5.477225575051661,18,18,1.0
zdt1_interval,lu,cw,finding,coverage_a_in_b,0.0,5000,12,0.05,0.2738612787525831,5.477225575051661,18,18,1.0
zdt1_interval,lu,cw,finding,coverage_b_in_a,0.0,5000,12,0.05,0.2738612787525831,5.477225575051661,18,18,1.0
zdt1_interval,lu,cw,finding,overlap,0.0,5000,12,0.05,0.2738612787525831,5.477225575051661,18,18,1.0
zdt1_interval,lu,cw,finding,overlap_jaccard,0.0,5000,12,0.05,0.2738612787525831,5.477225575051661,18,18,1.0
zdt1_interval,lu,cw,finding,coverage_a_in_b,0.0,5000,12,0.1,0.5477225575051662,5.477225575051661,18,18,1.0
zdt1_interval,lu,cw,finding,coverage_b_in_a,0.0,5000,12,0.1,0.5477225575051662,5.477225575051661,18,18,1.0
zdt1_interval,lu,cw,finding,overlap,0.0,5000,12,0.1,0.5477225575051662,5.477225575051661,18,18,1.0
zdt1_interval,lu,cw,finding,overlap_jaccard,0.0,5000,12,0.1,0.5477225575051662,5.477225575051661,18,18,1.0
zdt1_interval,lu,cw,finding,coverage_a_in_b,0.0,5000,12,0.2,1.0954451150103324,5.477225575051661,18,18,1.0
zdt1_interval,lu,cw,finding,coverage_b_in_a,0.0,5000,12,0.2,1.0954451150103324,5.477225575051661,18,18,1.0
zdt1_interval,lu,cw,finding,overlap,0.0,5000,12,0.2,1.0954451150103324,5.477225575051661,18,18,1.0
zdt1_interval,lu,cw,finding,overlap_jaccard,0.0,5000,12,0.2,1.0954451150103324,5.477225575051661,18,18,1.0
zdt1_interval,ls,cw,check,coverage_a_in_b,0.0,5000,12,0.0,0.0,5.477225575051661,18,18,1.0
zdt1_interval,ls,cw,check,coverage_b_in_a,0.0,5000,12,0.0,0.0,5.477225575051661,18,18,1.0
zdt1_interval,ls,cw,check,overlap,0.0,5000,12,0.0,0.0,5.477225575051661,18,18,1.0
zdt1_interval,ls,cw,check,overlap_jaccard,0.0,5000,12,0.0,0.0,5.477225575051661,18,18,1.0
zdt1_interval,ls,cw,check,coverage_a_in_b,0.0,5000,12,0.01,0.05477225575051661,5.477225575051661,18,18,1.0
zdt1_interval,ls,cw,check,coverage_b_in_a,0.0,5000,12,0.01,0.05477225575051661,5.477225575051661,18,18,1.0
zdt1_interval,ls,cw,check,overlap,0.0,5000,12,0.01,0.05477225575051661,5.477225575051661,18,18,1.0
zdt1_interval,ls,cw,check,overlap_jaccard,0.0,5000,12,0.01,0.05477225575051661,5.477225575051661,18,18,1.0
zdt1_interval,ls,cw,check,coverage_a_in_b,0.0,5000,12,0.02,0.10954451150103323,5.477225575051661,18,18,1.0
zdt1_interval,ls,cw,check,coverage_b_in_a,0.0,5000,12,0.02,0.10954451150103323,5.477225575051661,18,18,1.0
zdt1_interval,ls,cw,check,overlap,0.0,5000,12,0.02,0.10954451150103323,5.477225575051661,18,18,1.0
zdt1_interval,ls,cw,check,overlap_jaccard,0.0,5000,12,0.02,0.10954451150103323,5.477225575051661,18,18,1.0
zdt1_interval,ls,cw,check,coverage_a_in_b,0.0,5000,12,0.05,0.2738612787525831,5.477225575051661,18,18,1.0
zdt1_interval,ls,cw,check,coverage_b_in_a,0.0,5000,12,0.05,0.2738612787525831,5.477225575051661,18,18,1.0
zdt1_interval,ls,cw,check,overlap,0.0,5000,12,0.05,0.2738612787525831,5.477225575051661,18,18,1.0
zdt1_interval,ls,cw,check,overlap_jaccard,0.0,5000,12,0.05,0.2738612787525831,5.477225575051661,18,18,1.0
zdt1_interval,ls,cw,check,coverage_a_in_b,0.0,5000,12,0.1,0.5477225575051662,5.477225575051661,18,18,1.0
zdt1_interval,ls,cw,check,coverage_b_in_a,0.0,5000,12,0.1,0.5477225575051662,5.477225575051661,18,18,1.0
zdt1_interval,ls,cw,check,overlap,0.0,5000,12,0.1,0.5477225575051662,5.477225575051661,18,18,1.0
zdt1_interval,ls,cw,check,overlap_jaccard,0.0,5000,12,0.1,0.5477225575051662,5.477225575051661,18,18,1.0
zdt1_interval,ls,cw,check,coverage_a_in_b,0.0,5000,12,0.2,1.0954451150103324,5.477225575051661,18,18,1.0
zdt1_interval,ls,cw,check,coverage_b_in_a,0.0,5000,12,0.2,1.0954451150103324,5.477225575051661,18,18,1.0
zdt1_interval,ls,cw,check,overlap,0.0,5000,12,0.2,1.0954451150103324,5.477225575051661,18,18,1.0
zdt1_interval,ls,cw,check,overlap_jaccard,0.0,5000,12,0.2,1.0954451150103324,5.477225575051661,18,18,1.0
zdt1_interval,lu,ls,check,coverage_a_in_b,0.0,5000,13,0.0,0.0,5.477225575051661,23,23,1.0
zdt1_interval,lu,ls,check,coverage_b_in_a,0.0,5000,13,0.0,0.0,5.477225575051661,23,23,1.0
zdt1_interval,lu,ls,check,overlap,0.0,5000,13,0.0,0.0,5.477225575051661,23,23,1.0
zdt1_interval,lu,ls,check,overlap_jaccard,0.0,5000,13,0.0,0.0,5.477225575051661,23,23,1.0
zdt1_interval,lu,ls,check,coverage_a_in_b,0.0,5000,13,0.01,0.05477225575051661,5.477225575051661,23,23,1.0
zdt1_interval,lu,ls,check,coverage_b_in_a,0.0,5000,13,0.01,0.05477225575051661,5.477225575051661,23,23,1.0
zdt1_interval,lu,ls,check,overlap,0.0,5000,13,0.01,0.05477225575051661,5.477225575051661,23,23,1.0
zdt1_interval,lu,ls,check,overlap_jaccard,0.0,5000,13,0.01,0.05477225575051661,5.477225575051661,23,23,1.0
zdt1_interval,lu,ls,check,coverage_a_in_b,0.0,5000,13,0.02,0.10954451150103323,5.477225575051661,23,23,1.0
zdt1_interval,lu,ls,check,coverage_b_in_a,0.0,5000,13,0.02,0.10954451150103323,5.477225575051661,23,23,1.0
zdt1_interval,lu,ls,check,overlap,0.0,5000,13,0.02,0.10954451150103323,5.477225575051661,23,23,1.0
zdt1_interval,lu,ls,check,overlap_jaccard,0.0,5000,13,0.02,0.10954451150103323,5.477225575051661,23,23,1.0
zdt1_interval,lu,ls,check,coverage_a_in_b,0.0,5000,13,0.05,0.2738612787525831,5.477225575051661,23,23,1.0
zdt1_interval,lu,ls,check,coverage_b_in_a,0.0,5000,13,0.05,0.2738612787525831,5.477225575051661,23,23,1.0
zdt1_interval,lu,ls,check,overlap,0.0,5000,13,0.05,0.2738612787525831,5.477225575051661,23,23,1.0
zdt1_interval,lu,ls,check,overlap_jaccard,0.0,5000,13,0.05,0.2738612787525831,5.477225575051661,23,23,1.0
zdt1_interval,lu,ls,check,coverage_a_in_b,0.0,5000,13,0.1,0.5477225575051662,5.477225575051661,23,23,1.0
zdt1_interval,lu,ls,check,coverage_b_in_a,0.0,5000,13,0.1,0.5477225575051662,5.477225575051661,23,23,1.0
zdt1_interval,lu,ls,check,overlap,0.0,5000,13,0.1,0.5477225575051662,5.477225575051661,23,23,1.0
zdt1_interval,lu,ls,check,overlap_jaccard,0.0,5000,13,0.1,0.5477225575051662,5.477225575051661,23,23,1.0
zdt1_interval,lu,ls,check,coverage_a_in_b,0.0,5000,13,0.2,1.0954451150103324,5.477225575051661,23,23,1.0
zdt1_interval,lu,ls,check,coverage_b_in_a,0.0,5000,13,0.2,1.0954451150103324,5.477225575051661,23,23,1.0
zdt1_interval,lu,ls,check,overlap,0.0,5000,13,0.2,1.0954451150103324,5.477225575051661,23,23,1.0
zdt1_interval,lu,ls,check,overlap_jaccard,0.0,5000,13,0.2,1.0954451150103324,5.477225575051661,23,23,1.0
zdt1_interval,lu,cw,finding,coverage_a_in_b,0.0,5000,13,0.0,0.0,5.477225575051661,23,23,1.0
zdt1_interval,lu,cw,finding,coverage_b_in_a,0.0,5000,13,0.0,0.0,5.477225575051661,23,23,1.0
zdt1_interval,lu,cw,finding,overlap,0.0,5000,13,0.0,0.0,5.477225575051661,23,23,1.0
zdt1_interval,lu,cw,finding,overlap_jaccard,0.0,5000,13,0.0,0.0,5.477225575051661,23,23,1.0
zdt1_interval,lu,cw,finding,coverage_a_in_b,0.0,5000,13,0.01,0.05477225575051661,5.477225575051661,23,23,1.0
zdt1_interval,lu,cw,finding,coverage_b_in_a,0.0,5000,13,0.01,0.05477225575051661,5.477225575051661,23,23,1.0
zdt1_interval,lu,cw,finding,overlap,0.0,5000,13,0.01,0.05477225575051661,5.477225575051661,23,23,1.0
zdt1_interval,lu,cw,finding,overlap_jaccard,0.0,5000,13,0.01,0.05477225575051661,5.477225575051661,23,23,1.0
zdt1_interval,lu,cw,finding,coverage_a_in_b,0.0,5000,13,0.02,0.10954451150103323,5.477225575051661,23,23,1.0
zdt1_interval,lu,cw,finding,coverage_b_in_a,0.0,5000,13,0.02,0.10954451150103323,5.477225575051661,23,23,1.0
zdt1_interval,lu,cw,finding,overlap,0.0,5000,13,0.02,0.10954451150103323,5.477225575051661,23,23,1.0
zdt1_interval,lu,cw,finding,overlap_jaccard,0.0,5000,13,0.02,0.10954451150103323,5.477225575051661,23,23,1.0
zdt1_interval,lu,cw,finding,coverage_a_in_b,0.0,5000,13,0.05,0.2738612787525831,5.477225575051661,23,23,1.0
zdt1_interval,lu,cw,finding,coverage_b_in_a,0.0,5000,13,0.05,0.2738612787525831,5.477225575051661,23,23,1.0
zdt1_interval,lu,cw,finding,overlap,0.0,5000,13,0.05,0.2738612787525831,5.477225575051661,23,23,1.0
zdt1_interval,lu,cw,finding,overlap_jaccard,0.0,5000,13,0.05,0.2738612787525831,5.477225575051661,23,23,1.0
zdt1_interval,lu,cw,finding,coverage_a_in_b,0.0,5000,13,0.1,0.5477225575051662,5.477225575051661,23,23,1.0
zdt1_interval,lu,cw,finding,coverage_b_in_a,0.0,5000,13,0.1,0.5477225575051662,5.477225575051661,23,23,1.0
zdt1_interval,lu,cw,finding,overlap,0.0,5000,13,0.1,0.5477225575051662,5.477225575051661,23,23,1.0
zdt1_interval,lu,cw,finding,overlap_jaccard,0.0,5000,13,0.1,0.5477225575051662,5.477225575051661,23,23,1.0
zdt1_interval,lu,cw,finding,coverage_a_in_b,0.0,5000,13,0.2,1.0954451150103324,5.477225575051661,23,23,1.0
zdt1_interval,lu,cw,finding,coverage_b_in_a,0.0,5000,13,0.2,1.0954451150103324,5.477225575051661,23,23,1.0
zdt1_interval,lu,cw,finding,overlap,0.0,5000,13,0.2,1.0954451150103324,5.477225575051661,23,23,1.0
zdt1_interval,lu,cw,finding,overlap_jaccard,0.0,5000,13,0.2,1.0954451150103324,5.477225575051661,23,23,1.0
zdt1_interval,ls,cw,check,coverage_a_in_b,0.0,5000,13,0.0,0.0,5.477225575051661,23,23,1.0
zdt1_interval,ls,cw,check,coverage_b_in_a,0.0,5000,13,0.0,0.0,5.477225575051661,23,23,1.0
zdt1_interval,ls,cw,check,overlap,0.0,5000,13,0.0,0.0,5.477225575051661,23,23,1.0
zdt1_interval,ls,cw,check,overlap_jaccard,0.0,5000,13,0.0,0.0,5.477225575051661,23,23,1.0
zdt1_interval,ls,cw,check,coverage_a_in_b,0.0,5000,13,0.01,0.05477225575051661,5.477225575051661,23,23,1.0
zdt1_interval,ls,cw,check,coverage_b_in_a,0.0,5000,13,0.01,0.05477225575051661,5.477225575051661,23,23,1.0
zdt1_interval,ls,cw,check,overlap,0.0,5000,13,0.01,0.05477225575051661,5.477225575051661,23,23,1.0
zdt1_interval,ls,cw,check,overlap_jaccard,0.0,5000,13,0.01,0.05477225575051661,5.477225575051661,23,23,1.0
zdt1_interval,ls,cw,check,coverage_a_in_b,0.0,5000,13,0.02,0.10954451150103323,5.477225575051661,23,23,1.0
zdt1_interval,ls,cw,check,coverage_b_in_a,0.0,5000,13,0.02,0.10954451150103323,5.477225575051661,23,23,1.0
zdt1_interval,ls,cw,check,overlap,0.0,5000,13,0.02,0.10954451150103323,5.477225575051661,23,23,1.0
zdt1_interval,ls,cw,check,overlap_jaccard,0.0,5000,13,0.02,0.10954451150103323,5.477225575051661,23,23,1.0
zdt1_interval,ls,cw,check,coverage_a_in_b,0.0,5000,13,0.05,0.2738612787525831,5.477225575051661,23,23,1.0
zdt1_interval,ls,cw,check,coverage_b_in_a,0.0,5000,13,0.05,0.2738612787525831,5.477225575051661,23,23,1.0
zdt1_interval,ls,cw,check,overlap,0.0,5000,13,0.05,0.2738612787525831,5.477225575051661,23,23,1.0
zdt1_interval,ls,cw,check,overlap_jaccard,0.0,5000,13,0.05,0.2738612787525831,5.477225575051661,23,23,1.0
zdt1_interval,ls,cw,check,coverage_a_in_b,0.0,5000,13,0.1,0.5477225575051662,5.477225575051661,23,23,1.0
zdt1_interval,ls,cw,check,coverage_b_in_a,0.0,5000,13,0.1,0.5477225575051662,5.477225575051661,23,23,1.0
zdt1_interval,ls,cw,check,overlap,0.0,5000,13,0.1,0.5477225575051662,5.477225575051661,23,23,1.0
zdt1_interval,ls,cw,check,overlap_jaccard,0.0,5000,13,0.1,0.5477225575051662,5.477225575051661,23,23,1.0
zdt1_interval,ls,cw,check,coverage_a_in_b,0.0,5000,13,0.2,1.0954451150103324,5.477225575051661,23,23,1.0
zdt1_interval,ls,cw,check,coverage_b_in_a,0.0,5000,13,0.2,1.0954451150103324,5.477225575051661,23,23,1.0
zdt1_interval,ls,cw,check,overlap,0.0,5000,13,0.2,1.0954451150103324,5.477225575051661,23,23,1.0
zdt1_interval,ls,cw,check,overlap_jaccard,0.0,5000,13,0.2,1.0954451150103324,5.477225575051661,23,23,1.0
zdt1_interval,lu,ls,check,coverage_a_in_b,0.0,5000,14,0.0,0.0,5.477225575051661,22,22,1.0
zdt1_interval,lu,ls,check,coverage_b_in_a,0.0,5000,14,0.0,0.0,5.477225575051661,22,22,1.0
zdt1_interval,lu,ls,check,overlap,0.0,5000,14,0.0,0.0,5.477225575051661,22,22,1.0
zdt1_interval,lu,ls,check,overlap_jaccard,0.0,5000,14,0.0,0.0,5.477225575051661,22,22,1.0
zdt1_interval,lu,ls,check,coverage_a_in_b,0.0,5000,14,0.01,0.05477225575051661,5.477225575051661,22,22,1.0
zdt1_interval,lu,ls,check,coverage_b_in_a,0.0,5000,14,0.01,0.05477225575051661,5.477225575051661,22,22,1.0
zdt1_interval,lu,ls,check,overlap,0.0,5000,14,0.01,0.05477225575051661,5.477225575051661,22,22,1.0
zdt1_interval,lu,ls,check,overlap_jaccard,0.0,5000,14,0.01,0.05477225575051661,5.477225575051661,22,22,1.0
zdt1_interval,lu,ls,check,coverage_a_in_b,0.0,5000,14,0.02,0.10954451150103323,5.477225575051661,22,22,1.0
zdt1_interval,lu,ls,check,coverage_b_in_a,0.0,5000,14,0.02,0.10954451150103323,5.477225575051661,22,22,1.0
zdt1_interval,lu,ls,check,overlap,0.0,5000,14,0.02,0.10954451150103323,5.477225575051661,22,22,1.0
zdt1_interval,lu,ls,check,overlap_jaccard,0.0,5000,14,0.02,0.10954451150103323,5.477225575051661,22,22,1.0
zdt1_interval,lu,ls,check,coverage_a_in_b,0.0,5000,14,0.05,0.2738612787525831,5.477225575051661,22,22,1.0
zdt1_interval,lu,ls,check,coverage_b_in_a,0.0,5000,14,0.05,0.2738612787525831,5.477225575051661,22,22,1.0
zdt1_interval,lu,ls,check,overlap,0.0,5000,14,0.05,0.2738612787525831,5.477225575051661,22,22,1.0
zdt1_interval,lu,ls,check,overlap_jaccard,0.0,5000,14,0.05,0.2738612787525831,5.477225575051661,22,22,1.0
zdt1_interval,lu,ls,check,coverage_a_in_b,0.0,5000,14,0.1,0.5477225575051662,5.477225575051661,22,22,1.0
zdt1_interval,lu,ls,check,coverage_b_in_a,0.0,5000,14,0.1,0.5477225575051662,5.477225575051661,22,22,1.0
zdt1_interval,lu,ls,check,overlap,0.0,5000,14,0.1,0.5477225575051662,5.477225575051661,22,22,1.0
zdt1_interval,lu,ls,check,overlap_jaccard,0.0,5000,14,0.1,0.5477225575051662,5.477225575051661,22,22,1.0
zdt1_interval,lu,ls,check,coverage_a_in_b,0.0,5000,14,0.2,1.0954451150103324,5.477225575051661,22,22,1.0
zdt1_interval,lu,ls,check,coverage_b_in_a,0.0,5000,14,0.2,1.0954451150103324,5.477225575051661,22,22,1.0
zdt1_interval,lu,ls,check,overlap,0.0,5000,14,0.2,1.0954451150103324,5.477225575051661,22,22,1.0
zdt1_interval,lu,ls,check,overlap_jaccard,0.0,5000,14,0.2,1.0954451150103324,5.477225575051661,22,22,1.0
zdt1_interval,lu,cw,finding,coverage_a_in_b,0.0,5000,14,0.0,0.0,5.477225575051661,22,22,1.0
zdt1_interval,lu,cw,finding,coverage_b_in_a,0.0,5000,14,0.0,0.0,5.477225575051661,22,22,1.0
zdt1_interval,lu,cw,finding,overlap,0.0,5000,14,0.0,0.0,5.477225575051661,22,22,1.0
zdt1_interval,lu,cw,finding,overlap_jaccard,0.0,5000,14,0.0,0.0,5.477225575051661,22,22,1.0
zdt1_interval,lu,cw,finding,coverage_a_in_b,0.0,5000,14,0.01,0.05477225575051661,5.477225575051661,22,22,1.0
zdt1_interval,lu,cw,finding,coverage_b_in_a,0.0,5000,14,0.01,0.05477225575051661,5.477225575051661,22,22,1.0
zdt1_interval,lu,cw,finding,overlap,0.0,5000,14,0.01,0.05477225575051661,5.477225575051661,22,22,1.0
zdt1_interval,lu,cw,finding,overlap_jaccard,0.0,5000,14,0.01,0.05477225575051661,5.477225575051661,22,22,1.0
zdt1_interval,lu,cw,finding,coverage_a_in_b,0.0,5000,14,0.02,0.10954451150103323,5.477225575051661,22,22,1.0
zdt1_interval,lu,cw,finding,coverage_b_in_a,0.0,5000,14,0.02,0.10954451150103323,5.477225575051661,22,22,1.0
zdt1_interval,lu,cw,finding,overlap,0.0,5000,14,0.02,0.10954451150103323,5.477225575051661,22,22,1.0
zdt1_interval,lu,cw,finding,overlap_jaccard,0.0,5000,14,0.02,0.10954451150103323,5.477225575051661,22,22,1.0
zdt1_interval,lu,cw,finding,coverage_a_in_b,0.0,5000,14,0.05,0.2738612787525831,5.477225575051661,22,22,1.0
zdt1_interval,lu,cw,finding,coverage_b_in_a,0.0,5000,14,0.05,0.2738612787525831,5.477225575051661,22,22,1.0
zdt1_interval,lu,cw,finding,overlap,0.0,5000,14,0.05,0.2738612787525831,5.477225575051661,22,22,1.0
zdt1_interval,lu,cw,finding,overlap_jaccard,0.0,5000,14,0.05,0.2738612787525831,5.477225575051661,22,22,1.0
zdt1_interval,lu,cw,finding,coverage_a_in_b,0.0,5000,14,0.1,0.5477225575051662,5.477225575051661,22,22,1.0
zdt1_interval,lu,cw,finding,coverage_b_in_a,0.0,5000,14,0.1,0.5477225575051662,5.477225575051661,22,22,1.0
zdt1_interval,lu,cw,finding,overlap,0.0,5000,14,0.1,0.5477225575051662,5.477225575051661,22,22,1.0
zdt1_interval,lu,cw,finding,overlap_jaccard,0.0,5000,14,0.1,0.5477225575051662,5.477225575051661,22,22,1.0
zdt1_interval,lu,cw,finding,coverage_a_in_b,0.0,5000,14,0.2,1.0954451150103324,5.477225575051661,22,22,1.0
zdt1_interval,lu,cw,finding,coverage_b_in_a,0.0,5000,14,0.2,1.0954451150103324,5.477225575051661,22,22,1.0
zdt1_interval,lu,cw,finding,overlap,0.0,5000,14,0.2,1.0954451150103324,5.477225575051661,22,22,1.0
zdt1_interval,lu,cw,finding,overlap_jaccard,0.0,5000,14,0.2,1.0954451150103324,5.477225575051661,22,22,1.0
zdt1_interval,ls,cw,check,coverage_a_in_b,0.0,5000,14,0.0,0.0,5.477225575051661,22,22,1.0
zdt1_interval,ls,cw,check,coverage_b_in_a,0.0,5000,14,0.0,0.0,5.477225575051661,22,22,1.0
zdt1_interval,ls,cw,check,overlap,0.0,5000,14,0.0,0.0,5.477225575051661,22,22,1.0
zdt1_interval,ls,cw,check,overlap_jaccard,0.0,5000,14,0.0,0.0,5.477225575051661,22,22,1.0
zdt1_interval,ls,cw,check,coverage_a_in_b,0.0,5000,14,0.01,0.05477225575051661,5.477225575051661,22,22,1.0
zdt1_interval,ls,cw,check,coverage_b_in_a,0.0,5000,14,0.01,0.05477225575051661,5.477225575051661,22,22,1.0
zdt1_interval,ls,cw,check,overlap,0.0,5000,14,0.01,0.05477225575051661,5.477225575051661,22,22,1.0
zdt1_interval,ls,cw,check,overlap_jaccard,0.0,5000,14,0.01,0.05477225575051661,5.477225575051661,22,22,1.0
zdt1_interval,ls,cw,check,coverage_a_in_b,0.0,5000,14,0.02,0.10954451150103323,5.477225575051661,22,22,1.0
zdt1_interval,ls,cw,check,coverage_b_in_a,0.0,5000,14,0.02,0.10954451150103323,5.477225575051661,22,22,1.0
zdt1_interval,ls,cw,check,overlap,0.0,5000,14,0.02,0.10954451150103323,5.477225575051661,22,22,1.0
zdt1_interval,ls,cw,check,overlap_jaccard,0.0,5000,14,0.02,0.10954451150103323,5.477225575051661,22,22,1.0
zdt1_interval,ls,cw,check,coverage_a_in_b,0.0,5000,14,0.05,0.2738612787525831,5.477225575051661,22,22,1.0
zdt1_interval,ls,cw,check,coverage_b_in_a,0.0,5000,14,0.05,0.2738612787525831,5.477225575051661,22,22,1.0
zdt1_interval,ls,cw,check,overlap,0.0,5000,14,0.05,0.2738612787525831,5.477225575051661,22,22,1.0
zdt1_interval,ls,cw,check,overlap_jaccard,0.0,5000,14,0.05,0.2738612787525831,5.477225575051661,22,22,1.0
zdt1_interval,ls,cw,check,coverage_a_in_b,0.0,5000,14,0.1,0.5477225575051662,5.477225575051661,22,22,1.0
zdt1_interval,ls,cw,check,coverage_b_in_a,0.0,5000,14,0.1,0.5477225575051662,5.477225575051661,22,22,1.0
zdt1_interval,ls,cw,check,overlap,0.0,5000,14,0.1,0.5477225575051662,5.477225575051661,22,22,1.0
zdt1_interval,ls,cw,check,overlap_jaccard,0.0,5000,14,0.1,0.5477225575051662,5.477225575051661,22,22,1.0
zdt1_interval,ls,cw,check,coverage_a_in_b,0.0,5000,14,0.2,1.0954451150103324,5.477225575051661,22,22,1.0
zdt1_interval,ls,cw,check,coverage_b_in_a,0.0,5000,14,0.2,1.0954451150103324,5.477225575051661,22,22,1.0
zdt1_interval,ls,cw,check,overlap,0.0,5000,14,0.2,1.0954451150103324,5.477225575051661,22,22,1.0
zdt1_interval,ls,cw,check,overlap_jaccard,0.0,5000,14,0.2,1.0954451150103324,5.477225575051661,22,22,1.0
zdt1_interval,lu,ls,check,coverage_a_in_b,0.0,5000,15,0.0,0.0,5.477225575051661,15,15,1.0
zdt1_interval,lu,ls,check,coverage_b_in_a,0.0,5000,15,0.0,0.0,5.477225575051661,15,15,1.0
zdt1_interval,lu,ls,check,overlap,0.0,5000,15,0.0,0.0,5.477225575051661,15,15,1.0
zdt1_interval,lu,ls,check,overlap_jaccard,0.0,5000,15,0.0,0.0,5.477225575051661,15,15,1.0
zdt1_interval,lu,ls,check,coverage_a_in_b,0.0,5000,15,0.01,0.05477225575051661,5.477225575051661,15,15,1.0
zdt1_interval,lu,ls,check,coverage_b_in_a,0.0,5000,15,0.01,0.05477225575051661,5.477225575051661,15,15,1.0
zdt1_interval,lu,ls,check,overlap,0.0,5000,15,0.01,0.05477225575051661,5.477225575051661,15,15,1.0
zdt1_interval,lu,ls,check,overlap_jaccard,0.0,5000,15,0.01,0.05477225575051661,5.477225575051661,15,15,1.0
zdt1_interval,lu,ls,check,coverage_a_in_b,0.0,5000,15,0.02,0.10954451150103323,5.477225575051661,15,15,1.0
zdt1_interval,lu,ls,check,coverage_b_in_a,0.0,5000,15,0.02,0.10954451150103323,5.477225575051661,15,15,1.0
zdt1_interval,lu,ls,check,overlap,0.0,5000,15,0.02,0.10954451150103323,5.477225575051661,15,15,1.0
zdt1_interval,lu,ls,check,overlap_jaccard,0.0,5000,15,0.02,0.10954451150103323,5.477225575051661,15,15,1.0
zdt1_interval,lu,ls,check,coverage_a_in_b,0.0,5000,15,0.05,0.2738612787525831,5.477225575051661,15,15,1.0
zdt1_interval,lu,ls,check,coverage_b_in_a,0.0,5000,15,0.05,0.2738612787525831,5.477225575051661,15,15,1.0
zdt1_interval,lu,ls,check,overlap,0.0,5000,15,0.05,0.2738612787525831,5.477225575051661,15,15,1.0
zdt1_interval,lu,ls,check,overlap_jaccard,0.0,5000,15,0.05,0.2738612787525831,5.477225575051661,15,15,1.0
zdt1_interval,lu,ls,check,coverage_a_in_b,0.0,5000,15,0.1,0.5477225575051662,5.477225575051661,15,15,1.0
zdt1_interval,lu,ls,check,coverage_b_in_a,0.0,5000,15,0.1,0.5477225575051662,5.477225575051661,15,15,1.0
zdt1_interval,lu,ls,check,overlap,0.0,5000,15,0.1,0.5477225575051662,5.477225575051661,15,15,1.0
zdt1_interval,lu,ls,check,overlap_jaccard,0.0,5000,15,0.1,0.5477225575051662,5.477225575051661,15,15,1.0
zdt1_interval,lu,ls,check,coverage_a_in_b,0.0,5000,15,0.2,1.0954451150103324,5.477225575051661,15,15,1.0
zdt1_interval,lu,ls,check,coverage_b_in_a,0.0,5000,15,0.2,1.0954451150103324,5.477225575051661,15,15,1.0
zdt1_interval,lu,ls,check,overlap,0.0,5000,15,0.2,1.0954451150103324,5.477225575051661,15,15,1.0
zdt1_interval,lu,ls,check,overlap_jaccard,0.0,5000,15,0.2,1.0954451150103324,5.477225575051661,15,15,1.0
zdt1_interval,lu,cw,finding,coverage_a_in_b,0.0,5000,15,0.0,0.0,5.477225575051661,15,15,1.0
zdt1_interval,lu,cw,finding,coverage_b_in_a,0.0,5000,15,0.0,0.0,5.477225575051661,15,15,1.0
zdt1_interval,lu,cw,finding,overlap,0.0,5000,15,0.0,0.0,5.477225575051661,15,15,1.0
zdt1_interval,lu,cw,finding,overlap_jaccard,0.0,5000,15,0.0,0.0,5.477225575051661,15,15,1.0
zdt1_interval,lu,cw,finding,coverage_a_in_b,0.0,5000,15,0.01,0.05477225575051661,5.477225575051661,15,15,1.0
zdt1_interval,lu,cw,finding,coverage_b_in_a,0.0,5000,15,0.01,0.05477225575051661,5.477225575051661,15,15,1.0
zdt1_interval,lu,cw,finding,overlap,0.0,5000,15,0.01,0.05477225575051661,5.477225575051661,15,15,1.0
zdt1_interval,lu,cw,finding,overlap_jaccard,0.0,5000,15,0.01,0.05477225575051661,5.477225575051661,15,15,1.0
zdt1_interval,lu,cw,finding,coverage_a_in_b,0.0,5000,15,0.02,0.10954451150103323,5.477225575051661,15,15,1.0
zdt1_interval,lu,cw,finding,coverage_b_in_a,0.0,5000,15,0.02,0.10954451150103323,5.477225575051661,15,15,1.0
zdt1_interval,lu,cw,finding,overlap,0.0,5000,15,0.02,0.10954451150103323,5.477225575051661,15,15,1.0
zdt1_interval,lu,cw,finding,overlap_jaccard,0.0,5000,15,0.02,0.10954451150103323,5.477225575051661,15,15,1.0
zdt1_interval,lu,cw,finding,coverage_a_in_b,0.0,5000,15,0.05,0.2738612787525831,5.477225575051661,15,15,1.0
zdt1_interval,lu,cw,finding,coverage_b_in_a,0.0,5000,15,0.05,0.2738612787525831,5.477225575051661,15,15,1.0
zdt1_interval,lu,cw,finding,overlap,0.0,5000,15,0.05,0.2738612787525831,5.477225575051661,15,15,1.0
zdt1_interval,lu,cw,finding,overlap_jaccard,0.0,5000,15,0.05,0.2738612787525831,5.477225575051661,15,15,1.0
zdt1_interval,lu,cw,finding,coverage_a_in_b,0.0,5000,15,0.1,0.5477225575051662,5.477225575051661,15,15,1.0
zdt1_interval,lu,cw,finding,coverage_b_in_a,0.0,5000,15,0.1,0.5477225575051662,5.477225575051661,15,15,1.0
zdt1_interval,lu,cw,finding,overlap,0.0,5000,15,0.1,0.5477225575051662,5.477225575051661,15,15,1.0
zdt1_interval,lu,cw,finding,overlap_jaccard,0.0,5000,15,0.1,0.5477225575051662,5.477225575051661,15,15,1.0
zdt1_interval,lu,cw,finding,coverage_a_in_b,0.0,5000,15,0.2,1.0954451150103324,5.477225575051661,15,15,1.0
zdt1_interval,lu,cw,finding,coverage_b_in_a,0.0,5000,15,0.2,1.0954451150103324,5.477225575051661,15,15,1.0
zdt1_interval,lu,cw,finding,overlap,0.0,5000,15,0.2,1.0954451150103324,5.477225575051661,15,15,1.0
zdt1_interval,lu,cw,finding,overlap_jaccard,0.0,5000,15,0.2,1.0954451150103324,5.477225575051661,15,15,1.0
zdt1_interval,ls,cw,check,coverage_a_in_b,0.0,5000,15,0.0,0.0,5.477225575051661,15,15,1.0
zdt1_interval,ls,cw,check,coverage_b_in_a,0.0,5000,15,0.0,0.0,5.477225575051661,15,15,1.0
zdt1_interval,ls,cw,check,overlap,0.0,5000,15,0.0,0.0,5.477225575051661,15,15,1.0
zdt1_interval,ls,cw,check,overlap_jaccard,0.0,5000,15,0.0,0.0,5.477225575051661,15,15,1.0
zdt1_interval,ls,cw,check,coverage_a_in_b,0.0,5000,15,0.01,0.05477225575051661,5.477225575051661,15,15,1.0
zdt1_interval,ls,cw,check,coverage_b_in_a,0.0,5000,15,0.01,0.05477225575051661,5.477225575051661,15,15,1.0
zdt1_interval,ls,cw,check,overlap,0.0,5000,15,0.01,0.05477225575051661,5.477225575051661,15,15,1.0
zdt1_interval,ls,cw,check,overlap_jaccard,0.0,5000,15,0.01,0.05477225575051661,5.477225575051661,15,15,1.0
zdt1_interval,ls,cw,check,coverage_a_in_b,0.0,5000,15,0.02,0.10954451150103323,5.477225575051661,15,15,1.0
zdt1_interval,ls,cw,check,coverage_b_in_a,0.0,5000,15,0.02,0.10954451150103323,5.477225575051661,15,15,1.0
zdt1_interval,ls,cw,check,overlap,0.0,5000,15,0.02,0.10954451150103323,5.477225575051661,15,15,1.0
zdt1_interval,ls,cw,check,overlap_jaccard,0.0,5000,15,0.02,0.10954451150103323,5.477225575051661,15,15,1.0
zdt1_interval,ls,cw,check,coverage_a_in_b,0.0,5000,15,0.05,0.2738612787525831,5.477225575051661,15,15,1.0
zdt1_interval,ls,cw,check,coverage_b_in_a,0.0,5000,15,0.05,0.2738612787525831,5.477225575051661,15,15,1.0
zdt1_interval,ls,cw,check,overlap,0.0,5000,15,0.05,0.2738612787525831,5.477225575051661,15,15,1.0
zdt1_interval,ls,cw,check,overlap_jaccard,0.0,5000,15,0.05,0.2738612787525831,5.477225575051661,15,15,1.0
zdt1_interval,ls,cw,check,coverage_a_in_b,0.0,5000,15,0.1,0.5477225575051662,5.477225575051661,15,15,1.0
zdt1_interval,ls,cw,check,coverage_b_in_a,0.0,5000,15,0.1,0.5477225575051662,5.477225575051661,15,15,1.0
zdt1_interval,ls,cw,check,overlap,0.0,5000,15,0.1,0.5477225575051662,5.477225575051661,15,15,1.0
zdt1_interval,ls,cw,check,overlap_jaccard,0.0,5000,15,0.1,0.5477225575051662,5.477225575051661,15,15,1.0
zdt1_interval,ls,cw,check,coverage_a_in_b,0.0,5000,15,0.2,1.0954451150103324,5.477225575051661,15,15,1.0
zdt1_interval,ls,cw,check,coverage_b_in_a,0.0,5000,15,0.2,1.0954451150103324,5.477225575051661,15,15,1.0
zdt1_interval,ls,cw,check,overlap,0.0,5000,15,0.2,1.0954451150103324,5.477225575051661,15,15,1.0
zdt1_interval,ls,cw,check,overlap_jaccard,0.0,5000,15,0.2,1.0954451150103324,5.477225575051661,15,15,1.0
zdt1_interval,lu,ls,check,coverage_a_in_b,0.05,5000,11,0.0,0.0,5.477225575051661,26,304,1.0
zdt1_interval,lu,ls,check,coverage_b_in_a,0.05,5000,11,0.0,0.0,5.477225575051661,26,304,0.08552631578947369
zdt1_interval,lu,ls,check,overlap,0.05,5000,11,0.0,0.0,5.477225575051661,26,304,0.15757575757575756
zdt1_interval,lu,ls,check,overlap_jaccard,0.05,5000,11,0.0,0.0,5.477225575051661,26,304,0.08552631578947367
zdt1_interval,lu,ls,check,coverage_a_in_b,0.05,5000,11,0.01,0.05477225575051661,5.477225575051661,26,304,1.0
zdt1_interval,lu,ls,check,coverage_b_in_a,0.05,5000,11,0.01,0.05477225575051661,5.477225575051661,26,304,0.08552631578947369
zdt1_interval,lu,ls,check,overlap,0.05,5000,11,0.01,0.05477225575051661,5.477225575051661,26,304,0.15757575757575756
zdt1_interval,lu,ls,check,overlap_jaccard,0.05,5000,11,0.01,0.05477225575051661,5.477225575051661,26,304,0.08552631578947367
zdt1_interval,lu,ls,check,coverage_a_in_b,0.05,5000,11,0.02,0.10954451150103323,5.477225575051661,26,304,1.0
zdt1_interval,lu,ls,check,coverage_b_in_a,0.05,5000,11,0.02,0.10954451150103323,5.477225575051661,26,304,0.08552631578947369
zdt1_interval,lu,ls,check,overlap,0.05,5000,11,0.02,0.10954451150103323,5.477225575051661,26,304,0.15757575757575756
zdt1_interval,lu,ls,check,overlap_jaccard,0.05,5000,11,0.02,0.10954451150103323,5.477225575051661,26,304,0.08552631578947367
zdt1_interval,lu,ls,check,coverage_a_in_b,0.05,5000,11,0.05,0.2738612787525831,5.477225575051661,26,304,1.0
zdt1_interval,lu,ls,check,coverage_b_in_a,0.05,5000,11,0.05,0.2738612787525831,5.477225575051661,26,304,0.08552631578947369
zdt1_interval,lu,ls,check,overlap,0.05,5000,11,0.05,0.2738612787525831,5.477225575051661,26,304,0.15757575757575756
zdt1_interval,lu,ls,check,overlap_jaccard,0.05,5000,11,0.05,0.2738612787525831,5.477225575051661,26,304,0.08552631578947367
zdt1_interval,lu,ls,check,coverage_a_in_b,0.05,5000,11,0.1,0.5477225575051662,5.477225575051661,26,304,1.0
zdt1_interval,lu,ls,check,coverage_b_in_a,0.05,5000,11,0.1,0.5477225575051662,5.477225575051661,26,304,0.08552631578947369
zdt1_interval,lu,ls,check,overlap,0.05,5000,11,0.1,0.5477225575051662,5.477225575051661,26,304,0.15757575757575756
zdt1_interval,lu,ls,check,overlap_jaccard,0.05,5000,11,0.1,0.5477225575051662,5.477225575051661,26,304,0.08552631578947367
zdt1_interval,lu,ls,check,coverage_a_in_b,0.05,5000,11,0.2,1.0954451150103324,5.477225575051661,26,304,1.0
zdt1_interval,lu,ls,check,coverage_b_in_a,0.05,5000,11,0.2,1.0954451150103324,5.477225575051661,26,304,0.08552631578947369
zdt1_interval,lu,ls,check,overlap,0.05,5000,11,0.2,1.0954451150103324,5.477225575051661,26,304,0.15757575757575756
zdt1_interval,lu,ls,check,overlap_jaccard,0.05,5000,11,0.2,1.0954451150103324,5.477225575051661,26,304,0.08552631578947367
zdt1_interval,lu,cw,finding,coverage_a_in_b,0.05,5000,11,0.0,0.0,5.477225575051661,26,287,0.7307692307692307
zdt1_interval,lu,cw,finding,coverage_b_in_a,0.05,5000,11,0.0,0.0,5.477225575051661,26,287,0.06620209059233449
zdt1_interval,lu,cw,finding,overlap,0.05,5000,11,0.0,0.0,5.477225575051661,26,287,0.12140575079872204
zdt1_interval,lu,cw,finding,overlap_jaccard,0.05,5000,11,0.0,0.0,5.477225575051661,26,287,0.06462585034013606
zdt1_interval,lu,cw,finding,coverage_a_in_b,0.05,5000,11,0.01,0.05477225575051661,5.477225575051661,26,287,0.7307692307692307
zdt1_interval,lu,cw,finding,coverage_b_in_a,0.05,5000,11,0.01,0.05477225575051661,5.477225575051661,26,287,0.06620209059233449
zdt1_interval,lu,cw,finding,overlap,0.05,5000,11,0.01,0.05477225575051661,5.477225575051661,26,287,0.12140575079872204
zdt1_interval,lu,cw,finding,overlap_jaccard,0.05,5000,11,0.01,0.05477225575051661,5.477225575051661,26,287,0.06462585034013606
zdt1_interval,lu,cw,finding,coverage_a_in_b,0.05,5000,11,0.02,0.10954451150103323,5.477225575051661,26,287,0.7307692307692307
zdt1_interval,lu,cw,finding,coverage_b_in_a,0.05,5000,11,0.02,0.10954451150103323,5.477225575051661,26,287,0.06620209059233449
zdt1_interval,lu,cw,finding,overlap,0.05,5000,11,0.02,0.10954451150103323,5.477225575051661,26,287,0.12140575079872204
zdt1_interval,lu,cw,finding,overlap_jaccard,0.05,5000,11,0.02,0.10954451150103323,5.477225575051661,26,287,0.06462585034013606
zdt1_interval,lu,cw,finding,coverage_a_in_b,0.05,5000,11,0.05,0.2738612787525831,5.477225575051661,26,287,0.7307692307692307
zdt1_interval,lu,cw,finding,coverage_b_in_a,0.05,5000,11,0.05,0.2738612787525831,5.477225575051661,26,287,0.06620209059233449
zdt1_interval,lu,cw,finding,overlap,0.05,5000,11,0.05,0.2738612787525831,5.477225575051661,26,287,0.12140575079872204
zdt1_interval,lu,cw,finding,overlap_jaccard,0.05,5000,11,0.05,0.2738612787525831,5.477225575051661,26,287,0.06462585034013606
zdt1_interval,lu,cw,finding,coverage_a_in_b,0.05,5000,11,0.1,0.5477225575051662,5.477225575051661,26,287,0.7307692307692307
zdt1_interval,lu,cw,finding,coverage_b_in_a,0.05,5000,11,0.1,0.5477225575051662,5.477225575051661,26,287,0.06620209059233449
zdt1_interval,lu,cw,finding,overlap,0.05,5000,11,0.1,0.5477225575051662,5.477225575051661,26,287,0.12140575079872204
zdt1_interval,lu,cw,finding,overlap_jaccard,0.05,5000,11,0.1,0.5477225575051662,5.477225575051661,26,287,0.06462585034013606
zdt1_interval,lu,cw,finding,coverage_a_in_b,0.05,5000,11,0.2,1.0954451150103324,5.477225575051661,26,287,0.7307692307692307
zdt1_interval,lu,cw,finding,coverage_b_in_a,0.05,5000,11,0.2,1.0954451150103324,5.477225575051661,26,287,0.06620209059233449
zdt1_interval,lu,cw,finding,overlap,0.05,5000,11,0.2,1.0954451150103324,5.477225575051661,26,287,0.12140575079872204
zdt1_interval,lu,cw,finding,overlap_jaccard,0.05,5000,11,0.2,1.0954451150103324,5.477225575051661,26,287,0.06462585034013606
zdt1_interval,ls,cw,check,coverage_a_in_b,0.05,5000,11,0.0,0.0,5.477225575051661,304,287,0.944078947368421
zdt1_interval,ls,cw,check,coverage_b_in_a,0.05,5000,11,0.0,0.0,5.477225575051661,304,287,1.0
zdt1_interval,ls,cw,check,overlap,0.05,5000,11,0.0,0.0,5.477225575051661,304,287,0.9712351945854484
zdt1_interval,ls,cw,check,overlap_jaccard,0.05,5000,11,0.0,0.0,5.477225575051661,304,287,0.9440789473684209
zdt1_interval,ls,cw,check,coverage_a_in_b,0.05,5000,11,0.01,0.05477225575051661,5.477225575051661,304,287,0.944078947368421
zdt1_interval,ls,cw,check,coverage_b_in_a,0.05,5000,11,0.01,0.05477225575051661,5.477225575051661,304,287,1.0
zdt1_interval,ls,cw,check,overlap,0.05,5000,11,0.01,0.05477225575051661,5.477225575051661,304,287,0.9712351945854484
zdt1_interval,ls,cw,check,overlap_jaccard,0.05,5000,11,0.01,0.05477225575051661,5.477225575051661,304,287,0.9440789473684209
zdt1_interval,ls,cw,check,coverage_a_in_b,0.05,5000,11,0.02,0.10954451150103323,5.477225575051661,304,287,0.944078947368421
zdt1_interval,ls,cw,check,coverage_b_in_a,0.05,5000,11,0.02,0.10954451150103323,5.477225575051661,304,287,1.0
zdt1_interval,ls,cw,check,overlap,0.05,5000,11,0.02,0.10954451150103323,5.477225575051661,304,287,0.9712351945854484
zdt1_interval,ls,cw,check,overlap_jaccard,0.05,5000,11,0.02,0.10954451150103323,5.477225575051661,304,287,0.9440789473684209
zdt1_interval,ls,cw,check,coverage_a_in_b,0.05,5000,11,0.05,0.2738612787525831,5.477225575051661,304,287,0.944078947368421
zdt1_interval,ls,cw,check,coverage_b_in_a,0.05,5000,11,0.05,0.2738612787525831,5.477225575051661,304,287,1.0
zdt1_interval,ls,cw,check,overlap,0.05,5000,11,0.05,0.2738612787525831,5.477225575051661,304,287,0.9712351945854484
zdt1_interval,ls,cw,check,overlap_jaccard,0.05,5000,11,0.05,0.2738612787525831,5.477225575051661,304,287,0.9440789473684209
zdt1_interval,ls,cw,check,coverage_a_in_b,0.05,5000,11,0.1,0.5477225575051662,5.477225575051661,304,287,0.944078947368421
zdt1_interval,ls,cw,check,coverage_b_in_a,0.05,5000,11,0.1,0.5477225575051662,5.477225575051661,304,287,1.0
zdt1_interval,ls,cw,check,overlap,0.05,5000,11,0.1,0.5477225575051662,5.477225575051661,304,287,0.9712351945854484
zdt1_interval,ls,cw,check,overlap_jaccard,0.05,5000,11,0.1,0.5477225575051662,5.477225575051661,304,287,0.9440789473684209
zdt1_interval,ls,cw,check,coverage_a_in_b,0.05,5000,11,0.2,1.0954451150103324,5.477225575051661,304,287,0.944078947368421
zdt1_interval,ls,cw,check,coverage_b_in_a,0.05,5000,11,0.2,1.0954451150103324,5.477225575051661,304,287,1.0
zdt1_interval,ls,cw,check,overlap,0.05,5000,11,0.2,1.0954451150103324,5.477225575051661,304,287,0.9712351945854484
zdt1_interval,ls,cw,check,overlap_jaccard,0.05,5000,11,0.2,1.0954451150103324,5.477225575051661,304,287,0.9440789473684209
zdt1_interval,lu,ls,check,coverage_a_in_b,0.05,5000,12,0.0,0.0,5.477225575051661,26,270,1.0
zdt1_interval,lu,ls,check,coverage_b_in_a,0.05,5000,12,0.0,0.0,5.477225575051661,26,270,0.0962962962962963
zdt1_interval,lu,ls,check,overlap,0.05,5000,12,0.0,0.0,5.477225575051661,26,270,0.17567567567567569
zdt1_interval,lu,ls,check,overlap_jaccard,0.05,5000,12,0.0,0.0,5.477225575051661,26,270,0.0962962962962963
zdt1_interval,lu,ls,check,coverage_a_in_b,0.05,5000,12,0.01,0.05477225575051661,5.477225575051661,26,270,1.0
zdt1_interval,lu,ls,check,coverage_b_in_a,0.05,5000,12,0.01,0.05477225575051661,5.477225575051661,26,270,0.0962962962962963
zdt1_interval,lu,ls,check,overlap,0.05,5000,12,0.01,0.05477225575051661,5.477225575051661,26,270,0.17567567567567569
zdt1_interval,lu,ls,check,overlap_jaccard,0.05,5000,12,0.01,0.05477225575051661,5.477225575051661,26,270,0.0962962962962963
zdt1_interval,lu,ls,check,coverage_a_in_b,0.05,5000,12,0.02,0.10954451150103323,5.477225575051661,26,270,1.0
zdt1_interval,lu,ls,check,coverage_b_in_a,0.05,5000,12,0.02,0.10954451150103323,5.477225575051661,26,270,0.0962962962962963
zdt1_interval,lu,ls,check,overlap,0.05,5000,12,0.02,0.10954451150103323,5.477225575051661,26,270,0.17567567567567569
zdt1_interval,lu,ls,check,overlap_jaccard,0.05,5000,12,0.02,0.10954451150103323,5.477225575051661,26,270,0.0962962962962963
zdt1_interval,lu,ls,check,coverage_a_in_b,0.05,5000,12,0.05,0.2738612787525831,5.477225575051661,26,270,1.0
zdt1_interval,lu,ls,check,coverage_b_in_a,0.05,5000,12,0.05,0.2738612787525831,5.477225575051661,26,270,0.0962962962962963
zdt1_interval,lu,ls,check,overlap,0.05,5000,12,0.05,0.2738612787525831,5.477225575051661,26,270,0.17567567567567569
zdt1_interval,lu,ls,check,overlap_jaccard,0.05,5000,12,0.05,0.2738612787525831,5.477225575051661,26,270,0.0962962962962963
zdt1_interval,lu,ls,check,coverage_a_in_b,0.05,5000,12,0.1,0.5477225575051662,5.477225575051661,26,270,1.0
zdt1_interval,lu,ls,check,coverage_b_in_a,0.05,5000,12,0.1,0.5477225575051662,5.477225575051661,26,270,0.0962962962962963
zdt1_interval,lu,ls,check,overlap,0.05,5000,12,0.1,0.5477225575051662,5.477225575051661,26,270,0.17567567567567569
zdt1_interval,lu,ls,check,overlap_jaccard,0.05,5000,12,0.1,0.5477225575051662,5.477225575051661,26,270,0.0962962962962963
zdt1_interval,lu,ls,check,coverage_a_in_b,0.05,5000,12,0.2,1.0954451150103324,5.477225575051661,26,270,1.0
zdt1_interval,lu,ls,check,coverage_b_in_a,0.05,5000,12,0.2,1.0954451150103324,5.477225575051661,26,270,0.0962962962962963
zdt1_interval,lu,ls,check,overlap,0.05,5000,12,0.2,1.0954451150103324,5.477225575051661,26,270,0.17567567567567569
zdt1_interval,lu,ls,check,overlap_jaccard,0.05,5000,12,0.2,1.0954451150103324,5.477225575051661,26,270,0.0962962962962963
zdt1_interval,lu,cw,finding,coverage_a_in_b,0.05,5000,12,0.0,0.0,5.477225575051661,26,250,0.8461538461538461
zdt1_interval,lu,cw,finding,coverage_b_in_a,0.05,5000,12,0.0,0.0,5.477225575051661,26,250,0.088
zdt1_interval,lu,cw,finding,overlap,0.05,5000,12,0.0,0.0,5.477225575051661,26,250,0.15942028985507245
zdt1_interval,lu,cw,finding,overlap_jaccard,0.05,5000,12,0.0,0.0,5.477225575051661,26,250,0.08661417322834646
zdt1_interval,lu,cw,finding,coverage_a_in_b,0.05,5000,12,0.01,0.05477225575051661,5.477225575051661,26,250,0.8461538461538461
zdt1_interval,lu,cw,finding,coverage_b_in_a,0.05,5000,12,0.01,0.05477225575051661,5.477225575051661,26,250,0.088
zdt1_interval,lu,cw,finding,overlap,0.05,5000,12,0.01,0.05477225575051661,5.477225575051661,26,250,0.15942028985507245
zdt1_interval,lu,cw,finding,overlap_jaccard,0.05,5000,12,0.01,0.05477225575051661,5.477225575051661,26,250,0.08661417322834646
zdt1_interval,lu,cw,finding,coverage_a_in_b,0.05,5000,12,0.02,0.10954451150103323,5.477225575051661,26,250,0.8461538461538461
zdt1_interval,lu,cw,finding,coverage_b_in_a,0.05,5000,12,0.02,0.10954451150103323,5.477225575051661,26,250,0.088
zdt1_interval,lu,cw,finding,overlap,0.05,5000,12,0.02,0.10954451150103323,5.477225575051661,26,250,0.15942028985507245
zdt1_interval,lu,cw,finding,overlap_jaccard,0.05,5000,12,0.02,0.10954451150103323,5.477225575051661,26,250,0.08661417322834646
zdt1_interval,lu,cw,finding,coverage_a_in_b,0.05,5000,12,0.05,0.2738612787525831,5.477225575051661,26,250,0.8461538461538461
zdt1_interval,lu,cw,finding,coverage_b_in_a,0.05,5000,12,0.05,0.2738612787525831,5.477225575051661,26,250,0.088
zdt1_interval,lu,cw,finding,overlap,0.05,5000,12,0.05,0.2738612787525831,5.477225575051661,26,250,0.15942028985507245
zdt1_interval,lu,cw,finding,overlap_jaccard,0.05,5000,12,0.05,0.2738612787525831,5.477225575051661,26,250,0.08661417322834646
zdt1_interval,lu,cw,finding,coverage_a_in_b,0.05,5000,12,0.1,0.5477225575051662,5.477225575051661,26,250,0.8461538461538461
zdt1_interval,lu,cw,finding,coverage_b_in_a,0.05,5000,12,0.1,0.5477225575051662,5.477225575051661,26,250,0.088
zdt1_interval,lu,cw,finding,overlap,0.05,5000,12,0.1,0.5477225575051662,5.477225575051661,26,250,0.15942028985507245
zdt1_interval,lu,cw,finding,overlap_jaccard,0.05,5000,12,0.1,0.5477225575051662,5.477225575051661,26,250,0.08661417322834646
zdt1_interval,lu,cw,finding,coverage_a_in_b,0.05,5000,12,0.2,1.0954451150103324,5.477225575051661,26,250,0.8461538461538461
zdt1_interval,lu,cw,finding,coverage_b_in_a,0.05,5000,12,0.2,1.0954451150103324,5.477225575051661,26,250,0.088
zdt1_interval,lu,cw,finding,overlap,0.05,5000,12,0.2,1.0954451150103324,5.477225575051661,26,250,0.15942028985507245
zdt1_interval,lu,cw,finding,overlap_jaccard,0.05,5000,12,0.2,1.0954451150103324,5.477225575051661,26,250,0.08661417322834646
zdt1_interval,ls,cw,check,coverage_a_in_b,0.05,5000,12,0.0,0.0,5.477225575051661,270,250,0.9259259259259259
zdt1_interval,ls,cw,check,coverage_b_in_a,0.05,5000,12,0.0,0.0,5.477225575051661,270,250,1.0
zdt1_interval,ls,cw,check,overlap,0.05,5000,12,0.0,0.0,5.477225575051661,270,250,0.9615384615384616
zdt1_interval,ls,cw,check,overlap_jaccard,0.05,5000,12,0.0,0.0,5.477225575051661,270,250,0.925925925925926
zdt1_interval,ls,cw,check,coverage_a_in_b,0.05,5000,12,0.01,0.05477225575051661,5.477225575051661,270,250,0.9259259259259259
zdt1_interval,ls,cw,check,coverage_b_in_a,0.05,5000,12,0.01,0.05477225575051661,5.477225575051661,270,250,1.0
zdt1_interval,ls,cw,check,overlap,0.05,5000,12,0.01,0.05477225575051661,5.477225575051661,270,250,0.9615384615384616
zdt1_interval,ls,cw,check,overlap_jaccard,0.05,5000,12,0.01,0.05477225575051661,5.477225575051661,270,250,0.925925925925926
zdt1_interval,ls,cw,check,coverage_a_in_b,0.05,5000,12,0.02,0.10954451150103323,5.477225575051661,270,250,0.9259259259259259
zdt1_interval,ls,cw,check,coverage_b_in_a,0.05,5000,12,0.02,0.10954451150103323,5.477225575051661,270,250,1.0
zdt1_interval,ls,cw,check,overlap,0.05,5000,12,0.02,0.10954451150103323,5.477225575051661,270,250,0.9615384615384616
zdt1_interval,ls,cw,check,overlap_jaccard,0.05,5000,12,0.02,0.10954451150103323,5.477225575051661,270,250,0.925925925925926
zdt1_interval,ls,cw,check,coverage_a_in_b,0.05,5000,12,0.05,0.2738612787525831,5.477225575051661,270,250,0.9259259259259259
zdt1_interval,ls,cw,check,coverage_b_in_a,0.05,5000,12,0.05,0.2738612787525831,5.477225575051661,270,250,1.0
zdt1_interval,ls,cw,check,overlap,0.05,5000,12,0.05,0.2738612787525831,5.477225575051661,270,250,0.9615384615384616
zdt1_interval,ls,cw,check,overlap_jaccard,0.05,5000,12,0.05,0.2738612787525831,5.477225575051661,270,250,0.925925925925926
zdt1_interval,ls,cw,check,coverage_a_in_b,0.05,5000,12,0.1,0.5477225575051662,5.477225575051661,270,250,0.9259259259259259
zdt1_interval,ls,cw,check,coverage_b_in_a,0.05,5000,12,0.1,0.5477225575051662,5.477225575051661,270,250,1.0
zdt1_interval,ls,cw,check,overlap,0.05,5000,12,0.1,0.5477225575051662,5.477225575051661,270,250,0.9615384615384616
zdt1_interval,ls,cw,check,overlap_jaccard,0.05,5000,12,0.1,0.5477225575051662,5.477225575051661,270,250,0.925925925925926
zdt1_interval,ls,cw,check,coverage_a_in_b,0.05,5000,12,0.2,1.0954451150103324,5.477225575051661,270,250,0.9259259259259259
zdt1_interval,ls,cw,check,coverage_b_in_a,0.05,5000,12,0.2,1.0954451150103324,5.477225575051661,270,250,1.0
zdt1_interval,ls,cw,check,overlap,0.05,5000,12,0.2,1.0954451150103324,5.477225575051661,270,250,0.9615384615384616
zdt1_interval,ls,cw,check,overlap_jaccard,0.05,5000,12,0.2,1.0954451150103324,5.477225575051661,270,250,0.925925925925926
zdt1_interval,lu,ls,check,coverage_a_in_b,0.05,5000,13,0.0,0.0,5.477225575051661,34,274,1.0
zdt1_interval,lu,ls,check,coverage_b_in_a,0.05,5000,13,0.0,0.0,5.477225575051661,34,274,0.12408759124087591
zdt1_interval,lu,ls,check,overlap,0.05,5000,13,0.0,0.0,5.477225575051661,34,274,0.22077922077922077
zdt1_interval,lu,ls,check,overlap_jaccard,0.05,5000,13,0.0,0.0,5.477225575051661,34,274,0.1240875912408759
zdt1_interval,lu,ls,check,coverage_a_in_b,0.05,5000,13,0.01,0.05477225575051661,5.477225575051661,34,274,1.0
zdt1_interval,lu,ls,check,coverage_b_in_a,0.05,5000,13,0.01,0.05477225575051661,5.477225575051661,34,274,0.12408759124087591
zdt1_interval,lu,ls,check,overlap,0.05,5000,13,0.01,0.05477225575051661,5.477225575051661,34,274,0.22077922077922077
zdt1_interval,lu,ls,check,overlap_jaccard,0.05,5000,13,0.01,0.05477225575051661,5.477225575051661,34,274,0.1240875912408759
zdt1_interval,lu,ls,check,coverage_a_in_b,0.05,5000,13,0.02,0.10954451150103323,5.477225575051661,34,274,1.0
zdt1_interval,lu,ls,check,coverage_b_in_a,0.05,5000,13,0.02,0.10954451150103323,5.477225575051661,34,274,0.12408759124087591
zdt1_interval,lu,ls,check,overlap,0.05,5000,13,0.02,0.10954451150103323,5.477225575051661,34,274,0.22077922077922077
zdt1_interval,lu,ls,check,overlap_jaccard,0.05,5000,13,0.02,0.10954451150103323,5.477225575051661,34,274,0.1240875912408759
zdt1_interval,lu,ls,check,coverage_a_in_b,0.05,5000,13,0.05,0.2738612787525831,5.477225575051661,34,274,1.0
zdt1_interval,lu,ls,check,coverage_b_in_a,0.05,5000,13,0.05,0.2738612787525831,5.477225575051661,34,274,0.12408759124087591
zdt1_interval,lu,ls,check,overlap,0.05,5000,13,0.05,0.2738612787525831,5.477225575051661,34,274,0.22077922077922077
zdt1_interval,lu,ls,check,overlap_jaccard,0.05,5000,13,0.05,0.2738612787525831,5.477225575051661,34,274,0.1240875912408759
zdt1_interval,lu,ls,check,coverage_a_in_b,0.05,5000,13,0.1,0.5477225575051662,5.477225575051661,34,274,1.0
zdt1_interval,lu,ls,check,coverage_b_in_a,0.05,5000,13,0.1,0.5477225575051662,5.477225575051661,34,274,0.12408759124087591
zdt1_interval,lu,ls,check,overlap,0.05,5000,13,0.1,0.5477225575051662,5.477225575051661,34,274,0.22077922077922077
zdt1_interval,lu,ls,check,overlap_jaccard,0.05,5000,13,0.1,0.5477225575051662,5.477225575051661,34,274,0.1240875912408759
zdt1_interval,lu,ls,check,coverage_a_in_b,0.05,5000,13,0.2,1.0954451150103324,5.477225575051661,34,274,1.0
zdt1_interval,lu,ls,check,coverage_b_in_a,0.05,5000,13,0.2,1.0954451150103324,5.477225575051661,34,274,0.12408759124087591
zdt1_interval,lu,ls,check,overlap,0.05,5000,13,0.2,1.0954451150103324,5.477225575051661,34,274,0.22077922077922077
zdt1_interval,lu,ls,check,overlap_jaccard,0.05,5000,13,0.2,1.0954451150103324,5.477225575051661,34,274,0.1240875912408759
zdt1_interval,lu,cw,finding,coverage_a_in_b,0.05,5000,13,0.0,0.0,5.477225575051661,34,257,0.7352941176470589
zdt1_interval,lu,cw,finding,coverage_b_in_a,0.05,5000,13,0.0,0.0,5.477225575051661,34,257,0.09727626459143969
zdt1_interval,lu,cw,finding,overlap,0.05,5000,13,0.0,0.0,5.477225575051661,34,257,0.1718213058419244
zdt1_interval,lu,cw,finding,overlap_jaccard,0.05,5000,13,0.0,0.0,5.477225575051661,34,257,0.09398496240601505
zdt1_interval,lu,cw,finding,coverage_a_in_b,0.05,5000,13,0.01,0.05477225575051661,5.477225575051661,34,257,0.7352941176470589
zdt1_interval,lu,cw,finding,coverage_b_in_a,0.05,5000,13,0.01,0.05477225575051661,5.477225575051661,34,257,0.09727626459143969
zdt1_interval,lu,cw,finding,overlap,0.05,5000,13,0.01,0.05477225575051661,5.477225575051661,34,257,0.1718213058419244
zdt1_interval,lu,cw,finding,overlap_jaccard,0.05,5000,13,0.01,0.05477225575051661,5.477225575051661,34,257,0.09398496240601505
zdt1_interval,lu,cw,finding,coverage_a_in_b,0.05,5000,13,0.02,0.10954451150103323,5.477225575051661,34,257,0.7352941176470589
zdt1_interval,lu,cw,finding,coverage_b_in_a,0.05,5000,13,0.02,0.10954451150103323,5.477225575051661,34,257,0.09727626459143969
zdt1_interval,lu,cw,finding,overlap,0.05,5000,13,0.02,0.10954451150103323,5.477225575051661,34,257,0.1718213058419244
zdt1_interval,lu,cw,finding,overlap_jaccard,0.05,5000,13,0.02,0.10954451150103323,5.477225575051661,34,257,0.09398496240601505
zdt1_interval,lu,cw,finding,coverage_a_in_b,0.05,5000,13,0.05,0.2738612787525831,5.477225575051661,34,257,0.7352941176470589
zdt1_interval,lu,cw,finding,coverage_b_in_a,0.05,5000,13,0.05,0.2738612787525831,5.477225575051661,34,257,0.09727626459143969
zdt1_interval,lu,cw,finding,overlap,0.05,5000,13,0.05,0.2738612787525831,5.477225575051661,34,257,0.1718213058419244
zdt1_interval,lu,cw,finding,overlap_jaccard,0.05,5000,13,0.05,0.2738612787525831,5.477225575051661,34,257,0.09398496240601505
zdt1_interval,lu,cw,finding,coverage_a_in_b,0.05,5000,13,0.1,0.5477225575051662,5.477225575051661,34,257,0.7352941176470589
zdt1_interval,lu,cw,finding,coverage_b_in_a,0.05,5000,13,0.1,0.5477225575051662,5.477225575051661,34,257,0.09727626459143969
zdt1_interval,lu,cw,finding,overlap,0.05,5000,13,0.1,0.5477225575051662,5.477225575051661,34,257,0.1718213058419244
zdt1_interval,lu,cw,finding,overlap_jaccard,0.05,5000,13,0.1,0.5477225575051662,5.477225575051661,34,257,0.09398496240601505
zdt1_interval,lu,cw,finding,coverage_a_in_b,0.05,5000,13,0.2,1.0954451150103324,5.477225575051661,34,257,0.7352941176470589
zdt1_interval,lu,cw,finding,coverage_b_in_a,0.05,5000,13,0.2,1.0954451150103324,5.477225575051661,34,257,0.09727626459143969
zdt1_interval,lu,cw,finding,overlap,0.05,5000,13,0.2,1.0954451150103324,5.477225575051661,34,257,0.1718213058419244
zdt1_interval,lu,cw,finding,overlap_jaccard,0.05,5000,13,0.2,1.0954451150103324,5.477225575051661,34,257,0.09398496240601505
zdt1_interval,ls,cw,check,coverage_a_in_b,0.05,5000,13,0.0,0.0,5.477225575051661,274,257,0.9379562043795621
zdt1_interval,ls,cw,check,coverage_b_in_a,0.05,5000,13,0.0,0.0,5.477225575051661,274,257,1.0
zdt1_interval,ls,cw,check,overlap,0.05,5000,13,0.0,0.0,5.477225575051661,274,257,0.967984934086629
zdt1_interval,ls,cw,check,overlap_jaccard,0.05,5000,13,0.0,0.0,5.477225575051661,274,257,0.937956204379562
zdt1_interval,ls,cw,check,coverage_a_in_b,0.05,5000,13,0.01,0.05477225575051661,5.477225575051661,274,257,0.9379562043795621
zdt1_interval,ls,cw,check,coverage_b_in_a,0.05,5000,13,0.01,0.05477225575051661,5.477225575051661,274,257,1.0
zdt1_interval,ls,cw,check,overlap,0.05,5000,13,0.01,0.05477225575051661,5.477225575051661,274,257,0.967984934086629
zdt1_interval,ls,cw,check,overlap_jaccard,0.05,5000,13,0.01,0.05477225575051661,5.477225575051661,274,257,0.937956204379562
zdt1_interval,ls,cw,check,coverage_a_in_b,0.05,5000,13,0.02,0.10954451150103323,5.477225575051661,274,257,0.9379562043795621
zdt1_interval,ls,cw,check,coverage_b_in_a,0.05,5000,13,0.02,0.10954451150103323,5.477225575051661,274,257,1.0
zdt1_interval,ls,cw,check,overlap,0.05,5000,13,0.02,0.10954451150103323,5.477225575051661,274,257,0.967984934086629
zdt1_interval,ls,cw,check,overlap_jaccard,0.05,5000,13,0.02,0.10954451150103323,5.477225575051661,274,257,0.937956204379562
zdt1_interval,ls,cw,check,coverage_a_in_b,0.05,5000,13,0.05,0.2738612787525831,5.477225575051661,274,257,0.9379562043795621
zdt1_interval,ls,cw,check,coverage_b_in_a,0.05,5000,13,0.05,0.2738612787525831,5.477225575051661,274,257,1.0
zdt1_interval,ls,cw,check,overlap,0.05,5000,13,0.05,0.2738612787525831,5.477225575051661,274,257,0.967984934086629
zdt1_interval,ls,cw,check,overlap_jaccard,0.05,5000,13,0.05,0.2738612787525831,5.477225575051661,274,257,0.937956204379562
zdt1_interval,ls,cw,check,coverage_a_in_b,0.05,5000,13,0.1,0.5477225575051662,5.477225575051661,274,257,0.9379562043795621
zdt1_interval,ls,cw,check,coverage_b_in_a,0.05,5000,13,0.1,0.5477225575051662,5.477225575051661,274,257,1.0
zdt1_interval,ls,cw,check,overlap,0.05,5000,13,0.1,0.5477225575051662,5.477225575051661,274,257,0.967984934086629
zdt1_interval,ls,cw,check,overlap_jaccard,0.05,5000,13,0.1,0.5477225575051662,5.477225575051661,274,257,0.937956204379562
zdt1_interval,ls,cw,check,coverage_a_in_b,0.05,5000,13,0.2,1.0954451150103324,5.477225575051661,274,257,0.9379562043795621
zdt1_interval,ls,cw,check,coverage_b_in_a,0.05,5000,13,0.2,1.0954451150103324,5.477225575051661,274,257,1.0
zdt1_interval,ls,cw,check,overlap,0.05,5000,13,0.2,1.0954451150103324,5.477225575051661,274,257,0.967984934086629
zdt1_interval,ls,cw,check,overlap_jaccard,0.05,5000,13,0.2,1.0954451150103324,5.477225575051661,274,257,0.937956204379562
zdt1_interval,lu,ls,check,coverage_a_in_b,0.05,5000,14,0.0,0.0,5.477225575051661,36,269,1.0
zdt1_interval,lu,ls,check,coverage_b_in_a,0.05,5000,14,0.0,0.0,5.477225575051661,36,269,0.13382899628252787
zdt1_interval,lu,ls,check,overlap,0.05,5000,14,0.0,0.0,5.477225575051661,36,269,0.2360655737704918
zdt1_interval,lu,ls,check,overlap_jaccard,0.05,5000,14,0.0,0.0,5.477225575051661,36,269,0.13382899628252787
zdt1_interval,lu,ls,check,coverage_a_in_b,0.05,5000,14,0.01,0.05477225575051661,5.477225575051661,36,269,1.0
zdt1_interval,lu,ls,check,coverage_b_in_a,0.05,5000,14,0.01,0.05477225575051661,5.477225575051661,36,269,0.13382899628252787
zdt1_interval,lu,ls,check,overlap,0.05,5000,14,0.01,0.05477225575051661,5.477225575051661,36,269,0.2360655737704918
zdt1_interval,lu,ls,check,overlap_jaccard,0.05,5000,14,0.01,0.05477225575051661,5.477225575051661,36,269,0.13382899628252787
zdt1_interval,lu,ls,check,coverage_a_in_b,0.05,5000,14,0.02,0.10954451150103323,5.477225575051661,36,269,1.0
zdt1_interval,lu,ls,check,coverage_b_in_a,0.05,5000,14,0.02,0.10954451150103323,5.477225575051661,36,269,0.13382899628252787
zdt1_interval,lu,ls,check,overlap,0.05,5000,14,0.02,0.10954451150103323,5.477225575051661,36,269,0.2360655737704918
zdt1_interval,lu,ls,check,overlap_jaccard,0.05,5000,14,0.02,0.10954451150103323,5.477225575051661,36,269,0.13382899628252787
zdt1_interval,lu,ls,check,coverage_a_in_b,0.05,5000,14,0.05,0.2738612787525831,5.477225575051661,36,269,1.0
zdt1_interval,lu,ls,check,coverage_b_in_a,0.05,5000,14,0.05,0.2738612787525831,5.477225575051661,36,269,0.13382899628252787
zdt1_interval,lu,ls,check,overlap,0.05,5000,14,0.05,0.2738612787525831,5.477225575051661,36,269,0.2360655737704918
zdt1_interval,lu,ls,check,overlap_jaccard,0.05,5000,14,0.05,0.2738612787525831,5.477225575051661,36,269,0.13382899628252787
zdt1_interval,lu,ls,check,coverage_a_in_b,0.05,5000,14,0.1,0.5477225575051662,5.477225575051661,36,269,1.0
zdt1_interval,lu,ls,check,coverage_b_in_a,0.05,5000,14,0.1,0.5477225575051662,5.477225575051661,36,269,0.13382899628252787
zdt1_interval,lu,ls,check,overlap,0.05,5000,14,0.1,0.5477225575051662,5.477225575051661,36,269,0.2360655737704918
zdt1_interval,lu,ls,check,overlap_jaccard,0.05,5000,14,0.1,0.5477225575051662,5.477225575051661,36,269,0.13382899628252787
zdt1_interval,lu,ls,check,coverage_a_in_b,0.05,5000,14,0.2,1.0954451150103324,5.477225575051661,36,269,1.0
zdt1_interval,lu,ls,check,coverage_b_in_a,0.05,5000,14,0.2,1.0954451150103324,5.477225575051661,36,269,0.137546468401487
zdt1_interval,lu,ls,check,overlap,0.05,5000,14,0.2,1.0954451150103324,5.477225575051661,36,269,0.23934426229508196
zdt1_interval,lu,ls,check,overlap_jaccard,0.05,5000,14,0.2,1.0954451150103324,5.477225575051661,36,269,0.13594040968342644
zdt1_interval,lu,cw,finding,coverage_a_in_b,0.05,5000,14,0.0,0.0,5.477225575051661,36,253,0.8888888888888888
zdt1_interval,lu,cw,finding,coverage_b_in_a,0.05,5000,14,0.0,0.0,5.477225575051661,36,253,0.12648221343873517
zdt1_interval,lu,cw,finding,overlap,0.05,5000,14,0.0,0.0,5.477225575051661,36,253,0.22145328719723184
zdt1_interval,lu,cw,finding,overlap_jaccard,0.05,5000,14,0.0,0.0,5.477225575051661,36,253,0.1245136186770428
zdt1_interval,lu,cw,finding,coverage_a_in_b,0.05,5000,14,0.01,0.05477225575051661,5.477225575051661,36,253,0.8888888888888888
zdt1_interval,lu,cw,finding,coverage_b_in_a,0.05,5000,14,0.01,0.05477225575051661,5.477225575051661,36,253,0.12648221343873517
zdt1_interval,lu,cw,finding,overlap,0.05,5000,14,0.01,0.05477225575051661,5.477225575051661,36,253,0.22145328719723184
zdt1_interval,lu,cw,finding,overlap_jaccard,0.05,5000,14,0.01,0.05477225575051661,5.477225575051661,36,253,0.1245136186770428
zdt1_interval,lu,cw,finding,coverage_a_in_b,0.05,5000,14,0.02,0.10954451150103323,5.477225575051661,36,253,0.8888888888888888
zdt1_interval,lu,cw,finding,coverage_b_in_a,0.05,5000,14,0.02,0.10954451150103323,5.477225575051661,36,253,0.12648221343873517
zdt1_interval,lu,cw,finding,overlap,0.05,5000,14,0.02,0.10954451150103323,5.477225575051661,36,253,0.22145328719723184
zdt1_interval,lu,cw,finding,overlap_jaccard,0.05,5000,14,0.02,0.10954451150103323,5.477225575051661,36,253,0.1245136186770428
zdt1_interval,lu,cw,finding,coverage_a_in_b,0.05,5000,14,0.05,0.2738612787525831,5.477225575051661,36,253,0.8888888888888888
zdt1_interval,lu,cw,finding,coverage_b_in_a,0.05,5000,14,0.05,0.2738612787525831,5.477225575051661,36,253,0.12648221343873517
zdt1_interval,lu,cw,finding,overlap,0.05,5000,14,0.05,0.2738612787525831,5.477225575051661,36,253,0.22145328719723184
zdt1_interval,lu,cw,finding,overlap_jaccard,0.05,5000,14,0.05,0.2738612787525831,5.477225575051661,36,253,0.1245136186770428
zdt1_interval,lu,cw,finding,coverage_a_in_b,0.05,5000,14,0.1,0.5477225575051662,5.477225575051661,36,253,0.8888888888888888
zdt1_interval,lu,cw,finding,coverage_b_in_a,0.05,5000,14,0.1,0.5477225575051662,5.477225575051661,36,253,0.12648221343873517
zdt1_interval,lu,cw,finding,overlap,0.05,5000,14,0.1,0.5477225575051662,5.477225575051661,36,253,0.22145328719723184
zdt1_interval,lu,cw,finding,overlap_jaccard,0.05,5000,14,0.1,0.5477225575051662,5.477225575051661,36,253,0.1245136186770428
zdt1_interval,lu,cw,finding,coverage_a_in_b,0.05,5000,14,0.2,1.0954451150103324,5.477225575051661,36,253,0.8888888888888888
zdt1_interval,lu,cw,finding,coverage_b_in_a,0.05,5000,14,0.2,1.0954451150103324,5.477225575051661,36,253,0.13043478260869565
zdt1_interval,lu,cw,finding,overlap,0.05,5000,14,0.2,1.0954451150103324,5.477225575051661,36,253,0.22491349480968859
zdt1_interval,lu,cw,finding,overlap_jaccard,0.05,5000,14,0.2,1.0954451150103324,5.477225575051661,36,253,0.12670565302144252
zdt1_interval,ls,cw,check,coverage_a_in_b,0.05,5000,14,0.0,0.0,5.477225575051661,269,253,0.9405204460966543
zdt1_interval,ls,cw,check,coverage_b_in_a,0.05,5000,14,0.0,0.0,5.477225575051661,269,253,1.0
zdt1_interval,ls,cw,check,overlap,0.05,5000,14,0.0,0.0,5.477225575051661,269,253,0.9693486590038314
zdt1_interval,ls,cw,check,overlap_jaccard,0.05,5000,14,0.0,0.0,5.477225575051661,269,253,0.9405204460966542
zdt1_interval,ls,cw,check,coverage_a_in_b,0.05,5000,14,0.01,0.05477225575051661,5.477225575051661,269,253,0.9405204460966543
zdt1_interval,ls,cw,check,coverage_b_in_a,0.05,5000,14,0.01,0.05477225575051661,5.477225575051661,269,253,1.0
zdt1_interval,ls,cw,check,overlap,0.05,5000,14,0.01,0.05477225575051661,5.477225575051661,269,253,0.9693486590038314
zdt1_interval,ls,cw,check,overlap_jaccard,0.05,5000,14,0.01,0.05477225575051661,5.477225575051661,269,253,0.9405204460966542
zdt1_interval,ls,cw,check,coverage_a_in_b,0.05,5000,14,0.02,0.10954451150103323,5.477225575051661,269,253,0.9405204460966543
zdt1_interval,ls,cw,check,coverage_b_in_a,0.05,5000,14,0.02,0.10954451150103323,5.477225575051661,269,253,1.0
zdt1_interval,ls,cw,check,overlap,0.05,5000,14,0.02,0.10954451150103323,5.477225575051661,269,253,0.9693486590038314
zdt1_interval,ls,cw,check,overlap_jaccard,0.05,5000,14,0.02,0.10954451150103323,5.477225575051661,269,253,0.9405204460966542
zdt1_interval,ls,cw,check,coverage_a_in_b,0.05,5000,14,0.05,0.2738612787525831,5.477225575051661,269,253,0.9405204460966543
zdt1_interval,ls,cw,check,coverage_b_in_a,0.05,5000,14,0.05,0.2738612787525831,5.477225575051661,269,253,1.0
zdt1_interval,ls,cw,check,overlap,0.05,5000,14,0.05,0.2738612787525831,5.477225575051661,269,253,0.9693486590038314
zdt1_interval,ls,cw,check,overlap_jaccard,0.05,5000,14,0.05,0.2738612787525831,5.477225575051661,269,253,0.9405204460966542
zdt1_interval,ls,cw,check,coverage_a_in_b,0.05,5000,14,0.1,0.5477225575051662,5.477225575051661,269,253,0.9405204460966543
zdt1_interval,ls,cw,check,coverage_b_in_a,0.05,5000,14,0.1,0.5477225575051662,5.477225575051661,269,253,1.0
zdt1_interval,ls,cw,check,overlap,0.05,5000,14,0.1,0.5477225575051662,5.477225575051661,269,253,0.9693486590038314
zdt1_interval,ls,cw,check,overlap_jaccard,0.05,5000,14,0.1,0.5477225575051662,5.477225575051661,269,253,0.9405204460966542
zdt1_interval,ls,cw,check,coverage_a_in_b,0.05,5000,14,0.2,1.0954451150103324,5.477225575051661,269,253,0.9405204460966543
zdt1_interval,ls,cw,check,coverage_b_in_a,0.05,5000,14,0.2,1.0954451150103324,5.477225575051661,269,253,1.0
zdt1_interval,ls,cw,check,overlap,0.05,5000,14,0.2,1.0954451150103324,5.477225575051661,269,253,0.9693486590038314
zdt1_interval,ls,cw,check,overlap_jaccard,0.05,5000,14,0.2,1.0954451150103324,5.477225575051661,269,253,0.9405204460966542
zdt1_interval,lu,ls,check,coverage_a_in_b,0.05,5000,15,0.0,0.0,5.477225575051661,20,285,1.0
zdt1_interval,lu,ls,check,coverage_b_in_a,0.05,5000,15,0.0,0.0,5.477225575051661,20,285,0.07017543859649122
zdt1_interval,lu,ls,check,overlap,0.05,5000,15,0.0,0.0,5.477225575051661,20,285,0.13114754098360656
zdt1_interval,lu,ls,check,overlap_jaccard,0.05,5000,15,0.0,0.0,5.477225575051661,20,285,0.07017543859649122
zdt1_interval,lu,ls,check,coverage_a_in_b,0.05,5000,15,0.01,0.05477225575051661,5.477225575051661,20,285,1.0
zdt1_interval,lu,ls,check,coverage_b_in_a,0.05,5000,15,0.01,0.05477225575051661,5.477225575051661,20,285,0.07017543859649122
zdt1_interval,lu,ls,check,overlap,0.05,5000,15,0.01,0.05477225575051661,5.477225575051661,20,285,0.13114754098360656
zdt1_interval,lu,ls,check,overlap_jaccard,0.05,5000,15,0.01,0.05477225575051661,5.477225575051661,20,285,0.07017543859649122
zdt1_interval,lu,ls,check,coverage_a_in_b,0.05,5000,15,0.02,0.10954451150103323,5.477225575051661,20,285,1.0
zdt1_interval,lu,ls,check,coverage_b_in_a,0.05,5000,15,0.02,0.10954451150103323,5.477225575051661,20,285,0.07017543859649122
zdt1_interval,lu,ls,check,overlap,0.05,5000,15,0.02,0.10954451150103323,5.477225575051661,20,285,0.13114754098360656
zdt1_interval,lu,ls,check,overlap_jaccard,0.05,5000,15,0.02,0.10954451150103323,5.477225575051661,20,285,0.07017543859649122
zdt1_interval,lu,ls,check,coverage_a_in_b,0.05,5000,15,0.05,0.2738612787525831,5.477225575051661,20,285,1.0
zdt1_interval,lu,ls,check,coverage_b_in_a,0.05,5000,15,0.05,0.2738612787525831,5.477225575051661,20,285,0.07017543859649122
zdt1_interval,lu,ls,check,overlap,0.05,5000,15,0.05,0.2738612787525831,5.477225575051661,20,285,0.13114754098360656
zdt1_interval,lu,ls,check,overlap_jaccard,0.05,5000,15,0.05,0.2738612787525831,5.477225575051661,20,285,0.07017543859649122
zdt1_interval,lu,ls,check,coverage_a_in_b,0.05,5000,15,0.1,0.5477225575051662,5.477225575051661,20,285,1.0
zdt1_interval,lu,ls,check,coverage_b_in_a,0.05,5000,15,0.1,0.5477225575051662,5.477225575051661,20,285,0.07017543859649122
zdt1_interval,lu,ls,check,overlap,0.05,5000,15,0.1,0.5477225575051662,5.477225575051661,20,285,0.13114754098360656
zdt1_interval,lu,ls,check,overlap_jaccard,0.05,5000,15,0.1,0.5477225575051662,5.477225575051661,20,285,0.07017543859649122
zdt1_interval,lu,ls,check,coverage_a_in_b,0.05,5000,15,0.2,1.0954451150103324,5.477225575051661,20,285,1.0
zdt1_interval,lu,ls,check,coverage_b_in_a,0.05,5000,15,0.2,1.0954451150103324,5.477225575051661,20,285,0.07017543859649122
zdt1_interval,lu,ls,check,overlap,0.05,5000,15,0.2,1.0954451150103324,5.477225575051661,20,285,0.13114754098360656
zdt1_interval,lu,ls,check,overlap_jaccard,0.05,5000,15,0.2,1.0954451150103324,5.477225575051661,20,285,0.07017543859649122
zdt1_interval,lu,cw,finding,coverage_a_in_b,0.05,5000,15,0.0,0.0,5.477225575051661,20,271,0.9
zdt1_interval,lu,cw,finding,coverage_b_in_a,0.05,5000,15,0.0,0.0,5.477225575051661,20,271,0.06642066420664207
zdt1_interval,lu,cw,finding,overlap,0.05,5000,15,0.0,0.0,5.477225575051661,20,271,0.12371134020618557
zdt1_interval,lu,cw,finding,overlap_jaccard,0.05,5000,15,0.0,0.0,5.477225575051661,20,271,0.06593406593406594
zdt1_interval,lu,cw,finding,coverage_a_in_b,0.05,5000,15,0.01,0.05477225575051661,5.477225575051661,20,271,0.9
zdt1_interval,lu,cw,finding,coverage_b_in_a,0.05,5000,15,0.01,0.05477225575051661,5.477225575051661,20,271,0.06642066420664207
zdt1_interval,lu,cw,finding,overlap,0.05,5000,15,0.01,0.05477225575051661,5.477225575051661,20,271,0.12371134020618557
zdt1_interval,lu,cw,finding,overlap_jaccard,0.05,5000,15,0.01,0.05477225575051661,5.477225575051661,20,271,0.06593406593406594
zdt1_interval,lu,cw,finding,coverage_a_in_b,0.05,5000,15,0.02,0.10954451150103323,5.477225575051661,20,271,0.9
zdt1_interval,lu,cw,finding,coverage_b_in_a,0.05,5000,15,0.02,0.10954451150103323,5.477225575051661,20,271,0.06642066420664207
zdt1_interval,lu,cw,finding,overlap,0.05,5000,15,0.02,0.10954451150103323,5.477225575051661,20,271,0.12371134020618557
zdt1_interval,lu,cw,finding,overlap_jaccard,0.05,5000,15,0.02,0.10954451150103323,5.477225575051661,20,271,0.06593406593406594
zdt1_interval,lu,cw,finding,coverage_a_in_b,0.05,5000,15,0.05,0.2738612787525831,5.477225575051661,20,271,0.9
zdt1_interval,lu,cw,finding,coverage_b_in_a,0.05,5000,15,0.05,0.2738612787525831,5.477225575051661,20,271,0.06642066420664207
zdt1_interval,lu,cw,finding,overlap,0.05,5000,15,0.05,0.2738612787525831,5.477225575051661,20,271,0.12371134020618557
zdt1_interval,lu,cw,finding,overlap_jaccard,0.05,5000,15,0.05,0.2738612787525831,5.477225575051661,20,271,0.06593406593406594
zdt1_interval,lu,cw,finding,coverage_a_in_b,0.05,5000,15,0.1,0.5477225575051662,5.477225575051661,20,271,0.9
zdt1_interval,lu,cw,finding,coverage_b_in_a,0.05,5000,15,0.1,0.5477225575051662,5.477225575051661,20,271,0.06642066420664207
zdt1_interval,lu,cw,finding,overlap,0.05,5000,15,0.1,0.5477225575051662,5.477225575051661,20,271,0.12371134020618557
zdt1_interval,lu,cw,finding,overlap_jaccard,0.05,5000,15,0.1,0.5477225575051662,5.477225575051661,20,271,0.06593406593406594
zdt1_interval,lu,cw,finding,coverage_a_in_b,0.05,5000,15,0.2,1.0954451150103324,5.477225575051661,20,271,0.9
zdt1_interval,lu,cw,finding,coverage_b_in_a,0.05,5000,15,0.2,1.0954451150103324,5.477225575051661,20,271,0.06642066420664207
zdt1_interval,lu,cw,finding,overlap,0.05,5000,15,0.2,1.0954451150103324,5.477225575051661,20,271,0.12371134020618557
zdt1_interval,lu,cw,finding,overlap_jaccard,0.05,5000,15,0.2,1.0954451150103324,5.477225575051661,20,271,0.06593406593406594
zdt1_interval,ls,cw,check,coverage_a_in_b,0.05,5000,15,0.0,0.0,5.477225575051661,285,271,0.9508771929824561
zdt1_interval,ls,cw,check,coverage_b_in_a,0.05,5000,15,0.0,0.0,5.477225575051661,285,271,1.0
zdt1_interval,ls,cw,check,overlap,0.05,5000,15,0.0,0.0,5.477225575051661,285,271,0.9748201438848921
zdt1_interval,ls,cw,check,overlap_jaccard,0.05,5000,15,0.0,0.0,5.477225575051661,285,271,0.9508771929824563
zdt1_interval,ls,cw,check,coverage_a_in_b,0.05,5000,15,0.01,0.05477225575051661,5.477225575051661,285,271,0.9508771929824561
zdt1_interval,ls,cw,check,coverage_b_in_a,0.05,5000,15,0.01,0.05477225575051661,5.477225575051661,285,271,1.0
zdt1_interval,ls,cw,check,overlap,0.05,5000,15,0.01,0.05477225575051661,5.477225575051661,285,271,0.9748201438848921
zdt1_interval,ls,cw,check,overlap_jaccard,0.05,5000,15,0.01,0.05477225575051661,5.477225575051661,285,271,0.9508771929824563
zdt1_interval,ls,cw,check,coverage_a_in_b,0.05,5000,15,0.02,0.10954451150103323,5.477225575051661,285,271,0.9508771929824561
zdt1_interval,ls,cw,check,coverage_b_in_a,0.05,5000,15,0.02,0.10954451150103323,5.477225575051661,285,271,1.0
zdt1_interval,ls,cw,check,overlap,0.05,5000,15,0.02,0.10954451150103323,5.477225575051661,285,271,0.9748201438848921
zdt1_interval,ls,cw,check,overlap_jaccard,0.05,5000,15,0.02,0.10954451150103323,5.477225575051661,285,271,0.9508771929824563
zdt1_interval,ls,cw,check,coverage_a_in_b,0.05,5000,15,0.05,0.2738612787525831,5.477225575051661,285,271,0.9508771929824561
zdt1_interval,ls,cw,check,coverage_b_in_a,0.05,5000,15,0.05,0.2738612787525831,5.477225575051661,285,271,1.0
zdt1_interval,ls,cw,check,overlap,0.05,5000,15,0.05,0.2738612787525831,5.477225575051661,285,271,0.9748201438848921
zdt1_interval,ls,cw,check,overlap_jaccard,0.05,5000,15,0.05,0.2738612787525831,5.477225575051661,285,271,0.9508771929824563
zdt1_interval,ls,cw,check,coverage_a_in_b,0.05,5000,15,0.1,0.5477225575051662,5.477225575051661,285,271,0.9508771929824561
zdt1_interval,ls,cw,check,coverage_b_in_a,0.05,5000,15,0.1,0.5477225575051662,5.477225575051661,285,271,1.0
zdt1_interval,ls,cw,check,overlap,0.05,5000,15,0.1,0.5477225575051662,5.477225575051661,285,271,0.9748201438848921
zdt1_interval,ls,cw,check,overlap_jaccard,0.05,5000,15,0.1,0.5477225575051662,5.477225575051661,285,271,0.9508771929824563
zdt1_interval,ls,cw,check,coverage_a_in_b,0.05,5000,15,0.2,1.0954451150103324,5.477225575051661,285,271,0.9508771929824561
zdt1_interval,ls,cw,check,coverage_b_in_a,0.05,5000,15,0.2,1.0954451150103324,5.477225575051661,285,271,1.0
zdt1_interval,ls,cw,check,overlap,0.05,5000,15,0.2,1.0954451150103324,5.477225575051661,285,271,0.9748201438848921
zdt1_interval,ls,cw,check,overlap_jaccard,0.05,5000,15,0.2,1.0954451150103324,5.477225575051661,285,271,0.9508771929824563
zdt1_interval,lu,ls,check,coverage_a_in_b,0.1,5000,11,0.0,0.0,5.477225575051661,32,316,1.0
zdt1_interval,lu,ls,check,coverage_b_in_a,0.1,5000,11,0.0,0.0,5.477225575051661,32,316,0.10126582278481013
zdt1_interval,lu,ls,check,overlap,0.1,5000,11,0.0,0.0,5.477225575051661,32,316,0.1839080459770115
zdt1_interval,lu,ls,check,overlap_jaccard,0.1,5000,11,0.0,0.0,5.477225575051661,32,316,0.10126582278481013
zdt1_interval,lu,ls,check,coverage_a_in_b,0.1,5000,11,0.01,0.05477225575051661,5.477225575051661,32,316,1.0
zdt1_interval,lu,ls,check,coverage_b_in_a,0.1,5000,11,0.01,0.05477225575051661,5.477225575051661,32,316,0.10126582278481013
zdt1_interval,lu,ls,check,overlap,0.1,5000,11,0.01,0.05477225575051661,5.477225575051661,32,316,0.1839080459770115
zdt1_interval,lu,ls,check,overlap_jaccard,0.1,5000,11,0.01,0.05477225575051661,5.477225575051661,32,316,0.10126582278481013
zdt1_interval,lu,ls,check,coverage_a_in_b,0.1,5000,11,0.02,0.10954451150103323,5.477225575051661,32,316,1.0
zdt1_interval,lu,ls,check,coverage_b_in_a,0.1,5000,11,0.02,0.10954451150103323,5.477225575051661,32,316,0.10126582278481013
zdt1_interval,lu,ls,check,overlap,0.1,5000,11,0.02,0.10954451150103323,5.477225575051661,32,316,0.1839080459770115
zdt1_interval,lu,ls,check,overlap_jaccard,0.1,5000,11,0.02,0.10954451150103323,5.477225575051661,32,316,0.10126582278481013
zdt1_interval,lu,ls,check,coverage_a_in_b,0.1,5000,11,0.05,0.2738612787525831,5.477225575051661,32,316,1.0
zdt1_interval,lu,ls,check,coverage_b_in_a,0.1,5000,11,0.05,0.2738612787525831,5.477225575051661,32,316,0.10126582278481013
zdt1_interval,lu,ls,check,overlap,0.1,5000,11,0.05,0.2738612787525831,5.477225575051661,32,316,0.1839080459770115
zdt1_interval,lu,ls,check,overlap_jaccard,0.1,5000,11,0.05,0.2738612787525831,5.477225575051661,32,316,0.10126582278481013
zdt1_interval,lu,ls,check,coverage_a_in_b,0.1,5000,11,0.1,0.5477225575051662,5.477225575051661,32,316,1.0
zdt1_interval,lu,ls,check,coverage_b_in_a,0.1,5000,11,0.1,0.5477225575051662,5.477225575051661,32,316,0.10126582278481013
zdt1_interval,lu,ls,check,overlap,0.1,5000,11,0.1,0.5477225575051662,5.477225575051661,32,316,0.1839080459770115
zdt1_interval,lu,ls,check,overlap_jaccard,0.1,5000,11,0.1,0.5477225575051662,5.477225575051661,32,316,0.10126582278481013
zdt1_interval,lu,ls,check,coverage_a_in_b,0.1,5000,11,0.2,1.0954451150103324,5.477225575051661,32,316,1.0
zdt1_interval,lu,ls,check,coverage_b_in_a,0.1,5000,11,0.2,1.0954451150103324,5.477225575051661,32,316,0.10126582278481013
zdt1_interval,lu,ls,check,overlap,0.1,5000,11,0.2,1.0954451150103324,5.477225575051661,32,316,0.1839080459770115
zdt1_interval,lu,ls,check,overlap_jaccard,0.1,5000,11,0.2,1.0954451150103324,5.477225575051661,32,316,0.10126582278481013
zdt1_interval,lu,cw,finding,coverage_a_in_b,0.1,5000,11,0.0,0.0,5.477225575051661,32,287,0.6875
zdt1_interval,lu,cw,finding,coverage_b_in_a,0.1,5000,11,0.0,0.0,5.477225575051661,32,287,0.07665505226480836
zdt1_interval,lu,cw,finding,overlap,0.1,5000,11,0.0,0.0,5.477225575051661,32,287,0.13793103448275862
zdt1_interval,lu,cw,finding,overlap_jaccard,0.1,5000,11,0.0,0.0,5.477225575051661,32,287,0.07407407407407407
zdt1_interval,lu,cw,finding,coverage_a_in_b,0.1,5000,11,0.01,0.05477225575051661,5.477225575051661,32,287,0.6875
zdt1_interval,lu,cw,finding,coverage_b_in_a,0.1,5000,11,0.01,0.05477225575051661,5.477225575051661,32,287,0.07665505226480836
zdt1_interval,lu,cw,finding,overlap,0.1,5000,11,0.01,0.05477225575051661,5.477225575051661,32,287,0.13793103448275862
zdt1_interval,lu,cw,finding,overlap_jaccard,0.1,5000,11,0.01,0.05477225575051661,5.477225575051661,32,287,0.07407407407407407
zdt1_interval,lu,cw,finding,coverage_a_in_b,0.1,5000,11,0.02,0.10954451150103323,5.477225575051661,32,287,0.6875
zdt1_interval,lu,cw,finding,coverage_b_in_a,0.1,5000,11,0.02,0.10954451150103323,5.477225575051661,32,287,0.07665505226480836
zdt1_interval,lu,cw,finding,overlap,0.1,5000,11,0.02,0.10954451150103323,5.477225575051661,32,287,0.13793103448275862
zdt1_interval,lu,cw,finding,overlap_jaccard,0.1,5000,11,0.02,0.10954451150103323,5.477225575051661,32,287,0.07407407407407407
zdt1_interval,lu,cw,finding,coverage_a_in_b,0.1,5000,11,0.05,0.2738612787525831,5.477225575051661,32,287,0.6875
zdt1_interval,lu,cw,finding,coverage_b_in_a,0.1,5000,11,0.05,0.2738612787525831,5.477225575051661,32,287,0.07665505226480836
zdt1_interval,lu,cw,finding,overlap,0.1,5000,11,0.05,0.2738612787525831,5.477225575051661,32,287,0.13793103448275862
zdt1_interval,lu,cw,finding,overlap_jaccard,0.1,5000,11,0.05,0.2738612787525831,5.477225575051661,32,287,0.07407407407407407
zdt1_interval,lu,cw,finding,coverage_a_in_b,0.1,5000,11,0.1,0.5477225575051662,5.477225575051661,32,287,0.6875
zdt1_interval,lu,cw,finding,coverage_b_in_a,0.1,5000,11,0.1,0.5477225575051662,5.477225575051661,32,287,0.07665505226480836
zdt1_interval,lu,cw,finding,overlap,0.1,5000,11,0.1,0.5477225575051662,5.477225575051661,32,287,0.13793103448275862
zdt1_interval,lu,cw,finding,overlap_jaccard,0.1,5000,11,0.1,0.5477225575051662,5.477225575051661,32,287,0.07407407407407407
zdt1_interval,lu,cw,finding,coverage_a_in_b,0.1,5000,11,0.2,1.0954451150103324,5.477225575051661,32,287,0.6875
zdt1_interval,lu,cw,finding,coverage_b_in_a,0.1,5000,11,0.2,1.0954451150103324,5.477225575051661,32,287,0.07665505226480836
zdt1_interval,lu,cw,finding,overlap,0.1,5000,11,0.2,1.0954451150103324,5.477225575051661,32,287,0.13793103448275862
zdt1_interval,lu,cw,finding,overlap_jaccard,0.1,5000,11,0.2,1.0954451150103324,5.477225575051661,32,287,0.07407407407407407
zdt1_interval,ls,cw,check,coverage_a_in_b,0.1,5000,11,0.0,0.0,5.477225575051661,316,287,0.9082278481012658
zdt1_interval,ls,cw,check,coverage_b_in_a,0.1,5000,11,0.0,0.0,5.477225575051661,316,287,1.0
zdt1_interval,ls,cw,check,overlap,0.1,5000,11,0.0,0.0,5.477225575051661,316,287,0.9519071310116086
zdt1_interval,ls,cw,check,overlap_jaccard,0.1,5000,11,0.0,0.0,5.477225575051661,316,287,0.9082278481012657
zdt1_interval,ls,cw,check,coverage_a_in_b,0.1,5000,11,0.01,0.05477225575051661,5.477225575051661,316,287,0.9082278481012658
zdt1_interval,ls,cw,check,coverage_b_in_a,0.1,5000,11,0.01,0.05477225575051661,5.477225575051661,316,287,1.0
zdt1_interval,ls,cw,check,overlap,0.1,5000,11,0.01,0.05477225575051661,5.477225575051661,316,287,0.9519071310116086
zdt1_interval,ls,cw,check,overlap_jaccard,0.1,5000,11,0.01,0.05477225575051661,5.477225575051661,316,287,0.9082278481012657
zdt1_interval,ls,cw,check,coverage_a_in_b,0.1,5000,11,0.02,0.10954451150103323,5.477225575051661,316,287,0.9082278481012658
zdt1_interval,ls,cw,check,coverage_b_in_a,0.1,5000,11,0.02,0.10954451150103323,5.477225575051661,316,287,1.0
zdt1_interval,ls,cw,check,overlap,0.1,5000,11,0.02,0.10954451150103323,5.477225575051661,316,287,0.9519071310116086
zdt1_interval,ls,cw,check,overlap_jaccard,0.1,5000,11,0.02,0.10954451150103323,5.477225575051661,316,287,0.9082278481012657
zdt1_interval,ls,cw,check,coverage_a_in_b,0.1,5000,11,0.05,0.2738612787525831,5.477225575051661,316,287,0.9082278481012658
zdt1_interval,ls,cw,check,coverage_b_in_a,0.1,5000,11,0.05,0.2738612787525831,5.477225575051661,316,287,1.0
zdt1_interval,ls,cw,check,overlap,0.1,5000,11,0.05,0.2738612787525831,5.477225575051661,316,287,0.9519071310116086
zdt1_interval,ls,cw,check,overlap_jaccard,0.1,5000,11,0.05,0.2738612787525831,5.477225575051661,316,287,0.9082278481012657
zdt1_interval,ls,cw,check,coverage_a_in_b,0.1,5000,11,0.1,0.5477225575051662,5.477225575051661,316,287,0.9082278481012658
zdt1_interval,ls,cw,check,coverage_b_in_a,0.1,5000,11,0.1,0.5477225575051662,5.477225575051661,316,287,1.0
zdt1_interval,ls,cw,check,overlap,0.1,5000,11,0.1,0.5477225575051662,5.477225575051661,316,287,0.9519071310116086
zdt1_interval,ls,cw,check,overlap_jaccard,0.1,5000,11,0.1,0.5477225575051662,5.477225575051661,316,287,0.9082278481012657
zdt1_interval,ls,cw,check,coverage_a_in_b,0.1,5000,11,0.2,1.0954451150103324,5.477225575051661,316,287,0.9082278481012658
zdt1_interval,ls,cw,check,coverage_b_in_a,0.1,5000,11,0.2,1.0954451150103324,5.477225575051661,316,287,1.0
zdt1_interval,ls,cw,check,overlap,0.1,5000,11,0.2,1.0954451150103324,5.477225575051661,316,287,0.9519071310116086
zdt1_interval,ls,cw,check,overlap_jaccard,0.1,5000,11,0.2,1.0954451150103324,5.477225575051661,316,287,0.9082278481012657
zdt1_interval,lu,ls,check,coverage_a_in_b,0.1,5000,12,0.0,0.0,5.477225575051661,36,290,1.0
zdt1_interval,lu,ls,check,coverage_b_in_a,0.1,5000,12,0.0,0.0,5.477225575051661,36,290,0.12413793103448276
zdt1_interval,lu,ls,check,overlap,0.1,5000,12,0.0,0.0,5.477225575051661,36,290,0.22085889570552147
zdt1_interval,lu,ls,check,overlap_jaccard,0.1,5000,12,0.0,0.0,5.477225575051661,36,290,0.12413793103448276
zdt1_interval,lu,ls,check,coverage_a_in_b,0.1,5000,12,0.01,0.05477225575051661,5.477225575051661,36,290,1.0
zdt1_interval,lu,ls,check,coverage_b_in_a,0.1,5000,12,0.01,0.05477225575051661,5.477225575051661,36,290,0.12413793103448276
zdt1_interval,lu,ls,check,overlap,0.1,5000,12,0.01,0.05477225575051661,5.477225575051661,36,290,0.22085889570552147
zdt1_interval,lu,ls,check,overlap_jaccard,0.1,5000,12,0.01,0.05477225575051661,5.477225575051661,36,290,0.12413793103448276
zdt1_interval,lu,ls,check,coverage_a_in_b,0.1,5000,12,0.02,0.10954451150103323,5.477225575051661,36,290,1.0
zdt1_interval,lu,ls,check,coverage_b_in_a,0.1,5000,12,0.02,0.10954451150103323,5.477225575051661,36,290,0.12413793103448276
zdt1_interval,lu,ls,check,overlap,0.1,5000,12,0.02,0.10954451150103323,5.477225575051661,36,290,0.22085889570552147
zdt1_interval,lu,ls,check,overlap_jaccard,0.1,5000,12,0.02,0.10954451150103323,5.477225575051661,36,290,0.12413793103448276
zdt1_interval,lu,ls,check,coverage_a_in_b,0.1,5000,12,0.05,0.2738612787525831,5.477225575051661,36,290,1.0
zdt1_interval,lu,ls,check,coverage_b_in_a,0.1,5000,12,0.05,0.2738612787525831,5.477225575051661,36,290,0.12413793103448276
zdt1_interval,lu,ls,check,overlap,0.1,5000,12,0.05,0.2738612787525831,5.477225575051661,36,290,0.22085889570552147
zdt1_interval,lu,ls,check,overlap_jaccard,0.1,5000,12,0.05,0.2738612787525831,5.477225575051661,36,290,0.12413793103448276
zdt1_interval,lu,ls,check,coverage_a_in_b,0.1,5000,12,0.1,0.5477225575051662,5.477225575051661,36,290,1.0
zdt1_interval,lu,ls,check,coverage_b_in_a,0.1,5000,12,0.1,0.5477225575051662,5.477225575051661,36,290,0.12413793103448276
zdt1_interval,lu,ls,check,overlap,0.1,5000,12,0.1,0.5477225575051662,5.477225575051661,36,290,0.22085889570552147
zdt1_interval,lu,ls,check,overlap_jaccard,0.1,5000,12,0.1,0.5477225575051662,5.477225575051661,36,290,0.12413793103448276
zdt1_interval,lu,ls,check,coverage_a_in_b,0.1,5000,12,0.2,1.0954451150103324,5.477225575051661,36,290,1.0
zdt1_interval,lu,ls,check,coverage_b_in_a,0.1,5000,12,0.2,1.0954451150103324,5.477225575051661,36,290,0.12413793103448276
zdt1_interval,lu,ls,check,overlap,0.1,5000,12,0.2,1.0954451150103324,5.477225575051661,36,290,0.22085889570552147
zdt1_interval,lu,ls,check,overlap_jaccard,0.1,5000,12,0.2,1.0954451150103324,5.477225575051661,36,290,0.12413793103448276
zdt1_interval,lu,cw,finding,coverage_a_in_b,0.1,5000,12,0.0,0.0,5.477225575051661,36,250,0.7222222222222222
zdt1_interval,lu,cw,finding,coverage_b_in_a,0.1,5000,12,0.0,0.0,5.477225575051661,36,250,0.104
zdt1_interval,lu,cw,finding,overlap,0.1,5000,12,0.0,0.0,5.477225575051661,36,250,0.18181818181818182
zdt1_interval,lu,cw,finding,overlap_jaccard,0.1,5000,12,0.0,0.0,5.477225575051661,36,250,0.1
zdt1_interval,lu,cw,finding,coverage_a_in_b,0.1,5000,12,0.01,0.05477225575051661,5.477225575051661,36,250,0.7222222222222222
zdt1_interval,lu,cw,finding,coverage_b_in_a,0.1,5000,12,0.01,0.05477225575051661,5.477225575051661,36,250,0.104
zdt1_interval,lu,cw,finding,overlap,0.1,5000,12,0.01,0.05477225575051661,5.477225575051661,36,250,0.18181818181818182
zdt1_interval,lu,cw,finding,overlap_jaccard,0.1,5000,12,0.01,0.05477225575051661,5.477225575051661,36,250,0.1
zdt1_interval,lu,cw,finding,coverage_a_in_b,0.1,5000,12,0.02,0.10954451150103323,5.477225575051661,36,250,0.7222222222222222
zdt1_interval,lu,cw,finding,coverage_b_in_a,0.1,5000,12,0.02,0.10954451150103323,5.477225575051661,36,250,0.104
zdt1_interval,lu,cw,finding,overlap,0.1,5000,12,0.02,0.10954451150103323,5.477225575051661,36,250,0.18181818181818182
zdt1_interval,lu,cw,finding,overlap_jaccard,0.1,5000,12,0.02,0.10954451150103323,5.477225575051661,36,250,0.1
zdt1_interval,lu,cw,finding,coverage_a_in_b,0.1,5000,12,0.05,0.2738612787525831,5.477225575051661,36,250,0.7222222222222222
zdt1_interval,lu,cw,finding,coverage_b_in_a,0.1,5000,12,0.05,0.2738612787525831,5.477225575051661,36,250,0.104
zdt1_interval,lu,cw,finding,overlap,0.1,5000,12,0.05,0.2738612787525831,5.477225575051661,36,250,0.18181818181818182
zdt1_interval,lu,cw,finding,overlap_jaccard,0.1,5000,12,0.05,0.2738612787525831,5.477225575051661,36,250,0.1
zdt1_interval,lu,cw,finding,coverage_a_in_b,0.1,5000,12,0.1,0.5477225575051662,5.477225575051661,36,250,0.7222222222222222
zdt1_interval,lu,cw,finding,coverage_b_in_a,0.1,5000,12,0.1,0.5477225575051662,5.477225575051661,36,250,0.104
zdt1_interval,lu,cw,finding,overlap,0.1,5000,12,0.1,0.5477225575051662,5.477225575051661,36,250,0.18181818181818182
zdt1_interval,lu,cw,finding,overlap_jaccard,0.1,5000,12,0.1,0.5477225575051662,5.477225575051661,36,250,0.1
zdt1_interval,lu,cw,finding,coverage_a_in_b,0.1,5000,12,0.2,1.0954451150103324,5.477225575051661,36,250,0.7222222222222222
zdt1_interval,lu,cw,finding,coverage_b_in_a,0.1,5000,12,0.2,1.0954451150103324,5.477225575051661,36,250,0.104
zdt1_interval,lu,cw,finding,overlap,0.1,5000,12,0.2,1.0954451150103324,5.477225575051661,36,250,0.18181818181818182
zdt1_interval,lu,cw,finding,overlap_jaccard,0.1,5000,12,0.2,1.0954451150103324,5.477225575051661,36,250,0.1
zdt1_interval,ls,cw,check,coverage_a_in_b,0.1,5000,12,0.0,0.0,5.477225575051661,290,250,0.8620689655172413
zdt1_interval,ls,cw,check,coverage_b_in_a,0.1,5000,12,0.0,0.0,5.477225575051661,290,250,1.0
zdt1_interval,ls,cw,check,overlap,0.1,5000,12,0.0,0.0,5.477225575051661,290,250,0.9259259259259259
zdt1_interval,ls,cw,check,overlap_jaccard,0.1,5000,12,0.0,0.0,5.477225575051661,290,250,0.8620689655172414
zdt1_interval,ls,cw,check,coverage_a_in_b,0.1,5000,12,0.01,0.05477225575051661,5.477225575051661,290,250,0.8620689655172413
zdt1_interval,ls,cw,check,coverage_b_in_a,0.1,5000,12,0.01,0.05477225575051661,5.477225575051661,290,250,1.0
zdt1_interval,ls,cw,check,overlap,0.1,5000,12,0.01,0.05477225575051661,5.477225575051661,290,250,0.9259259259259259
zdt1_interval,ls,cw,check,overlap_jaccard,0.1,5000,12,0.01,0.05477225575051661,5.477225575051661,290,250,0.8620689655172414
zdt1_interval,ls,cw,check,coverage_a_in_b,0.1,5000,12,0.02,0.10954451150103323,5.477225575051661,290,250,0.8620689655172413
zdt1_interval,ls,cw,check,coverage_b_in_a,0.1,5000,12,0.02,0.10954451150103323,5.477225575051661,290,250,1.0
zdt1_interval,ls,cw,check,overlap,0.1,5000,12,0.02,0.10954451150103323,5.477225575051661,290,250,0.9259259259259259
zdt1_interval,ls,cw,check,overlap_jaccard,0.1,5000,12,0.02,0.10954451150103323,5.477225575051661,290,250,0.8620689655172414
zdt1_interval,ls,cw,check,coverage_a_in_b,0.1,5000,12,0.05,0.2738612787525831,5.477225575051661,290,250,0.8620689655172413
zdt1_interval,ls,cw,check,coverage_b_in_a,0.1,5000,12,0.05,0.2738612787525831,5.477225575051661,290,250,1.0
zdt1_interval,ls,cw,check,overlap,0.1,5000,12,0.05,0.2738612787525831,5.477225575051661,290,250,0.9259259259259259
zdt1_interval,ls,cw,check,overlap_jaccard,0.1,5000,12,0.05,0.2738612787525831,5.477225575051661,290,250,0.8620689655172414
zdt1_interval,ls,cw,check,coverage_a_in_b,0.1,5000,12,0.1,0.5477225575051662,5.477225575051661,290,250,0.8620689655172413
zdt1_interval,ls,cw,check,coverage_b_in_a,0.1,5000,12,0.1,0.5477225575051662,5.477225575051661,290,250,1.0
zdt1_interval,ls,cw,check,overlap,0.1,5000,12,0.1,0.5477225575051662,5.477225575051661,290,250,0.9259259259259259
zdt1_interval,ls,cw,check,overlap_jaccard,0.1,5000,12,0.1,0.5477225575051662,5.477225575051661,290,250,0.8620689655172414
zdt1_interval,ls,cw,check,coverage_a_in_b,0.1,5000,12,0.2,1.0954451150103324,5.477225575051661,290,250,0.8620689655172413
zdt1_interval,ls,cw,check,coverage_b_in_a,0.1,5000,12,0.2,1.0954451150103324,5.477225575051661,290,250,1.0
zdt1_interval,ls,cw,check,overlap,0.1,5000,12,0.2,1.0954451150103324,5.477225575051661,290,250,0.9259259259259259
zdt1_interval,ls,cw,check,overlap_jaccard,0.1,5000,12,0.2,1.0954451150103324,5.477225575051661,290,250,0.8620689655172414
zdt1_interval,lu,ls,check,coverage_a_in_b,0.1,5000,13,0.0,0.0,5.477225575051661,43,290,1.0
zdt1_interval,lu,ls,check,coverage_b_in_a,0.1,5000,13,0.0,0.0,5.477225575051661,43,290,0.1482758620689655
zdt1_interval,lu,ls,check,overlap,0.1,5000,13,0.0,0.0,5.477225575051661,43,290,0.25825825825825827
zdt1_interval,lu,ls,check,overlap_jaccard,0.1,5000,13,0.0,0.0,5.477225575051661,43,290,0.1482758620689655
zdt1_interval,lu,ls,check,coverage_a_in_b,0.1,5000,13,0.01,0.05477225575051661,5.477225575051661,43,290,1.0
zdt1_interval,lu,ls,check,coverage_b_in_a,0.1,5000,13,0.01,0.05477225575051661,5.477225575051661,43,290,0.1482758620689655
zdt1_interval,lu,ls,check,overlap,0.1,5000,13,0.01,0.05477225575051661,5.477225575051661,43,290,0.25825825825825827
zdt1_interval,lu,ls,check,overlap_jaccard,0.1,5000,13,0.01,0.05477225575051661,5.477225575051661,43,290,0.1482758620689655
zdt1_interval,lu,ls,check,coverage_a_in_b,0.1,5000,13,0.02,0.10954451150103323,5.477225575051661,43,290,1.0
zdt1_interval,lu,ls,check,coverage_b_in_a,0.1,5000,13,0.02,0.10954451150103323,5.477225575051661,43,290,0.1482758620689655
zdt1_interval,lu,ls,check,overlap,0.1,5000,13,0.02,0.10954451150103323,5.477225575051661,43,290,0.25825825825825827
zdt1_interval,lu,ls,check,overlap_jaccard,0.1,5000,13,0.02,0.10954451150103323,5.477225575051661,43,290,0.1482758620689655
zdt1_interval,lu,ls,check,coverage_a_in_b,0.1,5000,13,0.05,0.2738612787525831,5.477225575051661,43,290,1.0
zdt1_interval,lu,ls,check,coverage_b_in_a,0.1,5000,13,0.05,0.2738612787525831,5.477225575051661,43,290,0.1482758620689655
zdt1_interval,lu,ls,check,overlap,0.1,5000,13,0.05,0.2738612787525831,5.477225575051661,43,290,0.25825825825825827
zdt1_interval,lu,ls,check,overlap_jaccard,0.1,5000,13,0.05,0.2738612787525831,5.477225575051661,43,290,0.1482758620689655
zdt1_interval,lu,ls,check,coverage_a_in_b,0.1,5000,13,0.1,0.5477225575051662,5.477225575051661,43,290,1.0
zdt1_interval,lu,ls,check,coverage_b_in_a,0.1,5000,13,0.1,0.5477225575051662,5.477225575051661,43,290,0.1482758620689655
zdt1_interval,lu,ls,check,overlap,0.1,5000,13,0.1,0.5477225575051662,5.477225575051661,43,290,0.25825825825825827
zdt1_interval,lu,ls,check,overlap_jaccard,0.1,5000,13,0.1,0.5477225575051662,5.477225575051661,43,290,0.1482758620689655
zdt1_interval,lu,ls,check,coverage_a_in_b,0.1,5000,13,0.2,1.0954451150103324,5.477225575051661,43,290,1.0
zdt1_interval,lu,ls,check,coverage_b_in_a,0.1,5000,13,0.2,1.0954451150103324,5.477225575051661,43,290,0.1482758620689655
zdt1_interval,lu,ls,check,overlap,0.1,5000,13,0.2,1.0954451150103324,5.477225575051661,43,290,0.25825825825825827
zdt1_interval,lu,ls,check,overlap_jaccard,0.1,5000,13,0.2,1.0954451150103324,5.477225575051661,43,290,0.1482758620689655
zdt1_interval,lu,cw,finding,coverage_a_in_b,0.1,5000,13,0.0,0.0,5.477225575051661,43,257,0.6046511627906976
zdt1_interval,lu,cw,finding,coverage_b_in_a,0.1,5000,13,0.0,0.0,5.477225575051661,43,257,0.10116731517509728
zdt1_interval,lu,cw,finding,overlap,0.1,5000,13,0.0,0.0,5.477225575051661,43,257,0.17333333333333334
zdt1_interval,lu,cw,finding,overlap_jaccard,0.1,5000,13,0.0,0.0,5.477225575051661,43,257,0.09489051094890512
zdt1_interval,lu,cw,finding,coverage_a_in_b,0.1,5000,13,0.01,0.05477225575051661,5.477225575051661,43,257,0.6046511627906976
zdt1_interval,lu,cw,finding,coverage_b_in_a,0.1,5000,13,0.01,0.05477225575051661,5.477225575051661,43,257,0.10116731517509728
zdt1_interval,lu,cw,finding,overlap,0.1,5000,13,0.01,0.05477225575051661,5.477225575051661,43,257,0.17333333333333334
zdt1_interval,lu,cw,finding,overlap_jaccard,0.1,5000,13,0.01,0.05477225575051661,5.477225575051661,43,257,0.09489051094890512
zdt1_interval,lu,cw,finding,coverage_a_in_b,0.1,5000,13,0.02,0.10954451150103323,5.477225575051661,43,257,0.6046511627906976
zdt1_interval,lu,cw,finding,coverage_b_in_a,0.1,5000,13,0.02,0.10954451150103323,5.477225575051661,43,257,0.10116731517509728
zdt1_interval,lu,cw,finding,overlap,0.1,5000,13,0.02,0.10954451150103323,5.477225575051661,43,257,0.17333333333333334
zdt1_interval,lu,cw,finding,overlap_jaccard,0.1,5000,13,0.02,0.10954451150103323,5.477225575051661,43,257,0.09489051094890512
zdt1_interval,lu,cw,finding,coverage_a_in_b,0.1,5000,13,0.05,0.2738612787525831,5.477225575051661,43,257,0.6046511627906976
zdt1_interval,lu,cw,finding,coverage_b_in_a,0.1,5000,13,0.05,0.2738612787525831,5.477225575051661,43,257,0.10116731517509728
zdt1_interval,lu,cw,finding,overlap,0.1,5000,13,0.05,0.2738612787525831,5.477225575051661,43,257,0.17333333333333334
zdt1_interval,lu,cw,finding,overlap_jaccard,0.1,5000,13,0.05,0.2738612787525831,5.477225575051661,43,257,0.09489051094890512
zdt1_interval,lu,cw,finding,coverage_a_in_b,0.1,5000,13,0.1,0.5477225575051662,5.477225575051661,43,257,0.6046511627906976
zdt1_interval,lu,cw,finding,coverage_b_in_a,0.1,5000,13,0.1,0.5477225575051662,5.477225575051661,43,257,0.10116731517509728
zdt1_interval,lu,cw,finding,overlap,0.1,5000,13,0.1,0.5477225575051662,5.477225575051661,43,257,0.17333333333333334
zdt1_interval,lu,cw,finding,overlap_jaccard,0.1,5000,13,0.1,0.5477225575051662,5.477225575051661,43,257,0.09489051094890512
zdt1_interval,lu,cw,finding,coverage_a_in_b,0.1,5000,13,0.2,1.0954451150103324,5.477225575051661,43,257,0.6046511627906976
zdt1_interval,lu,cw,finding,coverage_b_in_a,0.1,5000,13,0.2,1.0954451150103324,5.477225575051661,43,257,0.10116731517509728
zdt1_interval,lu,cw,finding,overlap,0.1,5000,13,0.2,1.0954451150103324,5.477225575051661,43,257,0.17333333333333334
zdt1_interval,lu,cw,finding,overlap_jaccard,0.1,5000,13,0.2,1.0954451150103324,5.477225575051661,43,257,0.09489051094890512
zdt1_interval,ls,cw,check,coverage_a_in_b,0.1,5000,13,0.0,0.0,5.477225575051661,290,257,0.8862068965517241
zdt1_interval,ls,cw,check,coverage_b_in_a,0.1,5000,13,0.0,0.0,5.477225575051661,290,257,1.0
zdt1_interval,ls,cw,check,overlap,0.1,5000,13,0.0,0.0,5.477225575051661,290,257,0.9396709323583181
zdt1_interval,ls,cw,check,overlap_jaccard,0.1,5000,13,0.0,0.0,5.477225575051661,290,257,0.8862068965517241
zdt1_interval,ls,cw,check,coverage_a_in_b,0.1,5000,13,0.01,0.05477225575051661,5.477225575051661,290,257,0.8862068965517241
zdt1_interval,ls,cw,check,coverage_b_in_a,0.1,5000,13,0.01,0.05477225575051661,5.477225575051661,290,257,1.0
zdt1_interval,ls,cw,check,overlap,0.1,5000,13,0.01,0.05477225575051661,5.477225575051661,290,257,0.9396709323583181
zdt1_interval,ls,cw,check,overlap_jaccard,0.1,5000,13,0.01,0.05477225575051661,5.477225575051661,290,257,0.8862068965517241
zdt1_interval,ls,cw,check,coverage_a_in_b,0.1,5000,13,0.02,0.10954451150103323,5.477225575051661,290,257,0.8862068965517241
zdt1_interval,ls,cw,check,coverage_b_in_a,0.1,5000,13,0.02,0.10954451150103323,5.477225575051661,290,257,1.0
zdt1_interval,ls,cw,check,overlap,0.1,5000,13,0.02,0.10954451150103323,5.477225575051661,290,257,0.9396709323583181
zdt1_interval,ls,cw,check,overlap_jaccard,0.1,5000,13,0.02,0.10954451150103323,5.477225575051661,290,257,0.8862068965517241
zdt1_interval,ls,cw,check,coverage_a_in_b,0.1,5000,13,0.05,0.2738612787525831,5.477225575051661,290,257,0.8862068965517241
zdt1_interval,ls,cw,check,coverage_b_in_a,0.1,5000,13,0.05,0.2738612787525831,5.477225575051661,290,257,1.0
zdt1_interval,ls,cw,check,overlap,0.1,5000,13,0.05,0.2738612787525831,5.477225575051661,290,257,0.9396709323583181
zdt1_interval,ls,cw,check,overlap_jaccard,0.1,5000,13,0.05,0.2738612787525831,5.477225575051661,290,257,0.8862068965517241
zdt1_interval,ls,cw,check,coverage_a_in_b,0.1,5000,13,0.1,0.5477225575051662,5.477225575051661,290,257,0.8862068965517241
zdt1_interval,ls,cw,check,coverage_b_in_a,0.1,5000,13,0.1,0.5477225575051662,5.477225575051661,290,257,1.0
zdt1_interval,ls,cw,check,overlap,0.1,5000,13,0.1,0.5477225575051662,5.477225575051661,290,257,0.9396709323583181
zdt1_interval,ls,cw,check,overlap_jaccard,0.1,5000,13,0.1,0.5477225575051662,5.477225575051661,290,257,0.8862068965517241
zdt1_interval,ls,cw,check,coverage_a_in_b,0.1,5000,13,0.2,1.0954451150103324,5.477225575051661,290,257,0.8862068965517241
zdt1_interval,ls,cw,check,coverage_b_in_a,0.1,5000,13,0.2,1.0954451150103324,5.477225575051661,290,257,1.0
zdt1_interval,ls,cw,check,overlap,0.1,5000,13,0.2,1.0954451150103324,5.477225575051661,290,257,0.9396709323583181
zdt1_interval,ls,cw,check,overlap_jaccard,0.1,5000,13,0.2,1.0954451150103324,5.477225575051661,290,257,0.8862068965517241
zdt1_interval,lu,ls,check,coverage_a_in_b,0.1,5000,14,0.0,0.0,5.477225575051661,43,278,1.0
zdt1_interval,lu,ls,check,coverage_b_in_a,0.1,5000,14,0.0,0.0,5.477225575051661,43,278,0.15467625899280577
zdt1_interval,lu,ls,check,overlap,0.1,5000,14,0.0,0.0,5.477225575051661,43,278,0.26791277258566976
zdt1_interval,lu,ls,check,overlap_jaccard,0.1,5000,14,0.0,0.0,5.477225575051661,43,278,0.15467625899280574
zdt1_interval,lu,ls,check,coverage_a_in_b,0.1,5000,14,0.01,0.05477225575051661,5.477225575051661,43,278,1.0
zdt1_interval,lu,ls,check,coverage_b_in_a,0.1,5000,14,0.01,0.05477225575051661,5.477225575051661,43,278,0.15467625899280577
zdt1_interval,lu,ls,check,overlap,0.1,5000,14,0.01,0.05477225575051661,5.477225575051661,43,278,0.26791277258566976
zdt1_interval,lu,ls,check,overlap_jaccard,0.1,5000,14,0.01,0.05477225575051661,5.477225575051661,43,278,0.15467625899280574
zdt1_interval,lu,ls,check,coverage_a_in_b,0.1,5000,14,0.02,0.10954451150103323,5.477225575051661,43,278,1.0
zdt1_interval,lu,ls,check,coverage_b_in_a,0.1,5000,14,0.02,0.10954451150103323,5.477225575051661,43,278,0.15467625899280577
zdt1_interval,lu,ls,check,overlap,0.1,5000,14,0.02,0.10954451150103323,5.477225575051661,43,278,0.26791277258566976
zdt1_interval,lu,ls,check,overlap_jaccard,0.1,5000,14,0.02,0.10954451150103323,5.477225575051661,43,278,0.15467625899280574
zdt1_interval,lu,ls,check,coverage_a_in_b,0.1,5000,14,0.05,0.2738612787525831,5.477225575051661,43,278,1.0
zdt1_interval,lu,ls,check,coverage_b_in_a,0.1,5000,14,0.05,0.2738612787525831,5.477225575051661,43,278,0.15467625899280577
zdt1_interval,lu,ls,check,overlap,0.1,5000,14,0.05,0.2738612787525831,5.477225575051661,43,278,0.26791277258566976
zdt1_interval,lu,ls,check,overlap_jaccard,0.1,5000,14,0.05,0.2738612787525831,5.477225575051661,43,278,0.15467625899280574
zdt1_interval,lu,ls,check,coverage_a_in_b,0.1,5000,14,0.1,0.5477225575051662,5.477225575051661,43,278,1.0
zdt1_interval,lu,ls,check,coverage_b_in_a,0.1,5000,14,0.1,0.5477225575051662,5.477225575051661,43,278,0.15467625899280577
zdt1_interval,lu,ls,check,overlap,0.1,5000,14,0.1,0.5477225575051662,5.477225575051661,43,278,0.26791277258566976
zdt1_interval,lu,ls,check,overlap_jaccard,0.1,5000,14,0.1,0.5477225575051662,5.477225575051661,43,278,0.15467625899280574
zdt1_interval,lu,ls,check,coverage_a_in_b,0.1,5000,14,0.2,1.0954451150103324,5.477225575051661,43,278,1.0
zdt1_interval,lu,ls,check,coverage_b_in_a,0.1,5000,14,0.2,1.0954451150103324,5.477225575051661,43,278,0.15827338129496402
zdt1_interval,lu,ls,check,overlap,0.1,5000,14,0.2,1.0954451150103324,5.477225575051661,43,278,0.27102803738317754
zdt1_interval,lu,ls,check,overlap_jaccard,0.1,5000,14,0.2,1.0954451150103324,5.477225575051661,43,278,0.15675675675675674
zdt1_interval,lu,cw,finding,coverage_a_in_b,0.1,5000,14,0.0,0.0,5.477225575051661,43,253,0.8837209302325582
zdt1_interval,lu,cw,finding,coverage_b_in_a,0.1,5000,14,0.0,0.0,5.477225575051661,43,253,0.15019762845849802
zdt1_interval,lu,cw,finding,overlap,0.1,5000,14,0.0,0.0,5.477225575051661,43,253,0.25675675675675674
zdt1_interval,lu,cw,finding,overlap_jaccard,0.1,5000,14,0.0,0.0,5.477225575051661,43,253,0.14728682170542634
zdt1_interval,lu,cw,finding,coverage_a_in_b,0.1,5000,14,0.01,0.05477225575051661,5.477225575051661,43,253,0.8837209302325582
zdt1_interval,lu,cw,finding,coverage_b_in_a,0.1,5000,14,0.01,0.05477225575051661,5.477225575051661,43,253,0.15019762845849802
zdt1_interval,lu,cw,finding,overlap,0.1,5000,14,0.01,0.05477225575051661,5.477225575051661,43,253,0.25675675675675674
zdt1_interval,lu,cw,finding,overlap_jaccard,0.1,5000,14,0.01,0.05477225575051661,5.477225575051661,43,253,0.14728682170542634
zdt1_interval,lu,cw,finding,coverage_a_in_b,0.1,5000,14,0.02,0.10954451150103323,5.477225575051661,43,253,0.8837209302325582
zdt1_interval,lu,cw,finding,coverage_b_in_a,0.1,5000,14,0.02,0.10954451150103323,5.477225575051661,43,253,0.15019762845849802
zdt1_interval,lu,cw,finding,overlap,0.1,5000,14,0.02,0.10954451150103323,5.477225575051661,43,253,0.25675675675675674
zdt1_interval,lu,cw,finding,overlap_jaccard,0.1,5000,14,0.02,0.10954451150103323,5.477225575051661,43,253,0.14728682170542634
zdt1_interval,lu,cw,finding,coverage_a_in_b,0.1,5000,14,0.05,0.2738612787525831,5.477225575051661,43,253,0.8837209302325582
zdt1_interval,lu,cw,finding,coverage_b_in_a,0.1,5000,14,0.05,0.2738612787525831,5.477225575051661,43,253,0.15019762845849802
zdt1_interval,lu,cw,finding,overlap,0.1,5000,14,0.05,0.2738612787525831,5.477225575051661,43,253,0.25675675675675674
zdt1_interval,lu,cw,finding,overlap_jaccard,0.1,5000,14,0.05,0.2738612787525831,5.477225575051661,43,253,0.14728682170542634
zdt1_interval,lu,cw,finding,coverage_a_in_b,0.1,5000,14,0.1,0.5477225575051662,5.477225575051661,43,253,0.8837209302325582
zdt1_interval,lu,cw,finding,coverage_b_in_a,0.1,5000,14,0.1,0.5477225575051662,5.477225575051661,43,253,0.15019762845849802
zdt1_interval,lu,cw,finding,overlap,0.1,5000,14,0.1,0.5477225575051662,5.477225575051661,43,253,0.25675675675675674
zdt1_interval,lu,cw,finding,overlap_jaccard,0.1,5000,14,0.1,0.5477225575051662,5.477225575051661,43,253,0.14728682170542634
zdt1_interval,lu,cw,finding,coverage_a_in_b,0.1,5000,14,0.2,1.0954451150103324,5.477225575051661,43,253,0.8837209302325582
zdt1_interval,lu,cw,finding,coverage_b_in_a,0.1,5000,14,0.2,1.0954451150103324,5.477225575051661,43,253,0.1541501976284585
zdt1_interval,lu,cw,finding,overlap,0.1,5000,14,0.2,1.0954451150103324,5.477225575051661,43,253,0.26013513513513514
zdt1_interval,lu,cw,finding,overlap_jaccard,0.1,5000,14,0.2,1.0954451150103324,5.477225575051661,43,253,0.14951456310679612
zdt1_interval,ls,cw,check,coverage_a_in_b,0.1,5000,14,0.0,0.0,5.477225575051661,278,253,0.9100719424460432
zdt1_interval,ls,cw,check,coverage_b_in_a,0.1,5000,14,0.0,0.0,5.477225575051661,278,253,1.0
zdt1_interval,ls,cw,check,overlap,0.1,5000,14,0.0,0.0,5.477225575051661,278,253,0.9529190207156308
zdt1_interval,ls,cw,check,overlap_jaccard,0.1,5000,14,0.0,0.0,5.477225575051661,278,253,0.9100719424460431
zdt1_interval,ls,cw,check,coverage_a_in_b,0.1,5000,14,0.01,0.05477225575051661,5.477225575051661,278,253,0.9100719424460432
zdt1_interval,ls,cw,check,coverage_b_in_a,0.1,5000,14,0.01,0.05477225575051661,5.477225575051661,278,253,1.0
zdt1_interval,ls,cw,check,overlap,0.1,5000,14,0.01,0.05477225575051661,5.477225575051661,278,253,0.9529190207156308
zdt1_interval,ls,cw,check,overlap_jaccard,0.1,5000,14,0.01,0.05477225575051661,5.477225575051661,278,253,0.9100719424460431
zdt1_interval,ls,cw,check,coverage_a_in_b,0.1,5000,14,0.02,0.10954451150103323,5.477225575051661,278,253,0.9100719424460432
zdt1_interval,ls,cw,check,coverage_b_in_a,0.1,5000,14,0.02,0.10954451150103323,5.477225575051661,278,253,1.0
zdt1_interval,ls,cw,check,overlap,0.1,5000,14,0.02,0.10954451150103323,5.477225575051661,278,253,0.9529190207156308
zdt1_interval,ls,cw,check,overlap_jaccard,0.1,5000,14,0.02,0.10954451150103323,5.477225575051661,278,253,0.9100719424460431
zdt1_interval,ls,cw,check,coverage_a_in_b,0.1,5000,14,0.05,0.2738612787525831,5.477225575051661,278,253,0.9100719424460432
zdt1_interval,ls,cw,check,coverage_b_in_a,0.1,5000,14,0.05,0.2738612787525831,5.477225575051661,278,253,1.0
zdt1_interval,ls,cw,check,overlap,0.1,5000,14,0.05,0.2738612787525831,5.477225575051661,278,253,0.9529190207156308
zdt1_interval,ls,cw,check,overlap_jaccard,0.1,5000,14,0.05,0.2738612787525831,5.477225575051661,278,253,0.9100719424460431
zdt1_interval,ls,cw,check,coverage_a_in_b,0.1,5000,14,0.1,0.5477225575051662,5.477225575051661,278,253,0.9100719424460432
zdt1_interval,ls,cw,check,coverage_b_in_a,0.1,5000,14,0.1,0.5477225575051662,5.477225575051661,278,253,1.0
zdt1_interval,ls,cw,check,overlap,0.1,5000,14,0.1,0.5477225575051662,5.477225575051661,278,253,0.9529190207156308
zdt1_interval,ls,cw,check,overlap_jaccard,0.1,5000,14,0.1,0.5477225575051662,5.477225575051661,278,253,0.9100719424460431
zdt1_interval,ls,cw,check,coverage_a_in_b,0.1,5000,14,0.2,1.0954451150103324,5.477225575051661,278,253,0.9100719424460432
zdt1_interval,ls,cw,check,coverage_b_in_a,0.1,5000,14,0.2,1.0954451150103324,5.477225575051661,278,253,1.0
zdt1_interval,ls,cw,check,overlap,0.1,5000,14,0.2,1.0954451150103324,5.477225575051661,278,253,0.9529190207156308
zdt1_interval,ls,cw,check,overlap_jaccard,0.1,5000,14,0.2,1.0954451150103324,5.477225575051661,278,253,0.9100719424460431
zdt1_interval,lu,ls,check,coverage_a_in_b,0.1,5000,15,0.0,0.0,5.477225575051661,29,296,1.0
zdt1_interval,lu,ls,check,coverage_b_in_a,0.1,5000,15,0.0,0.0,5.477225575051661,29,296,0.09797297297297297
zdt1_interval,lu,ls,check,overlap,0.1,5000,15,0.0,0.0,5.477225575051661,29,296,0.17846153846153845
zdt1_interval,lu,ls,check,overlap_jaccard,0.1,5000,15,0.0,0.0,5.477225575051661,29,296,0.09797297297297297
zdt1_interval,lu,ls,check,coverage_a_in_b,0.1,5000,15,0.01,0.05477225575051661,5.477225575051661,29,296,1.0
zdt1_interval,lu,ls,check,coverage_b_in_a,0.1,5000,15,0.01,0.05477225575051661,5.477225575051661,29,296,0.09797297297297297
zdt1_interval,lu,ls,check,overlap,0.1,5000,15,0.01,0.05477225575051661,5.477225575051661,29,296,0.17846153846153845
zdt1_interval,lu,ls,check,overlap_jaccard,0.1,5000,15,0.01,0.05477225575051661,5.477225575051661,29,296,0.09797297297297297
zdt1_interval,lu,ls,check,coverage_a_in_b,0.1,5000,15,0.02,0.10954451150103323,5.477225575051661,29,296,1.0
zdt1_interval,lu,ls,check,coverage_b_in_a,0.1,5000,15,0.02,0.10954451150103323,5.477225575051661,29,296,0.09797297297297297
zdt1_interval,lu,ls,check,overlap,0.1,5000,15,0.02,0.10954451150103323,5.477225575051661,29,296,0.17846153846153845
zdt1_interval,lu,ls,check,overlap_jaccard,0.1,5000,15,0.02,0.10954451150103323,5.477225575051661,29,296,0.09797297297297297
zdt1_interval,lu,ls,check,coverage_a_in_b,0.1,5000,15,0.05,0.2738612787525831,5.477225575051661,29,296,1.0
zdt1_interval,lu,ls,check,coverage_b_in_a,0.1,5000,15,0.05,0.2738612787525831,5.477225575051661,29,296,0.09797297297297297
zdt1_interval,lu,ls,check,overlap,0.1,5000,15,0.05,0.2738612787525831,5.477225575051661,29,296,0.17846153846153845
zdt1_interval,lu,ls,check,overlap_jaccard,0.1,5000,15,0.05,0.2738612787525831,5.477225575051661,29,296,0.09797297297297297
zdt1_interval,lu,ls,check,coverage_a_in_b,0.1,5000,15,0.1,0.5477225575051662,5.477225575051661,29,296,1.0
zdt1_interval,lu,ls,check,coverage_b_in_a,0.1,5000,15,0.1,0.5477225575051662,5.477225575051661,29,296,0.09797297297297297
zdt1_interval,lu,ls,check,overlap,0.1,5000,15,0.1,0.5477225575051662,5.477225575051661,29,296,0.17846153846153845
zdt1_interval,lu,ls,check,overlap_jaccard,0.1,5000,15,0.1,0.5477225575051662,5.477225575051661,29,296,0.09797297297297297
zdt1_interval,lu,ls,check,coverage_a_in_b,0.1,5000,15,0.2,1.0954451150103324,5.477225575051661,29,296,1.0
zdt1_interval,lu,ls,check,coverage_b_in_a,0.1,5000,15,0.2,1.0954451150103324,5.477225575051661,29,296,0.09797297297297297
zdt1_interval,lu,ls,check,overlap,0.1,5000,15,0.2,1.0954451150103324,5.477225575051661,29,296,0.17846153846153845
zdt1_interval,lu,ls,check,overlap_jaccard,0.1,5000,15,0.2,1.0954451150103324,5.477225575051661,29,296,0.09797297297297297
zdt1_interval,lu,cw,finding,coverage_a_in_b,0.1,5000,15,0.0,0.0,5.477225575051661,29,271,0.8275862068965517
zdt1_interval,lu,cw,finding,coverage_b_in_a,0.1,5000,15,0.0,0.0,5.477225575051661,29,271,0.08856088560885608
zdt1_interval,lu,cw,finding,overlap,0.1,5000,15,0.0,0.0,5.477225575051661,29,271,0.16
zdt1_interval,lu,cw,finding,overlap_jaccard,0.1,5000,15,0.0,0.0,5.477225575051661,29,271,0.08695652173913043
zdt1_interval,lu,cw,finding,coverage_a_in_b,0.1,5000,15,0.01,0.05477225575051661,5.477225575051661,29,271,0.8275862068965517
zdt1_interval,lu,cw,finding,coverage_b_in_a,0.1,5000,15,0.01,0.05477225575051661,5.477225575051661,29,271,0.08856088560885608
zdt1_interval,lu,cw,finding,overlap,0.1,5000,15,0.01,0.05477225575051661,5.477225575051661,29,271,0.16
zdt1_interval,lu,cw,finding,overlap_jaccard,0.1,5000,15,0.01,0.05477225575051661,5.477225575051661,29,271,0.08695652173913043
zdt1_interval,lu,cw,finding,coverage_a_in_b,0.1,5000,15,0.02,0.10954451150103323,5.477225575051661,29,271,0.8275862068965517
zdt1_interval,lu,cw,finding,coverage_b_in_a,0.1,5000,15,0.02,0.10954451150103323,5.477225575051661,29,271,0.08856088560885608
zdt1_interval,lu,cw,finding,overlap,0.1,5000,15,0.02,0.10954451150103323,5.477225575051661,29,271,0.16
zdt1_interval,lu,cw,finding,overlap_jaccard,0.1,5000,15,0.02,0.10954451150103323,5.477225575051661,29,271,0.08695652173913043
zdt1_interval,lu,cw,finding,coverage_a_in_b,0.1,5000,15,0.05,0.2738612787525831,5.477225575051661,29,271,0.8275862068965517
zdt1_interval,lu,cw,finding,coverage_b_in_a,0.1,5000,15,0.05,0.2738612787525831,5.477225575051661,29,271,0.08856088560885608
zdt1_interval,lu,cw,finding,overlap,0.1,5000,15,0.05,0.2738612787525831,5.477225575051661,29,271,0.16
zdt1_interval,lu,cw,finding,overlap_jaccard,0.1,5000,15,0.05,0.2738612787525831,5.477225575051661,29,271,0.08695652173913043
zdt1_interval,lu,cw,finding,coverage_a_in_b,0.1,5000,15,0.1,0.5477225575051662,5.477225575051661,29,271,0.8275862068965517
zdt1_interval,lu,cw,finding,coverage_b_in_a,0.1,5000,15,0.1,0.5477225575051662,5.477225575051661,29,271,0.08856088560885608
zdt1_interval,lu,cw,finding,overlap,0.1,5000,15,0.1,0.5477225575051662,5.477225575051661,29,271,0.16
zdt1_interval,lu,cw,finding,overlap_jaccard,0.1,5000,15,0.1,0.5477225575051662,5.477225575051661,29,271,0.08695652173913043
zdt1_interval,lu,cw,finding,coverage_a_in_b,0.1,5000,15,0.2,1.0954451150103324,5.477225575051661,29,271,0.8275862068965517
zdt1_interval,lu,cw,finding,coverage_b_in_a,0.1,5000,15,0.2,1.0954451150103324,5.477225575051661,29,271,0.08856088560885608
zdt1_interval,lu,cw,finding,overlap,0.1,5000,15,0.2,1.0954451150103324,5.477225575051661,29,271,0.16
zdt1_interval,lu,cw,finding,overlap_jaccard,0.1,5000,15,0.2,1.0954451150103324,5.477225575051661,29,271,0.08695652173913043
zdt1_interval,ls,cw,check,coverage_a_in_b,0.1,5000,15,0.0,0.0,5.477225575051661,296,271,0.9155405405405406
zdt1_interval,ls,cw,check,coverage_b_in_a,0.1,5000,15,0.0,0.0,5.477225575051661,296,271,1.0
zdt1_interval,ls,cw,check,overlap,0.1,5000,15,0.0,0.0,5.477225575051661,296,271,0.9559082892416225
zdt1_interval,ls,cw,check,overlap_jaccard,0.1,5000,15,0.0,0.0,5.477225575051661,296,271,0.9155405405405406
zdt1_interval,ls,cw,check,coverage_a_in_b,0.1,5000,15,0.01,0.05477225575051661,5.477225575051661,296,271,0.9155405405405406
zdt1_interval,ls,cw,check,coverage_b_in_a,0.1,5000,15,0.01,0.05477225575051661,5.477225575051661,296,271,1.0
zdt1_interval,ls,cw,check,overlap,0.1,5000,15,0.01,0.05477225575051661,5.477225575051661,296,271,0.9559082892416225
zdt1_interval,ls,cw,check,overlap_jaccard,0.1,5000,15,0.01,0.05477225575051661,5.477225575051661,296,271,0.9155405405405406
zdt1_interval,ls,cw,check,coverage_a_in_b,0.1,5000,15,0.02,0.10954451150103323,5.477225575051661,296,271,0.9155405405405406
zdt1_interval,ls,cw,check,coverage_b_in_a,0.1,5000,15,0.02,0.10954451150103323,5.477225575051661,296,271,1.0
zdt1_interval,ls,cw,check,overlap,0.1,5000,15,0.02,0.10954451150103323,5.477225575051661,296,271,0.9559082892416225
zdt1_interval,ls,cw,check,overlap_jaccard,0.1,5000,15,0.02,0.10954451150103323,5.477225575051661,296,271,0.9155405405405406
zdt1_interval,ls,cw,check,coverage_a_in_b,0.1,5000,15,0.05,0.2738612787525831,5.477225575051661,296,271,0.9155405405405406
zdt1_interval,ls,cw,check,coverage_b_in_a,0.1,5000,15,0.05,0.2738612787525831,5.477225575051661,296,271,1.0
zdt1_interval,ls,cw,check,overlap,0.1,5000,15,0.05,0.2738612787525831,5.477225575051661,296,271,0.9559082892416225
zdt1_interval,ls,cw,check,overlap_jaccard,0.1,5000,15,0.05,0.2738612787525831,5.477225575051661,296,271,0.9155405405405406
zdt1_interval,ls,cw,check,coverage_a_in_b,0.1,5000,15,0.1,0.5477225575051662,5.477225575051661,296,271,0.9155405405405406
zdt1_interval,ls,cw,check,coverage_b_in_a,0.1,5000,15,0.1,0.5477225575051662,5.477225575051661,296,271,1.0
zdt1_interval,ls,cw,check,overlap,0.1,5000,15,0.1,0.5477225575051662,5.477225575051661,296,271,0.9559082892416225
zdt1_interval,ls,cw,check,overlap_jaccard,0.1,5000,15,0.1,0.5477225575051662,5.477225575051661,296,271,0.9155405405405406
zdt1_interval,ls,cw,check,coverage_a_in_b,0.1,5000,15,0.2,1.0954451150103324,5.477225575051661,296,271,0.9155405405405406
zdt1_interval,ls,cw,check,coverage_b_in_a,0.1,5000,15,0.2,1.0954451150103324,5.477225575051661,296,271,1.0
zdt1_interval,ls,cw,check,overlap,0.1,5000,15,0.2,1.0954451150103324,5.477225575051661,296,271,0.9559082892416225
zdt1_interval,ls,cw,check,overlap_jaccard,0.1,5000,15,0.2,1.0954451150103324,5.477225575051661,296,271,0.9155405405405406
zdt1_interval,lu,ls,check,coverage_a_in_b,0.25,5000,11,0.0,0.0,5.477225575051661,53,352,1.0
zdt1_interval,lu,ls,check,coverage_b_in_a,0.25,5000,11,0.0,0.0,5.477225575051661,53,352,0.15056818181818182
zdt1_interval,lu,ls,check,overlap,0.25,5000,11,0.0,0.0,5.477225575051661,53,352,0.2617283950617284
zdt1_interval,lu,ls,check,overlap_jaccard,0.25,5000,11,0.0,0.0,5.477225575051661,53,352,0.15056818181818182
zdt1_interval,lu,ls,check,coverage_a_in_b,0.25,5000,11,0.01,0.05477225575051661,5.477225575051661,53,352,1.0
zdt1_interval,lu,ls,check,coverage_b_in_a,0.25,5000,11,0.01,0.05477225575051661,5.477225575051661,53,352,0.15056818181818182
zdt1_interval,lu,ls,check,overlap,0.25,5000,11,0.01,0.05477225575051661,5.477225575051661,53,352,0.2617283950617284
zdt1_interval,lu,ls,check,overlap_jaccard,0.25,5000,11,0.01,0.05477225575051661,5.477225575051661,53,352,0.15056818181818182
zdt1_interval,lu,ls,check,coverage_a_in_b,0.25,5000,11,0.02,0.10954451150103323,5.477225575051661,53,352,1.0
zdt1_interval,lu,ls,check,coverage_b_in_a,0.25,5000,11,0.02,0.10954451150103323,5.477225575051661,53,352,0.15056818181818182
zdt1_interval,lu,ls,check,overlap,0.25,5000,11,0.02,0.10954451150103323,5.477225575051661,53,352,0.2617283950617284
zdt1_interval,lu,ls,check,overlap_jaccard,0.25,5000,11,0.02,0.10954451150103323,5.477225575051661,53,352,0.15056818181818182
zdt1_interval,lu,ls,check,coverage_a_in_b,0.25,5000,11,0.05,0.2738612787525831,5.477225575051661,53,352,1.0
zdt1_interval,lu,ls,check,coverage_b_in_a,0.25,5000,11,0.05,0.2738612787525831,5.477225575051661,53,352,0.15056818181818182
zdt1_interval,lu,ls,check,overlap,0.25,5000,11,0.05,0.2738612787525831,5.477225575051661,53,352,0.2617283950617284
zdt1_interval,lu,ls,check,overlap_jaccard,0.25,5000,11,0.05,0.2738612787525831,5.477225575051661,53,352,0.15056818181818182
zdt1_interval,lu,ls,check,coverage_a_in_b,0.25,5000,11,0.1,0.5477225575051662,5.477225575051661,53,352,1.0
zdt1_interval,lu,ls,check,coverage_b_in_a,0.25,5000,11,0.1,0.5477225575051662,5.477225575051661,53,352,0.15056818181818182
zdt1_interval,lu,ls,check,overlap,0.25,5000,11,0.1,0.5477225575051662,5.477225575051661,53,352,0.2617283950617284
zdt1_interval,lu,ls,check,overlap_jaccard,0.25,5000,11,0.1,0.5477225575051662,5.477225575051661,53,352,0.15056818181818182
zdt1_interval,lu,ls,check,coverage_a_in_b,0.25,5000,11,0.2,1.0954451150103324,5.477225575051661,53,352,1.0
zdt1_interval,lu,ls,check,coverage_b_in_a,0.25,5000,11,0.2,1.0954451150103324,5.477225575051661,53,352,0.15056818181818182
zdt1_interval,lu,ls,check,overlap,0.25,5000,11,0.2,1.0954451150103324,5.477225575051661,53,352,0.2617283950617284
zdt1_interval,lu,ls,check,overlap_jaccard,0.25,5000,11,0.2,1.0954451150103324,5.477225575051661,53,352,0.15056818181818182
zdt1_interval,lu,cw,finding,coverage_a_in_b,0.25,5000,11,0.0,0.0,5.477225575051661,53,287,0.5660377358490566
zdt1_interval,lu,cw,finding,coverage_b_in_a,0.25,5000,11,0.0,0.0,5.477225575051661,53,287,0.10452961672473868
zdt1_interval,lu,cw,finding,overlap,0.25,5000,11,0.0,0.0,5.477225575051661,53,287,0.17647058823529413
zdt1_interval,lu,cw,finding,overlap_jaccard,0.25,5000,11,0.0,0.0,5.477225575051661,53,287,0.09677419354838711
zdt1_interval,lu,cw,finding,coverage_a_in_b,0.25,5000,11,0.01,0.05477225575051661,5.477225575051661,53,287,0.5660377358490566
zdt1_interval,lu,cw,finding,coverage_b_in_a,0.25,5000,11,0.01,0.05477225575051661,5.477225575051661,53,287,0.10452961672473868
zdt1_interval,lu,cw,finding,overlap,0.25,5000,11,0.01,0.05477225575051661,5.477225575051661,53,287,0.17647058823529413
zdt1_interval,lu,cw,finding,overlap_jaccard,0.25,5000,11,0.01,0.05477225575051661,5.477225575051661,53,287,0.09677419354838711
zdt1_interval,lu,cw,finding,coverage_a_in_b,0.25,5000,11,0.02,0.10954451150103323,5.477225575051661,53,287,0.5660377358490566
zdt1_interval,lu,cw,finding,coverage_b_in_a,0.25,5000,11,0.02,0.10954451150103323,5.477225575051661,53,287,0.10452961672473868
zdt1_interval,lu,cw,finding,overlap,0.25,5000,11,0.02,0.10954451150103323,5.477225575051661,53,287,0.17647058823529413
zdt1_interval,lu,cw,finding,overlap_jaccard,0.25,5000,11,0.02,0.10954451150103323,5.477225575051661,53,287,0.09677419354838711
zdt1_interval,lu,cw,finding,coverage_a_in_b,0.25,5000,11,0.05,0.2738612787525831,5.477225575051661,53,287,0.5660377358490566
zdt1_interval,lu,cw,finding,coverage_b_in_a,0.25,5000,11,0.05,0.2738612787525831,5.477225575051661,53,287,0.10452961672473868
zdt1_interval,lu,cw,finding,overlap,0.25,5000,11,0.05,0.2738612787525831,5.477225575051661,53,287,0.17647058823529413
zdt1_interval,lu,cw,finding,overlap_jaccard,0.25,5000,11,0.05,0.2738612787525831,5.477225575051661,53,287,0.09677419354838711
zdt1_interval,lu,cw,finding,coverage_a_in_b,0.25,5000,11,0.1,0.5477225575051662,5.477225575051661,53,287,0.5660377358490566
zdt1_interval,lu,cw,finding,coverage_b_in_a,0.25,5000,11,0.1,0.5477225575051662,5.477225575051661,53,287,0.10452961672473868
zdt1_interval,lu,cw,finding,overlap,0.25,5000,11,0.1,0.5477225575051662,5.477225575051661,53,287,0.17647058823529413
zdt1_interval,lu,cw,finding,overlap_jaccard,0.25,5000,11,0.1,0.5477225575051662,5.477225575051661,53,287,0.09677419354838711
zdt1_interval,lu,cw,finding,coverage_a_in_b,0.25,5000,11,0.2,1.0954451150103324,5.477225575051661,53,287,0.5660377358490566
zdt1_interval,lu,cw,finding,coverage_b_in_a,0.25,5000,11,0.2,1.0954451150103324,5.477225575051661,53,287,0.10452961672473868
zdt1_interval,lu,cw,finding,overlap,0.25,5000,11,0.2,1.0954451150103324,5.477225575051661,53,287,0.17647058823529413
zdt1_interval,lu,cw,finding,overlap_jaccard,0.25,5000,11,0.2,1.0954451150103324,5.477225575051661,53,287,0.09677419354838711
zdt1_interval,ls,cw,check,coverage_a_in_b,0.25,5000,11,0.0,0.0,5.477225575051661,352,287,0.8153409090909091
zdt1_interval,ls,cw,check,coverage_b_in_a,0.25,5000,11,0.0,0.0,5.477225575051661,352,287,1.0
zdt1_interval,ls,cw,check,overlap,0.25,5000,11,0.0,0.0,5.477225575051661,352,287,0.8982785602503912
zdt1_interval,ls,cw,check,overlap_jaccard,0.25,5000,11,0.0,0.0,5.477225575051661,352,287,0.8153409090909092
zdt1_interval,ls,cw,check,coverage_a_in_b,0.25,5000,11,0.01,0.05477225575051661,5.477225575051661,352,287,0.8153409090909091
zdt1_interval,ls,cw,check,coverage_b_in_a,0.25,5000,11,0.01,0.05477225575051661,5.477225575051661,352,287,1.0
zdt1_interval,ls,cw,check,overlap,0.25,5000,11,0.01,0.05477225575051661,5.477225575051661,352,287,0.8982785602503912
zdt1_interval,ls,cw,check,overlap_jaccard,0.25,5000,11,0.01,0.05477225575051661,5.477225575051661,352,287,0.8153409090909092
zdt1_interval,ls,cw,check,coverage_a_in_b,0.25,5000,11,0.02,0.10954451150103323,5.477225575051661,352,287,0.8153409090909091
zdt1_interval,ls,cw,check,coverage_b_in_a,0.25,5000,11,0.02,0.10954451150103323,5.477225575051661,352,287,1.0
zdt1_interval,ls,cw,check,overlap,0.25,5000,11,0.02,0.10954451150103323,5.477225575051661,352,287,0.8982785602503912
zdt1_interval,ls,cw,check,overlap_jaccard,0.25,5000,11,0.02,0.10954451150103323,5.477225575051661,352,287,0.8153409090909092
zdt1_interval,ls,cw,check,coverage_a_in_b,0.25,5000,11,0.05,0.2738612787525831,5.477225575051661,352,287,0.8153409090909091
zdt1_interval,ls,cw,check,coverage_b_in_a,0.25,5000,11,0.05,0.2738612787525831,5.477225575051661,352,287,1.0
zdt1_interval,ls,cw,check,overlap,0.25,5000,11,0.05,0.2738612787525831,5.477225575051661,352,287,0.8982785602503912
zdt1_interval,ls,cw,check,overlap_jaccard,0.25,5000,11,0.05,0.2738612787525831,5.477225575051661,352,287,0.8153409090909092
zdt1_interval,ls,cw,check,coverage_a_in_b,0.25,5000,11,0.1,0.5477225575051662,5.477225575051661,352,287,0.8153409090909091
zdt1_interval,ls,cw,check,coverage_b_in_a,0.25,5000,11,0.1,0.5477225575051662,5.477225575051661,352,287,1.0
zdt1_interval,ls,cw,check,overlap,0.25,5000,11,0.1,0.5477225575051662,5.477225575051661,352,287,0.8982785602503912
zdt1_interval,ls,cw,check,overlap_jaccard,0.25,5000,11,0.1,0.5477225575051662,5.477225575051661,352,287,0.8153409090909092
zdt1_interval,ls,cw,check,coverage_a_in_b,0.25,5000,11,0.2,1.0954451150103324,5.477225575051661,352,287,0.8181818181818182
zdt1_interval,ls,cw,check,coverage_b_in_a,0.25,5000,11,0.2,1.0954451150103324,5.477225575051661,352,287,1.0
zdt1_interval,ls,cw,check,overlap,0.25,5000,11,0.2,1.0954451150103324,5.477225575051661,352,287,0.8998435054773083
zdt1_interval,ls,cw,check,overlap_jaccard,0.25,5000,11,0.2,1.0954451150103324,5.477225575051661,352,287,0.8179231863442389
zdt1_interval,lu,ls,check,coverage_a_in_b,0.25,5000,12,0.0,0.0,5.477225575051661,50,328,1.0
zdt1_interval,lu,ls,check,coverage_b_in_a,0.25,5000,12,0.0,0.0,5.477225575051661,50,328,0.1524390243902439
zdt1_interval,lu,ls,check,overlap,0.25,5000,12,0.0,0.0,5.477225575051661,50,328,0.26455026455026454
zdt1_interval,lu,ls,check,overlap_jaccard,0.25,5000,12,0.0,0.0,5.477225575051661,50,328,0.1524390243902439
zdt1_interval,lu,ls,check,coverage_a_in_b,0.25,5000,12,0.01,0.05477225575051661,5.477225575051661,50,328,1.0
zdt1_interval,lu,ls,check,coverage_b_in_a,0.25,5000,12,0.01,0.05477225575051661,5.477225575051661,50,328,0.1524390243902439
zdt1_interval,lu,ls,check,overlap,0.25,5000,12,0.01,0.05477225575051661,5.477225575051661,50,328,0.26455026455026454
zdt1_interval,lu,ls,check,overlap_jaccard,0.25,5000,12,0.01,0.05477225575051661,5.477225575051661,50,328,0.1524390243902439
zdt1_interval,lu,ls,check,coverage_a_in_b,0.25,5000,12,0.02,0.10954451150103323,5.477225575051661,50,328,1.0
zdt1_interval,lu,ls,check,coverage_b_in_a,0.25,5000,12,0.02,0.10954451150103323,5.477225575051661,50,328,0.1524390243902439
zdt1_interval,lu,ls,check,overlap,0.25,5000,12,0.02,0.10954451150103323,5.477225575051661,50,328,0.26455026455026454
zdt1_interval,lu,ls,check,overlap_jaccard,0.25,5000,12,0.02,0.10954451150103323,5.477225575051661,50,328,0.1524390243902439
zdt1_interval,lu,ls,check,coverage_a_in_b,0.25,5000,12,0.05,0.2738612787525831,5.477225575051661,50,328,1.0
zdt1_interval,lu,ls,check,coverage_b_in_a,0.25,5000,12,0.05,0.2738612787525831,5.477225575051661,50,328,0.1524390243902439
zdt1_interval,lu,ls,check,overlap,0.25,5000,12,0.05,0.2738612787525831,5.477225575051661,50,328,0.26455026455026454
zdt1_interval,lu,ls,check,overlap_jaccard,0.25,5000,12,0.05,0.2738612787525831,5.477225575051661,50,328,0.1524390243902439
zdt1_interval,lu,ls,check,coverage_a_in_b,0.25,5000,12,0.1,0.5477225575051662,5.477225575051661,50,328,1.0
zdt1_interval,lu,ls,check,coverage_b_in_a,0.25,5000,12,0.1,0.5477225575051662,5.477225575051661,50,328,0.1524390243902439
zdt1_interval,lu,ls,check,overlap,0.25,5000,12,0.1,0.5477225575051662,5.477225575051661,50,328,0.26455026455026454
zdt1_interval,lu,ls,check,overlap_jaccard,0.25,5000,12,0.1,0.5477225575051662,5.477225575051661,50,328,0.1524390243902439
zdt1_interval,lu,ls,check,coverage_a_in_b,0.25,5000,12,0.2,1.0954451150103324,5.477225575051661,50,328,1.0
zdt1_interval,lu,ls,check,coverage_b_in_a,0.25,5000,12,0.2,1.0954451150103324,5.477225575051661,50,328,0.1524390243902439
zdt1_interval,lu,ls,check,overlap,0.25,5000,12,0.2,1.0954451150103324,5.477225575051661,50,328,0.26455026455026454
zdt1_interval,lu,ls,check,overlap_jaccard,0.25,5000,12,0.2,1.0954451150103324,5.477225575051661,50,328,0.1524390243902439
zdt1_interval,lu,cw,finding,coverage_a_in_b,0.25,5000,12,0.0,0.0,5.477225575051661,50,250,0.66
zdt1_interval,lu,cw,finding,coverage_b_in_a,0.25,5000,12,0.0,0.0,5.477225575051661,50,250,0.132
zdt1_interval,lu,cw,finding,overlap,0.25,5000,12,0.0,0.0,5.477225575051661,50,250,0.22
zdt1_interval,lu,cw,finding,overlap_jaccard,0.25,5000,12,0.0,0.0,5.477225575051661,50,250,0.12359550561797752
zdt1_interval,lu,cw,finding,coverage_a_in_b,0.25,5000,12,0.01,0.05477225575051661,5.477225575051661,50,250,0.66
zdt1_interval,lu,cw,finding,coverage_b_in_a,0.25,5000,12,0.01,0.05477225575051661,5.477225575051661,50,250,0.132
zdt1_interval,lu,cw,finding,overlap,0.25,5000,12,0.01,0.05477225575051661,5.477225575051661,50,250,0.22
zdt1_interval,lu,cw,finding,overlap_jaccard,0.25,5000,12,0.01,0.05477225575051661,5.477225575051661,50,250,0.12359550561797752
zdt1_interval,lu,cw,finding,coverage_a_in_b,0.25,5000,12,0.02,0.10954451150103323,5.477225575051661,50,250,0.66
zdt1_interval,lu,cw,finding,coverage_b_in_a,0.25,5000,12,0.02,0.10954451150103323,5.477225575051661,50,250,0.132
zdt1_interval,lu,cw,finding,overlap,0.25,5000,12,0.02,0.10954451150103323,5.477225575051661,50,250,0.22
zdt1_interval,lu,cw,finding,overlap_jaccard,0.25,5000,12,0.02,0.10954451150103323,5.477225575051661,50,250,0.12359550561797752
zdt1_interval,lu,cw,finding,coverage_a_in_b,0.25,5000,12,0.05,0.2738612787525831,5.477225575051661,50,250,0.66
zdt1_interval,lu,cw,finding,coverage_b_in_a,0.25,5000,12,0.05,0.2738612787525831,5.477225575051661,50,250,0.132
zdt1_interval,lu,cw,finding,overlap,0.25,5000,12,0.05,0.2738612787525831,5.477225575051661,50,250,0.22
zdt1_interval,lu,cw,finding,overlap_jaccard,0.25,5000,12,0.05,0.2738612787525831,5.477225575051661,50,250,0.12359550561797752
zdt1_interval,lu,cw,finding,coverage_a_in_b,0.25,5000,12,0.1,0.5477225575051662,5.477225575051661,50,250,0.66
zdt1_interval,lu,cw,finding,coverage_b_in_a,0.25,5000,12,0.1,0.5477225575051662,5.477225575051661,50,250,0.132
zdt1_interval,lu,cw,finding,overlap,0.25,5000,12,0.1,0.5477225575051662,5.477225575051661,50,250,0.22
zdt1_interval,lu,cw,finding,overlap_jaccard,0.25,5000,12,0.1,0.5477225575051662,5.477225575051661,50,250,0.12359550561797752
zdt1_interval,lu,cw,finding,coverage_a_in_b,0.25,5000,12,0.2,1.0954451150103324,5.477225575051661,50,250,0.66
zdt1_interval,lu,cw,finding,coverage_b_in_a,0.25,5000,12,0.2,1.0954451150103324,5.477225575051661,50,250,0.132
zdt1_interval,lu,cw,finding,overlap,0.25,5000,12,0.2,1.0954451150103324,5.477225575051661,50,250,0.22
zdt1_interval,lu,cw,finding,overlap_jaccard,0.25,5000,12,0.2,1.0954451150103324,5.477225575051661,50,250,0.12359550561797752
zdt1_interval,ls,cw,check,coverage_a_in_b,0.25,5000,12,0.0,0.0,5.477225575051661,328,250,0.7621951219512195
zdt1_interval,ls,cw,check,coverage_b_in_a,0.25,5000,12,0.0,0.0,5.477225575051661,328,250,1.0
zdt1_interval,ls,cw,check,overlap,0.25,5000,12,0.0,0.0,5.477225575051661,328,250,0.8650519031141869
zdt1_interval,ls,cw,check,overlap_jaccard,0.25,5000,12,0.0,0.0,5.477225575051661,328,250,0.7621951219512195
zdt1_interval,ls,cw,check,coverage_a_in_b,0.25,5000,12,0.01,0.05477225575051661,5.477225575051661,328,250,0.7621951219512195
zdt1_interval,ls,cw,check,coverage_b_in_a,0.25,5000,12,0.01,0.05477225575051661,5.477225575051661,328,250,1.0
zdt1_interval,ls,cw,check,overlap,0.25,5000,12,0.01,0.05477225575051661,5.477225575051661,328,250,0.8650519031141869
zdt1_interval,ls,cw,check,overlap_jaccard,0.25,5000,12,0.01,0.05477225575051661,5.477225575051661,328,250,0.7621951219512195
zdt1_interval,ls,cw,check,coverage_a_in_b,0.25,5000,12,0.02,0.10954451150103323,5.477225575051661,328,250,0.7621951219512195
zdt1_interval,ls,cw,check,coverage_b_in_a,0.25,5000,12,0.02,0.10954451150103323,5.477225575051661,328,250,1.0
zdt1_interval,ls,cw,check,overlap,0.25,5000,12,0.02,0.10954451150103323,5.477225575051661,328,250,0.8650519031141869
zdt1_interval,ls,cw,check,overlap_jaccard,0.25,5000,12,0.02,0.10954451150103323,5.477225575051661,328,250,0.7621951219512195
zdt1_interval,ls,cw,check,coverage_a_in_b,0.25,5000,12,0.05,0.2738612787525831,5.477225575051661,328,250,0.7621951219512195
zdt1_interval,ls,cw,check,coverage_b_in_a,0.25,5000,12,0.05,0.2738612787525831,5.477225575051661,328,250,1.0
zdt1_interval,ls,cw,check,overlap,0.25,5000,12,0.05,0.2738612787525831,5.477225575051661,328,250,0.8650519031141869
zdt1_interval,ls,cw,check,overlap_jaccard,0.25,5000,12,0.05,0.2738612787525831,5.477225575051661,328,250,0.7621951219512195
zdt1_interval,ls,cw,check,coverage_a_in_b,0.25,5000,12,0.1,0.5477225575051662,5.477225575051661,328,250,0.7621951219512195
zdt1_interval,ls,cw,check,coverage_b_in_a,0.25,5000,12,0.1,0.5477225575051662,5.477225575051661,328,250,1.0
zdt1_interval,ls,cw,check,overlap,0.25,5000,12,0.1,0.5477225575051662,5.477225575051661,328,250,0.8650519031141869
zdt1_interval,ls,cw,check,overlap_jaccard,0.25,5000,12,0.1,0.5477225575051662,5.477225575051661,328,250,0.7621951219512195
zdt1_interval,ls,cw,check,coverage_a_in_b,0.25,5000,12,0.2,1.0954451150103324,5.477225575051661,328,250,0.7621951219512195
zdt1_interval,ls,cw,check,coverage_b_in_a,0.25,5000,12,0.2,1.0954451150103324,5.477225575051661,328,250,1.0
zdt1_interval,ls,cw,check,overlap,0.25,5000,12,0.2,1.0954451150103324,5.477225575051661,328,250,0.8650519031141869
zdt1_interval,ls,cw,check,overlap_jaccard,0.25,5000,12,0.2,1.0954451150103324,5.477225575051661,328,250,0.7621951219512195
zdt1_interval,lu,ls,check,coverage_a_in_b,0.25,5000,13,0.0,0.0,5.477225575051661,59,323,1.0
zdt1_interval,lu,ls,check,coverage_b_in_a,0.25,5000,13,0.0,0.0,5.477225575051661,59,323,0.1826625386996904
zdt1_interval,lu,ls,check,overlap,0.25,5000,13,0.0,0.0,5.477225575051661,59,323,0.3089005235602094
zdt1_interval,lu,ls,check,overlap_jaccard,0.25,5000,13,0.0,0.0,5.477225575051661,59,323,0.1826625386996904
zdt1_interval,lu,ls,check,coverage_a_in_b,0.25,5000,13,0.01,0.05477225575051661,5.477225575051661,59,323,1.0
zdt1_interval,lu,ls,check,coverage_b_in_a,0.25,5000,13,0.01,0.05477225575051661,5.477225575051661,59,323,0.1826625386996904
zdt1_interval,lu,ls,check,overlap,0.25,5000,13,0.01,0.05477225575051661,5.477225575051661,59,323,0.3089005235602094
zdt1_interval,lu,ls,check,overlap_jaccard,0.25,5000,13,0.01,0.05477225575051661,5.477225575051661,59,323,0.1826625386996904
zdt1_interval,lu,ls,check,coverage_a_in_b,0.25,5000,13,0.02,0.10954451150103323,5.477225575051661,59,323,1.0
zdt1_interval,lu,ls,check,coverage_b_in_a,0.25,5000,13,0.02,0.10954451150103323,5.477225575051661,59,323,0.1826625386996904
zdt1_interval,lu,ls,check,overlap,0.25,5000,13,0.02,0.10954451150103323,5.477225575051661,59,323,0.3089005235602094
zdt1_interval,lu,ls,check,overlap_jaccard,0.25,5000,13,0.02,0.10954451150103323,5.477225575051661,59,323,0.1826625386996904
zdt1_interval,lu,ls,check,coverage_a_in_b,0.25,5000,13,0.05,0.2738612787525831,5.477225575051661,59,323,1.0
zdt1_interval,lu,ls,check,coverage_b_in_a,0.25,5000,13,0.05,0.2738612787525831,5.477225575051661,59,323,0.1826625386996904
zdt1_interval,lu,ls,check,overlap,0.25,5000,13,0.05,0.2738612787525831,5.477225575051661,59,323,0.3089005235602094
zdt1_interval,lu,ls,check,overlap_jaccard,0.25,5000,13,0.05,0.2738612787525831,5.477225575051661,59,323,0.1826625386996904
zdt1_interval,lu,ls,check,coverage_a_in_b,0.25,5000,13,0.1,0.5477225575051662,5.477225575051661,59,323,1.0
zdt1_interval,lu,ls,check,coverage_b_in_a,0.25,5000,13,0.1,0.5477225575051662,5.477225575051661,59,323,0.1826625386996904
zdt1_interval,lu,ls,check,overlap,0.25,5000,13,0.1,0.5477225575051662,5.477225575051661,59,323,0.3089005235602094
zdt1_interval,lu,ls,check,overlap_jaccard,0.25,5000,13,0.1,0.5477225575051662,5.477225575051661,59,323,0.1826625386996904
zdt1_interval,lu,ls,check,coverage_a_in_b,0.25,5000,13,0.2,1.0954451150103324,5.477225575051661,59,323,1.0
zdt1_interval,lu,ls,check,coverage_b_in_a,0.25,5000,13,0.2,1.0954451150103324,5.477225575051661,59,323,0.1826625386996904
zdt1_interval,lu,ls,check,overlap,0.25,5000,13,0.2,1.0954451150103324,5.477225575051661,59,323,0.3089005235602094
zdt1_interval,lu,ls,check,overlap_jaccard,0.25,5000,13,0.2,1.0954451150103324,5.477225575051661,59,323,0.1826625386996904
zdt1_interval,lu,cw,finding,coverage_a_in_b,0.25,5000,13,0.0,0.0,5.477225575051661,59,257,0.5254237288135594
zdt1_interval,lu,cw,finding,coverage_b_in_a,0.25,5000,13,0.0,0.0,5.477225575051661,59,257,0.12062256809338522
zdt1_interval,lu,cw,finding,overlap,0.25,5000,13,0.0,0.0,5.477225575051661,59,257,0.1962025316455696
zdt1_interval,lu,cw,finding,overlap_jaccard,0.25,5000,13,0.0,0.0,5.477225575051661,59,257,0.1087719298245614
zdt1_interval,lu,cw,finding,coverage_a_in_b,0.25,5000,13,0.01,0.05477225575051661,5.477225575051661,59,257,0.5254237288135594
zdt1_interval,lu,cw,finding,coverage_b_in_a,0.25,5000,13,0.01,0.05477225575051661,5.477225575051661,59,257,0.12062256809338522
zdt1_interval,lu,cw,finding,overlap,0.25,5000,13,0.01,0.05477225575051661,5.477225575051661,59,257,0.1962025316455696
zdt1_interval,lu,cw,finding,overlap_jaccard,0.25,5000,13,0.01,0.05477225575051661,5.477225575051661,59,257,0.1087719298245614
zdt1_interval,lu,cw,finding,coverage_a_in_b,0.25,5000,13,0.02,0.10954451150103323,5.477225575051661,59,257,0.5254237288135594
zdt1_interval,lu,cw,finding,coverage_b_in_a,0.25,5000,13,0.02,0.10954451150103323,5.477225575051661,59,257,0.12062256809338522
zdt1_interval,lu,cw,finding,overlap,0.25,5000,13,0.02,0.10954451150103323,5.477225575051661,59,257,0.1962025316455696
zdt1_interval,lu,cw,finding,overlap_jaccard,0.25,5000,13,0.02,0.10954451150103323,5.477225575051661,59,257,0.1087719298245614
zdt1_interval,lu,cw,finding,coverage_a_in_b,0.25,5000,13,0.05,0.2738612787525831,5.477225575051661,59,257,0.5254237288135594
zdt1_interval,lu,cw,finding,coverage_b_in_a,0.25,5000,13,0.05,0.2738612787525831,5.477225575051661,59,257,0.12062256809338522
zdt1_interval,lu,cw,finding,overlap,0.25,5000,13,0.05,0.2738612787525831,5.477225575051661,59,257,0.1962025316455696
zdt1_interval,lu,cw,finding,overlap_jaccard,0.25,5000,13,0.05,0.2738612787525831,5.477225575051661,59,257,0.1087719298245614
zdt1_interval,lu,cw,finding,coverage_a_in_b,0.25,5000,13,0.1,0.5477225575051662,5.477225575051661,59,257,0.5254237288135594
zdt1_interval,lu,cw,finding,coverage_b_in_a,0.25,5000,13,0.1,0.5477225575051662,5.477225575051661,59,257,0.12062256809338522
zdt1_interval,lu,cw,finding,overlap,0.25,5000,13,0.1,0.5477225575051662,5.477225575051661,59,257,0.1962025316455696
zdt1_interval,lu,cw,finding,overlap_jaccard,0.25,5000,13,0.1,0.5477225575051662,5.477225575051661,59,257,0.1087719298245614
zdt1_interval,lu,cw,finding,coverage_a_in_b,0.25,5000,13,0.2,1.0954451150103324,5.477225575051661,59,257,0.5254237288135594
zdt1_interval,lu,cw,finding,coverage_b_in_a,0.25,5000,13,0.2,1.0954451150103324,5.477225575051661,59,257,0.12062256809338522
zdt1_interval,lu,cw,finding,overlap,0.25,5000,13,0.2,1.0954451150103324,5.477225575051661,59,257,0.1962025316455696
zdt1_interval,lu,cw,finding,overlap_jaccard,0.25,5000,13,0.2,1.0954451150103324,5.477225575051661,59,257,0.1087719298245614
zdt1_interval,ls,cw,check,coverage_a_in_b,0.25,5000,13,0.0,0.0,5.477225575051661,323,257,0.7956656346749226
zdt1_interval,ls,cw,check,coverage_b_in_a,0.25,5000,13,0.0,0.0,5.477225575051661,323,257,1.0
zdt1_interval,ls,cw,check,overlap,0.25,5000,13,0.0,0.0,5.477225575051661,323,257,0.8862068965517241
zdt1_interval,ls,cw,check,overlap_jaccard,0.25,5000,13,0.0,0.0,5.477225575051661,323,257,0.7956656346749225
zdt1_interval,ls,cw,check,coverage_a_in_b,0.25,5000,13,0.01,0.05477225575051661,5.477225575051661,323,257,0.7956656346749226
zdt1_interval,ls,cw,check,coverage_b_in_a,0.25,5000,13,0.01,0.05477225575051661,5.477225575051661,323,257,1.0
zdt1_interval,ls,cw,check,overlap,0.25,5000,13,0.01,0.05477225575051661,5.477225575051661,323,257,0.8862068965517241
zdt1_interval,ls,cw,check,overlap_jaccard,0.25,5000,13,0.01,0.05477225575051661,5.477225575051661,323,257,0.7956656346749225
zdt1_interval,ls,cw,check,coverage_a_in_b,0.25,5000,13,0.02,0.10954451150103323,5.477225575051661,323,257,0.7956656346749226
zdt1_interval,ls,cw,check,coverage_b_in_a,0.25,5000,13,0.02,0.10954451150103323,5.477225575051661,323,257,1.0
zdt1_interval,ls,cw,check,overlap,0.25,5000,13,0.02,0.10954451150103323,5.477225575051661,323,257,0.8862068965517241
zdt1_interval,ls,cw,check,overlap_jaccard,0.25,5000,13,0.02,0.10954451150103323,5.477225575051661,323,257,0.7956656346749225
zdt1_interval,ls,cw,check,coverage_a_in_b,0.25,5000,13,0.05,0.2738612787525831,5.477225575051661,323,257,0.7956656346749226
zdt1_interval,ls,cw,check,coverage_b_in_a,0.25,5000,13,0.05,0.2738612787525831,5.477225575051661,323,257,1.0
zdt1_interval,ls,cw,check,overlap,0.25,5000,13,0.05,0.2738612787525831,5.477225575051661,323,257,0.8862068965517241
zdt1_interval,ls,cw,check,overlap_jaccard,0.25,5000,13,0.05,0.2738612787525831,5.477225575051661,323,257,0.7956656346749225
zdt1_interval,ls,cw,check,coverage_a_in_b,0.25,5000,13,0.1,0.5477225575051662,5.477225575051661,323,257,0.7956656346749226
zdt1_interval,ls,cw,check,coverage_b_in_a,0.25,5000,13,0.1,0.5477225575051662,5.477225575051661,323,257,1.0
zdt1_interval,ls,cw,check,overlap,0.25,5000,13,0.1,0.5477225575051662,5.477225575051661,323,257,0.8862068965517241
zdt1_interval,ls,cw,check,overlap_jaccard,0.25,5000,13,0.1,0.5477225575051662,5.477225575051661,323,257,0.7956656346749225
zdt1_interval,ls,cw,check,coverage_a_in_b,0.25,5000,13,0.2,1.0954451150103324,5.477225575051661,323,257,0.7956656346749226
zdt1_interval,ls,cw,check,coverage_b_in_a,0.25,5000,13,0.2,1.0954451150103324,5.477225575051661,323,257,1.0
zdt1_interval,ls,cw,check,overlap,0.25,5000,13,0.2,1.0954451150103324,5.477225575051661,323,257,0.8862068965517241
zdt1_interval,ls,cw,check,overlap_jaccard,0.25,5000,13,0.2,1.0954451150103324,5.477225575051661,323,257,0.7956656346749225
zdt1_interval,lu,ls,check,coverage_a_in_b,0.25,5000,14,0.0,0.0,5.477225575051661,59,304,1.0
zdt1_interval,lu,ls,check,coverage_b_in_a,0.25,5000,14,0.0,0.0,5.477225575051661,59,304,0.19407894736842105
zdt1_interval,lu,ls,check,overlap,0.25,5000,14,0.0,0.0,5.477225575051661,59,304,0.325068870523416
zdt1_interval,lu,ls,check,overlap_jaccard,0.25,5000,14,0.0,0.0,5.477225575051661,59,304,0.19407894736842105
zdt1_interval,lu,ls,check,coverage_a_in_b,0.25,5000,14,0.01,0.05477225575051661,5.477225575051661,59,304,1.0
zdt1_interval,lu,ls,check,coverage_b_in_a,0.25,5000,14,0.01,0.05477225575051661,5.477225575051661,59,304,0.19407894736842105
zdt1_interval,lu,ls,check,overlap,0.25,5000,14,0.01,0.05477225575051661,5.477225575051661,59,304,0.325068870523416
zdt1_interval,lu,ls,check,overlap_jaccard,0.25,5000,14,0.01,0.05477225575051661,5.477225575051661,59,304,0.19407894736842105
zdt1_interval,lu,ls,check,coverage_a_in_b,0.25,5000,14,0.02,0.10954451150103323,5.477225575051661,59,304,1.0
zdt1_interval,lu,ls,check,coverage_b_in_a,0.25,5000,14,0.02,0.10954451150103323,5.477225575051661,59,304,0.19407894736842105
zdt1_interval,lu,ls,check,overlap,0.25,5000,14,0.02,0.10954451150103323,5.477225575051661,59,304,0.325068870523416
zdt1_interval,lu,ls,check,overlap_jaccard,0.25,5000,14,0.02,0.10954451150103323,5.477225575051661,59,304,0.19407894736842105
zdt1_interval,lu,ls,check,coverage_a_in_b,0.25,5000,14,0.05,0.2738612787525831,5.477225575051661,59,304,1.0
zdt1_interval,lu,ls,check,coverage_b_in_a,0.25,5000,14,0.05,0.2738612787525831,5.477225575051661,59,304,0.19407894736842105
zdt1_interval,lu,ls,check,overlap,0.25,5000,14,0.05,0.2738612787525831,5.477225575051661,59,304,0.325068870523416
zdt1_interval,lu,ls,check,overlap_jaccard,0.25,5000,14,0.05,0.2738612787525831,5.477225575051661,59,304,0.19407894736842105
zdt1_interval,lu,ls,check,coverage_a_in_b,0.25,5000,14,0.1,0.5477225575051662,5.477225575051661,59,304,1.0
zdt1_interval,lu,ls,check,coverage_b_in_a,0.25,5000,14,0.1,0.5477225575051662,5.477225575051661,59,304,0.19407894736842105
zdt1_interval,lu,ls,check,overlap,0.25,5000,14,0.1,0.5477225575051662,5.477225575051661,59,304,0.325068870523416
zdt1_interval,lu,ls,check,overlap_jaccard,0.25,5000,14,0.1,0.5477225575051662,5.477225575051661,59,304,0.19407894736842105
zdt1_interval,lu,ls,check,coverage_a_in_b,0.25,5000,14,0.2,1.0954451150103324,5.477225575051661,59,304,1.0
zdt1_interval,lu,ls,check,coverage_b_in_a,0.25,5000,14,0.2,1.0954451150103324,5.477225575051661,59,304,0.19736842105263158
zdt1_interval,lu,ls,check,overlap,0.25,5000,14,0.2,1.0954451150103324,5.477225575051661,59,304,0.3278236914600551
zdt1_interval,lu,ls,check,overlap_jaccard,0.25,5000,14,0.2,1.0954451150103324,5.477225575051661,59,304,0.1960461285008237
zdt1_interval,lu,cw,finding,coverage_a_in_b,0.25,5000,14,0.0,0.0,5.477225575051661,59,253,0.7796610169491526
zdt1_interval,lu,cw,finding,coverage_b_in_a,0.25,5000,14,0.0,0.0,5.477225575051661,59,253,0.18181818181818182
zdt1_interval,lu,cw,finding,overlap,0.25,5000,14,0.0,0.0,5.477225575051661,59,253,0.2948717948717949
zdt1_interval,lu,cw,finding,overlap_jaccard,0.25,5000,14,0.0,0.0,5.477225575051661,59,253,0.1729323308270677
zdt1_interval,lu,cw,finding,coverage_a_in_b,0.25,5000,14,0.01,0.05477225575051661,5.477225575051661,59,253,0.7796610169491526
zdt1_interval,lu,cw,finding,coverage_b_in_a,0.25,5000,14,0.01,0.05477225575051661,5.477225575051661,59,253,0.18181818181818182
zdt1_interval,lu,cw,finding,overlap,0.25,5000,14,0.01,0.05477225575051661,5.477225575051661,59,253,0.2948717948717949
zdt1_interval,lu,cw,finding,overlap_jaccard,0.25,5000,14,0.01,0.05477225575051661,5.477225575051661,59,253,0.1729323308270677
zdt1_interval,lu,cw,finding,coverage_a_in_b,0.25,5000,14,0.02,0.10954451150103323,5.477225575051661,59,253,0.7796610169491526
zdt1_interval,lu,cw,finding,coverage_b_in_a,0.25,5000,14,0.02,0.10954451150103323,5.477225575051661,59,253,0.18181818181818182
zdt1_interval,lu,cw,finding,overlap,0.25,5000,14,0.02,0.10954451150103323,5.477225575051661,59,253,0.2948717948717949
zdt1_interval,lu,cw,finding,overlap_jaccard,0.25,5000,14,0.02,0.10954451150103323,5.477225575051661,59,253,0.1729323308270677
zdt1_interval,lu,cw,finding,coverage_a_in_b,0.25,5000,14,0.05,0.2738612787525831,5.477225575051661,59,253,0.7796610169491526
zdt1_interval,lu,cw,finding,coverage_b_in_a,0.25,5000,14,0.05,0.2738612787525831,5.477225575051661,59,253,0.18181818181818182
zdt1_interval,lu,cw,finding,overlap,0.25,5000,14,0.05,0.2738612787525831,5.477225575051661,59,253,0.2948717948717949
zdt1_interval,lu,cw,finding,overlap_jaccard,0.25,5000,14,0.05,0.2738612787525831,5.477225575051661,59,253,0.1729323308270677
zdt1_interval,lu,cw,finding,coverage_a_in_b,0.25,5000,14,0.1,0.5477225575051662,5.477225575051661,59,253,0.7796610169491526
zdt1_interval,lu,cw,finding,coverage_b_in_a,0.25,5000,14,0.1,0.5477225575051662,5.477225575051661,59,253,0.18181818181818182
zdt1_interval,lu,cw,finding,overlap,0.25,5000,14,0.1,0.5477225575051662,5.477225575051661,59,253,0.2948717948717949
zdt1_interval,lu,cw,finding,overlap_jaccard,0.25,5000,14,0.1,0.5477225575051662,5.477225575051661,59,253,0.1729323308270677
zdt1_interval,lu,cw,finding,coverage_a_in_b,0.25,5000,14,0.2,1.0954451150103324,5.477225575051661,59,253,0.7796610169491526
zdt1_interval,lu,cw,finding,coverage_b_in_a,0.25,5000,14,0.2,1.0954451150103324,5.477225575051661,59,253,0.1857707509881423
zdt1_interval,lu,cw,finding,overlap,0.25,5000,14,0.2,1.0954451150103324,5.477225575051661,59,253,0.2980769230769231
zdt1_interval,lu,cw,finding,overlap_jaccard,0.25,5000,14,0.2,1.0954451150103324,5.477225575051661,59,253,0.1751412429378531
zdt1_interval,ls,cw,check,coverage_a_in_b,0.25,5000,14,0.0,0.0,5.477225575051661,304,253,0.8322368421052632
zdt1_interval,ls,cw,check,coverage_b_in_a,0.25,5000,14,0.0,0.0,5.477225575051661,304,253,1.0
zdt1_interval,ls,cw,check,overlap,0.25,5000,14,0.0,0.0,5.477225575051661,304,253,0.9084380610412927
zdt1_interval,ls,cw,check,overlap_jaccard,0.25,5000,14,0.0,0.0,5.477225575051661,304,253,0.8322368421052633
zdt1_interval,ls,cw,check,coverage_a_in_b,0.25,5000,14,0.01,0.05477225575051661,5.477225575051661,304,253,0.8322368421052632
zdt1_interval,ls,cw,check,coverage_b_in_a,0.25,5000,14,0.01,0.05477225575051661,5.477225575051661,304,253,1.0
zdt1_interval,ls,cw,check,overlap,0.25,5000,14,0.01,0.05477225575051661,5.477225575051661,304,253,0.9084380610412927
zdt1_interval,ls,cw,check,overlap_jaccard,0.25,5000,14,0.01,0.05477225575051661,5.477225575051661,304,253,0.8322368421052633
zdt1_interval,ls,cw,check,coverage_a_in_b,0.25,5000,14,0.02,0.10954451150103323,5.477225575051661,304,253,0.8322368421052632
zdt1_interval,ls,cw,check,coverage_b_in_a,0.25,5000,14,0.02,0.10954451150103323,5.477225575051661,304,253,1.0
zdt1_interval,ls,cw,check,overlap,0.25,5000,14,0.02,0.10954451150103323,5.477225575051661,304,253,0.9084380610412927
zdt1_interval,ls,cw,check,overlap_jaccard,0.25,5000,14,0.02,0.10954451150103323,5.477225575051661,304,253,0.8322368421052633
zdt1_interval,ls,cw,check,coverage_a_in_b,0.25,5000,14,0.05,0.2738612787525831,5.477225575051661,304,253,0.8322368421052632
zdt1_interval,ls,cw,check,coverage_b_in_a,0.25,5000,14,0.05,0.2738612787525831,5.477225575051661,304,253,1.0
zdt1_interval,ls,cw,check,overlap,0.25,5000,14,0.05,0.2738612787525831,5.477225575051661,304,253,0.9084380610412927
zdt1_interval,ls,cw,check,overlap_jaccard,0.25,5000,14,0.05,0.2738612787525831,5.477225575051661,304,253,0.8322368421052633
zdt1_interval,ls,cw,check,coverage_a_in_b,0.25,5000,14,0.1,0.5477225575051662,5.477225575051661,304,253,0.8322368421052632
zdt1_interval,ls,cw,check,coverage_b_in_a,0.25,5000,14,0.1,0.5477225575051662,5.477225575051661,304,253,1.0
zdt1_interval,ls,cw,check,overlap,0.25,5000,14,0.1,0.5477225575051662,5.477225575051661,304,253,0.9084380610412927
zdt1_interval,ls,cw,check,overlap_jaccard,0.25,5000,14,0.1,0.5477225575051662,5.477225575051661,304,253,0.8322368421052633
zdt1_interval,ls,cw,check,coverage_a_in_b,0.25,5000,14,0.2,1.0954451150103324,5.477225575051661,304,253,0.8322368421052632
zdt1_interval,ls,cw,check,coverage_b_in_a,0.25,5000,14,0.2,1.0954451150103324,5.477225575051661,304,253,1.0
zdt1_interval,ls,cw,check,overlap,0.25,5000,14,0.2,1.0954451150103324,5.477225575051661,304,253,0.9084380610412927
zdt1_interval,ls,cw,check,overlap_jaccard,0.25,5000,14,0.2,1.0954451150103324,5.477225575051661,304,253,0.8322368421052633
zdt1_interval,lu,ls,check,coverage_a_in_b,0.25,5000,15,0.0,0.0,5.477225575051661,41,331,1.0
zdt1_interval,lu,ls,check,coverage_b_in_a,0.25,5000,15,0.0,0.0,5.477225575051661,41,331,0.12386706948640483
zdt1_interval,lu,ls,check,overlap,0.25,5000,15,0.0,0.0,5.477225575051661,41,331,0.22043010752688172
zdt1_interval,lu,ls,check,overlap_jaccard,0.25,5000,15,0.0,0.0,5.477225575051661,41,331,0.12386706948640483
zdt1_interval,lu,ls,check,coverage_a_in_b,0.25,5000,15,0.01,0.05477225575051661,5.477225575051661,41,331,1.0
zdt1_interval,lu,ls,check,coverage_b_in_a,0.25,5000,15,0.01,0.05477225575051661,5.477225575051661,41,331,0.12386706948640483
zdt1_interval,lu,ls,check,overlap,0.25,5000,15,0.01,0.05477225575051661,5.477225575051661,41,331,0.22043010752688172
zdt1_interval,lu,ls,check,overlap_jaccard,0.25,5000,15,0.01,0.05477225575051661,5.477225575051661,41,331,0.12386706948640483
zdt1_interval,lu,ls,check,coverage_a_in_b,0.25,5000,15,0.02,0.10954451150103323,5.477225575051661,41,331,1.0
zdt1_interval,lu,ls,check,coverage_b_in_a,0.25,5000,15,0.02,0.10954451150103323,5.477225575051661,41,331,0.12386706948640483
zdt1_interval,lu,ls,check,overlap,0.25,5000,15,0.02,0.10954451150103323,5.477225575051661,41,331,0.22043010752688172
zdt1_interval,lu,ls,check,overlap_jaccard,0.25,5000,15,0.02,0.10954451150103323,5.477225575051661,41,331,0.12386706948640483
zdt1_interval,lu,ls,check,coverage_a_in_b,0.25,5000,15,0.05,0.2738612787525831,5.477225575051661,41,331,1.0
zdt1_interval,lu,ls,check,coverage_b_in_a,0.25,5000,15,0.05,0.2738612787525831,5.477225575051661,41,331,0.12386706948640483
zdt1_interval,lu,ls,check,overlap,0.25,5000,15,0.05,0.2738612787525831,5.477225575051661,41,331,0.22043010752688172
zdt1_interval,lu,ls,check,overlap_jaccard,0.25,5000,15,0.05,0.2738612787525831,5.477225575051661,41,331,0.12386706948640483
zdt1_interval,lu,ls,check,coverage_a_in_b,0.25,5000,15,0.1,0.5477225575051662,5.477225575051661,41,331,1.0
zdt1_interval,lu,ls,check,coverage_b_in_a,0.25,5000,15,0.1,0.5477225575051662,5.477225575051661,41,331,0.12386706948640483
zdt1_interval,lu,ls,check,overlap,0.25,5000,15,0.1,0.5477225575051662,5.477225575051661,41,331,0.22043010752688172
zdt1_interval,lu,ls,check,overlap_jaccard,0.25,5000,15,0.1,0.5477225575051662,5.477225575051661,41,331,0.12386706948640483
zdt1_interval,lu,ls,check,coverage_a_in_b,0.25,5000,15,0.2,1.0954451150103324,5.477225575051661,41,331,1.0
zdt1_interval,lu,ls,check,coverage_b_in_a,0.25,5000,15,0.2,1.0954451150103324,5.477225575051661,41,331,0.12386706948640483
zdt1_interval,lu,ls,check,overlap,0.25,5000,15,0.2,1.0954451150103324,5.477225575051661,41,331,0.22043010752688172
zdt1_interval,lu,ls,check,overlap_jaccard,0.25,5000,15,0.2,1.0954451150103324,5.477225575051661,41,331,0.12386706948640483
zdt1_interval,lu,cw,finding,coverage_a_in_b,0.25,5000,15,0.0,0.0,5.477225575051661,41,271,0.6829268292682927
zdt1_interval,lu,cw,finding,coverage_b_in_a,0.25,5000,15,0.0,0.0,5.477225575051661,41,271,0.1033210332103321
zdt1_interval,lu,cw,finding,overlap,0.25,5000,15,0.0,0.0,5.477225575051661,41,271,0.1794871794871795
zdt1_interval,lu,cw,finding,overlap_jaccard,0.25,5000,15,0.0,0.0,5.477225575051661,41,271,0.09859154929577466
zdt1_interval,lu,cw,finding,coverage_a_in_b,0.25,5000,15,0.01,0.05477225575051661,5.477225575051661,41,271,0.6829268292682927
zdt1_interval,lu,cw,finding,coverage_b_in_a,0.25,5000,15,0.01,0.05477225575051661,5.477225575051661,41,271,0.1033210332103321
zdt1_interval,lu,cw,finding,overlap,0.25,5000,15,0.01,0.05477225575051661,5.477225575051661,41,271,0.1794871794871795
zdt1_interval,lu,cw,finding,overlap_jaccard,0.25,5000,15,0.01,0.05477225575051661,5.477225575051661,41,271,0.09859154929577466
zdt1_interval,lu,cw,finding,coverage_a_in_b,0.25,5000,15,0.02,0.10954451150103323,5.477225575051661,41,271,0.6829268292682927
zdt1_interval,lu,cw,finding,coverage_b_in_a,0.25,5000,15,0.02,0.10954451150103323,5.477225575051661,41,271,0.1033210332103321
zdt1_interval,lu,cw,finding,overlap,0.25,5000,15,0.02,0.10954451150103323,5.477225575051661,41,271,0.1794871794871795
zdt1_interval,lu,cw,finding,overlap_jaccard,0.25,5000,15,0.02,0.10954451150103323,5.477225575051661,41,271,0.09859154929577466
zdt1_interval,lu,cw,finding,coverage_a_in_b,0.25,5000,15,0.05,0.2738612787525831,5.477225575051661,41,271,0.6829268292682927
zdt1_interval,lu,cw,finding,coverage_b_in_a,0.25,5000,15,0.05,0.2738612787525831,5.477225575051661,41,271,0.1033210332103321
zdt1_interval,lu,cw,finding,overlap,0.25,5000,15,0.05,0.2738612787525831,5.477225575051661,41,271,0.1794871794871795
zdt1_interval,lu,cw,finding,overlap_jaccard,0.25,5000,15,0.05,0.2738612787525831,5.477225575051661,41,271,0.09859154929577466
zdt1_interval,lu,cw,finding,coverage_a_in_b,0.25,5000,15,0.1,0.5477225575051662,5.477225575051661,41,271,0.6829268292682927
zdt1_interval,lu,cw,finding,coverage_b_in_a,0.25,5000,15,0.1,0.5477225575051662,5.477225575051661,41,271,0.1033210332103321
zdt1_interval,lu,cw,finding,overlap,0.25,5000,15,0.1,0.5477225575051662,5.477225575051661,41,271,0.1794871794871795
zdt1_interval,lu,cw,finding,overlap_jaccard,0.25,5000,15,0.1,0.5477225575051662,5.477225575051661,41,271,0.09859154929577466
zdt1_interval,lu,cw,finding,coverage_a_in_b,0.25,5000,15,0.2,1.0954451150103324,5.477225575051661,41,271,0.6829268292682927
zdt1_interval,lu,cw,finding,coverage_b_in_a,0.25,5000,15,0.2,1.0954451150103324,5.477225575051661,41,271,0.1033210332103321
zdt1_interval,lu,cw,finding,overlap,0.25,5000,15,0.2,1.0954451150103324,5.477225575051661,41,271,0.1794871794871795
zdt1_interval,lu,cw,finding,overlap_jaccard,0.25,5000,15,0.2,1.0954451150103324,5.477225575051661,41,271,0.09859154929577466
zdt1_interval,ls,cw,check,coverage_a_in_b,0.25,5000,15,0.0,0.0,5.477225575051661,331,271,0.8187311178247734
zdt1_interval,ls,cw,check,coverage_b_in_a,0.25,5000,15,0.0,0.0,5.477225575051661,331,271,1.0
zdt1_interval,ls,cw,check,overlap,0.25,5000,15,0.0,0.0,5.477225575051661,331,271,0.9003322259136213
zdt1_interval,ls,cw,check,overlap_jaccard,0.25,5000,15,0.0,0.0,5.477225575051661,331,271,0.8187311178247735
zdt1_interval,ls,cw,check,coverage_a_in_b,0.25,5000,15,0.01,0.05477225575051661,5.477225575051661,331,271,0.8187311178247734
zdt1_interval,ls,cw,check,coverage_b_in_a,0.25,5000,15,0.01,0.05477225575051661,5.477225575051661,331,271,1.0
zdt1_interval,ls,cw,check,overlap,0.25,5000,15,0.01,0.05477225575051661,5.477225575051661,331,271,0.9003322259136213
zdt1_interval,ls,cw,check,overlap_jaccard,0.25,5000,15,0.01,0.05477225575051661,5.477225575051661,331,271,0.8187311178247735
zdt1_interval,ls,cw,check,coverage_a_in_b,0.25,5000,15,0.02,0.10954451150103323,5.477225575051661,331,271,0.8187311178247734
zdt1_interval,ls,cw,check,coverage_b_in_a,0.25,5000,15,0.02,0.10954451150103323,5.477225575051661,331,271,1.0
zdt1_interval,ls,cw,check,overlap,0.25,5000,15,0.02,0.10954451150103323,5.477225575051661,331,271,0.9003322259136213
zdt1_interval,ls,cw,check,overlap_jaccard,0.25,5000,15,0.02,0.10954451150103323,5.477225575051661,331,271,0.8187311178247735
zdt1_interval,ls,cw,check,coverage_a_in_b,0.25,5000,15,0.05,0.2738612787525831,5.477225575051661,331,271,0.8187311178247734
zdt1_interval,ls,cw,check,coverage_b_in_a,0.25,5000,15,0.05,0.2738612787525831,5.477225575051661,331,271,1.0
zdt1_interval,ls,cw,check,overlap,0.25,5000,15,0.05,0.2738612787525831,5.477225575051661,331,271,0.9003322259136213
zdt1_interval,ls,cw,check,overlap_jaccard,0.25,5000,15,0.05,0.2738612787525831,5.477225575051661,331,271,0.8187311178247735
zdt1_interval,ls,cw,check,coverage_a_in_b,0.25,5000,15,0.1,0.5477225575051662,5.477225575051661,331,271,0.8187311178247734
zdt1_interval,ls,cw,check,coverage_b_in_a,0.25,5000,15,0.1,0.5477225575051662,5.477225575051661,331,271,1.0
zdt1_interval,ls,cw,check,overlap,0.25,5000,15,0.1,0.5477225575051662,5.477225575051661,331,271,0.9003322259136213
zdt1_interval,ls,cw,check,overlap_jaccard,0.25,5000,15,0.1,0.5477225575051662,5.477225575051661,331,271,0.8187311178247735
zdt1_interval,ls,cw,check,coverage_a_in_b,0.25,5000,15,0.2,1.0954451150103324,5.477225575051661,331,271,0.8187311178247734
zdt1_interval,ls,cw,check,coverage_b_in_a,0.25,5000,15,0.2,1.0954451150103324,5.477225575051661,331,271,1.0
zdt1_interval,ls,cw,check,overlap,0.25,5000,15,0.2,1.0954451150103324,5.477225575051661,331,271,0.9003322259136213
zdt1_interval,ls,cw,check,overlap_jaccard,0.25,5000,15,0.2,1.0954451150103324,5.477225575051661,331,271,0.8187311178247735
zdt1_interval,lu,ls,check,coverage_a_in_b,0.5,5000,11,0.0,0.0,5.477225575051661,68,389,1.0
zdt1_interval,lu,ls,check,coverage_b_in_a,0.5,5000,11,0.0,0.0,5.477225575051661,68,389,0.17480719794344474
zdt1_interval,lu,ls,check,overlap,0.5,5000,11,0.0,0.0,5.477225575051661,68,389,0.2975929978118162
zdt1_interval,lu,ls,check,overlap_jaccard,0.5,5000,11,0.0,0.0,5.477225575051661,68,389,0.17480719794344474
zdt1_interval,lu,ls,check,coverage_a_in_b,0.5,5000,11,0.01,0.05477225575051661,5.477225575051661,68,389,1.0
zdt1_interval,lu,ls,check,coverage_b_in_a,0.5,5000,11,0.01,0.05477225575051661,5.477225575051661,68,389,0.17480719794344474
zdt1_interval,lu,ls,check,overlap,0.5,5000,11,0.01,0.05477225575051661,5.477225575051661,68,389,0.2975929978118162
zdt1_interval,lu,ls,check,overlap_jaccard,0.5,5000,11,0.01,0.05477225575051661,5.477225575051661,68,389,0.17480719794344474
zdt1_interval,lu,ls,check,coverage_a_in_b,0.5,5000,11,0.02,0.10954451150103323,5.477225575051661,68,389,1.0
zdt1_interval,lu,ls,check,coverage_b_in_a,0.5,5000,11,0.02,0.10954451150103323,5.477225575051661,68,389,0.17480719794344474
zdt1_interval,lu,ls,check,overlap,0.5,5000,11,0.02,0.10954451150103323,5.477225575051661,68,389,0.2975929978118162
zdt1_interval,lu,ls,check,overlap_jaccard,0.5,5000,11,0.02,0.10954451150103323,5.477225575051661,68,389,0.17480719794344474
zdt1_interval,lu,ls,check,coverage_a_in_b,0.5,5000,11,0.05,0.2738612787525831,5.477225575051661,68,389,1.0
zdt1_interval,lu,ls,check,coverage_b_in_a,0.5,5000,11,0.05,0.2738612787525831,5.477225575051661,68,389,0.17480719794344474
zdt1_interval,lu,ls,check,overlap,0.5,5000,11,0.05,0.2738612787525831,5.477225575051661,68,389,0.2975929978118162
zdt1_interval,lu,ls,check,overlap_jaccard,0.5,5000,11,0.05,0.2738612787525831,5.477225575051661,68,389,0.17480719794344474
zdt1_interval,lu,ls,check,coverage_a_in_b,0.5,5000,11,0.1,0.5477225575051662,5.477225575051661,68,389,1.0
zdt1_interval,lu,ls,check,coverage_b_in_a,0.5,5000,11,0.1,0.5477225575051662,5.477225575051661,68,389,0.17480719794344474
zdt1_interval,lu,ls,check,overlap,0.5,5000,11,0.1,0.5477225575051662,5.477225575051661,68,389,0.2975929978118162
zdt1_interval,lu,ls,check,overlap_jaccard,0.5,5000,11,0.1,0.5477225575051662,5.477225575051661,68,389,0.17480719794344474
zdt1_interval,lu,ls,check,coverage_a_in_b,0.5,5000,11,0.2,1.0954451150103324,5.477225575051661,68,389,1.0
zdt1_interval,lu,ls,check,coverage_b_in_a,0.5,5000,11,0.2,1.0954451150103324,5.477225575051661,68,389,0.17480719794344474
zdt1_interval,lu,ls,check,overlap,0.5,5000,11,0.2,1.0954451150103324,5.477225575051661,68,389,0.2975929978118162
zdt1_interval,lu,ls,check,overlap_jaccard,0.5,5000,11,0.2,1.0954451150103324,5.477225575051661,68,389,0.17480719794344474
zdt1_interval,lu,cw,finding,coverage_a_in_b,0.5,5000,11,0.0,0.0,5.477225575051661,68,287,0.5147058823529411
zdt1_interval,lu,cw,finding,coverage_b_in_a,0.5,5000,11,0.0,0.0,5.477225575051661,68,287,0.12195121951219512
zdt1_interval,lu,cw,finding,overlap,0.5,5000,11,0.0,0.0,5.477225575051661,68,287,0.19718309859154928
zdt1_interval,lu,cw,finding,overlap_jaccard,0.5,5000,11,0.0,0.0,5.477225575051661,68,287,0.10937499999999999
zdt1_interval,lu,cw,finding,coverage_a_in_b,0.5,5000,11,0.01,0.05477225575051661,5.477225575051661,68,287,0.5147058823529411
zdt1_interval,lu,cw,finding,coverage_b_in_a,0.5,5000,11,0.01,0.05477225575051661,5.477225575051661,68,287,0.12195121951219512
zdt1_interval,lu,cw,finding,overlap,0.5,5000,11,0.01,0.05477225575051661,5.477225575051661,68,287,0.19718309859154928
zdt1_interval,lu,cw,finding,overlap_jaccard,0.5,5000,11,0.01,0.05477225575051661,5.477225575051661,68,287,0.10937499999999999
zdt1_interval,lu,cw,finding,coverage_a_in_b,0.5,5000,11,0.02,0.10954451150103323,5.477225575051661,68,287,0.5147058823529411
zdt1_interval,lu,cw,finding,coverage_b_in_a,0.5,5000,11,0.02,0.10954451150103323,5.477225575051661,68,287,0.12195121951219512
zdt1_interval,lu,cw,finding,overlap,0.5,5000,11,0.02,0.10954451150103323,5.477225575051661,68,287,0.19718309859154928
zdt1_interval,lu,cw,finding,overlap_jaccard,0.5,5000,11,0.02,0.10954451150103323,5.477225575051661,68,287,0.10937499999999999
zdt1_interval,lu,cw,finding,coverage_a_in_b,0.5,5000,11,0.05,0.2738612787525831,5.477225575051661,68,287,0.5147058823529411
zdt1_interval,lu,cw,finding,coverage_b_in_a,0.5,5000,11,0.05,0.2738612787525831,5.477225575051661,68,287,0.12195121951219512
zdt1_interval,lu,cw,finding,overlap,0.5,5000,11,0.05,0.2738612787525831,5.477225575051661,68,287,0.19718309859154928
zdt1_interval,lu,cw,finding,overlap_jaccard,0.5,5000,11,0.05,0.2738612787525831,5.477225575051661,68,287,0.10937499999999999
zdt1_interval,lu,cw,finding,coverage_a_in_b,0.5,5000,11,0.1,0.5477225575051662,5.477225575051661,68,287,0.5147058823529411
zdt1_interval,lu,cw,finding,coverage_b_in_a,0.5,5000,11,0.1,0.5477225575051662,5.477225575051661,68,287,0.12195121951219512
zdt1_interval,lu,cw,finding,overlap,0.5,5000,11,0.1,0.5477225575051662,5.477225575051661,68,287,0.19718309859154928
zdt1_interval,lu,cw,finding,overlap_jaccard,0.5,5000,11,0.1,0.5477225575051662,5.477225575051661,68,287,0.10937499999999999
zdt1_interval,lu,cw,finding,coverage_a_in_b,0.5,5000,11,0.2,1.0954451150103324,5.477225575051661,68,287,0.5147058823529411
zdt1_interval,lu,cw,finding,coverage_b_in_a,0.5,5000,11,0.2,1.0954451150103324,5.477225575051661,68,287,0.12195121951219512
zdt1_interval,lu,cw,finding,overlap,0.5,5000,11,0.2,1.0954451150103324,5.477225575051661,68,287,0.19718309859154928
zdt1_interval,lu,cw,finding,overlap_jaccard,0.5,5000,11,0.2,1.0954451150103324,5.477225575051661,68,287,0.10937499999999999
zdt1_interval,ls,cw,check,coverage_a_in_b,0.5,5000,11,0.0,0.0,5.477225575051661,389,287,0.7377892030848329
zdt1_interval,ls,cw,check,coverage_b_in_a,0.5,5000,11,0.0,0.0,5.477225575051661,389,287,1.0
zdt1_interval,ls,cw,check,overlap,0.5,5000,11,0.0,0.0,5.477225575051661,389,287,0.849112426035503
zdt1_interval,ls,cw,check,overlap_jaccard,0.5,5000,11,0.0,0.0,5.477225575051661,389,287,0.7377892030848329
zdt1_interval,ls,cw,check,coverage_a_in_b,0.5,5000,11,0.01,0.05477225575051661,5.477225575051661,389,287,0.7377892030848329
zdt1_interval,ls,cw,check,coverage_b_in_a,0.5,5000,11,0.01,0.05477225575051661,5.477225575051661,389,287,1.0
zdt1_interval,ls,cw,check,overlap,0.5,5000,11,0.01,0.05477225575051661,5.477225575051661,389,287,0.849112426035503
zdt1_interval,ls,cw,check,overlap_jaccard,0.5,5000,11,0.01,0.05477225575051661,5.477225575051661,389,287,0.7377892030848329
zdt1_interval,ls,cw,check,coverage_a_in_b,0.5,5000,11,0.02,0.10954451150103323,5.477225575051661,389,287,0.7377892030848329
zdt1_interval,ls,cw,check,coverage_b_in_a,0.5,5000,11,0.02,0.10954451150103323,5.477225575051661,389,287,1.0
zdt1_interval,ls,cw,check,overlap,0.5,5000,11,0.02,0.10954451150103323,5.477225575051661,389,287,0.849112426035503
zdt1_interval,ls,cw,check,overlap_jaccard,0.5,5000,11,0.02,0.10954451150103323,5.477225575051661,389,287,0.7377892030848329
zdt1_interval,ls,cw,check,coverage_a_in_b,0.5,5000,11,0.05,0.2738612787525831,5.477225575051661,389,287,0.7377892030848329
zdt1_interval,ls,cw,check,coverage_b_in_a,0.5,5000,11,0.05,0.2738612787525831,5.477225575051661,389,287,1.0
zdt1_interval,ls,cw,check,overlap,0.5,5000,11,0.05,0.2738612787525831,5.477225575051661,389,287,0.849112426035503
zdt1_interval,ls,cw,check,overlap_jaccard,0.5,5000,11,0.05,0.2738612787525831,5.477225575051661,389,287,0.7377892030848329
zdt1_interval,ls,cw,check,coverage_a_in_b,0.5,5000,11,0.1,0.5477225575051662,5.477225575051661,389,287,0.7377892030848329
zdt1_interval,ls,cw,check,coverage_b_in_a,0.5,5000,11,0.1,0.5477225575051662,5.477225575051661,389,287,1.0
zdt1_interval,ls,cw,check,overlap,0.5,5000,11,0.1,0.5477225575051662,5.477225575051661,389,287,0.849112426035503
zdt1_interval,ls,cw,check,overlap_jaccard,0.5,5000,11,0.1,0.5477225575051662,5.477225575051661,389,287,0.7377892030848329
zdt1_interval,ls,cw,check,coverage_a_in_b,0.5,5000,11,0.2,1.0954451150103324,5.477225575051661,389,287,0.7403598971722365
zdt1_interval,ls,cw,check,coverage_b_in_a,0.5,5000,11,0.2,1.0954451150103324,5.477225575051661,389,287,1.0
zdt1_interval,ls,cw,check,overlap,0.5,5000,11,0.2,1.0954451150103324,5.477225575051661,389,287,0.8505917159763313
zdt1_interval,ls,cw,check,overlap_jaccard,0.5,5000,11,0.2,1.0954451150103324,5.477225575051661,389,287,0.7400257400257398
zdt1_interval,lu,ls,check,coverage_a_in_b,0.5,5000,12,0.0,0.0,5.477225575051661,67,371,1.0
zdt1_interval,lu,ls,check,coverage_b_in_a,0.5,5000,12,0.0,0.0,5.477225575051661,67,371,0.18059299191374664
zdt1_interval,lu,ls,check,overlap,0.5,5000,12,0.0,0.0,5.477225575051661,67,371,0.3059360730593607
zdt1_interval,lu,ls,check,overlap_jaccard,0.5,5000,12,0.0,0.0,5.477225575051661,67,371,0.18059299191374661
zdt1_interval,lu,ls,check,coverage_a_in_b,0.5,5000,12,0.01,0.05477225575051661,5.477225575051661,67,371,1.0
zdt1_interval,lu,ls,check,coverage_b_in_a,0.5,5000,12,0.01,0.05477225575051661,5.477225575051661,67,371,0.18059299191374664
zdt1_interval,lu,ls,check,overlap,0.5,5000,12,0.01,0.05477225575051661,5.477225575051661,67,371,0.3059360730593607
zdt1_interval,lu,ls,check,overlap_jaccard,0.5,5000,12,0.01,0.05477225575051661,5.477225575051661,67,371,0.18059299191374661
zdt1_interval,lu,ls,check,coverage_a_in_b,0.5,5000,12,0.02,0.10954451150103323,5.477225575051661,67,371,1.0
zdt1_interval,lu,ls,check,coverage_b_in_a,0.5,5000,12,0.02,0.10954451150103323,5.477225575051661,67,371,0.18059299191374664
zdt1_interval,lu,ls,check,overlap,0.5,5000,12,0.02,0.10954451150103323,5.477225575051661,67,371,0.3059360730593607
zdt1_interval,lu,ls,check,overlap_jaccard,0.5,5000,12,0.02,0.10954451150103323,5.477225575051661,67,371,0.18059299191374661
zdt1_interval,lu,ls,check,coverage_a_in_b,0.5,5000,12,0.05,0.2738612787525831,5.477225575051661,67,371,1.0
zdt1_interval,lu,ls,check,coverage_b_in_a,0.5,5000,12,0.05,0.2738612787525831,5.477225575051661,67,371,0.18059299191374664
zdt1_interval,lu,ls,check,overlap,0.5,5000,12,0.05,0.2738612787525831,5.477225575051661,67,371,0.3059360730593607
zdt1_interval,lu,ls,check,overlap_jaccard,0.5,5000,12,0.05,0.2738612787525831,5.477225575051661,67,371,0.18059299191374661
zdt1_interval,lu,ls,check,coverage_a_in_b,0.5,5000,12,0.1,0.5477225575051662,5.477225575051661,67,371,1.0
zdt1_interval,lu,ls,check,coverage_b_in_a,0.5,5000,12,0.1,0.5477225575051662,5.477225575051661,67,371,0.18059299191374664
zdt1_interval,lu,ls,check,overlap,0.5,5000,12,0.1,0.5477225575051662,5.477225575051661,67,371,0.3059360730593607
zdt1_interval,lu,ls,check,overlap_jaccard,0.5,5000,12,0.1,0.5477225575051662,5.477225575051661,67,371,0.18059299191374661
zdt1_interval,lu,ls,check,coverage_a_in_b,0.5,5000,12,0.2,1.0954451150103324,5.477225575051661,67,371,1.0
zdt1_interval,lu,ls,check,coverage_b_in_a,0.5,5000,12,0.2,1.0954451150103324,5.477225575051661,67,371,0.18059299191374664
zdt1_interval,lu,ls,check,overlap,0.5,5000,12,0.2,1.0954451150103324,5.477225575051661,67,371,0.3059360730593607
zdt1_interval,lu,ls,check,overlap_jaccard,0.5,5000,12,0.2,1.0954451150103324,5.477225575051661,67,371,0.18059299191374661
zdt1_interval,lu,cw,finding,coverage_a_in_b,0.5,5000,12,0.0,0.0,5.477225575051661,67,250,0.6119402985074627
zdt1_interval,lu,cw,finding,coverage_b_in_a,0.5,5000,12,0.0,0.0,5.477225575051661,67,250,0.164
zdt1_interval,lu,cw,finding,overlap,0.5,5000,12,0.0,0.0,5.477225575051661,67,250,0.2586750788643533
zdt1_interval,lu,cw,finding,overlap_jaccard,0.5,5000,12,0.0,0.0,5.477225575051661,67,250,0.14855072463768115
zdt1_interval,lu,cw,finding,coverage_a_in_b,0.5,5000,12,0.01,0.05477225575051661,5.477225575051661,67,250,0.6119402985074627
zdt1_interval,lu,cw,finding,coverage_b_in_a,0.5,5000,12,0.01,0.05477225575051661,5.477225575051661,67,250,0.164
zdt1_interval,lu,cw,finding,overlap,0.5,5000,12,0.01,0.05477225575051661,5.477225575051661,67,250,0.2586750788643533
zdt1_interval,lu,cw,finding,overlap_jaccard,0.5,5000,12,0.01,0.05477225575051661,5.477225575051661,67,250,0.14855072463768115
zdt1_interval,lu,cw,finding,coverage_a_in_b,0.5,5000,12,0.02,0.10954451150103323,5.477225575051661,67,250,0.6119402985074627
zdt1_interval,lu,cw,finding,coverage_b_in_a,0.5,5000,12,0.02,0.10954451150103323,5.477225575051661,67,250,0.164
zdt1_interval,lu,cw,finding,overlap,0.5,5000,12,0.02,0.10954451150103323,5.477225575051661,67,250,0.2586750788643533
zdt1_interval,lu,cw,finding,overlap_jaccard,0.5,5000,12,0.02,0.10954451150103323,5.477225575051661,67,250,0.14855072463768115
zdt1_interval,lu,cw,finding,coverage_a_in_b,0.5,5000,12,0.05,0.2738612787525831,5.477225575051661,67,250,0.6119402985074627
zdt1_interval,lu,cw,finding,coverage_b_in_a,0.5,5000,12,0.05,0.2738612787525831,5.477225575051661,67,250,0.164
zdt1_interval,lu,cw,finding,overlap,0.5,5000,12,0.05,0.2738612787525831,5.477225575051661,67,250,0.2586750788643533
zdt1_interval,lu,cw,finding,overlap_jaccard,0.5,5000,12,0.05,0.2738612787525831,5.477225575051661,67,250,0.14855072463768115
zdt1_interval,lu,cw,finding,coverage_a_in_b,0.5,5000,12,0.1,0.5477225575051662,5.477225575051661,67,250,0.6119402985074627
zdt1_interval,lu,cw,finding,coverage_b_in_a,0.5,5000,12,0.1,0.5477225575051662,5.477225575051661,67,250,0.164
zdt1_interval,lu,cw,finding,overlap,0.5,5000,12,0.1,0.5477225575051662,5.477225575051661,67,250,0.2586750788643533
zdt1_interval,lu,cw,finding,overlap_jaccard,0.5,5000,12,0.1,0.5477225575051662,5.477225575051661,67,250,0.14855072463768115
zdt1_interval,lu,cw,finding,coverage_a_in_b,0.5,5000,12,0.2,1.0954451150103324,5.477225575051661,67,250,0.6119402985074627
zdt1_interval,lu,cw,finding,coverage_b_in_a,0.5,5000,12,0.2,1.0954451150103324,5.477225575051661,67,250,0.164
zdt1_interval,lu,cw,finding,overlap,0.5,5000,12,0.2,1.0954451150103324,5.477225575051661,67,250,0.2586750788643533
zdt1_interval,lu,cw,finding,overlap_jaccard,0.5,5000,12,0.2,1.0954451150103324,5.477225575051661,67,250,0.14855072463768115
zdt1_interval,ls,cw,check,coverage_a_in_b,0.5,5000,12,0.0,0.0,5.477225575051661,371,250,0.6738544474393531
zdt1_interval,ls,cw,check,coverage_b_in_a,0.5,5000,12,0.0,0.0,5.477225575051661,371,250,1.0
zdt1_interval,ls,cw,check,overlap,0.5,5000,12,0.0,0.0,5.477225575051661,371,250,0.8051529790660226
zdt1_interval,ls,cw,check,overlap_jaccard,0.5,5000,12,0.0,0.0,5.477225575051661,371,250,0.6738544474393531
zdt1_interval,ls,cw,check,coverage_a_in_b,0.5,5000,12,0.01,0.05477225575051661,5.477225575051661,371,250,0.6738544474393531
zdt1_interval,ls,cw,check,coverage_b_in_a,0.5,5000,12,0.01,0.05477225575051661,5.477225575051661,371,250,1.0
zdt1_interval,ls,cw,check,overlap,0.5,5000,12,0.01,0.05477225575051661,5.477225575051661,371,250,0.8051529790660226
zdt1_interval,ls,cw,check,overlap_jaccard,0.5,5000,12,0.01,0.05477225575051661,5.477225575051661,371,250,0.6738544474393531
zdt1_interval,ls,cw,check,coverage_a_in_b,0.5,5000,12,0.02,0.10954451150103323,5.477225575051661,371,250,0.6738544474393531
zdt1_interval,ls,cw,check,coverage_b_in_a,0.5,5000,12,0.02,0.10954451150103323,5.477225575051661,371,250,1.0
zdt1_interval,ls,cw,check,overlap,0.5,5000,12,0.02,0.10954451150103323,5.477225575051661,371,250,0.8051529790660226
zdt1_interval,ls,cw,check,overlap_jaccard,0.5,5000,12,0.02,0.10954451150103323,5.477225575051661,371,250,0.6738544474393531
zdt1_interval,ls,cw,check,coverage_a_in_b,0.5,5000,12,0.05,0.2738612787525831,5.477225575051661,371,250,0.6738544474393531
zdt1_interval,ls,cw,check,coverage_b_in_a,0.5,5000,12,0.05,0.2738612787525831,5.477225575051661,371,250,1.0
zdt1_interval,ls,cw,check,overlap,0.5,5000,12,0.05,0.2738612787525831,5.477225575051661,371,250,0.8051529790660226
zdt1_interval,ls,cw,check,overlap_jaccard,0.5,5000,12,0.05,0.2738612787525831,5.477225575051661,371,250,0.6738544474393531
zdt1_interval,ls,cw,check,coverage_a_in_b,0.5,5000,12,0.1,0.5477225575051662,5.477225575051661,371,250,0.6738544474393531
zdt1_interval,ls,cw,check,coverage_b_in_a,0.5,5000,12,0.1,0.5477225575051662,5.477225575051661,371,250,1.0
zdt1_interval,ls,cw,check,overlap,0.5,5000,12,0.1,0.5477225575051662,5.477225575051661,371,250,0.8051529790660226
zdt1_interval,ls,cw,check,overlap_jaccard,0.5,5000,12,0.1,0.5477225575051662,5.477225575051661,371,250,0.6738544474393531
zdt1_interval,ls,cw,check,coverage_a_in_b,0.5,5000,12,0.2,1.0954451150103324,5.477225575051661,371,250,0.6738544474393531
zdt1_interval,ls,cw,check,coverage_b_in_a,0.5,5000,12,0.2,1.0954451150103324,5.477225575051661,371,250,1.0
zdt1_interval,ls,cw,check,overlap,0.5,5000,12,0.2,1.0954451150103324,5.477225575051661,371,250,0.8051529790660226
zdt1_interval,ls,cw,check,overlap_jaccard,0.5,5000,12,0.2,1.0954451150103324,5.477225575051661,371,250,0.6738544474393531
zdt1_interval,lu,ls,check,coverage_a_in_b,0.5,5000,13,0.0,0.0,5.477225575051661,92,382,1.0
zdt1_interval,lu,ls,check,coverage_b_in_a,0.5,5000,13,0.0,0.0,5.477225575051661,92,382,0.24083769633507854
zdt1_interval,lu,ls,check,overlap,0.5,5000,13,0.0,0.0,5.477225575051661,92,382,0.3881856540084388
zdt1_interval,lu,ls,check,overlap_jaccard,0.5,5000,13,0.0,0.0,5.477225575051661,92,382,0.2408376963350785
zdt1_interval,lu,ls,check,coverage_a_in_b,0.5,5000,13,0.01,0.05477225575051661,5.477225575051661,92,382,1.0
zdt1_interval,lu,ls,check,coverage_b_in_a,0.5,5000,13,0.01,0.05477225575051661,5.477225575051661,92,382,0.24083769633507854
zdt1_interval,lu,ls,check,overlap,0.5,5000,13,0.01,0.05477225575051661,5.477225575051661,92,382,0.3881856540084388
zdt1_interval,lu,ls,check,overlap_jaccard,0.5,5000,13,0.01,0.05477225575051661,5.477225575051661,92,382,0.2408376963350785
zdt1_interval,lu,ls,check,coverage_a_in_b,0.5,5000,13,0.02,0.10954451150103323,5.477225575051661,92,382,1.0
zdt1_interval,lu,ls,check,coverage_b_in_a,0.5,5000,13,0.02,0.10954451150103323,5.477225575051661,92,382,0.24083769633507854
zdt1_interval,lu,ls,check,overlap,0.5,5000,13,0.02,0.10954451150103323,5.477225575051661,92,382,0.3881856540084388
zdt1_interval,lu,ls,check,overlap_jaccard,0.5,5000,13,0.02,0.10954451150103323,5.477225575051661,92,382,0.2408376963350785
zdt1_interval,lu,ls,check,coverage_a_in_b,0.5,5000,13,0.05,0.2738612787525831,5.477225575051661,92,382,1.0
zdt1_interval,lu,ls,check,coverage_b_in_a,0.5,5000,13,0.05,0.2738612787525831,5.477225575051661,92,382,0.24083769633507854
zdt1_interval,lu,ls,check,overlap,0.5,5000,13,0.05,0.2738612787525831,5.477225575051661,92,382,0.3881856540084388
zdt1_interval,lu,ls,check,overlap_jaccard,0.5,5000,13,0.05,0.2738612787525831,5.477225575051661,92,382,0.2408376963350785
zdt1_interval,lu,ls,check,coverage_a_in_b,0.5,5000,13,0.1,0.5477225575051662,5.477225575051661,92,382,1.0
zdt1_interval,lu,ls,check,coverage_b_in_a,0.5,5000,13,0.1,0.5477225575051662,5.477225575051661,92,382,0.24083769633507854
zdt1_interval,lu,ls,check,overlap,0.5,5000,13,0.1,0.5477225575051662,5.477225575051661,92,382,0.3881856540084388
zdt1_interval,lu,ls,check,overlap_jaccard,0.5,5000,13,0.1,0.5477225575051662,5.477225575051661,92,382,0.2408376963350785
zdt1_interval,lu,ls,check,coverage_a_in_b,0.5,5000,13,0.2,1.0954451150103324,5.477225575051661,92,382,1.0
zdt1_interval,lu,ls,check,coverage_b_in_a,0.5,5000,13,0.2,1.0954451150103324,5.477225575051661,92,382,0.24083769633507854
zdt1_interval,lu,ls,check,overlap,0.5,5000,13,0.2,1.0954451150103324,5.477225575051661,92,382,0.3881856540084388
zdt1_interval,lu,ls,check,overlap_jaccard,0.5,5000,13,0.2,1.0954451150103324,5.477225575051661,92,382,0.2408376963350785
zdt1_interval,lu,cw,finding,coverage_a_in_b,0.5,5000,13,0.0,0.0,5.477225575051661,92,257,0.44565217391304346
zdt1_interval,lu,cw,finding,coverage_b_in_a,0.5,5000,13,0.0,0.0,5.477225575051661,92,257,0.15953307392996108
zdt1_interval,lu,cw,finding,overlap,0.5,5000,13,0.0,0.0,5.477225575051661,92,257,0.2349570200573066
zdt1_interval,lu,cw,finding,overlap_jaccard,0.5,5000,13,0.0,0.0,5.477225575051661,92,257,0.1331168831168831
zdt1_interval,lu,cw,finding,coverage_a_in_b,0.5,5000,13,0.01,0.05477225575051661,5.477225575051661,92,257,0.44565217391304346
zdt1_interval,lu,cw,finding,coverage_b_in_a,0.5,5000,13,0.01,0.05477225575051661,5.477225575051661,92,257,0.15953307392996108
zdt1_interval,lu,cw,finding,overlap,0.5,5000,13,0.01,0.05477225575051661,5.477225575051661,92,257,0.2349570200573066
zdt1_interval,lu,cw,finding,overlap_jaccard,0.5,5000,13,0.01,0.05477225575051661,5.477225575051661,92,257,0.1331168831168831
zdt1_interval,lu,cw,finding,coverage_a_in_b,0.5,5000,13,0.02,0.10954451150103323,5.477225575051661,92,257,0.44565217391304346
zdt1_interval,lu,cw,finding,coverage_b_in_a,0.5,5000,13,0.02,0.10954451150103323,5.477225575051661,92,257,0.15953307392996108
zdt1_interval,lu,cw,finding,overlap,0.5,5000,13,0.02,0.10954451150103323,5.477225575051661,92,257,0.2349570200573066
zdt1_interval,lu,cw,finding,overlap_jaccard,0.5,5000,13,0.02,0.10954451150103323,5.477225575051661,92,257,0.1331168831168831
zdt1_interval,lu,cw,finding,coverage_a_in_b,0.5,5000,13,0.05,0.2738612787525831,5.477225575051661,92,257,0.44565217391304346
zdt1_interval,lu,cw,finding,coverage_b_in_a,0.5,5000,13,0.05,0.2738612787525831,5.477225575051661,92,257,0.15953307392996108
zdt1_interval,lu,cw,finding,overlap,0.5,5000,13,0.05,0.2738612787525831,5.477225575051661,92,257,0.2349570200573066
zdt1_interval,lu,cw,finding,overlap_jaccard,0.5,5000,13,0.05,0.2738612787525831,5.477225575051661,92,257,0.1331168831168831
zdt1_interval,lu,cw,finding,coverage_a_in_b,0.5,5000,13,0.1,0.5477225575051662,5.477225575051661,92,257,0.44565217391304346
zdt1_interval,lu,cw,finding,coverage_b_in_a,0.5,5000,13,0.1,0.5477225575051662,5.477225575051661,92,257,0.15953307392996108
zdt1_interval,lu,cw,finding,overlap,0.5,5000,13,0.1,0.5477225575051662,5.477225575051661,92,257,0.2349570200573066
zdt1_interval,lu,cw,finding,overlap_jaccard,0.5,5000,13,0.1,0.5477225575051662,5.477225575051661,92,257,0.1331168831168831
zdt1_interval,lu,cw,finding,coverage_a_in_b,0.5,5000,13,0.2,1.0954451150103324,5.477225575051661,92,257,0.44565217391304346
zdt1_interval,lu,cw,finding,coverage_b_in_a,0.5,5000,13,0.2,1.0954451150103324,5.477225575051661,92,257,0.15953307392996108
zdt1_interval,lu,cw,finding,overlap,0.5,5000,13,0.2,1.0954451150103324,5.477225575051661,92,257,0.2349570200573066
zdt1_interval,lu,cw,finding,overlap_jaccard,0.5,5000,13,0.2,1.0954451150103324,5.477225575051661,92,257,0.1331168831168831
zdt1_interval,ls,cw,check,coverage_a_in_b,0.5,5000,13,0.0,0.0,5.477225575051661,382,257,0.6727748691099477
zdt1_interval,ls,cw,check,coverage_b_in_a,0.5,5000,13,0.0,0.0,5.477225575051661,382,257,1.0
zdt1_interval,ls,cw,check,overlap,0.5,5000,13,0.0,0.0,5.477225575051661,382,257,0.8043818466353677
zdt1_interval,ls,cw,check,overlap_jaccard,0.5,5000,13,0.0,0.0,5.477225575051661,382,257,0.6727748691099477
zdt1_interval,ls,cw,check,coverage_a_in_b,0.5,5000,13,0.01,0.05477225575051661,5.477225575051661,382,257,0.6727748691099477
zdt1_interval,ls,cw,check,coverage_b_in_a,0.5,5000,13,0.01,0.05477225575051661,5.477225575051661,382,257,1.0
zdt1_interval,ls,cw,check,overlap,0.5,5000,13,0.01,0.05477225575051661,5.477225575051661,382,257,0.8043818466353677
zdt1_interval,ls,cw,check,overlap_jaccard,0.5,5000,13,0.01,0.05477225575051661,5.477225575051661,382,257,0.6727748691099477
zdt1_interval,ls,cw,check,coverage_a_in_b,0.5,5000,13,0.02,0.10954451150103323,5.477225575051661,382,257,0.6727748691099477
zdt1_interval,ls,cw,check,coverage_b_in_a,0.5,5000,13,0.02,0.10954451150103323,5.477225575051661,382,257,1.0
zdt1_interval,ls,cw,check,overlap,0.5,5000,13,0.02,0.10954451150103323,5.477225575051661,382,257,0.8043818466353677
zdt1_interval,ls,cw,check,overlap_jaccard,0.5,5000,13,0.02,0.10954451150103323,5.477225575051661,382,257,0.6727748691099477
zdt1_interval,ls,cw,check,coverage_a_in_b,0.5,5000,13,0.05,0.2738612787525831,5.477225575051661,382,257,0.6727748691099477
zdt1_interval,ls,cw,check,coverage_b_in_a,0.5,5000,13,0.05,0.2738612787525831,5.477225575051661,382,257,1.0
zdt1_interval,ls,cw,check,overlap,0.5,5000,13,0.05,0.2738612787525831,5.477225575051661,382,257,0.8043818466353677
zdt1_interval,ls,cw,check,overlap_jaccard,0.5,5000,13,0.05,0.2738612787525831,5.477225575051661,382,257,0.6727748691099477
zdt1_interval,ls,cw,check,coverage_a_in_b,0.5,5000,13,0.1,0.5477225575051662,5.477225575051661,382,257,0.6727748691099477
zdt1_interval,ls,cw,check,coverage_b_in_a,0.5,5000,13,0.1,0.5477225575051662,5.477225575051661,382,257,1.0
zdt1_interval,ls,cw,check,overlap,0.5,5000,13,0.1,0.5477225575051662,5.477225575051661,382,257,0.8043818466353677
zdt1_interval,ls,cw,check,overlap_jaccard,0.5,5000,13,0.1,0.5477225575051662,5.477225575051661,382,257,0.6727748691099477
zdt1_interval,ls,cw,check,coverage_a_in_b,0.5,5000,13,0.2,1.0954451150103324,5.477225575051661,382,257,0.6727748691099477
zdt1_interval,ls,cw,check,coverage_b_in_a,0.5,5000,13,0.2,1.0954451150103324,5.477225575051661,382,257,1.0
zdt1_interval,ls,cw,check,overlap,0.5,5000,13,0.2,1.0954451150103324,5.477225575051661,382,257,0.8043818466353677
zdt1_interval,ls,cw,check,overlap_jaccard,0.5,5000,13,0.2,1.0954451150103324,5.477225575051661,382,257,0.6727748691099477
zdt1_interval,lu,ls,check,coverage_a_in_b,0.5,5000,14,0.0,0.0,5.477225575051661,90,356,1.0
zdt1_interval,lu,ls,check,coverage_b_in_a,0.5,5000,14,0.0,0.0,5.477225575051661,90,356,0.25280898876404495
zdt1_interval,lu,ls,check,overlap,0.5,5000,14,0.0,0.0,5.477225575051661,90,356,0.40358744394618834
zdt1_interval,lu,ls,check,overlap_jaccard,0.5,5000,14,0.0,0.0,5.477225575051661,90,356,0.25280898876404495
zdt1_interval,lu,ls,check,coverage_a_in_b,0.5,5000,14,0.01,0.05477225575051661,5.477225575051661,90,356,1.0
zdt1_interval,lu,ls,check,coverage_b_in_a,0.5,5000,14,0.01,0.05477225575051661,5.477225575051661,90,356,0.25280898876404495
zdt1_interval,lu,ls,check,overlap,0.5,5000,14,0.01,0.05477225575051661,5.477225575051661,90,356,0.40358744394618834
zdt1_interval,lu,ls,check,overlap_jaccard,0.5,5000,14,0.01,0.05477225575051661,5.477225575051661,90,356,0.25280898876404495
zdt1_interval,lu,ls,check,coverage_a_in_b,0.5,5000,14,0.02,0.10954451150103323,5.477225575051661,90,356,1.0
zdt1_interval,lu,ls,check,coverage_b_in_a,0.5,5000,14,0.02,0.10954451150103323,5.477225575051661,90,356,0.25280898876404495
zdt1_interval,lu,ls,check,overlap,0.5,5000,14,0.02,0.10954451150103323,5.477225575051661,90,356,0.40358744394618834
zdt1_interval,lu,ls,check,overlap_jaccard,0.5,5000,14,0.02,0.10954451150103323,5.477225575051661,90,356,0.25280898876404495
zdt1_interval,lu,ls,check,coverage_a_in_b,0.5,5000,14,0.05,0.2738612787525831,5.477225575051661,90,356,1.0
zdt1_interval,lu,ls,check,coverage_b_in_a,0.5,5000,14,0.05,0.2738612787525831,5.477225575051661,90,356,0.25280898876404495
zdt1_interval,lu,ls,check,overlap,0.5,5000,14,0.05,0.2738612787525831,5.477225575051661,90,356,0.40358744394618834
zdt1_interval,lu,ls,check,overlap_jaccard,0.5,5000,14,0.05,0.2738612787525831,5.477225575051661,90,356,0.25280898876404495
zdt1_interval,lu,ls,check,coverage_a_in_b,0.5,5000,14,0.1,0.5477225575051662,5.477225575051661,90,356,1.0
zdt1_interval,lu,ls,check,coverage_b_in_a,0.5,5000,14,0.1,0.5477225575051662,5.477225575051661,90,356,0.25280898876404495
zdt1_interval,lu,ls,check,overlap,0.5,5000,14,0.1,0.5477225575051662,5.477225575051661,90,356,0.40358744394618834
zdt1_interval,lu,ls,check,overlap_jaccard,0.5,5000,14,0.1,0.5477225575051662,5.477225575051661,90,356,0.25280898876404495
zdt1_interval,lu,ls,check,coverage_a_in_b,0.5,5000,14,0.2,1.0954451150103324,5.477225575051661,90,356,1.0
zdt1_interval,lu,ls,check,coverage_b_in_a,0.5,5000,14,0.2,1.0954451150103324,5.477225575051661,90,356,0.2556179775280899
zdt1_interval,lu,ls,check,overlap,0.5,5000,14,0.2,1.0954451150103324,5.477225575051661,90,356,0.40582959641255606
zdt1_interval,lu,ls,check,overlap_jaccard,0.5,5000,14,0.2,1.0954451150103324,5.477225575051661,90,356,0.2545710267229255
zdt1_interval,lu,cw,finding,coverage_a_in_b,0.5,5000,14,0.0,0.0,5.477225575051661,90,253,0.6555555555555556
zdt1_interval,lu,cw,finding,coverage_b_in_a,0.5,5000,14,0.0,0.0,5.477225575051661,90,253,0.233201581027668
zdt1_interval,lu,cw,finding,overlap,0.5,5000,14,0.0,0.0,5.477225575051661,90,253,0.34402332361516036
zdt1_interval,lu,cw,finding,overlap_jaccard,0.5,5000,14,0.0,0.0,5.477225575051661,90,253,0.20774647887323944
zdt1_interval,lu,cw,finding,coverage_a_in_b,0.5,5000,14,0.01,0.05477225575051661,5.477225575051661,90,253,0.6555555555555556
zdt1_interval,lu,cw,finding,coverage_b_in_a,0.5,5000,14,0.01,0.05477225575051661,5.477225575051661,90,253,0.233201581027668
zdt1_interval,lu,cw,finding,overlap,0.5,5000,14,0.01,0.05477225575051661,5.477225575051661,90,253,0.34402332361516036
zdt1_interval,lu,cw,finding,overlap_jaccard,0.5,5000,14,0.01,0.05477225575051661,5.477225575051661,90,253,0.20774647887323944
zdt1_interval,lu,cw,finding,coverage_a_in_b,0.5,5000,14,0.02,0.10954451150103323,5.477225575051661,90,253,0.6555555555555556
zdt1_interval,lu,cw,finding,coverage_b_in_a,0.5,5000,14,0.02,0.10954451150103323,5.477225575051661,90,253,0.233201581027668
zdt1_interval,lu,cw,finding,overlap,0.5,5000,14,0.02,0.10954451150103323,5.477225575051661,90,253,0.34402332361516036
zdt1_interval,lu,cw,finding,overlap_jaccard,0.5,5000,14,0.02,0.10954451150103323,5.477225575051661,90,253,0.20774647887323944
zdt1_interval,lu,cw,finding,coverage_a_in_b,0.5,5000,14,0.05,0.2738612787525831,5.477225575051661,90,253,0.6555555555555556
zdt1_interval,lu,cw,finding,coverage_b_in_a,0.5,5000,14,0.05,0.2738612787525831,5.477225575051661,90,253,0.233201581027668
zdt1_interval,lu,cw,finding,overlap,0.5,5000,14,0.05,0.2738612787525831,5.477225575051661,90,253,0.34402332361516036
zdt1_interval,lu,cw,finding,overlap_jaccard,0.5,5000,14,0.05,0.2738612787525831,5.477225575051661,90,253,0.20774647887323944
zdt1_interval,lu,cw,finding,coverage_a_in_b,0.5,5000,14,0.1,0.5477225575051662,5.477225575051661,90,253,0.6555555555555556
zdt1_interval,lu,cw,finding,coverage_b_in_a,0.5,5000,14,0.1,0.5477225575051662,5.477225575051661,90,253,0.233201581027668
zdt1_interval,lu,cw,finding,overlap,0.5,5000,14,0.1,0.5477225575051662,5.477225575051661,90,253,0.34402332361516036
zdt1_interval,lu,cw,finding,overlap_jaccard,0.5,5000,14,0.1,0.5477225575051662,5.477225575051661,90,253,0.20774647887323944
zdt1_interval,lu,cw,finding,coverage_a_in_b,0.5,5000,14,0.2,1.0954451150103324,5.477225575051661,90,253,0.6555555555555556
zdt1_interval,lu,cw,finding,coverage_b_in_a,0.5,5000,14,0.2,1.0954451150103324,5.477225575051661,90,253,0.23715415019762845
zdt1_interval,lu,cw,finding,overlap,0.5,5000,14,0.2,1.0954451150103324,5.477225575051661,90,253,0.3469387755102041
zdt1_interval,lu,cw,finding,overlap_jaccard,0.5,5000,14,0.2,1.0954451150103324,5.477225575051661,90,253,0.20987654320987653
zdt1_interval,ls,cw,check,coverage_a_in_b,0.5,5000,14,0.0,0.0,5.477225575051661,356,253,0.7106741573033708
zdt1_interval,ls,cw,check,coverage_b_in_a,0.5,5000,14,0.0,0.0,5.477225575051661,356,253,1.0
zdt1_interval,ls,cw,check,overlap,0.5,5000,14,0.0,0.0,5.477225575051661,356,253,0.8308702791461412
zdt1_interval,ls,cw,check,overlap_jaccard,0.5,5000,14,0.0,0.0,5.477225575051661,356,253,0.7106741573033708
zdt1_interval,ls,cw,check,coverage_a_in_b,0.5,5000,14,0.01,0.05477225575051661,5.477225575051661,356,253,0.7106741573033708
zdt1_interval,ls,cw,check,coverage_b_in_a,0.5,5000,14,0.01,0.05477225575051661,5.477225575051661,356,253,1.0
zdt1_interval,ls,cw,check,overlap,0.5,5000,14,0.01,0.05477225575051661,5.477225575051661,356,253,0.8308702791461412
zdt1_interval,ls,cw,check,overlap_jaccard,0.5,5000,14,0.01,0.05477225575051661,5.477225575051661,356,253,0.7106741573033708
zdt1_interval,ls,cw,check,coverage_a_in_b,0.5,5000,14,0.02,0.10954451150103323,5.477225575051661,356,253,0.7106741573033708
zdt1_interval,ls,cw,check,coverage_b_in_a,0.5,5000,14,0.02,0.10954451150103323,5.477225575051661,356,253,1.0
zdt1_interval,ls,cw,check,overlap,0.5,5000,14,0.02,0.10954451150103323,5.477225575051661,356,253,0.8308702791461412
zdt1_interval,ls,cw,check,overlap_jaccard,0.5,5000,14,0.02,0.10954451150103323,5.477225575051661,356,253,0.7106741573033708
zdt1_interval,ls,cw,check,coverage_a_in_b,0.5,5000,14,0.05,0.2738612787525831,5.477225575051661,356,253,0.7106741573033708
zdt1_interval,ls,cw,check,coverage_b_in_a,0.5,5000,14,0.05,0.2738612787525831,5.477225575051661,356,253,1.0
zdt1_interval,ls,cw,check,overlap,0.5,5000,14,0.05,0.2738612787525831,5.477225575051661,356,253,0.8308702791461412
zdt1_interval,ls,cw,check,overlap_jaccard,0.5,5000,14,0.05,0.2738612787525831,5.477225575051661,356,253,0.7106741573033708
zdt1_interval,ls,cw,check,coverage_a_in_b,0.5,5000,14,0.1,0.5477225575051662,5.477225575051661,356,253,0.7106741573033708
zdt1_interval,ls,cw,check,coverage_b_in_a,0.5,5000,14,0.1,0.5477225575051662,5.477225575051661,356,253,1.0
zdt1_interval,ls,cw,check,overlap,0.5,5000,14,0.1,0.5477225575051662,5.477225575051661,356,253,0.8308702791461412
zdt1_interval,ls,cw,check,overlap_jaccard,0.5,5000,14,0.1,0.5477225575051662,5.477225575051661,356,253,0.7106741573033708
zdt1_interval,ls,cw,check,coverage_a_in_b,0.5,5000,14,0.2,1.0954451150103324,5.477225575051661,356,253,0.7106741573033708
zdt1_interval,ls,cw,check,coverage_b_in_a,0.5,5000,14,0.2,1.0954451150103324,5.477225575051661,356,253,1.0
zdt1_interval,ls,cw,check,overlap,0.5,5000,14,0.2,1.0954451150103324,5.477225575051661,356,253,0.8308702791461412
zdt1_interval,ls,cw,check,overlap_jaccard,0.5,5000,14,0.2,1.0954451150103324,5.477225575051661,356,253,0.7106741573033708
zdt1_interval,lu,ls,check,coverage_a_in_b,0.5,5000,15,0.0,0.0,5.477225575051661,66,390,1.0
zdt1_interval,lu,ls,check,coverage_b_in_a,0.5,5000,15,0.0,0.0,5.477225575051661,66,390,0.16923076923076924
zdt1_interval,lu,ls,check,overlap,0.5,5000,15,0.0,0.0,5.477225575051661,66,390,0.2894736842105263
zdt1_interval,lu,ls,check,overlap_jaccard,0.5,5000,15,0.0,0.0,5.477225575051661,66,390,0.16923076923076924
zdt1_interval,lu,ls,check,coverage_a_in_b,0.5,5000,15,0.01,0.05477225575051661,5.477225575051661,66,390,1.0
zdt1_interval,lu,ls,check,coverage_b_in_a,0.5,5000,15,0.01,0.05477225575051661,5.477225575051661,66,390,0.16923076923076924
zdt1_interval,lu,ls,check,overlap,0.5,5000,15,0.01,0.05477225575051661,5.477225575051661,66,390,0.2894736842105263
zdt1_interval,lu,ls,check,overlap_jaccard,0.5,5000,15,0.01,0.05477225575051661,5.477225575051661,66,390,0.16923076923076924
zdt1_interval,lu,ls,check,coverage_a_in_b,0.5,5000,15,0.02,0.10954451150103323,5.477225575051661,66,390,1.0
zdt1_interval,lu,ls,check,coverage_b_in_a,0.5,5000,15,0.02,0.10954451150103323,5.477225575051661,66,390,0.16923076923076924
zdt1_interval,lu,ls,check,overlap,0.5,5000,15,0.02,0.10954451150103323,5.477225575051661,66,390,0.2894736842105263
zdt1_interval,lu,ls,check,overlap_jaccard,0.5,5000,15,0.02,0.10954451150103323,5.477225575051661,66,390,0.16923076923076924
zdt1_interval,lu,ls,check,coverage_a_in_b,0.5,5000,15,0.05,0.2738612787525831,5.477225575051661,66,390,1.0
zdt1_interval,lu,ls,check,coverage_b_in_a,0.5,5000,15,0.05,0.2738612787525831,5.477225575051661,66,390,0.16923076923076924
zdt1_interval,lu,ls,check,overlap,0.5,5000,15,0.05,0.2738612787525831,5.477225575051661,66,390,0.2894736842105263
zdt1_interval,lu,ls,check,overlap_jaccard,0.5,5000,15,0.05,0.2738612787525831,5.477225575051661,66,390,0.16923076923076924
zdt1_interval,lu,ls,check,coverage_a_in_b,0.5,5000,15,0.1,0.5477225575051662,5.477225575051661,66,390,1.0
zdt1_interval,lu,ls,check,coverage_b_in_a,0.5,5000,15,0.1,0.5477225575051662,5.477225575051661,66,390,0.16923076923076924
zdt1_interval,lu,ls,check,overlap,0.5,5000,15,0.1,0.5477225575051662,5.477225575051661,66,390,0.2894736842105263
zdt1_interval,lu,ls,check,overlap_jaccard,0.5,5000,15,0.1,0.5477225575051662,5.477225575051661,66,390,0.16923076923076924
zdt1_interval,lu,ls,check,coverage_a_in_b,0.5,5000,15,0.2,1.0954451150103324,5.477225575051661,66,390,1.0
zdt1_interval,lu,ls,check,coverage_b_in_a,0.5,5000,15,0.2,1.0954451150103324,5.477225575051661,66,390,0.16923076923076924
zdt1_interval,lu,ls,check,overlap,0.5,5000,15,0.2,1.0954451150103324,5.477225575051661,66,390,0.2894736842105263
zdt1_interval,lu,ls,check,overlap_jaccard,0.5,5000,15,0.2,1.0954451150103324,5.477225575051661,66,390,0.16923076923076924
zdt1_interval,lu,cw,finding,coverage_a_in_b,0.5,5000,15,0.0,0.0,5.477225575051661,66,271,0.5454545454545454
zdt1_interval,lu,cw,finding,coverage_b_in_a,0.5,5000,15,0.0,0.0,5.477225575051661,66,271,0.13284132841328414
zdt1_interval,lu,cw,finding,overlap,0.5,5000,15,0.0,0.0,5.477225575051661,66,271,0.21364985163204747
zdt1_interval,lu,cw,finding,overlap_jaccard,0.5,5000,15,0.0,0.0,5.477225575051661,66,271,0.11960132890365449
zdt1_interval,lu,cw,finding,coverage_a_in_b,0.5,5000,15,0.01,0.05477225575051661,5.477225575051661,66,271,0.5454545454545454
zdt1_interval,lu,cw,finding,coverage_b_in_a,0.5,5000,15,0.01,0.05477225575051661,5.477225575051661,66,271,0.13284132841328414
zdt1_interval,lu,cw,finding,overlap,0.5,5000,15,0.01,0.05477225575051661,5.477225575051661,66,271,0.21364985163204747
zdt1_interval,lu,cw,finding,overlap_jaccard,0.5,5000,15,0.01,0.05477225575051661,5.477225575051661,66,271,0.11960132890365449
zdt1_interval,lu,cw,finding,coverage_a_in_b,0.5,5000,15,0.02,0.10954451150103323,5.477225575051661,66,271,0.5454545454545454
zdt1_interval,lu,cw,finding,coverage_b_in_a,0.5,5000,15,0.02,0.10954451150103323,5.477225575051661,66,271,0.13284132841328414
zdt1_interval,lu,cw,finding,overlap,0.5,5000,15,0.02,0.10954451150103323,5.477225575051661,66,271,0.21364985163204747
zdt1_interval,lu,cw,finding,overlap_jaccard,0.5,5000,15,0.02,0.10954451150103323,5.477225575051661,66,271,0.11960132890365449
zdt1_interval,lu,cw,finding,coverage_a_in_b,0.5,5000,15,0.05,0.2738612787525831,5.477225575051661,66,271,0.5454545454545454
zdt1_interval,lu,cw,finding,coverage_b_in_a,0.5,5000,15,0.05,0.2738612787525831,5.477225575051661,66,271,0.13284132841328414
zdt1_interval,lu,cw,finding,overlap,0.5,5000,15,0.05,0.2738612787525831,5.477225575051661,66,271,0.21364985163204747
zdt1_interval,lu,cw,finding,overlap_jaccard,0.5,5000,15,0.05,0.2738612787525831,5.477225575051661,66,271,0.11960132890365449
zdt1_interval,lu,cw,finding,coverage_a_in_b,0.5,5000,15,0.1,0.5477225575051662,5.477225575051661,66,271,0.5454545454545454
zdt1_interval,lu,cw,finding,coverage_b_in_a,0.5,5000,15,0.1,0.5477225575051662,5.477225575051661,66,271,0.13284132841328414
zdt1_interval,lu,cw,finding,overlap,0.5,5000,15,0.1,0.5477225575051662,5.477225575051661,66,271,0.21364985163204747
zdt1_interval,lu,cw,finding,overlap_jaccard,0.5,5000,15,0.1,0.5477225575051662,5.477225575051661,66,271,0.11960132890365449
zdt1_interval,lu,cw,finding,coverage_a_in_b,0.5,5000,15,0.2,1.0954451150103324,5.477225575051661,66,271,0.5454545454545454
zdt1_interval,lu,cw,finding,coverage_b_in_a,0.5,5000,15,0.2,1.0954451150103324,5.477225575051661,66,271,0.13284132841328414
zdt1_interval,lu,cw,finding,overlap,0.5,5000,15,0.2,1.0954451150103324,5.477225575051661,66,271,0.21364985163204747
zdt1_interval,lu,cw,finding,overlap_jaccard,0.5,5000,15,0.2,1.0954451150103324,5.477225575051661,66,271,0.11960132890365449
zdt1_interval,ls,cw,check,coverage_a_in_b,0.5,5000,15,0.0,0.0,5.477225575051661,390,271,0.6948717948717948
zdt1_interval,ls,cw,check,coverage_b_in_a,0.5,5000,15,0.0,0.0,5.477225575051661,390,271,1.0
zdt1_interval,ls,cw,check,overlap,0.5,5000,15,0.0,0.0,5.477225575051661,390,271,0.8199697428139183
zdt1_interval,ls,cw,check,overlap_jaccard,0.5,5000,15,0.0,0.0,5.477225575051661,390,271,0.6948717948717948
zdt1_interval,ls,cw,check,coverage_a_in_b,0.5,5000,15,0.01,0.05477225575051661,5.477225575051661,390,271,0.6948717948717948
zdt1_interval,ls,cw,check,coverage_b_in_a,0.5,5000,15,0.01,0.05477225575051661,5.477225575051661,390,271,1.0
zdt1_interval,ls,cw,check,overlap,0.5,5000,15,0.01,0.05477225575051661,5.477225575051661,390,271,0.8199697428139183
zdt1_interval,ls,cw,check,overlap_jaccard,0.5,5000,15,0.01,0.05477225575051661,5.477225575051661,390,271,0.6948717948717948
zdt1_interval,ls,cw,check,coverage_a_in_b,0.5,5000,15,0.02,0.10954451150103323,5.477225575051661,390,271,0.6948717948717948
zdt1_interval,ls,cw,check,coverage_b_in_a,0.5,5000,15,0.02,0.10954451150103323,5.477225575051661,390,271,1.0
zdt1_interval,ls,cw,check,overlap,0.5,5000,15,0.02,0.10954451150103323,5.477225575051661,390,271,0.8199697428139183
zdt1_interval,ls,cw,check,overlap_jaccard,0.5,5000,15,0.02,0.10954451150103323,5.477225575051661,390,271,0.6948717948717948
zdt1_interval,ls,cw,check,coverage_a_in_b,0.5,5000,15,0.05,0.2738612787525831,5.477225575051661,390,271,0.6948717948717948
zdt1_interval,ls,cw,check,coverage_b_in_a,0.5,5000,15,0.05,0.2738612787525831,5.477225575051661,390,271,1.0
zdt1_interval,ls,cw,check,overlap,0.5,5000,15,0.05,0.2738612787525831,5.477225575051661,390,271,0.8199697428139183
zdt1_interval,ls,cw,check,overlap_jaccard,0.5,5000,15,0.05,0.2738612787525831,5.477225575051661,390,271,0.6948717948717948
zdt1_interval,ls,cw,check,coverage_a_in_b,0.5,5000,15,0.1,0.5477225575051662,5.477225575051661,390,271,0.6948717948717948
zdt1_interval,ls,cw,check,coverage_b_in_a,0.5,5000,15,0.1,0.5477225575051662,5.477225575051661,390,271,1.0
zdt1_interval,ls,cw,check,overlap,0.5,5000,15,0.1,0.5477225575051662,5.477225575051661,390,271,0.8199697428139183
zdt1_interval,ls,cw,check,overlap_jaccard,0.5,5000,15,0.1,0.5477225575051662,5.477225575051661,390,271,0.6948717948717948
zdt1_interval,ls,cw,check,coverage_a_in_b,0.5,5000,15,0.2,1.0954451150103324,5.477225575051661,390,271,0.6948717948717948
zdt1_interval,ls,cw,check,coverage_b_in_a,0.5,5000,15,0.2,1.0954451150103324,5.477225575051661,390,271,1.0
zdt1_interval,ls,cw,check,overlap,0.5,5000,15,0.2,1.0954451150103324,5.477225575051661,390,271,0.8199697428139183
zdt1_interval,ls,cw,check,overlap_jaccard,0.5,5000,15,0.2,1.0954451150103324,5.477225575051661,390,271,0.6948717948717948
dtlz2_interval,lu,ls,check,coverage_a_in_b,0.0,5000,11,0.0,0.0,3.4641016151377544,159,159,1.0
dtlz2_interval,lu,ls,check,coverage_b_in_a,0.0,5000,11,0.0,0.0,3.4641016151377544,159,159,1.0
dtlz2_interval,lu,ls,check,overlap,0.0,5000,11,0.0,0.0,3.4641016151377544,159,159,1.0
dtlz2_interval,lu,ls,check,overlap_jaccard,0.0,5000,11,0.0,0.0,3.4641016151377544,159,159,1.0
dtlz2_interval,lu,ls,check,coverage_a_in_b,0.0,5000,11,0.01,0.034641016151377546,3.4641016151377544,159,159,1.0
dtlz2_interval,lu,ls,check,coverage_b_in_a,0.0,5000,11,0.01,0.034641016151377546,3.4641016151377544,159,159,1.0
dtlz2_interval,lu,ls,check,overlap,0.0,5000,11,0.01,0.034641016151377546,3.4641016151377544,159,159,1.0
dtlz2_interval,lu,ls,check,overlap_jaccard,0.0,5000,11,0.01,0.034641016151377546,3.4641016151377544,159,159,1.0
dtlz2_interval,lu,ls,check,coverage_a_in_b,0.0,5000,11,0.02,0.06928203230275509,3.4641016151377544,159,159,1.0
dtlz2_interval,lu,ls,check,coverage_b_in_a,0.0,5000,11,0.02,0.06928203230275509,3.4641016151377544,159,159,1.0
dtlz2_interval,lu,ls,check,overlap,0.0,5000,11,0.02,0.06928203230275509,3.4641016151377544,159,159,1.0
dtlz2_interval,lu,ls,check,overlap_jaccard,0.0,5000,11,0.02,0.06928203230275509,3.4641016151377544,159,159,1.0
dtlz2_interval,lu,ls,check,coverage_a_in_b,0.0,5000,11,0.05,0.17320508075688773,3.4641016151377544,159,159,1.0
dtlz2_interval,lu,ls,check,coverage_b_in_a,0.0,5000,11,0.05,0.17320508075688773,3.4641016151377544,159,159,1.0
dtlz2_interval,lu,ls,check,overlap,0.0,5000,11,0.05,0.17320508075688773,3.4641016151377544,159,159,1.0
dtlz2_interval,lu,ls,check,overlap_jaccard,0.0,5000,11,0.05,0.17320508075688773,3.4641016151377544,159,159,1.0
dtlz2_interval,lu,ls,check,coverage_a_in_b,0.0,5000,11,0.1,0.34641016151377546,3.4641016151377544,159,159,1.0
dtlz2_interval,lu,ls,check,coverage_b_in_a,0.0,5000,11,0.1,0.34641016151377546,3.4641016151377544,159,159,1.0
dtlz2_interval,lu,ls,check,overlap,0.0,5000,11,0.1,0.34641016151377546,3.4641016151377544,159,159,1.0
dtlz2_interval,lu,ls,check,overlap_jaccard,0.0,5000,11,0.1,0.34641016151377546,3.4641016151377544,159,159,1.0
dtlz2_interval,lu,ls,check,coverage_a_in_b,0.0,5000,11,0.2,0.6928203230275509,3.4641016151377544,159,159,1.0
dtlz2_interval,lu,ls,check,coverage_b_in_a,0.0,5000,11,0.2,0.6928203230275509,3.4641016151377544,159,159,1.0
dtlz2_interval,lu,ls,check,overlap,0.0,5000,11,0.2,0.6928203230275509,3.4641016151377544,159,159,1.0
dtlz2_interval,lu,ls,check,overlap_jaccard,0.0,5000,11,0.2,0.6928203230275509,3.4641016151377544,159,159,1.0
dtlz2_interval,lu,cw,finding,coverage_a_in_b,0.0,5000,11,0.0,0.0,3.4641016151377544,159,159,1.0
dtlz2_interval,lu,cw,finding,coverage_b_in_a,0.0,5000,11,0.0,0.0,3.4641016151377544,159,159,1.0
dtlz2_interval,lu,cw,finding,overlap,0.0,5000,11,0.0,0.0,3.4641016151377544,159,159,1.0
dtlz2_interval,lu,cw,finding,overlap_jaccard,0.0,5000,11,0.0,0.0,3.4641016151377544,159,159,1.0
dtlz2_interval,lu,cw,finding,coverage_a_in_b,0.0,5000,11,0.01,0.034641016151377546,3.4641016151377544,159,159,1.0
dtlz2_interval,lu,cw,finding,coverage_b_in_a,0.0,5000,11,0.01,0.034641016151377546,3.4641016151377544,159,159,1.0
dtlz2_interval,lu,cw,finding,overlap,0.0,5000,11,0.01,0.034641016151377546,3.4641016151377544,159,159,1.0
dtlz2_interval,lu,cw,finding,overlap_jaccard,0.0,5000,11,0.01,0.034641016151377546,3.4641016151377544,159,159,1.0
dtlz2_interval,lu,cw,finding,coverage_a_in_b,0.0,5000,11,0.02,0.06928203230275509,3.4641016151377544,159,159,1.0
dtlz2_interval,lu,cw,finding,coverage_b_in_a,0.0,5000,11,0.02,0.06928203230275509,3.4641016151377544,159,159,1.0
dtlz2_interval,lu,cw,finding,overlap,0.0,5000,11,0.02,0.06928203230275509,3.4641016151377544,159,159,1.0
dtlz2_interval,lu,cw,finding,overlap_jaccard,0.0,5000,11,0.02,0.06928203230275509,3.4641016151377544,159,159,1.0
dtlz2_interval,lu,cw,finding,coverage_a_in_b,0.0,5000,11,0.05,0.17320508075688773,3.4641016151377544,159,159,1.0
dtlz2_interval,lu,cw,finding,coverage_b_in_a,0.0,5000,11,0.05,0.17320508075688773,3.4641016151377544,159,159,1.0
dtlz2_interval,lu,cw,finding,overlap,0.0,5000,11,0.05,0.17320508075688773,3.4641016151377544,159,159,1.0
dtlz2_interval,lu,cw,finding,overlap_jaccard,0.0,5000,11,0.05,0.17320508075688773,3.4641016151377544,159,159,1.0
dtlz2_interval,lu,cw,finding,coverage_a_in_b,0.0,5000,11,0.1,0.34641016151377546,3.4641016151377544,159,159,1.0
dtlz2_interval,lu,cw,finding,coverage_b_in_a,0.0,5000,11,0.1,0.34641016151377546,3.4641016151377544,159,159,1.0
dtlz2_interval,lu,cw,finding,overlap,0.0,5000,11,0.1,0.34641016151377546,3.4641016151377544,159,159,1.0
dtlz2_interval,lu,cw,finding,overlap_jaccard,0.0,5000,11,0.1,0.34641016151377546,3.4641016151377544,159,159,1.0
dtlz2_interval,lu,cw,finding,coverage_a_in_b,0.0,5000,11,0.2,0.6928203230275509,3.4641016151377544,159,159,1.0
dtlz2_interval,lu,cw,finding,coverage_b_in_a,0.0,5000,11,0.2,0.6928203230275509,3.4641016151377544,159,159,1.0
dtlz2_interval,lu,cw,finding,overlap,0.0,5000,11,0.2,0.6928203230275509,3.4641016151377544,159,159,1.0
dtlz2_interval,lu,cw,finding,overlap_jaccard,0.0,5000,11,0.2,0.6928203230275509,3.4641016151377544,159,159,1.0
dtlz2_interval,ls,cw,check,coverage_a_in_b,0.0,5000,11,0.0,0.0,3.4641016151377544,159,159,1.0
dtlz2_interval,ls,cw,check,coverage_b_in_a,0.0,5000,11,0.0,0.0,3.4641016151377544,159,159,1.0
dtlz2_interval,ls,cw,check,overlap,0.0,5000,11,0.0,0.0,3.4641016151377544,159,159,1.0
dtlz2_interval,ls,cw,check,overlap_jaccard,0.0,5000,11,0.0,0.0,3.4641016151377544,159,159,1.0
dtlz2_interval,ls,cw,check,coverage_a_in_b,0.0,5000,11,0.01,0.034641016151377546,3.4641016151377544,159,159,1.0
dtlz2_interval,ls,cw,check,coverage_b_in_a,0.0,5000,11,0.01,0.034641016151377546,3.4641016151377544,159,159,1.0
dtlz2_interval,ls,cw,check,overlap,0.0,5000,11,0.01,0.034641016151377546,3.4641016151377544,159,159,1.0
dtlz2_interval,ls,cw,check,overlap_jaccard,0.0,5000,11,0.01,0.034641016151377546,3.4641016151377544,159,159,1.0
dtlz2_interval,ls,cw,check,coverage_a_in_b,0.0,5000,11,0.02,0.06928203230275509,3.4641016151377544,159,159,1.0
dtlz2_interval,ls,cw,check,coverage_b_in_a,0.0,5000,11,0.02,0.06928203230275509,3.4641016151377544,159,159,1.0
dtlz2_interval,ls,cw,check,overlap,0.0,5000,11,0.02,0.06928203230275509,3.4641016151377544,159,159,1.0
dtlz2_interval,ls,cw,check,overlap_jaccard,0.0,5000,11,0.02,0.06928203230275509,3.4641016151377544,159,159,1.0
dtlz2_interval,ls,cw,check,coverage_a_in_b,0.0,5000,11,0.05,0.17320508075688773,3.4641016151377544,159,159,1.0
dtlz2_interval,ls,cw,check,coverage_b_in_a,0.0,5000,11,0.05,0.17320508075688773,3.4641016151377544,159,159,1.0
dtlz2_interval,ls,cw,check,overlap,0.0,5000,11,0.05,0.17320508075688773,3.4641016151377544,159,159,1.0
dtlz2_interval,ls,cw,check,overlap_jaccard,0.0,5000,11,0.05,0.17320508075688773,3.4641016151377544,159,159,1.0
dtlz2_interval,ls,cw,check,coverage_a_in_b,0.0,5000,11,0.1,0.34641016151377546,3.4641016151377544,159,159,1.0
dtlz2_interval,ls,cw,check,coverage_b_in_a,0.0,5000,11,0.1,0.34641016151377546,3.4641016151377544,159,159,1.0
dtlz2_interval,ls,cw,check,overlap,0.0,5000,11,0.1,0.34641016151377546,3.4641016151377544,159,159,1.0
dtlz2_interval,ls,cw,check,overlap_jaccard,0.0,5000,11,0.1,0.34641016151377546,3.4641016151377544,159,159,1.0
dtlz2_interval,ls,cw,check,coverage_a_in_b,0.0,5000,11,0.2,0.6928203230275509,3.4641016151377544,159,159,1.0
dtlz2_interval,ls,cw,check,coverage_b_in_a,0.0,5000,11,0.2,0.6928203230275509,3.4641016151377544,159,159,1.0
dtlz2_interval,ls,cw,check,overlap,0.0,5000,11,0.2,0.6928203230275509,3.4641016151377544,159,159,1.0
dtlz2_interval,ls,cw,check,overlap_jaccard,0.0,5000,11,0.2,0.6928203230275509,3.4641016151377544,159,159,1.0
dtlz2_interval,lu,ls,check,coverage_a_in_b,0.0,5000,12,0.0,0.0,3.4641016151377544,172,172,1.0
dtlz2_interval,lu,ls,check,coverage_b_in_a,0.0,5000,12,0.0,0.0,3.4641016151377544,172,172,1.0
dtlz2_interval,lu,ls,check,overlap,0.0,5000,12,0.0,0.0,3.4641016151377544,172,172,1.0
dtlz2_interval,lu,ls,check,overlap_jaccard,0.0,5000,12,0.0,0.0,3.4641016151377544,172,172,1.0
dtlz2_interval,lu,ls,check,coverage_a_in_b,0.0,5000,12,0.01,0.034641016151377546,3.4641016151377544,172,172,1.0
dtlz2_interval,lu,ls,check,coverage_b_in_a,0.0,5000,12,0.01,0.034641016151377546,3.4641016151377544,172,172,1.0
dtlz2_interval,lu,ls,check,overlap,0.0,5000,12,0.01,0.034641016151377546,3.4641016151377544,172,172,1.0
dtlz2_interval,lu,ls,check,overlap_jaccard,0.0,5000,12,0.01,0.034641016151377546,3.4641016151377544,172,172,1.0
dtlz2_interval,lu,ls,check,coverage_a_in_b,0.0,5000,12,0.02,0.06928203230275509,3.4641016151377544,172,172,1.0
dtlz2_interval,lu,ls,check,coverage_b_in_a,0.0,5000,12,0.02,0.06928203230275509,3.4641016151377544,172,172,1.0
dtlz2_interval,lu,ls,check,overlap,0.0,5000,12,0.02,0.06928203230275509,3.4641016151377544,172,172,1.0
dtlz2_interval,lu,ls,check,overlap_jaccard,0.0,5000,12,0.02,0.06928203230275509,3.4641016151377544,172,172,1.0
dtlz2_interval,lu,ls,check,coverage_a_in_b,0.0,5000,12,0.05,0.17320508075688773,3.4641016151377544,172,172,1.0
dtlz2_interval,lu,ls,check,coverage_b_in_a,0.0,5000,12,0.05,0.17320508075688773,3.4641016151377544,172,172,1.0
dtlz2_interval,lu,ls,check,overlap,0.0,5000,12,0.05,0.17320508075688773,3.4641016151377544,172,172,1.0
dtlz2_interval,lu,ls,check,overlap_jaccard,0.0,5000,12,0.05,0.17320508075688773,3.4641016151377544,172,172,1.0
dtlz2_interval,lu,ls,check,coverage_a_in_b,0.0,5000,12,0.1,0.34641016151377546,3.4641016151377544,172,172,1.0
dtlz2_interval,lu,ls,check,coverage_b_in_a,0.0,5000,12,0.1,0.34641016151377546,3.4641016151377544,172,172,1.0
dtlz2_interval,lu,ls,check,overlap,0.0,5000,12,0.1,0.34641016151377546,3.4641016151377544,172,172,1.0
dtlz2_interval,lu,ls,check,overlap_jaccard,0.0,5000,12,0.1,0.34641016151377546,3.4641016151377544,172,172,1.0
dtlz2_interval,lu,ls,check,coverage_a_in_b,0.0,5000,12,0.2,0.6928203230275509,3.4641016151377544,172,172,1.0
dtlz2_interval,lu,ls,check,coverage_b_in_a,0.0,5000,12,0.2,0.6928203230275509,3.4641016151377544,172,172,1.0
dtlz2_interval,lu,ls,check,overlap,0.0,5000,12,0.2,0.6928203230275509,3.4641016151377544,172,172,1.0
dtlz2_interval,lu,ls,check,overlap_jaccard,0.0,5000,12,0.2,0.6928203230275509,3.4641016151377544,172,172,1.0
dtlz2_interval,lu,cw,finding,coverage_a_in_b,0.0,5000,12,0.0,0.0,3.4641016151377544,172,172,1.0
dtlz2_interval,lu,cw,finding,coverage_b_in_a,0.0,5000,12,0.0,0.0,3.4641016151377544,172,172,1.0
dtlz2_interval,lu,cw,finding,overlap,0.0,5000,12,0.0,0.0,3.4641016151377544,172,172,1.0
dtlz2_interval,lu,cw,finding,overlap_jaccard,0.0,5000,12,0.0,0.0,3.4641016151377544,172,172,1.0
dtlz2_interval,lu,cw,finding,coverage_a_in_b,0.0,5000,12,0.01,0.034641016151377546,3.4641016151377544,172,172,1.0
dtlz2_interval,lu,cw,finding,coverage_b_in_a,0.0,5000,12,0.01,0.034641016151377546,3.4641016151377544,172,172,1.0
dtlz2_interval,lu,cw,finding,overlap,0.0,5000,12,0.01,0.034641016151377546,3.4641016151377544,172,172,1.0
dtlz2_interval,lu,cw,finding,overlap_jaccard,0.0,5000,12,0.01,0.034641016151377546,3.4641016151377544,172,172,1.0
dtlz2_interval,lu,cw,finding,coverage_a_in_b,0.0,5000,12,0.02,0.06928203230275509,3.4641016151377544,172,172,1.0
dtlz2_interval,lu,cw,finding,coverage_b_in_a,0.0,5000,12,0.02,0.06928203230275509,3.4641016151377544,172,172,1.0
dtlz2_interval,lu,cw,finding,overlap,0.0,5000,12,0.02,0.06928203230275509,3.4641016151377544,172,172,1.0
dtlz2_interval,lu,cw,finding,overlap_jaccard,0.0,5000,12,0.02,0.06928203230275509,3.4641016151377544,172,172,1.0
dtlz2_interval,lu,cw,finding,coverage_a_in_b,0.0,5000,12,0.05,0.17320508075688773,3.4641016151377544,172,172,1.0
dtlz2_interval,lu,cw,finding,coverage_b_in_a,0.0,5000,12,0.05,0.17320508075688773,3.4641016151377544,172,172,1.0
dtlz2_interval,lu,cw,finding,overlap,0.0,5000,12,0.05,0.17320508075688773,3.4641016151377544,172,172,1.0
dtlz2_interval,lu,cw,finding,overlap_jaccard,0.0,5000,12,0.05,0.17320508075688773,3.4641016151377544,172,172,1.0
dtlz2_interval,lu,cw,finding,coverage_a_in_b,0.0,5000,12,0.1,0.34641016151377546,3.4641016151377544,172,172,1.0
dtlz2_interval,lu,cw,finding,coverage_b_in_a,0.0,5000,12,0.1,0.34641016151377546,3.4641016151377544,172,172,1.0
dtlz2_interval,lu,cw,finding,overlap,0.0,5000,12,0.1,0.34641016151377546,3.4641016151377544,172,172,1.0
dtlz2_interval,lu,cw,finding,overlap_jaccard,0.0,5000,12,0.1,0.34641016151377546,3.4641016151377544,172,172,1.0
dtlz2_interval,lu,cw,finding,coverage_a_in_b,0.0,5000,12,0.2,0.6928203230275509,3.4641016151377544,172,172,1.0
dtlz2_interval,lu,cw,finding,coverage_b_in_a,0.0,5000,12,0.2,0.6928203230275509,3.4641016151377544,172,172,1.0
dtlz2_interval,lu,cw,finding,overlap,0.0,5000,12,0.2,0.6928203230275509,3.4641016151377544,172,172,1.0
dtlz2_interval,lu,cw,finding,overlap_jaccard,0.0,5000,12,0.2,0.6928203230275509,3.4641016151377544,172,172,1.0
dtlz2_interval,ls,cw,check,coverage_a_in_b,0.0,5000,12,0.0,0.0,3.4641016151377544,172,172,1.0
dtlz2_interval,ls,cw,check,coverage_b_in_a,0.0,5000,12,0.0,0.0,3.4641016151377544,172,172,1.0
dtlz2_interval,ls,cw,check,overlap,0.0,5000,12,0.0,0.0,3.4641016151377544,172,172,1.0
dtlz2_interval,ls,cw,check,overlap_jaccard,0.0,5000,12,0.0,0.0,3.4641016151377544,172,172,1.0
dtlz2_interval,ls,cw,check,coverage_a_in_b,0.0,5000,12,0.01,0.034641016151377546,3.4641016151377544,172,172,1.0
dtlz2_interval,ls,cw,check,coverage_b_in_a,0.0,5000,12,0.01,0.034641016151377546,3.4641016151377544,172,172,1.0
dtlz2_interval,ls,cw,check,overlap,0.0,5000,12,0.01,0.034641016151377546,3.4641016151377544,172,172,1.0
dtlz2_interval,ls,cw,check,overlap_jaccard,0.0,5000,12,0.01,0.034641016151377546,3.4641016151377544,172,172,1.0
dtlz2_interval,ls,cw,check,coverage_a_in_b,0.0,5000,12,0.02,0.06928203230275509,3.4641016151377544,172,172,1.0
dtlz2_interval,ls,cw,check,coverage_b_in_a,0.0,5000,12,0.02,0.06928203230275509,3.4641016151377544,172,172,1.0
dtlz2_interval,ls,cw,check,overlap,0.0,5000,12,0.02,0.06928203230275509,3.4641016151377544,172,172,1.0
dtlz2_interval,ls,cw,check,overlap_jaccard,0.0,5000,12,0.02,0.06928203230275509,3.4641016151377544,172,172,1.0
dtlz2_interval,ls,cw,check,coverage_a_in_b,0.0,5000,12,0.05,0.17320508075688773,3.4641016151377544,172,172,1.0
dtlz2_interval,ls,cw,check,coverage_b_in_a,0.0,5000,12,0.05,0.17320508075688773,3.4641016151377544,172,172,1.0
dtlz2_interval,ls,cw,check,overlap,0.0,5000,12,0.05,0.17320508075688773,3.4641016151377544,172,172,1.0
dtlz2_interval,ls,cw,check,overlap_jaccard,0.0,5000,12,0.05,0.17320508075688773,3.4641016151377544,172,172,1.0
dtlz2_interval,ls,cw,check,coverage_a_in_b,0.0,5000,12,0.1,0.34641016151377546,3.4641016151377544,172,172,1.0
dtlz2_interval,ls,cw,check,coverage_b_in_a,0.0,5000,12,0.1,0.34641016151377546,3.4641016151377544,172,172,1.0
dtlz2_interval,ls,cw,check,overlap,0.0,5000,12,0.1,0.34641016151377546,3.4641016151377544,172,172,1.0
dtlz2_interval,ls,cw,check,overlap_jaccard,0.0,5000,12,0.1,0.34641016151377546,3.4641016151377544,172,172,1.0
dtlz2_interval,ls,cw,check,coverage_a_in_b,0.0,5000,12,0.2,0.6928203230275509,3.4641016151377544,172,172,1.0
dtlz2_interval,ls,cw,check,coverage_b_in_a,0.0,5000,12,0.2,0.6928203230275509,3.4641016151377544,172,172,1.0
dtlz2_interval,ls,cw,check,overlap,0.0,5000,12,0.2,0.6928203230275509,3.4641016151377544,172,172,1.0
dtlz2_interval,ls,cw,check,overlap_jaccard,0.0,5000,12,0.2,0.6928203230275509,3.4641016151377544,172,172,1.0
dtlz2_interval,lu,ls,check,coverage_a_in_b,0.0,5000,13,0.0,0.0,3.4641016151377544,150,150,1.0
dtlz2_interval,lu,ls,check,coverage_b_in_a,0.0,5000,13,0.0,0.0,3.4641016151377544,150,150,1.0
dtlz2_interval,lu,ls,check,overlap,0.0,5000,13,0.0,0.0,3.4641016151377544,150,150,1.0
dtlz2_interval,lu,ls,check,overlap_jaccard,0.0,5000,13,0.0,0.0,3.4641016151377544,150,150,1.0
dtlz2_interval,lu,ls,check,coverage_a_in_b,0.0,5000,13,0.01,0.034641016151377546,3.4641016151377544,150,150,1.0
dtlz2_interval,lu,ls,check,coverage_b_in_a,0.0,5000,13,0.01,0.034641016151377546,3.4641016151377544,150,150,1.0
dtlz2_interval,lu,ls,check,overlap,0.0,5000,13,0.01,0.034641016151377546,3.4641016151377544,150,150,1.0
dtlz2_interval,lu,ls,check,overlap_jaccard,0.0,5000,13,0.01,0.034641016151377546,3.4641016151377544,150,150,1.0
dtlz2_interval,lu,ls,check,coverage_a_in_b,0.0,5000,13,0.02,0.06928203230275509,3.4641016151377544,150,150,1.0
dtlz2_interval,lu,ls,check,coverage_b_in_a,0.0,5000,13,0.02,0.06928203230275509,3.4641016151377544,150,150,1.0
dtlz2_interval,lu,ls,check,overlap,0.0,5000,13,0.02,0.06928203230275509,3.4641016151377544,150,150,1.0
dtlz2_interval,lu,ls,check,overlap_jaccard,0.0,5000,13,0.02,0.06928203230275509,3.4641016151377544,150,150,1.0
dtlz2_interval,lu,ls,check,coverage_a_in_b,0.0,5000,13,0.05,0.17320508075688773,3.4641016151377544,150,150,1.0
dtlz2_interval,lu,ls,check,coverage_b_in_a,0.0,5000,13,0.05,0.17320508075688773,3.4641016151377544,150,150,1.0
dtlz2_interval,lu,ls,check,overlap,0.0,5000,13,0.05,0.17320508075688773,3.4641016151377544,150,150,1.0
dtlz2_interval,lu,ls,check,overlap_jaccard,0.0,5000,13,0.05,0.17320508075688773,3.4641016151377544,150,150,1.0
dtlz2_interval,lu,ls,check,coverage_a_in_b,0.0,5000,13,0.1,0.34641016151377546,3.4641016151377544,150,150,1.0
dtlz2_interval,lu,ls,check,coverage_b_in_a,0.0,5000,13,0.1,0.34641016151377546,3.4641016151377544,150,150,1.0
dtlz2_interval,lu,ls,check,overlap,0.0,5000,13,0.1,0.34641016151377546,3.4641016151377544,150,150,1.0
dtlz2_interval,lu,ls,check,overlap_jaccard,0.0,5000,13,0.1,0.34641016151377546,3.4641016151377544,150,150,1.0
dtlz2_interval,lu,ls,check,coverage_a_in_b,0.0,5000,13,0.2,0.6928203230275509,3.4641016151377544,150,150,1.0
dtlz2_interval,lu,ls,check,coverage_b_in_a,0.0,5000,13,0.2,0.6928203230275509,3.4641016151377544,150,150,1.0
dtlz2_interval,lu,ls,check,overlap,0.0,5000,13,0.2,0.6928203230275509,3.4641016151377544,150,150,1.0
dtlz2_interval,lu,ls,check,overlap_jaccard,0.0,5000,13,0.2,0.6928203230275509,3.4641016151377544,150,150,1.0
dtlz2_interval,lu,cw,finding,coverage_a_in_b,0.0,5000,13,0.0,0.0,3.4641016151377544,150,150,1.0
dtlz2_interval,lu,cw,finding,coverage_b_in_a,0.0,5000,13,0.0,0.0,3.4641016151377544,150,150,1.0
dtlz2_interval,lu,cw,finding,overlap,0.0,5000,13,0.0,0.0,3.4641016151377544,150,150,1.0
dtlz2_interval,lu,cw,finding,overlap_jaccard,0.0,5000,13,0.0,0.0,3.4641016151377544,150,150,1.0
dtlz2_interval,lu,cw,finding,coverage_a_in_b,0.0,5000,13,0.01,0.034641016151377546,3.4641016151377544,150,150,1.0
dtlz2_interval,lu,cw,finding,coverage_b_in_a,0.0,5000,13,0.01,0.034641016151377546,3.4641016151377544,150,150,1.0
dtlz2_interval,lu,cw,finding,overlap,0.0,5000,13,0.01,0.034641016151377546,3.4641016151377544,150,150,1.0
dtlz2_interval,lu,cw,finding,overlap_jaccard,0.0,5000,13,0.01,0.034641016151377546,3.4641016151377544,150,150,1.0
dtlz2_interval,lu,cw,finding,coverage_a_in_b,0.0,5000,13,0.02,0.06928203230275509,3.4641016151377544,150,150,1.0
dtlz2_interval,lu,cw,finding,coverage_b_in_a,0.0,5000,13,0.02,0.06928203230275509,3.4641016151377544,150,150,1.0
dtlz2_interval,lu,cw,finding,overlap,0.0,5000,13,0.02,0.06928203230275509,3.4641016151377544,150,150,1.0
dtlz2_interval,lu,cw,finding,overlap_jaccard,0.0,5000,13,0.02,0.06928203230275509,3.4641016151377544,150,150,1.0
dtlz2_interval,lu,cw,finding,coverage_a_in_b,0.0,5000,13,0.05,0.17320508075688773,3.4641016151377544,150,150,1.0
dtlz2_interval,lu,cw,finding,coverage_b_in_a,0.0,5000,13,0.05,0.17320508075688773,3.4641016151377544,150,150,1.0
dtlz2_interval,lu,cw,finding,overlap,0.0,5000,13,0.05,0.17320508075688773,3.4641016151377544,150,150,1.0
dtlz2_interval,lu,cw,finding,overlap_jaccard,0.0,5000,13,0.05,0.17320508075688773,3.4641016151377544,150,150,1.0
dtlz2_interval,lu,cw,finding,coverage_a_in_b,0.0,5000,13,0.1,0.34641016151377546,3.4641016151377544,150,150,1.0
dtlz2_interval,lu,cw,finding,coverage_b_in_a,0.0,5000,13,0.1,0.34641016151377546,3.4641016151377544,150,150,1.0
dtlz2_interval,lu,cw,finding,overlap,0.0,5000,13,0.1,0.34641016151377546,3.4641016151377544,150,150,1.0
dtlz2_interval,lu,cw,finding,overlap_jaccard,0.0,5000,13,0.1,0.34641016151377546,3.4641016151377544,150,150,1.0
dtlz2_interval,lu,cw,finding,coverage_a_in_b,0.0,5000,13,0.2,0.6928203230275509,3.4641016151377544,150,150,1.0
dtlz2_interval,lu,cw,finding,coverage_b_in_a,0.0,5000,13,0.2,0.6928203230275509,3.4641016151377544,150,150,1.0
dtlz2_interval,lu,cw,finding,overlap,0.0,5000,13,0.2,0.6928203230275509,3.4641016151377544,150,150,1.0
dtlz2_interval,lu,cw,finding,overlap_jaccard,0.0,5000,13,0.2,0.6928203230275509,3.4641016151377544,150,150,1.0
dtlz2_interval,ls,cw,check,coverage_a_in_b,0.0,5000,13,0.0,0.0,3.4641016151377544,150,150,1.0
dtlz2_interval,ls,cw,check,coverage_b_in_a,0.0,5000,13,0.0,0.0,3.4641016151377544,150,150,1.0
dtlz2_interval,ls,cw,check,overlap,0.0,5000,13,0.0,0.0,3.4641016151377544,150,150,1.0
dtlz2_interval,ls,cw,check,overlap_jaccard,0.0,5000,13,0.0,0.0,3.4641016151377544,150,150,1.0
dtlz2_interval,ls,cw,check,coverage_a_in_b,0.0,5000,13,0.01,0.034641016151377546,3.4641016151377544,150,150,1.0
dtlz2_interval,ls,cw,check,coverage_b_in_a,0.0,5000,13,0.01,0.034641016151377546,3.4641016151377544,150,150,1.0
dtlz2_interval,ls,cw,check,overlap,0.0,5000,13,0.01,0.034641016151377546,3.4641016151377544,150,150,1.0
dtlz2_interval,ls,cw,check,overlap_jaccard,0.0,5000,13,0.01,0.034641016151377546,3.4641016151377544,150,150,1.0
dtlz2_interval,ls,cw,check,coverage_a_in_b,0.0,5000,13,0.02,0.06928203230275509,3.4641016151377544,150,150,1.0
dtlz2_interval,ls,cw,check,coverage_b_in_a,0.0,5000,13,0.02,0.06928203230275509,3.4641016151377544,150,150,1.0
dtlz2_interval,ls,cw,check,overlap,0.0,5000,13,0.02,0.06928203230275509,3.4641016151377544,150,150,1.0
dtlz2_interval,ls,cw,check,overlap_jaccard,0.0,5000,13,0.02,0.06928203230275509,3.4641016151377544,150,150,1.0
dtlz2_interval,ls,cw,check,coverage_a_in_b,0.0,5000,13,0.05,0.17320508075688773,3.4641016151377544,150,150,1.0
dtlz2_interval,ls,cw,check,coverage_b_in_a,0.0,5000,13,0.05,0.17320508075688773,3.4641016151377544,150,150,1.0
dtlz2_interval,ls,cw,check,overlap,0.0,5000,13,0.05,0.17320508075688773,3.4641016151377544,150,150,1.0
dtlz2_interval,ls,cw,check,overlap_jaccard,0.0,5000,13,0.05,0.17320508075688773,3.4641016151377544,150,150,1.0
dtlz2_interval,ls,cw,check,coverage_a_in_b,0.0,5000,13,0.1,0.34641016151377546,3.4641016151377544,150,150,1.0
dtlz2_interval,ls,cw,check,coverage_b_in_a,0.0,5000,13,0.1,0.34641016151377546,3.4641016151377544,150,150,1.0
dtlz2_interval,ls,cw,check,overlap,0.0,5000,13,0.1,0.34641016151377546,3.4641016151377544,150,150,1.0
dtlz2_interval,ls,cw,check,overlap_jaccard,0.0,5000,13,0.1,0.34641016151377546,3.4641016151377544,150,150,1.0
dtlz2_interval,ls,cw,check,coverage_a_in_b,0.0,5000,13,0.2,0.6928203230275509,3.4641016151377544,150,150,1.0
dtlz2_interval,ls,cw,check,coverage_b_in_a,0.0,5000,13,0.2,0.6928203230275509,3.4641016151377544,150,150,1.0
dtlz2_interval,ls,cw,check,overlap,0.0,5000,13,0.2,0.6928203230275509,3.4641016151377544,150,150,1.0
dtlz2_interval,ls,cw,check,overlap_jaccard,0.0,5000,13,0.2,0.6928203230275509,3.4641016151377544,150,150,1.0
dtlz2_interval,lu,ls,check,coverage_a_in_b,0.0,5000,14,0.0,0.0,3.4641016151377544,146,146,1.0
dtlz2_interval,lu,ls,check,coverage_b_in_a,0.0,5000,14,0.0,0.0,3.4641016151377544,146,146,1.0
dtlz2_interval,lu,ls,check,overlap,0.0,5000,14,0.0,0.0,3.4641016151377544,146,146,1.0
dtlz2_interval,lu,ls,check,overlap_jaccard,0.0,5000,14,0.0,0.0,3.4641016151377544,146,146,1.0
dtlz2_interval,lu,ls,check,coverage_a_in_b,0.0,5000,14,0.01,0.034641016151377546,3.4641016151377544,146,146,1.0
dtlz2_interval,lu,ls,check,coverage_b_in_a,0.0,5000,14,0.01,0.034641016151377546,3.4641016151377544,146,146,1.0
dtlz2_interval,lu,ls,check,overlap,0.0,5000,14,0.01,0.034641016151377546,3.4641016151377544,146,146,1.0
dtlz2_interval,lu,ls,check,overlap_jaccard,0.0,5000,14,0.01,0.034641016151377546,3.4641016151377544,146,146,1.0
dtlz2_interval,lu,ls,check,coverage_a_in_b,0.0,5000,14,0.02,0.06928203230275509,3.4641016151377544,146,146,1.0
dtlz2_interval,lu,ls,check,coverage_b_in_a,0.0,5000,14,0.02,0.06928203230275509,3.4641016151377544,146,146,1.0
dtlz2_interval,lu,ls,check,overlap,0.0,5000,14,0.02,0.06928203230275509,3.4641016151377544,146,146,1.0
dtlz2_interval,lu,ls,check,overlap_jaccard,0.0,5000,14,0.02,0.06928203230275509,3.4641016151377544,146,146,1.0
dtlz2_interval,lu,ls,check,coverage_a_in_b,0.0,5000,14,0.05,0.17320508075688773,3.4641016151377544,146,146,1.0
dtlz2_interval,lu,ls,check,coverage_b_in_a,0.0,5000,14,0.05,0.17320508075688773,3.4641016151377544,146,146,1.0
dtlz2_interval,lu,ls,check,overlap,0.0,5000,14,0.05,0.17320508075688773,3.4641016151377544,146,146,1.0
dtlz2_interval,lu,ls,check,overlap_jaccard,0.0,5000,14,0.05,0.17320508075688773,3.4641016151377544,146,146,1.0
dtlz2_interval,lu,ls,check,coverage_a_in_b,0.0,5000,14,0.1,0.34641016151377546,3.4641016151377544,146,146,1.0
dtlz2_interval,lu,ls,check,coverage_b_in_a,0.0,5000,14,0.1,0.34641016151377546,3.4641016151377544,146,146,1.0
dtlz2_interval,lu,ls,check,overlap,0.0,5000,14,0.1,0.34641016151377546,3.4641016151377544,146,146,1.0
dtlz2_interval,lu,ls,check,overlap_jaccard,0.0,5000,14,0.1,0.34641016151377546,3.4641016151377544,146,146,1.0
dtlz2_interval,lu,ls,check,coverage_a_in_b,0.0,5000,14,0.2,0.6928203230275509,3.4641016151377544,146,146,1.0
dtlz2_interval,lu,ls,check,coverage_b_in_a,0.0,5000,14,0.2,0.6928203230275509,3.4641016151377544,146,146,1.0
dtlz2_interval,lu,ls,check,overlap,0.0,5000,14,0.2,0.6928203230275509,3.4641016151377544,146,146,1.0
dtlz2_interval,lu,ls,check,overlap_jaccard,0.0,5000,14,0.2,0.6928203230275509,3.4641016151377544,146,146,1.0
dtlz2_interval,lu,cw,finding,coverage_a_in_b,0.0,5000,14,0.0,0.0,3.4641016151377544,146,146,1.0
dtlz2_interval,lu,cw,finding,coverage_b_in_a,0.0,5000,14,0.0,0.0,3.4641016151377544,146,146,1.0
dtlz2_interval,lu,cw,finding,overlap,0.0,5000,14,0.0,0.0,3.4641016151377544,146,146,1.0
dtlz2_interval,lu,cw,finding,overlap_jaccard,0.0,5000,14,0.0,0.0,3.4641016151377544,146,146,1.0
dtlz2_interval,lu,cw,finding,coverage_a_in_b,0.0,5000,14,0.01,0.034641016151377546,3.4641016151377544,146,146,1.0
dtlz2_interval,lu,cw,finding,coverage_b_in_a,0.0,5000,14,0.01,0.034641016151377546,3.4641016151377544,146,146,1.0
dtlz2_interval,lu,cw,finding,overlap,0.0,5000,14,0.01,0.034641016151377546,3.4641016151377544,146,146,1.0
dtlz2_interval,lu,cw,finding,overlap_jaccard,0.0,5000,14,0.01,0.034641016151377546,3.4641016151377544,146,146,1.0
dtlz2_interval,lu,cw,finding,coverage_a_in_b,0.0,5000,14,0.02,0.06928203230275509,3.4641016151377544,146,146,1.0
dtlz2_interval,lu,cw,finding,coverage_b_in_a,0.0,5000,14,0.02,0.06928203230275509,3.4641016151377544,146,146,1.0
dtlz2_interval,lu,cw,finding,overlap,0.0,5000,14,0.02,0.06928203230275509,3.4641016151377544,146,146,1.0
dtlz2_interval,lu,cw,finding,overlap_jaccard,0.0,5000,14,0.02,0.06928203230275509,3.4641016151377544,146,146,1.0
dtlz2_interval,lu,cw,finding,coverage_a_in_b,0.0,5000,14,0.05,0.17320508075688773,3.4641016151377544,146,146,1.0
dtlz2_interval,lu,cw,finding,coverage_b_in_a,0.0,5000,14,0.05,0.17320508075688773,3.4641016151377544,146,146,1.0
dtlz2_interval,lu,cw,finding,overlap,0.0,5000,14,0.05,0.17320508075688773,3.4641016151377544,146,146,1.0
dtlz2_interval,lu,cw,finding,overlap_jaccard,0.0,5000,14,0.05,0.17320508075688773,3.4641016151377544,146,146,1.0
dtlz2_interval,lu,cw,finding,coverage_a_in_b,0.0,5000,14,0.1,0.34641016151377546,3.4641016151377544,146,146,1.0
dtlz2_interval,lu,cw,finding,coverage_b_in_a,0.0,5000,14,0.1,0.34641016151377546,3.4641016151377544,146,146,1.0
dtlz2_interval,lu,cw,finding,overlap,0.0,5000,14,0.1,0.34641016151377546,3.4641016151377544,146,146,1.0
dtlz2_interval,lu,cw,finding,overlap_jaccard,0.0,5000,14,0.1,0.34641016151377546,3.4641016151377544,146,146,1.0
dtlz2_interval,lu,cw,finding,coverage_a_in_b,0.0,5000,14,0.2,0.6928203230275509,3.4641016151377544,146,146,1.0
dtlz2_interval,lu,cw,finding,coverage_b_in_a,0.0,5000,14,0.2,0.6928203230275509,3.4641016151377544,146,146,1.0
dtlz2_interval,lu,cw,finding,overlap,0.0,5000,14,0.2,0.6928203230275509,3.4641016151377544,146,146,1.0
dtlz2_interval,lu,cw,finding,overlap_jaccard,0.0,5000,14,0.2,0.6928203230275509,3.4641016151377544,146,146,1.0
dtlz2_interval,ls,cw,check,coverage_a_in_b,0.0,5000,14,0.0,0.0,3.4641016151377544,146,146,1.0
dtlz2_interval,ls,cw,check,coverage_b_in_a,0.0,5000,14,0.0,0.0,3.4641016151377544,146,146,1.0
dtlz2_interval,ls,cw,check,overlap,0.0,5000,14,0.0,0.0,3.4641016151377544,146,146,1.0
dtlz2_interval,ls,cw,check,overlap_jaccard,0.0,5000,14,0.0,0.0,3.4641016151377544,146,146,1.0
dtlz2_interval,ls,cw,check,coverage_a_in_b,0.0,5000,14,0.01,0.034641016151377546,3.4641016151377544,146,146,1.0
dtlz2_interval,ls,cw,check,coverage_b_in_a,0.0,5000,14,0.01,0.034641016151377546,3.4641016151377544,146,146,1.0
dtlz2_interval,ls,cw,check,overlap,0.0,5000,14,0.01,0.034641016151377546,3.4641016151377544,146,146,1.0
dtlz2_interval,ls,cw,check,overlap_jaccard,0.0,5000,14,0.01,0.034641016151377546,3.4641016151377544,146,146,1.0
dtlz2_interval,ls,cw,check,coverage_a_in_b,0.0,5000,14,0.02,0.06928203230275509,3.4641016151377544,146,146,1.0
dtlz2_interval,ls,cw,check,coverage_b_in_a,0.0,5000,14,0.02,0.06928203230275509,3.4641016151377544,146,146,1.0
dtlz2_interval,ls,cw,check,overlap,0.0,5000,14,0.02,0.06928203230275509,3.4641016151377544,146,146,1.0
dtlz2_interval,ls,cw,check,overlap_jaccard,0.0,5000,14,0.02,0.06928203230275509,3.4641016151377544,146,146,1.0
dtlz2_interval,ls,cw,check,coverage_a_in_b,0.0,5000,14,0.05,0.17320508075688773,3.4641016151377544,146,146,1.0
dtlz2_interval,ls,cw,check,coverage_b_in_a,0.0,5000,14,0.05,0.17320508075688773,3.4641016151377544,146,146,1.0
dtlz2_interval,ls,cw,check,overlap,0.0,5000,14,0.05,0.17320508075688773,3.4641016151377544,146,146,1.0
dtlz2_interval,ls,cw,check,overlap_jaccard,0.0,5000,14,0.05,0.17320508075688773,3.4641016151377544,146,146,1.0
dtlz2_interval,ls,cw,check,coverage_a_in_b,0.0,5000,14,0.1,0.34641016151377546,3.4641016151377544,146,146,1.0
dtlz2_interval,ls,cw,check,coverage_b_in_a,0.0,5000,14,0.1,0.34641016151377546,3.4641016151377544,146,146,1.0
dtlz2_interval,ls,cw,check,overlap,0.0,5000,14,0.1,0.34641016151377546,3.4641016151377544,146,146,1.0
dtlz2_interval,ls,cw,check,overlap_jaccard,0.0,5000,14,0.1,0.34641016151377546,3.4641016151377544,146,146,1.0
dtlz2_interval,ls,cw,check,coverage_a_in_b,0.0,5000,14,0.2,0.6928203230275509,3.4641016151377544,146,146,1.0
dtlz2_interval,ls,cw,check,coverage_b_in_a,0.0,5000,14,0.2,0.6928203230275509,3.4641016151377544,146,146,1.0
dtlz2_interval,ls,cw,check,overlap,0.0,5000,14,0.2,0.6928203230275509,3.4641016151377544,146,146,1.0
dtlz2_interval,ls,cw,check,overlap_jaccard,0.0,5000,14,0.2,0.6928203230275509,3.4641016151377544,146,146,1.0
dtlz2_interval,lu,ls,check,coverage_a_in_b,0.0,5000,15,0.0,0.0,3.4641016151377544,128,128,1.0
dtlz2_interval,lu,ls,check,coverage_b_in_a,0.0,5000,15,0.0,0.0,3.4641016151377544,128,128,1.0
dtlz2_interval,lu,ls,check,overlap,0.0,5000,15,0.0,0.0,3.4641016151377544,128,128,1.0
dtlz2_interval,lu,ls,check,overlap_jaccard,0.0,5000,15,0.0,0.0,3.4641016151377544,128,128,1.0
dtlz2_interval,lu,ls,check,coverage_a_in_b,0.0,5000,15,0.01,0.034641016151377546,3.4641016151377544,128,128,1.0
dtlz2_interval,lu,ls,check,coverage_b_in_a,0.0,5000,15,0.01,0.034641016151377546,3.4641016151377544,128,128,1.0
dtlz2_interval,lu,ls,check,overlap,0.0,5000,15,0.01,0.034641016151377546,3.4641016151377544,128,128,1.0
dtlz2_interval,lu,ls,check,overlap_jaccard,0.0,5000,15,0.01,0.034641016151377546,3.4641016151377544,128,128,1.0
dtlz2_interval,lu,ls,check,coverage_a_in_b,0.0,5000,15,0.02,0.06928203230275509,3.4641016151377544,128,128,1.0
dtlz2_interval,lu,ls,check,coverage_b_in_a,0.0,5000,15,0.02,0.06928203230275509,3.4641016151377544,128,128,1.0
dtlz2_interval,lu,ls,check,overlap,0.0,5000,15,0.02,0.06928203230275509,3.4641016151377544,128,128,1.0
dtlz2_interval,lu,ls,check,overlap_jaccard,0.0,5000,15,0.02,0.06928203230275509,3.4641016151377544,128,128,1.0
dtlz2_interval,lu,ls,check,coverage_a_in_b,0.0,5000,15,0.05,0.17320508075688773,3.4641016151377544,128,128,1.0
dtlz2_interval,lu,ls,check,coverage_b_in_a,0.0,5000,15,0.05,0.17320508075688773,3.4641016151377544,128,128,1.0
dtlz2_interval,lu,ls,check,overlap,0.0,5000,15,0.05,0.17320508075688773,3.4641016151377544,128,128,1.0
dtlz2_interval,lu,ls,check,overlap_jaccard,0.0,5000,15,0.05,0.17320508075688773,3.4641016151377544,128,128,1.0
dtlz2_interval,lu,ls,check,coverage_a_in_b,0.0,5000,15,0.1,0.34641016151377546,3.4641016151377544,128,128,1.0
dtlz2_interval,lu,ls,check,coverage_b_in_a,0.0,5000,15,0.1,0.34641016151377546,3.4641016151377544,128,128,1.0
dtlz2_interval,lu,ls,check,overlap,0.0,5000,15,0.1,0.34641016151377546,3.4641016151377544,128,128,1.0
dtlz2_interval,lu,ls,check,overlap_jaccard,0.0,5000,15,0.1,0.34641016151377546,3.4641016151377544,128,128,1.0
dtlz2_interval,lu,ls,check,coverage_a_in_b,0.0,5000,15,0.2,0.6928203230275509,3.4641016151377544,128,128,1.0
dtlz2_interval,lu,ls,check,coverage_b_in_a,0.0,5000,15,0.2,0.6928203230275509,3.4641016151377544,128,128,1.0
dtlz2_interval,lu,ls,check,overlap,0.0,5000,15,0.2,0.6928203230275509,3.4641016151377544,128,128,1.0
dtlz2_interval,lu,ls,check,overlap_jaccard,0.0,5000,15,0.2,0.6928203230275509,3.4641016151377544,128,128,1.0
dtlz2_interval,lu,cw,finding,coverage_a_in_b,0.0,5000,15,0.0,0.0,3.4641016151377544,128,128,1.0
dtlz2_interval,lu,cw,finding,coverage_b_in_a,0.0,5000,15,0.0,0.0,3.4641016151377544,128,128,1.0
dtlz2_interval,lu,cw,finding,overlap,0.0,5000,15,0.0,0.0,3.4641016151377544,128,128,1.0
dtlz2_interval,lu,cw,finding,overlap_jaccard,0.0,5000,15,0.0,0.0,3.4641016151377544,128,128,1.0
dtlz2_interval,lu,cw,finding,coverage_a_in_b,0.0,5000,15,0.01,0.034641016151377546,3.4641016151377544,128,128,1.0
dtlz2_interval,lu,cw,finding,coverage_b_in_a,0.0,5000,15,0.01,0.034641016151377546,3.4641016151377544,128,128,1.0
dtlz2_interval,lu,cw,finding,overlap,0.0,5000,15,0.01,0.034641016151377546,3.4641016151377544,128,128,1.0
dtlz2_interval,lu,cw,finding,overlap_jaccard,0.0,5000,15,0.01,0.034641016151377546,3.4641016151377544,128,128,1.0
dtlz2_interval,lu,cw,finding,coverage_a_in_b,0.0,5000,15,0.02,0.06928203230275509,3.4641016151377544,128,128,1.0
dtlz2_interval,lu,cw,finding,coverage_b_in_a,0.0,5000,15,0.02,0.06928203230275509,3.4641016151377544,128,128,1.0
dtlz2_interval,lu,cw,finding,overlap,0.0,5000,15,0.02,0.06928203230275509,3.4641016151377544,128,128,1.0
dtlz2_interval,lu,cw,finding,overlap_jaccard,0.0,5000,15,0.02,0.06928203230275509,3.4641016151377544,128,128,1.0
dtlz2_interval,lu,cw,finding,coverage_a_in_b,0.0,5000,15,0.05,0.17320508075688773,3.4641016151377544,128,128,1.0
dtlz2_interval,lu,cw,finding,coverage_b_in_a,0.0,5000,15,0.05,0.17320508075688773,3.4641016151377544,128,128,1.0
dtlz2_interval,lu,cw,finding,overlap,0.0,5000,15,0.05,0.17320508075688773,3.4641016151377544,128,128,1.0
dtlz2_interval,lu,cw,finding,overlap_jaccard,0.0,5000,15,0.05,0.17320508075688773,3.4641016151377544,128,128,1.0
dtlz2_interval,lu,cw,finding,coverage_a_in_b,0.0,5000,15,0.1,0.34641016151377546,3.4641016151377544,128,128,1.0
dtlz2_interval,lu,cw,finding,coverage_b_in_a,0.0,5000,15,0.1,0.34641016151377546,3.4641016151377544,128,128,1.0
dtlz2_interval,lu,cw,finding,overlap,0.0,5000,15,0.1,0.34641016151377546,3.4641016151377544,128,128,1.0
dtlz2_interval,lu,cw,finding,overlap_jaccard,0.0,5000,15,0.1,0.34641016151377546,3.4641016151377544,128,128,1.0
dtlz2_interval,lu,cw,finding,coverage_a_in_b,0.0,5000,15,0.2,0.6928203230275509,3.4641016151377544,128,128,1.0
dtlz2_interval,lu,cw,finding,coverage_b_in_a,0.0,5000,15,0.2,0.6928203230275509,3.4641016151377544,128,128,1.0
dtlz2_interval,lu,cw,finding,overlap,0.0,5000,15,0.2,0.6928203230275509,3.4641016151377544,128,128,1.0
dtlz2_interval,lu,cw,finding,overlap_jaccard,0.0,5000,15,0.2,0.6928203230275509,3.4641016151377544,128,128,1.0
dtlz2_interval,ls,cw,check,coverage_a_in_b,0.0,5000,15,0.0,0.0,3.4641016151377544,128,128,1.0
dtlz2_interval,ls,cw,check,coverage_b_in_a,0.0,5000,15,0.0,0.0,3.4641016151377544,128,128,1.0
dtlz2_interval,ls,cw,check,overlap,0.0,5000,15,0.0,0.0,3.4641016151377544,128,128,1.0
dtlz2_interval,ls,cw,check,overlap_jaccard,0.0,5000,15,0.0,0.0,3.4641016151377544,128,128,1.0
dtlz2_interval,ls,cw,check,coverage_a_in_b,0.0,5000,15,0.01,0.034641016151377546,3.4641016151377544,128,128,1.0
dtlz2_interval,ls,cw,check,coverage_b_in_a,0.0,5000,15,0.01,0.034641016151377546,3.4641016151377544,128,128,1.0
dtlz2_interval,ls,cw,check,overlap,0.0,5000,15,0.01,0.034641016151377546,3.4641016151377544,128,128,1.0
dtlz2_interval,ls,cw,check,overlap_jaccard,0.0,5000,15,0.01,0.034641016151377546,3.4641016151377544,128,128,1.0
dtlz2_interval,ls,cw,check,coverage_a_in_b,0.0,5000,15,0.02,0.06928203230275509,3.4641016151377544,128,128,1.0
dtlz2_interval,ls,cw,check,coverage_b_in_a,0.0,5000,15,0.02,0.06928203230275509,3.4641016151377544,128,128,1.0
dtlz2_interval,ls,cw,check,overlap,0.0,5000,15,0.02,0.06928203230275509,3.4641016151377544,128,128,1.0
dtlz2_interval,ls,cw,check,overlap_jaccard,0.0,5000,15,0.02,0.06928203230275509,3.4641016151377544,128,128,1.0
dtlz2_interval,ls,cw,check,coverage_a_in_b,0.0,5000,15,0.05,0.17320508075688773,3.4641016151377544,128,128,1.0
dtlz2_interval,ls,cw,check,coverage_b_in_a,0.0,5000,15,0.05,0.17320508075688773,3.4641016151377544,128,128,1.0
dtlz2_interval,ls,cw,check,overlap,0.0,5000,15,0.05,0.17320508075688773,3.4641016151377544,128,128,1.0
dtlz2_interval,ls,cw,check,overlap_jaccard,0.0,5000,15,0.05,0.17320508075688773,3.4641016151377544,128,128,1.0
dtlz2_interval,ls,cw,check,coverage_a_in_b,0.0,5000,15,0.1,0.34641016151377546,3.4641016151377544,128,128,1.0
dtlz2_interval,ls,cw,check,coverage_b_in_a,0.0,5000,15,0.1,0.34641016151377546,3.4641016151377544,128,128,1.0
dtlz2_interval,ls,cw,check,overlap,0.0,5000,15,0.1,0.34641016151377546,3.4641016151377544,128,128,1.0
dtlz2_interval,ls,cw,check,overlap_jaccard,0.0,5000,15,0.1,0.34641016151377546,3.4641016151377544,128,128,1.0
dtlz2_interval,ls,cw,check,coverage_a_in_b,0.0,5000,15,0.2,0.6928203230275509,3.4641016151377544,128,128,1.0
dtlz2_interval,ls,cw,check,coverage_b_in_a,0.0,5000,15,0.2,0.6928203230275509,3.4641016151377544,128,128,1.0
dtlz2_interval,ls,cw,check,overlap,0.0,5000,15,0.2,0.6928203230275509,3.4641016151377544,128,128,1.0
dtlz2_interval,ls,cw,check,overlap_jaccard,0.0,5000,15,0.2,0.6928203230275509,3.4641016151377544,128,128,1.0
dtlz2_interval,lu,ls,check,coverage_a_in_b,0.05,5000,11,0.0,0.0,3.4641016151377544,313,1850,1.0
dtlz2_interval,lu,ls,check,coverage_b_in_a,0.05,5000,11,0.0,0.0,3.4641016151377544,313,1850,0.16918918918918918
dtlz2_interval,lu,ls,check,overlap,0.05,5000,11,0.0,0.0,3.4641016151377544,313,1850,0.28941285251964866
dtlz2_interval,lu,ls,check,overlap_jaccard,0.05,5000,11,0.0,0.0,3.4641016151377544,313,1850,0.1691891891891892
dtlz2_interval,lu,ls,check,coverage_a_in_b,0.05,5000,11,0.01,0.034641016151377546,3.4641016151377544,313,1850,1.0
dtlz2_interval,lu,ls,check,coverage_b_in_a,0.05,5000,11,0.01,0.034641016151377546,3.4641016151377544,313,1850,0.16918918918918918
dtlz2_interval,lu,ls,check,overlap,0.05,5000,11,0.01,0.034641016151377546,3.4641016151377544,313,1850,0.28941285251964866
dtlz2_interval,lu,ls,check,overlap_jaccard,0.05,5000,11,0.01,0.034641016151377546,3.4641016151377544,313,1850,0.1691891891891892
dtlz2_interval,lu,ls,check,coverage_a_in_b,0.05,5000,11,0.02,0.06928203230275509,3.4641016151377544,313,1850,1.0
dtlz2_interval,lu,ls,check,coverage_b_in_a,0.05,5000,11,0.02,0.06928203230275509,3.4641016151377544,313,1850,0.16918918918918918
dtlz2_interval,lu,ls,check,overlap,0.05,5000,11,0.02,0.06928203230275509,3.4641016151377544,313,1850,0.28941285251964866
dtlz2_interval,lu,ls,check,overlap_jaccard,0.05,5000,11,0.02,0.06928203230275509,3.4641016151377544,313,1850,0.1691891891891892
dtlz2_interval,lu,ls,check,coverage_a_in_b,0.05,5000,11,0.05,0.17320508075688773,3.4641016151377544,313,1850,1.0
dtlz2_interval,lu,ls,check,coverage_b_in_a,0.05,5000,11,0.05,0.17320508075688773,3.4641016151377544,313,1850,0.16918918918918918
dtlz2_interval,lu,ls,check,overlap,0.05,5000,11,0.05,0.17320508075688773,3.4641016151377544,313,1850,0.28941285251964866
dtlz2_interval,lu,ls,check,overlap_jaccard,0.05,5000,11,0.05,0.17320508075688773,3.4641016151377544,313,1850,0.1691891891891892
dtlz2_interval,lu,ls,check,coverage_a_in_b,0.05,5000,11,0.1,0.34641016151377546,3.4641016151377544,313,1850,1.0
dtlz2_interval,lu,ls,check,coverage_b_in_a,0.05,5000,11,0.1,0.34641016151377546,3.4641016151377544,313,1850,0.17027027027027028
dtlz2_interval,lu,ls,check,overlap,0.05,5000,11,0.1,0.34641016151377546,3.4641016151377544,313,1850,0.29033749422098937
dtlz2_interval,lu,ls,check,overlap_jaccard,0.05,5000,11,0.1,0.34641016151377546,3.4641016151377544,313,1850,0.16982152514872903
dtlz2_interval,lu,ls,check,coverage_a_in_b,0.05,5000,11,0.2,0.6928203230275509,3.4641016151377544,313,1850,1.0
dtlz2_interval,lu,ls,check,coverage_b_in_a,0.05,5000,11,0.2,0.6928203230275509,3.4641016151377544,313,1850,0.6297297297297297
dtlz2_interval,lu,ls,check,overlap,0.05,5000,11,0.2,0.6928203230275509,3.4641016151377544,313,1850,0.6833102172907998
dtlz2_interval,lu,ls,check,overlap_jaccard,0.05,5000,11,0.2,0.6928203230275509,3.4641016151377544,313,1850,0.5189606741573033
dtlz2_interval,lu,cw,finding,coverage_a_in_b,0.05,5000,11,0.0,0.0,3.4641016151377544,313,1702,0.8785942492012779
dtlz2_interval,lu,cw,finding,coverage_b_in_a,0.05,5000,11,0.0,0.0,3.4641016151377544,313,1702,0.16157461809635723
dtlz2_interval,lu,cw,finding,overlap,0.05,5000,11,0.0,0.0,3.4641016151377544,313,1702,0.2729528535980149
dtlz2_interval,lu,cw,finding,overlap_jaccard,0.05,5000,11,0.0,0.0,3.4641016151377544,313,1702,0.15804597701149428
dtlz2_interval,lu,cw,finding,coverage_a_in_b,0.05,5000,11,0.01,0.034641016151377546,3.4641016151377544,313,1702,0.8785942492012779
dtlz2_interval,lu,cw,finding,coverage_b_in_a,0.05,5000,11,0.01,0.034641016151377546,3.4641016151377544,313,1702,0.16157461809635723
dtlz2_interval,lu,cw,finding,overlap,0.05,5000,11,0.01,0.034641016151377546,3.4641016151377544,313,1702,0.2729528535980149
dtlz2_interval,lu,cw,finding,overlap_jaccard,0.05,5000,11,0.01,0.034641016151377546,3.4641016151377544,313,1702,0.15804597701149428
dtlz2_interval,lu,cw,finding,coverage_a_in_b,0.05,5000,11,0.02,0.06928203230275509,3.4641016151377544,313,1702,0.8785942492012779
dtlz2_interval,lu,cw,finding,coverage_b_in_a,0.05,5000,11,0.02,0.06928203230275509,3.4641016151377544,313,1702,0.16157461809635723
dtlz2_interval,lu,cw,finding,overlap,0.05,5000,11,0.02,0.06928203230275509,3.4641016151377544,313,1702,0.2729528535980149
dtlz2_interval,lu,cw,finding,overlap_jaccard,0.05,5000,11,0.02,0.06928203230275509,3.4641016151377544,313,1702,0.15804597701149428
dtlz2_interval,lu,cw,finding,coverage_a_in_b,0.05,5000,11,0.05,0.17320508075688773,3.4641016151377544,313,1702,0.8785942492012779
dtlz2_interval,lu,cw,finding,coverage_b_in_a,0.05,5000,11,0.05,0.17320508075688773,3.4641016151377544,313,1702,0.16157461809635723
dtlz2_interval,lu,cw,finding,overlap,0.05,5000,11,0.05,0.17320508075688773,3.4641016151377544,313,1702,0.2729528535980149
dtlz2_interval,lu,cw,finding,overlap_jaccard,0.05,5000,11,0.05,0.17320508075688773,3.4641016151377544,313,1702,0.15804597701149428
dtlz2_interval,lu,cw,finding,coverage_a_in_b,0.05,5000,11,0.1,0.34641016151377546,3.4641016151377544,313,1702,0.8785942492012779
dtlz2_interval,lu,cw,finding,coverage_b_in_a,0.05,5000,11,0.1,0.34641016151377546,3.4641016151377544,313,1702,0.1627497062279671
dtlz2_interval,lu,cw,finding,overlap,0.05,5000,11,0.1,0.34641016151377546,3.4641016151377544,313,1702,0.2739454094292804
dtlz2_interval,lu,cw,finding,overlap_jaccard,0.05,5000,11,0.1,0.34641016151377546,3.4641016151377544,313,1702,0.15871190339275446
dtlz2_interval,lu,cw,finding,coverage_a_in_b,0.05,5000,11,0.2,0.6928203230275509,3.4641016151377544,313,1702,0.9424920127795527
dtlz2_interval,lu,cw,finding,coverage_b_in_a,0.05,5000,11,0.2,0.6928203230275509,3.4641016151377544,313,1702,0.63572267920094
dtlz2_interval,lu,cw,finding,overlap,0.05,5000,11,0.2,0.6928203230275509,3.4641016151377544,313,1702,0.6833746898263028
dtlz2_interval,lu,cw,finding,overlap_jaccard,0.05,5000,11,0.2,0.6928203230275509,3.4641016151377544,313,1702,0.5190350546551076
dtlz2_interval,ls,cw,check,coverage_a_in_b,0.05,5000,11,0.0,0.0,3.4641016151377544,1850,1702,0.92
dtlz2_interval,ls,cw,check,coverage_b_in_a,0.05,5000,11,0.0,0.0,3.4641016151377544,1850,1702,1.0
dtlz2_interval,ls,cw,check,overlap,0.05,5000,11,0.0,0.0,3.4641016151377544,1850,1702,0.9583333333333334
dtlz2_interval,ls,cw,check,overlap_jaccard,0.05,5000,11,0.0,0.0,3.4641016151377544,1850,1702,0.9200000000000002
dtlz2_interval,ls,cw,check,coverage_a_in_b,0.05,5000,11,0.01,0.034641016151377546,3.4641016151377544,1850,1702,0.92
dtlz2_interval,ls,cw,check,coverage_b_in_a,0.05,5000,11,0.01,0.034641016151377546,3.4641016151377544,1850,1702,1.0
dtlz2_interval,ls,cw,check,overlap,0.05,5000,11,0.01,0.034641016151377546,3.4641016151377544,1850,1702,0.9583333333333334
dtlz2_interval,ls,cw,check,overlap_jaccard,0.05,5000,11,0.01,0.034641016151377546,3.4641016151377544,1850,1702,0.9200000000000002
dtlz2_interval,ls,cw,check,coverage_a_in_b,0.05,5000,11,0.02,0.06928203230275509,3.4641016151377544,1850,1702,0.92
dtlz2_interval,ls,cw,check,coverage_b_in_a,0.05,5000,11,0.02,0.06928203230275509,3.4641016151377544,1850,1702,1.0
dtlz2_interval,ls,cw,check,overlap,0.05,5000,11,0.02,0.06928203230275509,3.4641016151377544,1850,1702,0.9583333333333334
dtlz2_interval,ls,cw,check,overlap_jaccard,0.05,5000,11,0.02,0.06928203230275509,3.4641016151377544,1850,1702,0.9200000000000002
dtlz2_interval,ls,cw,check,coverage_a_in_b,0.05,5000,11,0.05,0.17320508075688773,3.4641016151377544,1850,1702,0.92
dtlz2_interval,ls,cw,check,coverage_b_in_a,0.05,5000,11,0.05,0.17320508075688773,3.4641016151377544,1850,1702,1.0
dtlz2_interval,ls,cw,check,overlap,0.05,5000,11,0.05,0.17320508075688773,3.4641016151377544,1850,1702,0.9583333333333334
dtlz2_interval,ls,cw,check,overlap_jaccard,0.05,5000,11,0.05,0.17320508075688773,3.4641016151377544,1850,1702,0.9200000000000002
dtlz2_interval,ls,cw,check,coverage_a_in_b,0.05,5000,11,0.1,0.34641016151377546,3.4641016151377544,1850,1702,0.92
dtlz2_interval,ls,cw,check,coverage_b_in_a,0.05,5000,11,0.1,0.34641016151377546,3.4641016151377544,1850,1702,1.0
dtlz2_interval,ls,cw,check,overlap,0.05,5000,11,0.1,0.34641016151377546,3.4641016151377544,1850,1702,0.9583333333333334
dtlz2_interval,ls,cw,check,overlap_jaccard,0.05,5000,11,0.1,0.34641016151377546,3.4641016151377544,1850,1702,0.9200000000000002
dtlz2_interval,ls,cw,check,coverage_a_in_b,0.05,5000,11,0.2,0.6928203230275509,3.4641016151377544,1850,1702,0.9756756756756757
dtlz2_interval,ls,cw,check,coverage_b_in_a,0.05,5000,11,0.2,0.6928203230275509,3.4641016151377544,1850,1702,1.0
dtlz2_interval,ls,cw,check,overlap,0.05,5000,11,0.2,0.6928203230275509,3.4641016151377544,1850,1702,0.987331081081081
dtlz2_interval,ls,cw,check,overlap_jaccard,0.05,5000,11,0.2,0.6928203230275509,3.4641016151377544,1850,1702,0.9749791492910759
dtlz2_interval,lu,ls,check,coverage_a_in_b,0.05,5000,12,0.0,0.0,3.4641016151377544,295,2013,1.0
dtlz2_interval,lu,ls,check,coverage_b_in_a,0.05,5000,12,0.0,0.0,3.4641016151377544,295,2013,0.14654744162940883
dtlz2_interval,lu,ls,check,overlap,0.05,5000,12,0.0,0.0,3.4641016151377544,295,2013,0.255632582322357
dtlz2_interval,lu,ls,check,overlap_jaccard,0.05,5000,12,0.0,0.0,3.4641016151377544,295,2013,0.14654744162940886
dtlz2_interval,lu,ls,check,coverage_a_in_b,0.05,5000,12,0.01,0.034641016151377546,3.4641016151377544,295,2013,1.0
dtlz2_interval,lu,ls,check,coverage_b_in_a,0.05,5000,12,0.01,0.034641016151377546,3.4641016151377544,295,2013,0.14654744162940883
dtlz2_interval,lu,ls,check,overlap,0.05,5000,12,0.01,0.034641016151377546,3.4641016151377544,295,2013,0.255632582322357
dtlz2_interval,lu,ls,check,overlap_jaccard,0.05,5000,12,0.01,0.034641016151377546,3.4641016151377544,295,2013,0.14654744162940886
dtlz2_interval,lu,ls,check,coverage_a_in_b,0.05,5000,12,0.02,0.06928203230275509,3.4641016151377544,295,2013,1.0
dtlz2_interval,lu,ls,check,coverage_b_in_a,0.05,5000,12,0.02,0.06928203230275509,3.4641016151377544,295,2013,0.14654744162940883
dtlz2_interval,lu,ls,check,overlap,0.05,5000,12,0.02,0.06928203230275509,3.4641016151377544,295,2013,0.255632582322357
dtlz2_interval,lu,ls,check,overlap_jaccard,0.05,5000,12,0.02,0.06928203230275509,3.4641016151377544,295,2013,0.14654744162940886
dtlz2_interval,lu,ls,check,coverage_a_in_b,0.05,5000,12,0.05,0.17320508075688773,3.4641016151377544,295,2013,1.0
dtlz2_interval,lu,ls,check,coverage_b_in_a,0.05,5000,12,0.05,0.17320508075688773,3.4641016151377544,295,2013,0.14654744162940883
dtlz2_interval,lu,ls,check,overlap,0.05,5000,12,0.05,0.17320508075688773,3.4641016151377544,295,2013,0.255632582322357
dtlz2_interval,lu,ls,check,overlap_jaccard,0.05,5000,12,0.05,0.17320508075688773,3.4641016151377544,295,2013,0.14654744162940886
dtlz2_interval,lu,ls,check,coverage_a_in_b,0.05,5000,12,0.1,0.34641016151377546,3.4641016151377544,295,2013,1.0
dtlz2_interval,lu,ls,check,coverage_b_in_a,0.05,5000,12,0.1,0.34641016151377546,3.4641016151377544,295,2013,0.14754098360655737
dtlz2_interval,lu,ls,check,overlap,0.05,5000,12,0.1,0.34641016151377546,3.4641016151377544,295,2013,0.2564991334488735
dtlz2_interval,lu,ls,check,overlap_jaccard,0.05,5000,12,0.1,0.34641016151377546,3.4641016151377544,295,2013,0.14711729622266403
dtlz2_interval,lu,ls,check,coverage_a_in_b,0.05,5000,12,0.2,0.6928203230275509,3.4641016151377544,295,2013,1.0
dtlz2_interval,lu,ls,check,coverage_b_in_a,0.05,5000,12,0.2,0.6928203230275509,3.4641016151377544,295,2013,0.6105315449577745
dtlz2_interval,lu,ls,check,overlap,0.05,5000,12,0.2,0.6928203230275509,3.4641016151377544,295,2013,0.6603119584055459
dtlz2_interval,lu,ls,check,overlap_jaccard,0.05,5000,12,0.2,0.6928203230275509,3.4641016151377544,295,2013,0.4928848641655886
dtlz2_interval,lu,cw,finding,coverage_a_in_b,0.05,5000,12,0.0,0.0,3.4641016151377544,295,1857,0.9084745762711864
dtlz2_interval,lu,cw,finding,coverage_b_in_a,0.05,5000,12,0.0,0.0,3.4641016151377544,295,1857,0.14431879375336565
dtlz2_interval,lu,cw,finding,overlap,0.05,5000,12,0.0,0.0,3.4641016151377544,295,1857,0.24907063197026022
dtlz2_interval,lu,cw,finding,overlap_jaccard,0.05,5000,12,0.0,0.0,3.4641016151377544,295,1857,0.14225053078556263
dtlz2_interval,lu,cw,finding,coverage_a_in_b,0.05,5000,12,0.01,0.034641016151377546,3.4641016151377544,295,1857,0.9084745762711864
dtlz2_interval,lu,cw,finding,coverage_b_in_a,0.05,5000,12,0.01,0.034641016151377546,3.4641016151377544,295,1857,0.14431879375336565
dtlz2_interval,lu,cw,finding,overlap,0.05,5000,12,0.01,0.034641016151377546,3.4641016151377544,295,1857,0.24907063197026022
dtlz2_interval,lu,cw,finding,overlap_jaccard,0.05,5000,12,0.01,0.034641016151377546,3.4641016151377544,295,1857,0.14225053078556263
dtlz2_interval,lu,cw,finding,coverage_a_in_b,0.05,5000,12,0.02,0.06928203230275509,3.4641016151377544,295,1857,0.9084745762711864
dtlz2_interval,lu,cw,finding,coverage_b_in_a,0.05,5000,12,0.02,0.06928203230275509,3.4641016151377544,295,1857,0.14431879375336565
dtlz2_interval,lu,cw,finding,overlap,0.05,5000,12,0.02,0.06928203230275509,3.4641016151377544,295,1857,0.24907063197026022
dtlz2_interval,lu,cw,finding,overlap_jaccard,0.05,5000,12,0.02,0.06928203230275509,3.4641016151377544,295,1857,0.14225053078556263
dtlz2_interval,lu,cw,finding,coverage_a_in_b,0.05,5000,12,0.05,0.17320508075688773,3.4641016151377544,295,1857,0.9084745762711864
dtlz2_interval,lu,cw,finding,coverage_b_in_a,0.05,5000,12,0.05,0.17320508075688773,3.4641016151377544,295,1857,0.14431879375336565
dtlz2_interval,lu,cw,finding,overlap,0.05,5000,12,0.05,0.17320508075688773,3.4641016151377544,295,1857,0.24907063197026022
dtlz2_interval,lu,cw,finding,overlap_jaccard,0.05,5000,12,0.05,0.17320508075688773,3.4641016151377544,295,1857,0.14225053078556263
dtlz2_interval,lu,cw,finding,coverage_a_in_b,0.05,5000,12,0.1,0.34641016151377546,3.4641016151377544,295,1857,0.9084745762711864
dtlz2_interval,lu,cw,finding,coverage_b_in_a,0.05,5000,12,0.1,0.34641016151377546,3.4641016151377544,295,1857,0.14539579967689822
dtlz2_interval,lu,cw,finding,overlap,0.05,5000,12,0.1,0.34641016151377546,3.4641016151377544,295,1857,0.25
dtlz2_interval,lu,cw,finding,overlap_jaccard,0.05,5000,12,0.1,0.34641016151377546,3.4641016151377544,295,1857,0.14285714285714285
dtlz2_interval,lu,cw,finding,coverage_a_in_b,0.05,5000,12,0.2,0.6928203230275509,3.4641016151377544,295,1857,0.9728813559322034
dtlz2_interval,lu,cw,finding,coverage_b_in_a,0.05,5000,12,0.2,0.6928203230275509,3.4641016151377544,295,1857,0.6149703823371029
dtlz2_interval,lu,cw,finding,overlap,0.05,5000,12,0.2,0.6928203230275509,3.4641016151377544,295,1857,0.6640334572490706
dtlz2_interval,lu,cw,finding,overlap_jaccard,0.05,5000,12,0.2,0.6928203230275509,3.4641016151377544,295,1857,0.4970434782608695
dtlz2_interval,ls,cw,check,coverage_a_in_b,0.05,5000,12,0.0,0.0,3.4641016151377544,2013,1857,0.9225037257824144
dtlz2_interval,ls,cw,check,coverage_b_in_a,0.05,5000,12,0.0,0.0,3.4641016151377544,2013,1857,1.0
dtlz2_interval,ls,cw,check,overlap,0.05,5000,12,0.0,0.0,3.4641016151377544,2013,1857,0.9596899224806201
dtlz2_interval,ls,cw,check,overlap_jaccard,0.05,5000,12,0.0,0.0,3.4641016151377544,2013,1857,0.9225037257824142
dtlz2_interval,ls,cw,check,coverage_a_in_b,0.05,5000,12,0.01,0.034641016151377546,3.4641016151377544,2013,1857,0.9225037257824144
dtlz2_interval,ls,cw,check,coverage_b_in_a,0.05,5000,12,0.01,0.034641016151377546,3.4641016151377544,2013,1857,1.0
dtlz2_interval,ls,cw,check,overlap,0.05,5000,12,0.01,0.034641016151377546,3.4641016151377544,2013,1857,0.9596899224806201
dtlz2_interval,ls,cw,check,overlap_jaccard,0.05,5000,12,0.01,0.034641016151377546,3.4641016151377544,2013,1857,0.9225037257824142
dtlz2_interval,ls,cw,check,coverage_a_in_b,0.05,5000,12,0.02,0.06928203230275509,3.4641016151377544,2013,1857,0.9225037257824144
dtlz2_interval,ls,cw,check,coverage_b_in_a,0.05,5000,12,0.02,0.06928203230275509,3.4641016151377544,2013,1857,1.0
dtlz2_interval,ls,cw,check,overlap,0.05,5000,12,0.02,0.06928203230275509,3.4641016151377544,2013,1857,0.9596899224806201
dtlz2_interval,ls,cw,check,overlap_jaccard,0.05,5000,12,0.02,0.06928203230275509,3.4641016151377544,2013,1857,0.9225037257824142
dtlz2_interval,ls,cw,check,coverage_a_in_b,0.05,5000,12,0.05,0.17320508075688773,3.4641016151377544,2013,1857,0.9225037257824144
dtlz2_interval,ls,cw,check,coverage_b_in_a,0.05,5000,12,0.05,0.17320508075688773,3.4641016151377544,2013,1857,1.0
dtlz2_interval,ls,cw,check,overlap,0.05,5000,12,0.05,0.17320508075688773,3.4641016151377544,2013,1857,0.9596899224806201
dtlz2_interval,ls,cw,check,overlap_jaccard,0.05,5000,12,0.05,0.17320508075688773,3.4641016151377544,2013,1857,0.9225037257824142
dtlz2_interval,ls,cw,check,coverage_a_in_b,0.05,5000,12,0.1,0.34641016151377546,3.4641016151377544,2013,1857,0.9225037257824144
dtlz2_interval,ls,cw,check,coverage_b_in_a,0.05,5000,12,0.1,0.34641016151377546,3.4641016151377544,2013,1857,1.0
dtlz2_interval,ls,cw,check,overlap,0.05,5000,12,0.1,0.34641016151377546,3.4641016151377544,2013,1857,0.9596899224806201
dtlz2_interval,ls,cw,check,overlap_jaccard,0.05,5000,12,0.1,0.34641016151377546,3.4641016151377544,2013,1857,0.9225037257824142
dtlz2_interval,ls,cw,check,coverage_a_in_b,0.05,5000,12,0.2,0.6928203230275509,3.4641016151377544,2013,1857,0.9850968703427719
dtlz2_interval,ls,cw,check,coverage_b_in_a,0.05,5000,12,0.2,0.6928203230275509,3.4641016151377544,2013,1857,1.0
dtlz2_interval,ls,cw,check,overlap,0.05,5000,12,0.2,0.6928203230275509,3.4641016151377544,2013,1857,0.9922480620155039
dtlz2_interval,ls,cw,check,overlap_jaccard,0.05,5000,12,0.2,0.6928203230275509,3.4641016151377544,2013,1857,0.9846153846153846
dtlz2_interval,lu,ls,check,coverage_a_in_b,0.05,5000,13,0.0,0.0,3.4641016151377544,277,1968,1.0
dtlz2_interval,lu,ls,check,coverage_b_in_a,0.05,5000,13,0.0,0.0,3.4641016151377544,277,1968,0.1407520325203252
dtlz2_interval,lu,ls,check,overlap,0.05,5000,13,0.0,0.0,3.4641016151377544,277,1968,0.2467706013363029
dtlz2_interval,lu,ls,check,overlap_jaccard,0.05,5000,13,0.0,0.0,3.4641016151377544,277,1968,0.1407520325203252
dtlz2_interval,lu,ls,check,coverage_a_in_b,0.05,5000,13,0.01,0.034641016151377546,3.4641016151377544,277,1968,1.0
dtlz2_interval,lu,ls,check,coverage_b_in_a,0.05,5000,13,0.01,0.034641016151377546,3.4641016151377544,277,1968,0.1407520325203252
dtlz2_interval,lu,ls,check,overlap,0.05,5000,13,0.01,0.034641016151377546,3.4641016151377544,277,1968,0.2467706013363029
dtlz2_interval,lu,ls,check,overlap_jaccard,0.05,5000,13,0.01,0.034641016151377546,3.4641016151377544,277,1968,0.1407520325203252
dtlz2_interval,lu,ls,check,coverage_a_in_b,0.05,5000,13,0.02,0.06928203230275509,3.4641016151377544,277,1968,1.0
dtlz2_interval,lu,ls,check,coverage_b_in_a,0.05,5000,13,0.02,0.06928203230275509,3.4641016151377544,277,1968,0.1407520325203252
dtlz2_interval,lu,ls,check,overlap,0.05,5000,13,0.02,0.06928203230275509,3.4641016151377544,277,1968,0.2467706013363029
dtlz2_interval,lu,ls,check,overlap_jaccard,0.05,5000,13,0.02,0.06928203230275509,3.4641016151377544,277,1968,0.1407520325203252
dtlz2_interval,lu,ls,check,coverage_a_in_b,0.05,5000,13,0.05,0.17320508075688773,3.4641016151377544,277,1968,1.0
dtlz2_interval,lu,ls,check,coverage_b_in_a,0.05,5000,13,0.05,0.17320508075688773,3.4641016151377544,277,1968,0.1407520325203252
dtlz2_interval,lu,ls,check,overlap,0.05,5000,13,0.05,0.17320508075688773,3.4641016151377544,277,1968,0.2467706013363029
dtlz2_interval,lu,ls,check,overlap_jaccard,0.05,5000,13,0.05,0.17320508075688773,3.4641016151377544,277,1968,0.1407520325203252
dtlz2_interval,lu,ls,check,coverage_a_in_b,0.05,5000,13,0.1,0.34641016151377546,3.4641016151377544,277,1968,1.0
dtlz2_interval,lu,ls,check,coverage_b_in_a,0.05,5000,13,0.1,0.34641016151377546,3.4641016151377544,277,1968,0.1407520325203252
dtlz2_interval,lu,ls,check,overlap,0.05,5000,13,0.1,0.34641016151377546,3.4641016151377544,277,1968,0.2467706013363029
dtlz2_interval,lu,ls,check,overlap_jaccard,0.05,5000,13,0.1,0.34641016151377546,3.4641016151377544,277,1968,0.1407520325203252
dtlz2_interval,lu,ls,check,coverage_a_in_b,0.05,5000,13,0.2,0.6928203230275509,3.4641016151377544,277,1968,1.0
dtlz2_interval,lu,ls,check,coverage_b_in_a,0.05,5000,13,0.2,0.6928203230275509,3.4641016151377544,277,1968,0.5807926829268293
dtlz2_interval,lu,ls,check,overlap,0.05,5000,13,0.2,0.6928203230275509,3.4641016151377544,277,1968,0.6325167037861915
dtlz2_interval,lu,ls,check,overlap_jaccard,0.05,5000,13,0.2,0.6928203230275509,3.4641016151377544,277,1968,0.4625407166123778
dtlz2_interval,lu,cw,finding,coverage_a_in_b,0.05,5000,13,0.0,0.0,3.4641016151377544,277,1838,0.9169675090252708
dtlz2_interval,lu,cw,finding,coverage_b_in_a,0.05,5000,13,0.0,0.0,3.4641016151377544,277,1838,0.1381936887921654
dtlz2_interval,lu,cw,finding,overlap,0.05,5000,13,0.0,0.0,3.4641016151377544,277,1838,0.2401891252955083
dtlz2_interval,lu,cw,finding,overlap_jaccard,0.05,5000,13,0.0,0.0,3.4641016151377544,277,1838,0.13648576034390114
dtlz2_interval,lu,cw,finding,coverage_a_in_b,0.05,5000,13,0.01,0.034641016151377546,3.4641016151377544,277,1838,0.9169675090252708
dtlz2_interval,lu,cw,finding,coverage_b_in_a,0.05,5000,13,0.01,0.034641016151377546,3.4641016151377544,277,1838,0.1381936887921654
dtlz2_interval,lu,cw,finding,overlap,0.05,5000,13,0.01,0.034641016151377546,3.4641016151377544,277,1838,0.2401891252955083
dtlz2_interval,lu,cw,finding,overlap_jaccard,0.05,5000,13,0.01,0.034641016151377546,3.4641016151377544,277,1838,0.13648576034390114
dtlz2_interval,lu,cw,finding,coverage_a_in_b,0.05,5000,13,0.02,0.06928203230275509,3.4641016151377544,277,1838,0.9169675090252708
dtlz2_interval,lu,cw,finding,coverage_b_in_a,0.05,5000,13,0.02,0.06928203230275509,3.4641016151377544,277,1838,0.1381936887921654
dtlz2_interval,lu,cw,finding,overlap,0.05,5000,13,0.02,0.06928203230275509,3.4641016151377544,277,1838,0.2401891252955083
dtlz2_interval,lu,cw,finding,overlap_jaccard,0.05,5000,13,0.02,0.06928203230275509,3.4641016151377544,277,1838,0.13648576034390114
dtlz2_interval,lu,cw,finding,coverage_a_in_b,0.05,5000,13,0.05,0.17320508075688773,3.4641016151377544,277,1838,0.9169675090252708
dtlz2_interval,lu,cw,finding,coverage_b_in_a,0.05,5000,13,0.05,0.17320508075688773,3.4641016151377544,277,1838,0.1381936887921654
dtlz2_interval,lu,cw,finding,overlap,0.05,5000,13,0.05,0.17320508075688773,3.4641016151377544,277,1838,0.2401891252955083
dtlz2_interval,lu,cw,finding,overlap_jaccard,0.05,5000,13,0.05,0.17320508075688773,3.4641016151377544,277,1838,0.13648576034390114
dtlz2_interval,lu,cw,finding,coverage_a_in_b,0.05,5000,13,0.1,0.34641016151377546,3.4641016151377544,277,1838,0.9169675090252708
dtlz2_interval,lu,cw,finding,coverage_b_in_a,0.05,5000,13,0.1,0.34641016151377546,3.4641016151377544,277,1838,0.1381936887921654
dtlz2_interval,lu,cw,finding,overlap,0.05,5000,13,0.1,0.34641016151377546,3.4641016151377544,277,1838,0.2401891252955083
dtlz2_interval,lu,cw,finding,overlap_jaccard,0.05,5000,13,0.1,0.34641016151377546,3.4641016151377544,277,1838,0.13648576034390114
dtlz2_interval,lu,cw,finding,coverage_a_in_b,0.05,5000,13,0.2,0.6928203230275509,3.4641016151377544,277,1838,0.9711191335740073
dtlz2_interval,lu,cw,finding,coverage_b_in_a,0.05,5000,13,0.2,0.6928203230275509,3.4641016151377544,277,1838,0.5832426550598476
dtlz2_interval,lu,cw,finding,overlap,0.05,5000,13,0.2,0.6928203230275509,3.4641016151377544,277,1838,0.6340425531914894
dtlz2_interval,lu,cw,finding,overlap_jaccard,0.05,5000,13,0.2,0.6928203230275509,3.4641016151377544,277,1838,0.4641744548286605
dtlz2_interval,ls,cw,check,coverage_a_in_b,0.05,5000,13,0.0,0.0,3.4641016151377544,1968,1838,0.9339430894308943
dtlz2_interval,ls,cw,check,coverage_b_in_a,0.05,5000,13,0.0,0.0,3.4641016151377544,1968,1838,1.0
dtlz2_interval,ls,cw,check,overlap,0.05,5000,13,0.0,0.0,3.4641016151377544,1968,1838,0.9658434051497635
dtlz2_interval,ls,cw,check,overlap_jaccard,0.05,5000,13,0.0,0.0,3.4641016151377544,1968,1838,0.9339430894308943
dtlz2_interval,ls,cw,check,coverage_a_in_b,0.05,5000,13,0.01,0.034641016151377546,3.4641016151377544,1968,1838,0.9339430894308943
dtlz2_interval,ls,cw,check,coverage_b_in_a,0.05,5000,13,0.01,0.034641016151377546,3.4641016151377544,1968,1838,1.0
dtlz2_interval,ls,cw,check,overlap,0.05,5000,13,0.01,0.034641016151377546,3.4641016151377544,1968,1838,0.9658434051497635
dtlz2_interval,ls,cw,check,overlap_jaccard,0.05,5000,13,0.01,0.034641016151377546,3.4641016151377544,1968,1838,0.9339430894308943
dtlz2_interval,ls,cw,check,coverage_a_in_b,0.05,5000,13,0.02,0.06928203230275509,3.4641016151377544,1968,1838,0.9339430894308943
dtlz2_interval,ls,cw,check,coverage_b_in_a,0.05,5000,13,0.02,0.06928203230275509,3.4641016151377544,1968,1838,1.0
dtlz2_interval,ls,cw,check,overlap,0.05,5000,13,0.02,0.06928203230275509,3.4641016151377544,1968,1838,0.9658434051497635
dtlz2_interval,ls,cw,check,overlap_jaccard,0.05,5000,13,0.02,0.06928203230275509,3.4641016151377544,1968,1838,0.9339430894308943
dtlz2_interval,ls,cw,check,coverage_a_in_b,0.05,5000,13,0.05,0.17320508075688773,3.4641016151377544,1968,1838,0.9339430894308943
dtlz2_interval,ls,cw,check,coverage_b_in_a,0.05,5000,13,0.05,0.17320508075688773,3.4641016151377544,1968,1838,1.0
dtlz2_interval,ls,cw,check,overlap,0.05,5000,13,0.05,0.17320508075688773,3.4641016151377544,1968,1838,0.9658434051497635
dtlz2_interval,ls,cw,check,overlap_jaccard,0.05,5000,13,0.05,0.17320508075688773,3.4641016151377544,1968,1838,0.9339430894308943
dtlz2_interval,ls,cw,check,coverage_a_in_b,0.05,5000,13,0.1,0.34641016151377546,3.4641016151377544,1968,1838,0.9339430894308943
dtlz2_interval,ls,cw,check,coverage_b_in_a,0.05,5000,13,0.1,0.34641016151377546,3.4641016151377544,1968,1838,1.0
dtlz2_interval,ls,cw,check,overlap,0.05,5000,13,0.1,0.34641016151377546,3.4641016151377544,1968,1838,0.9658434051497635
dtlz2_interval,ls,cw,check,overlap_jaccard,0.05,5000,13,0.1,0.34641016151377546,3.4641016151377544,1968,1838,0.9339430894308943
dtlz2_interval,ls,cw,check,coverage_a_in_b,0.05,5000,13,0.2,0.6928203230275509,3.4641016151377544,1968,1838,0.9862804878048781
dtlz2_interval,ls,cw,check,coverage_b_in_a,0.05,5000,13,0.2,0.6928203230275509,3.4641016151377544,1968,1838,1.0
dtlz2_interval,ls,cw,check,overlap,0.05,5000,13,0.2,0.6928203230275509,3.4641016151377544,1968,1838,0.9929059379926432
dtlz2_interval,ls,cw,check,overlap_jaccard,0.05,5000,13,0.2,0.6928203230275509,3.4641016151377544,1968,1838,0.9859118184189928
dtlz2_interval,lu,ls,check,coverage_a_in_b,0.05,5000,14,0.0,0.0,3.4641016151377544,278,1907,1.0
dtlz2_interval,lu,ls,check,coverage_b_in_a,0.05,5000,14,0.0,0.0,3.4641016151377544,278,1907,0.1457787100157315
dtlz2_interval,lu,ls,check,overlap,0.05,5000,14,0.0,0.0,3.4641016151377544,278,1907,0.25446224256292904
dtlz2_interval,lu,ls,check,overlap_jaccard,0.05,5000,14,0.0,0.0,3.4641016151377544,278,1907,0.1457787100157315
dtlz2_interval,lu,ls,check,coverage_a_in_b,0.05,5000,14,0.01,0.034641016151377546,3.4641016151377544,278,1907,1.0
dtlz2_interval,lu,ls,check,coverage_b_in_a,0.05,5000,14,0.01,0.034641016151377546,3.4641016151377544,278,1907,0.1457787100157315
dtlz2_interval,lu,ls,check,overlap,0.05,5000,14,0.01,0.034641016151377546,3.4641016151377544,278,1907,0.25446224256292904
dtlz2_interval,lu,ls,check,overlap_jaccard,0.05,5000,14,0.01,0.034641016151377546,3.4641016151377544,278,1907,0.1457787100157315
dtlz2_interval,lu,ls,check,coverage_a_in_b,0.05,5000,14,0.02,0.06928203230275509,3.4641016151377544,278,1907,1.0
dtlz2_interval,lu,ls,check,coverage_b_in_a,0.05,5000,14,0.02,0.06928203230275509,3.4641016151377544,278,1907,0.1457787100157315
dtlz2_interval,lu,ls,check,overlap,0.05,5000,14,0.02,0.06928203230275509,3.4641016151377544,278,1907,0.25446224256292904
dtlz2_interval,lu,ls,check,overlap_jaccard,0.05,5000,14,0.02,0.06928203230275509,3.4641016151377544,278,1907,0.1457787100157315
dtlz2_interval,lu,ls,check,coverage_a_in_b,0.05,5000,14,0.05,0.17320508075688773,3.4641016151377544,278,1907,1.0
dtlz2_interval,lu,ls,check,coverage_b_in_a,0.05,5000,14,0.05,0.17320508075688773,3.4641016151377544,278,1907,0.1457787100157315
dtlz2_interval,lu,ls,check,overlap,0.05,5000,14,0.05,0.17320508075688773,3.4641016151377544,278,1907,0.25446224256292904
dtlz2_interval,lu,ls,check,overlap_jaccard,0.05,5000,14,0.05,0.17320508075688773,3.4641016151377544,278,1907,0.1457787100157315
dtlz2_interval,lu,ls,check,coverage_a_in_b,0.05,5000,14,0.1,0.34641016151377546,3.4641016151377544,278,1907,1.0
dtlz2_interval,lu,ls,check,coverage_b_in_a,0.05,5000,14,0.1,0.34641016151377546,3.4641016151377544,278,1907,0.1457787100157315
dtlz2_interval,lu,ls,check,overlap,0.05,5000,14,0.1,0.34641016151377546,3.4641016151377544,278,1907,0.25446224256292904
dtlz2_interval,lu,ls,check,overlap_jaccard,0.05,5000,14,0.1,0.34641016151377546,3.4641016151377544,278,1907,0.1457787100157315
dtlz2_interval,lu,ls,check,coverage_a_in_b,0.05,5000,14,0.2,0.6928203230275509,3.4641016151377544,278,1907,1.0
dtlz2_interval,lu,ls,check,coverage_b_in_a,0.05,5000,14,0.2,0.6928203230275509,3.4641016151377544,278,1907,0.5909805977975878
dtlz2_interval,lu,ls,check,overlap,0.05,5000,14,0.2,0.6928203230275509,3.4641016151377544,278,1907,0.6430205949656751
dtlz2_interval,lu,ls,check,overlap_jaccard,0.05,5000,14,0.2,0.6928203230275509,3.4641016151377544,278,1907,0.4738617200674537
dtlz2_interval,lu,cw,finding,coverage_a_in_b,0.05,5000,14,0.0,0.0,3.4641016151377544,278,1743,0.8669064748201439
dtlz2_interval,lu,cw,finding,coverage_b_in_a,0.05,5000,14,0.0,0.0,3.4641016151377544,278,1743,0.13826735513482502
dtlz2_interval,lu,cw,finding,overlap,0.05,5000,14,0.0,0.0,3.4641016151377544,278,1743,0.23849579416130628
dtlz2_interval,lu,cw,finding,overlap_jaccard,0.05,5000,14,0.0,0.0,3.4641016151377544,278,1743,0.1353932584269663
dtlz2_interval,lu,cw,finding,coverage_a_in_b,0.05,5000,14,0.01,0.034641016151377546,3.4641016151377544,278,1743,0.8669064748201439
dtlz2_interval,lu,cw,finding,coverage_b_in_a,0.05,5000,14,0.01,0.034641016151377546,3.4641016151377544,278,1743,0.13826735513482502
dtlz2_interval,lu,cw,finding,overlap,0.05,5000,14,0.01,0.034641016151377546,3.4641016151377544,278,1743,0.23849579416130628
dtlz2_interval,lu,cw,finding,overlap_jaccard,0.05,5000,14,0.01,0.034641016151377546,3.4641016151377544,278,1743,0.1353932584269663
dtlz2_interval,lu,cw,finding,coverage_a_in_b,0.05,5000,14,0.02,0.06928203230275509,3.4641016151377544,278,1743,0.8669064748201439
dtlz2_interval,lu,cw,finding,coverage_b_in_a,0.05,5000,14,0.02,0.06928203230275509,3.4641016151377544,278,1743,0.13826735513482502
dtlz2_interval,lu,cw,finding,overlap,0.05,5000,14,0.02,0.06928203230275509,3.4641016151377544,278,1743,0.23849579416130628
dtlz2_interval,lu,cw,finding,overlap_jaccard,0.05,5000,14,0.02,0.06928203230275509,3.4641016151377544,278,1743,0.1353932584269663
dtlz2_interval,lu,cw,finding,coverage_a_in_b,0.05,5000,14,0.05,0.17320508075688773,3.4641016151377544,278,1743,0.8669064748201439
dtlz2_interval,lu,cw,finding,coverage_b_in_a,0.05,5000,14,0.05,0.17320508075688773,3.4641016151377544,278,1743,0.13826735513482502
dtlz2_interval,lu,cw,finding,overlap,0.05,5000,14,0.05,0.17320508075688773,3.4641016151377544,278,1743,0.23849579416130628
dtlz2_interval,lu,cw,finding,overlap_jaccard,0.05,5000,14,0.05,0.17320508075688773,3.4641016151377544,278,1743,0.1353932584269663
dtlz2_interval,lu,cw,finding,coverage_a_in_b,0.05,5000,14,0.1,0.34641016151377546,3.4641016151377544,278,1743,0.8669064748201439
dtlz2_interval,lu,cw,finding,coverage_b_in_a,0.05,5000,14,0.1,0.34641016151377546,3.4641016151377544,278,1743,0.13826735513482502
dtlz2_interval,lu,cw,finding,overlap,0.05,5000,14,0.1,0.34641016151377546,3.4641016151377544,278,1743,0.23849579416130628
dtlz2_interval,lu,cw,finding,overlap_jaccard,0.05,5000,14,0.1,0.34641016151377546,3.4641016151377544,278,1743,0.1353932584269663
dtlz2_interval,lu,cw,finding,coverage_a_in_b,0.05,5000,14,0.2,0.6928203230275509,3.4641016151377544,278,1743,0.9784172661870504
dtlz2_interval,lu,cw,finding,coverage_b_in_a,0.05,5000,14,0.2,0.6928203230275509,3.4641016151377544,278,1743,0.5966724039013196
dtlz2_interval,lu,cw,finding,overlap,0.05,5000,14,0.2,0.6928203230275509,3.4641016151377544,278,1743,0.6491835724888669
dtlz2_interval,lu,cw,finding,overlap_jaccard,0.05,5000,14,0.2,0.6928203230275509,3.4641016151377544,278,1743,0.4805860805860806
dtlz2_interval,ls,cw,check,coverage_a_in_b,0.05,5000,14,0.0,0.0,3.4641016151377544,1907,1743,0.9140010487676979
dtlz2_interval,ls,cw,check,coverage_b_in_a,0.05,5000,14,0.0,0.0,3.4641016151377544,1907,1743,1.0
dtlz2_interval,ls,cw,check,overlap,0.05,5000,14,0.0,0.0,3.4641016151377544,1907,1743,0.955068493150685
dtlz2_interval,ls,cw,check,overlap_jaccard,0.05,5000,14,0.0,0.0,3.4641016151377544,1907,1743,0.914001048767698
dtlz2_interval,ls,cw,check,coverage_a_in_b,0.05,5000,14,0.01,0.034641016151377546,3.4641016151377544,1907,1743,0.9140010487676979
dtlz2_interval,ls,cw,check,coverage_b_in_a,0.05,5000,14,0.01,0.034641016151377546,3.4641016151377544,1907,1743,1.0
dtlz2_interval,ls,cw,check,overlap,0.05,5000,14,0.01,0.034641016151377546,3.4641016151377544,1907,1743,0.955068493150685
dtlz2_interval,ls,cw,check,overlap_jaccard,0.05,5000,14,0.01,0.034641016151377546,3.4641016151377544,1907,1743,0.914001048767698
dtlz2_interval,ls,cw,check,coverage_a_in_b,0.05,5000,14,0.02,0.06928203230275509,3.4641016151377544,1907,1743,0.9140010487676979
dtlz2_interval,ls,cw,check,coverage_b_in_a,0.05,5000,14,0.02,0.06928203230275509,3.4641016151377544,1907,1743,1.0
dtlz2_interval,ls,cw,check,overlap,0.05,5000,14,0.02,0.06928203230275509,3.4641016151377544,1907,1743,0.955068493150685
dtlz2_interval,ls,cw,check,overlap_jaccard,0.05,5000,14,0.02,0.06928203230275509,3.4641016151377544,1907,1743,0.914001048767698
dtlz2_interval,ls,cw,check,coverage_a_in_b,0.05,5000,14,0.05,0.17320508075688773,3.4641016151377544,1907,1743,0.9140010487676979
dtlz2_interval,ls,cw,check,coverage_b_in_a,0.05,5000,14,0.05,0.17320508075688773,3.4641016151377544,1907,1743,1.0
dtlz2_interval,ls,cw,check,overlap,0.05,5000,14,0.05,0.17320508075688773,3.4641016151377544,1907,1743,0.955068493150685
dtlz2_interval,ls,cw,check,overlap_jaccard,0.05,5000,14,0.05,0.17320508075688773,3.4641016151377544,1907,1743,0.914001048767698
dtlz2_interval,ls,cw,check,coverage_a_in_b,0.05,5000,14,0.1,0.34641016151377546,3.4641016151377544,1907,1743,0.9140010487676979
dtlz2_interval,ls,cw,check,coverage_b_in_a,0.05,5000,14,0.1,0.34641016151377546,3.4641016151377544,1907,1743,1.0
dtlz2_interval,ls,cw,check,overlap,0.05,5000,14,0.1,0.34641016151377546,3.4641016151377544,1907,1743,0.955068493150685
dtlz2_interval,ls,cw,check,overlap_jaccard,0.05,5000,14,0.1,0.34641016151377546,3.4641016151377544,1907,1743,0.914001048767698
dtlz2_interval,ls,cw,check,coverage_a_in_b,0.05,5000,14,0.2,0.6928203230275509,3.4641016151377544,1907,1743,0.9853172522286313
dtlz2_interval,ls,cw,check,coverage_b_in_a,0.05,5000,14,0.2,0.6928203230275509,3.4641016151377544,1907,1743,1.0
dtlz2_interval,ls,cw,check,overlap,0.05,5000,14,0.2,0.6928203230275509,3.4641016151377544,1907,1743,0.9923287671232877
dtlz2_interval,ls,cw,check,overlap_jaccard,0.05,5000,14,0.2,0.6928203230275509,3.4641016151377544,1907,1743,0.9847743338771071
dtlz2_interval,lu,ls,check,coverage_a_in_b,0.05,5000,15,0.0,0.0,3.4641016151377544,244,1954,1.0
dtlz2_interval,lu,ls,check,coverage_b_in_a,0.05,5000,15,0.0,0.0,3.4641016151377544,244,1954,0.12487205731832139
dtlz2_interval,lu,ls,check,overlap,0.05,5000,15,0.0,0.0,3.4641016151377544,244,1954,0.22202001819836215
dtlz2_interval,lu,ls,check,overlap_jaccard,0.05,5000,15,0.0,0.0,3.4641016151377544,244,1954,0.12487205731832138
dtlz2_interval,lu,ls,check,coverage_a_in_b,0.05,5000,15,0.01,0.034641016151377546,3.4641016151377544,244,1954,1.0
dtlz2_interval,lu,ls,check,coverage_b_in_a,0.05,5000,15,0.01,0.034641016151377546,3.4641016151377544,244,1954,0.12487205731832139
dtlz2_interval,lu,ls,check,overlap,0.05,5000,15,0.01,0.034641016151377546,3.4641016151377544,244,1954,0.22202001819836215
dtlz2_interval,lu,ls,check,overlap_jaccard,0.05,5000,15,0.01,0.034641016151377546,3.4641016151377544,244,1954,0.12487205731832138
dtlz2_interval,lu,ls,check,coverage_a_in_b,0.05,5000,15,0.02,0.06928203230275509,3.4641016151377544,244,1954,1.0
dtlz2_interval,lu,ls,check,coverage_b_in_a,0.05,5000,15,0.02,0.06928203230275509,3.4641016151377544,244,1954,0.12487205731832139
dtlz2_interval,lu,ls,check,overlap,0.05,5000,15,0.02,0.06928203230275509,3.4641016151377544,244,1954,0.22202001819836215
dtlz2_interval,lu,ls,check,overlap_jaccard,0.05,5000,15,0.02,0.06928203230275509,3.4641016151377544,244,1954,0.12487205731832138
dtlz2_interval,lu,ls,check,coverage_a_in_b,0.05,5000,15,0.05,0.17320508075688773,3.4641016151377544,244,1954,1.0
dtlz2_interval,lu,ls,check,coverage_b_in_a,0.05,5000,15,0.05,0.17320508075688773,3.4641016151377544,244,1954,0.12487205731832139
dtlz2_interval,lu,ls,check,overlap,0.05,5000,15,0.05,0.17320508075688773,3.4641016151377544,244,1954,0.22202001819836215
dtlz2_interval,lu,ls,check,overlap_jaccard,0.05,5000,15,0.05,0.17320508075688773,3.4641016151377544,244,1954,0.12487205731832138
dtlz2_interval,lu,ls,check,coverage_a_in_b,0.05,5000,15,0.1,0.34641016151377546,3.4641016151377544,244,1954,1.0
dtlz2_interval,lu,ls,check,coverage_b_in_a,0.05,5000,15,0.1,0.34641016151377546,3.4641016151377544,244,1954,0.1253838280450358
dtlz2_interval,lu,ls,check,overlap,0.05,5000,15,0.1,0.34641016151377546,3.4641016151377544,244,1954,0.22247497725204732
dtlz2_interval,lu,ls,check,overlap_jaccard,0.05,5000,15,0.1,0.34641016151377546,3.4641016151377544,244,1954,0.12515996928589712
dtlz2_interval,lu,ls,check,coverage_a_in_b,0.05,5000,15,0.2,0.6928203230275509,3.4641016151377544,244,1954,1.0
dtlz2_interval,lu,ls,check,coverage_b_in_a,0.05,5000,15,0.2,0.6928203230275509,3.4641016151377544,244,1954,0.5429887410440123
dtlz2_interval,lu,ls,check,overlap,0.05,5000,15,0.2,0.6928203230275509,3.4641016151377544,244,1954,0.5937215650591446
dtlz2_interval,lu,ls,check,overlap_jaccard,0.05,5000,15,0.2,0.6928203230275509,3.4641016151377544,244,1954,0.42219346489809123
dtlz2_interval,lu,cw,finding,coverage_a_in_b,0.05,5000,15,0.0,0.0,3.4641016151377544,244,1813,0.8975409836065574
dtlz2_interval,lu,cw,finding,coverage_b_in_a,0.05,5000,15,0.0,0.0,3.4641016151377544,244,1813,0.12079426365140651
dtlz2_interval,lu,cw,finding,overlap,0.05,5000,15,0.0,0.0,3.4641016151377544,244,1813,0.21293145357316481
dtlz2_interval,lu,cw,finding,overlap_jaccard,0.05,5000,15,0.0,0.0,3.4641016151377544,244,1813,0.11915125136017411
dtlz2_interval,lu,cw,finding,coverage_a_in_b,0.05,5000,15,0.01,0.034641016151377546,3.4641016151377544,244,1813,0.8975409836065574
dtlz2_interval,lu,cw,finding,coverage_b_in_a,0.05,5000,15,0.01,0.034641016151377546,3.4641016151377544,244,1813,0.12079426365140651
dtlz2_interval,lu,cw,finding,overlap,0.05,5000,15,0.01,0.034641016151377546,3.4641016151377544,244,1813,0.21293145357316481
dtlz2_interval,lu,cw,finding,overlap_jaccard,0.05,5000,15,0.01,0.034641016151377546,3.4641016151377544,244,1813,0.11915125136017411
dtlz2_interval,lu,cw,finding,coverage_a_in_b,0.05,5000,15,0.02,0.06928203230275509,3.4641016151377544,244,1813,0.8975409836065574
dtlz2_interval,lu,cw,finding,coverage_b_in_a,0.05,5000,15,0.02,0.06928203230275509,3.4641016151377544,244,1813,0.12079426365140651
dtlz2_interval,lu,cw,finding,overlap,0.05,5000,15,0.02,0.06928203230275509,3.4641016151377544,244,1813,0.21293145357316481
dtlz2_interval,lu,cw,finding,overlap_jaccard,0.05,5000,15,0.02,0.06928203230275509,3.4641016151377544,244,1813,0.11915125136017411
dtlz2_interval,lu,cw,finding,coverage_a_in_b,0.05,5000,15,0.05,0.17320508075688773,3.4641016151377544,244,1813,0.8975409836065574
dtlz2_interval,lu,cw,finding,coverage_b_in_a,0.05,5000,15,0.05,0.17320508075688773,3.4641016151377544,244,1813,0.12079426365140651
dtlz2_interval,lu,cw,finding,overlap,0.05,5000,15,0.05,0.17320508075688773,3.4641016151377544,244,1813,0.21293145357316481
dtlz2_interval,lu,cw,finding,overlap_jaccard,0.05,5000,15,0.05,0.17320508075688773,3.4641016151377544,244,1813,0.11915125136017411
dtlz2_interval,lu,cw,finding,coverage_a_in_b,0.05,5000,15,0.1,0.34641016151377546,3.4641016151377544,244,1813,0.8975409836065574
dtlz2_interval,lu,cw,finding,coverage_b_in_a,0.05,5000,15,0.1,0.34641016151377546,3.4641016151377544,244,1813,0.12134583563154992
dtlz2_interval,lu,cw,finding,overlap,0.05,5000,15,0.1,0.34641016151377546,3.4641016151377544,244,1813,0.21341759844433641
dtlz2_interval,lu,cw,finding,overlap_jaccard,0.05,5000,15,0.1,0.34641016151377546,3.4641016151377544,244,1813,0.11945578231292518
dtlz2_interval,lu,cw,finding,coverage_a_in_b,0.05,5000,15,0.2,0.6928203230275509,3.4641016151377544,244,1813,0.9713114754098361
dtlz2_interval,lu,cw,finding,coverage_b_in_a,0.05,5000,15,0.2,0.6928203230275509,3.4641016151377544,244,1813,0.5377826806398235
dtlz2_interval,lu,cw,finding,overlap,0.05,5000,15,0.2,0.6928203230275509,3.4641016151377544,244,1813,0.5892075838599903
dtlz2_interval,lu,cw,finding,overlap_jaccard,0.05,5000,15,0.2,0.6928203230275509,3.4641016151377544,244,1813,0.4176430048242591
dtlz2_interval,ls,cw,check,coverage_a_in_b,0.05,5000,15,0.0,0.0,3.4641016151377544,1954,1813,0.9278403275332651
dtlz2_interval,ls,cw,check,coverage_b_in_a,0.05,5000,15,0.0,0.0,3.4641016151377544,1954,1813,1.0
dtlz2_interval,ls,cw,check,overlap,0.05,5000,15,0.0,0.0,3.4641016151377544,1954,1813,0.9625696840987523
dtlz2_interval,ls,cw,check,overlap_jaccard,0.05,5000,15,0.0,0.0,3.4641016151377544,1954,1813,0.9278403275332651
dtlz2_interval,ls,cw,check,coverage_a_in_b,0.05,5000,15,0.01,0.034641016151377546,3.4641016151377544,1954,1813,0.9278403275332651
dtlz2_interval,ls,cw,check,coverage_b_in_a,0.05,5000,15,0.01,0.034641016151377546,3.4641016151377544,1954,1813,1.0
dtlz2_interval,ls,cw,check,overlap,0.05,5000,15,0.01,0.034641016151377546,3.4641016151377544,1954,1813,0.9625696840987523
dtlz2_interval,ls,cw,check,overlap_jaccard,0.05,5000,15,0.01,0.034641016151377546,3.4641016151377544,1954,1813,0.9278403275332651
dtlz2_interval,ls,cw,check,coverage_a_in_b,0.05,5000,15,0.02,0.06928203230275509,3.4641016151377544,1954,1813,0.9278403275332651
dtlz2_interval,ls,cw,check,coverage_b_in_a,0.05,5000,15,0.02,0.06928203230275509,3.4641016151377544,1954,1813,1.0
dtlz2_interval,ls,cw,check,overlap,0.05,5000,15,0.02,0.06928203230275509,3.4641016151377544,1954,1813,0.9625696840987523
dtlz2_interval,ls,cw,check,overlap_jaccard,0.05,5000,15,0.02,0.06928203230275509,3.4641016151377544,1954,1813,0.9278403275332651
dtlz2_interval,ls,cw,check,coverage_a_in_b,0.05,5000,15,0.05,0.17320508075688773,3.4641016151377544,1954,1813,0.9278403275332651
dtlz2_interval,ls,cw,check,coverage_b_in_a,0.05,5000,15,0.05,0.17320508075688773,3.4641016151377544,1954,1813,1.0
dtlz2_interval,ls,cw,check,overlap,0.05,5000,15,0.05,0.17320508075688773,3.4641016151377544,1954,1813,0.9625696840987523
dtlz2_interval,ls,cw,check,overlap_jaccard,0.05,5000,15,0.05,0.17320508075688773,3.4641016151377544,1954,1813,0.9278403275332651
dtlz2_interval,ls,cw,check,coverage_a_in_b,0.05,5000,15,0.1,0.34641016151377546,3.4641016151377544,1954,1813,0.9278403275332651
dtlz2_interval,ls,cw,check,coverage_b_in_a,0.05,5000,15,0.1,0.34641016151377546,3.4641016151377544,1954,1813,1.0
dtlz2_interval,ls,cw,check,overlap,0.05,5000,15,0.1,0.34641016151377546,3.4641016151377544,1954,1813,0.9625696840987523
dtlz2_interval,ls,cw,check,overlap_jaccard,0.05,5000,15,0.1,0.34641016151377546,3.4641016151377544,1954,1813,0.9278403275332651
dtlz2_interval,ls,cw,check,coverage_a_in_b,0.05,5000,15,0.2,0.6928203230275509,3.4641016151377544,1954,1813,0.9872057318321392
dtlz2_interval,ls,cw,check,coverage_b_in_a,0.05,5000,15,0.2,0.6928203230275509,3.4641016151377544,1954,1813,1.0
dtlz2_interval,ls,cw,check,overlap,0.05,5000,15,0.2,0.6928203230275509,3.4641016151377544,1954,1813,0.9933634191664454
dtlz2_interval,ls,cw,check,overlap_jaccard,0.05,5000,15,0.2,0.6928203230275509,3.4641016151377544,1954,1813,0.9868143459915613
dtlz2_interval,lu,ls,check,coverage_a_in_b,0.1,5000,11,0.0,0.0,3.4641016151377544,420,1972,1.0
dtlz2_interval,lu,ls,check,coverage_b_in_a,0.1,5000,11,0.0,0.0,3.4641016151377544,420,1972,0.2129817444219067
dtlz2_interval,lu,ls,check,overlap,0.1,5000,11,0.0,0.0,3.4641016151377544,420,1972,0.3511705685618729
dtlz2_interval,lu,ls,check,overlap_jaccard,0.1,5000,11,0.0,0.0,3.4641016151377544,420,1972,0.21298174442190668
dtlz2_interval,lu,ls,check,coverage_a_in_b,0.1,5000,11,0.01,0.034641016151377546,3.4641016151377544,420,1972,1.0
dtlz2_interval,lu,ls,check,coverage_b_in_a,0.1,5000,11,0.01,0.034641016151377546,3.4641016151377544,420,1972,0.2129817444219067
dtlz2_interval,lu,ls,check,overlap,0.1,5000,11,0.01,0.034641016151377546,3.4641016151377544,420,1972,0.3511705685618729
dtlz2_interval,lu,ls,check,overlap_jaccard,0.1,5000,11,0.01,0.034641016151377546,3.4641016151377544,420,1972,0.21298174442190668
dtlz2_interval,lu,ls,check,coverage_a_in_b,0.1,5000,11,0.02,0.06928203230275509,3.4641016151377544,420,1972,1.0
dtlz2_interval,lu,ls,check,coverage_b_in_a,0.1,5000,11,0.02,0.06928203230275509,3.4641016151377544,420,1972,0.2129817444219067
dtlz2_interval,lu,ls,check,overlap,0.1,5000,11,0.02,0.06928203230275509,3.4641016151377544,420,1972,0.3511705685618729
dtlz2_interval,lu,ls,check,overlap_jaccard,0.1,5000,11,0.02,0.06928203230275509,3.4641016151377544,420,1972,0.21298174442190668
dtlz2_interval,lu,ls,check,coverage_a_in_b,0.1,5000,11,0.05,0.17320508075688773,3.4641016151377544,420,1972,1.0
dtlz2_interval,lu,ls,check,coverage_b_in_a,0.1,5000,11,0.05,0.17320508075688773,3.4641016151377544,420,1972,0.2129817444219067
dtlz2_interval,lu,ls,check,overlap,0.1,5000,11,0.05,0.17320508075688773,3.4641016151377544,420,1972,0.3511705685618729
dtlz2_interval,lu,ls,check,overlap_jaccard,0.1,5000,11,0.05,0.17320508075688773,3.4641016151377544,420,1972,0.21298174442190668
dtlz2_interval,lu,ls,check,coverage_a_in_b,0.1,5000,11,0.1,0.34641016151377546,3.4641016151377544,420,1972,1.0
dtlz2_interval,lu,ls,check,coverage_b_in_a,0.1,5000,11,0.1,0.34641016151377546,3.4641016151377544,420,1972,0.21399594320486814
dtlz2_interval,lu,ls,check,overlap,0.1,5000,11,0.1,0.34641016151377546,3.4641016151377544,420,1972,0.3520066889632107
dtlz2_interval,lu,ls,check,overlap_jaccard,0.1,5000,11,0.1,0.34641016151377546,3.4641016151377544,420,1972,0.21359715880263824
dtlz2_interval,lu,ls,check,coverage_a_in_b,0.1,5000,11,0.2,0.6928203230275509,3.4641016151377544,420,1972,1.0
dtlz2_interval,lu,ls,check,coverage_b_in_a,0.1,5000,11,0.2,0.6928203230275509,3.4641016151377544,420,1972,0.6947261663286004
dtlz2_interval,lu,ls,check,overlap,0.1,5000,11,0.2,0.6928203230275509,3.4641016151377544,420,1972,0.7483277591973244
dtlz2_interval,lu,ls,check,overlap_jaccard,0.1,5000,11,0.2,0.6928203230275509,3.4641016151377544,420,1972,0.5978623914495658
dtlz2_interval,lu,cw,finding,coverage_a_in_b,0.1,5000,11,0.0,0.0,3.4641016151377544,420,1702,0.8404761904761905
dtlz2_interval,lu,cw,finding,coverage_b_in_a,0.1,5000,11,0.0,0.0,3.4641016151377544,420,1702,0.20740305522914218
dtlz2_interval,lu,cw,finding,overlap,0.1,5000,11,0.0,0.0,3.4641016151377544,420,1702,0.33270499528746467
dtlz2_interval,lu,cw,finding,overlap_jaccard,0.1,5000,11,0.0,0.0,3.4641016151377544,420,1702,0.19954776710005653
dtlz2_interval,lu,cw,finding,coverage_a_in_b,0.1,5000,11,0.01,0.034641016151377546,3.4641016151377544,420,1702,0.8404761904761905
dtlz2_interval,lu,cw,finding,coverage_b_in_a,0.1,5000,11,0.01,0.034641016151377546,3.4641016151377544,420,1702,0.20740305522914218
dtlz2_interval,lu,cw,finding,overlap,0.1,5000,11,0.01,0.034641016151377546,3.4641016151377544,420,1702,0.33270499528746467
dtlz2_interval,lu,cw,finding,overlap_jaccard,0.1,5000,11,0.01,0.034641016151377546,3.4641016151377544,420,1702,0.19954776710005653
dtlz2_interval,lu,cw,finding,coverage_a_in_b,0.1,5000,11,0.02,0.06928203230275509,3.4641016151377544,420,1702,0.8404761904761905
dtlz2_interval,lu,cw,finding,coverage_b_in_a,0.1,5000,11,0.02,0.06928203230275509,3.4641016151377544,420,1702,0.20740305522914218
dtlz2_interval,lu,cw,finding,overlap,0.1,5000,11,0.02,0.06928203230275509,3.4641016151377544,420,1702,0.33270499528746467
dtlz2_interval,lu,cw,finding,overlap_jaccard,0.1,5000,11,0.02,0.06928203230275509,3.4641016151377544,420,1702,0.19954776710005653
dtlz2_interval,lu,cw,finding,coverage_a_in_b,0.1,5000,11,0.05,0.17320508075688773,3.4641016151377544,420,1702,0.8404761904761905
dtlz2_interval,lu,cw,finding,coverage_b_in_a,0.1,5000,11,0.05,0.17320508075688773,3.4641016151377544,420,1702,0.20740305522914218
dtlz2_interval,lu,cw,finding,overlap,0.1,5000,11,0.05,0.17320508075688773,3.4641016151377544,420,1702,0.33270499528746467
dtlz2_interval,lu,cw,finding,overlap_jaccard,0.1,5000,11,0.05,0.17320508075688773,3.4641016151377544,420,1702,0.19954776710005653
dtlz2_interval,lu,cw,finding,coverage_a_in_b,0.1,5000,11,0.1,0.34641016151377546,3.4641016151377544,420,1702,0.8404761904761905
dtlz2_interval,lu,cw,finding,coverage_b_in_a,0.1,5000,11,0.1,0.34641016151377546,3.4641016151377544,420,1702,0.20857814336075206
dtlz2_interval,lu,cw,finding,overlap,0.1,5000,11,0.1,0.34641016151377546,3.4641016151377544,420,1702,0.33364750235626767
dtlz2_interval,lu,cw,finding,overlap_jaccard,0.1,5000,11,0.1,0.34641016151377546,3.4641016151377544,420,1702,0.2002262443438914
dtlz2_interval,lu,cw,finding,coverage_a_in_b,0.1,5000,11,0.2,0.6928203230275509,3.4641016151377544,420,1702,0.9261904761904762
dtlz2_interval,lu,cw,finding,coverage_b_in_a,0.1,5000,11,0.2,0.6928203230275509,3.4641016151377544,420,1702,0.7038777908343126
dtlz2_interval,lu,cw,finding,overlap,0.1,5000,11,0.2,0.6928203230275509,3.4641016151377544,420,1702,0.7478793590951932
dtlz2_interval,lu,cw,finding,overlap_jaccard,0.1,5000,11,0.2,0.6928203230275509,3.4641016151377544,420,1702,0.5972901768912308
dtlz2_interval,ls,cw,check,coverage_a_in_b,0.1,5000,11,0.0,0.0,3.4641016151377544,1972,1702,0.8630831643002028
dtlz2_interval,ls,cw,check,coverage_b_in_a,0.1,5000,11,0.0,0.0,3.4641016151377544,1972,1702,1.0
dtlz2_interval,ls,cw,check,overlap,0.1,5000,11,0.0,0.0,3.4641016151377544,1972,1702,0.9265106151333696
dtlz2_interval,ls,cw,check,overlap_jaccard,0.1,5000,11,0.0,0.0,3.4641016151377544,1972,1702,0.8630831643002027
dtlz2_interval,ls,cw,check,coverage_a_in_b,0.1,5000,11,0.01,0.034641016151377546,3.4641016151377544,1972,1702,0.8630831643002028
dtlz2_interval,ls,cw,check,coverage_b_in_a,0.1,5000,11,0.01,0.034641016151377546,3.4641016151377544,1972,1702,1.0
dtlz2_interval,ls,cw,check,overlap,0.1,5000,11,0.01,0.034641016151377546,3.4641016151377544,1972,1702,0.9265106151333696
dtlz2_interval,ls,cw,check,overlap_jaccard,0.1,5000,11,0.01,0.034641016151377546,3.4641016151377544,1972,1702,0.8630831643002027
dtlz2_interval,ls,cw,check,coverage_a_in_b,0.1,5000,11,0.02,0.06928203230275509,3.4641016151377544,1972,1702,0.8630831643002028
dtlz2_interval,ls,cw,check,coverage_b_in_a,0.1,5000,11,0.02,0.06928203230275509,3.4641016151377544,1972,1702,1.0
dtlz2_interval,ls,cw,check,overlap,0.1,5000,11,0.02,0.06928203230275509,3.4641016151377544,1972,1702,0.9265106151333696
dtlz2_interval,ls,cw,check,overlap_jaccard,0.1,5000,11,0.02,0.06928203230275509,3.4641016151377544,1972,1702,0.8630831643002027
dtlz2_interval,ls,cw,check,coverage_a_in_b,0.1,5000,11,0.05,0.17320508075688773,3.4641016151377544,1972,1702,0.8630831643002028
dtlz2_interval,ls,cw,check,coverage_b_in_a,0.1,5000,11,0.05,0.17320508075688773,3.4641016151377544,1972,1702,1.0
dtlz2_interval,ls,cw,check,overlap,0.1,5000,11,0.05,0.17320508075688773,3.4641016151377544,1972,1702,0.9265106151333696
dtlz2_interval,ls,cw,check,overlap_jaccard,0.1,5000,11,0.05,0.17320508075688773,3.4641016151377544,1972,1702,0.8630831643002027
dtlz2_interval,ls,cw,check,coverage_a_in_b,0.1,5000,11,0.1,0.34641016151377546,3.4641016151377544,1972,1702,0.8630831643002028
dtlz2_interval,ls,cw,check,coverage_b_in_a,0.1,5000,11,0.1,0.34641016151377546,3.4641016151377544,1972,1702,1.0
dtlz2_interval,ls,cw,check,overlap,0.1,5000,11,0.1,0.34641016151377546,3.4641016151377544,1972,1702,0.9265106151333696
dtlz2_interval,ls,cw,check,overlap_jaccard,0.1,5000,11,0.1,0.34641016151377546,3.4641016151377544,1972,1702,0.8630831643002027
dtlz2_interval,ls,cw,check,coverage_a_in_b,0.1,5000,11,0.2,0.6928203230275509,3.4641016151377544,1972,1702,0.9639959432048681
dtlz2_interval,ls,cw,check,coverage_b_in_a,0.1,5000,11,0.2,0.6928203230275509,3.4641016151377544,1972,1702,1.0
dtlz2_interval,ls,cw,check,overlap,0.1,5000,11,0.2,0.6928203230275509,3.4641016151377544,1972,1702,0.9806750136091453
dtlz2_interval,ls,cw,check,overlap_jaccard,0.1,5000,11,0.2,0.6928203230275509,3.4641016151377544,1972,1702,0.962082777036048
dtlz2_interval,lu,ls,check,coverage_a_in_b,0.1,5000,12,0.0,0.0,3.4641016151377544,384,2128,1.0
dtlz2_interval,lu,ls,check,coverage_b_in_a,0.1,5000,12,0.0,0.0,3.4641016151377544,384,2128,0.18045112781954886
dtlz2_interval,lu,ls,check,overlap,0.1,5000,12,0.0,0.0,3.4641016151377544,384,2128,0.3057324840764331
dtlz2_interval,lu,ls,check,overlap_jaccard,0.1,5000,12,0.0,0.0,3.4641016151377544,384,2128,0.18045112781954886
dtlz2_interval,lu,ls,check,coverage_a_in_b,0.1,5000,12,0.01,0.034641016151377546,3.4641016151377544,384,2128,1.0
dtlz2_interval,lu,ls,check,coverage_b_in_a,0.1,5000,12,0.01,0.034641016151377546,3.4641016151377544,384,2128,0.18045112781954886
dtlz2_interval,lu,ls,check,overlap,0.1,5000,12,0.01,0.034641016151377546,3.4641016151377544,384,2128,0.3057324840764331
dtlz2_interval,lu,ls,check,overlap_jaccard,0.1,5000,12,0.01,0.034641016151377546,3.4641016151377544,384,2128,0.18045112781954886
dtlz2_interval,lu,ls,check,coverage_a_in_b,0.1,5000,12,0.02,0.06928203230275509,3.4641016151377544,384,2128,1.0
dtlz2_interval,lu,ls,check,coverage_b_in_a,0.1,5000,12,0.02,0.06928203230275509,3.4641016151377544,384,2128,0.18045112781954886
dtlz2_interval,lu,ls,check,overlap,0.1,5000,12,0.02,0.06928203230275509,3.4641016151377544,384,2128,0.3057324840764331
dtlz2_interval,lu,ls,check,overlap_jaccard,0.1,5000,12,0.02,0.06928203230275509,3.4641016151377544,384,2128,0.18045112781954886
dtlz2_interval,lu,ls,check,coverage_a_in_b,0.1,5000,12,0.05,0.17320508075688773,3.4641016151377544,384,2128,1.0
dtlz2_interval,lu,ls,check,coverage_b_in_a,0.1,5000,12,0.05,0.17320508075688773,3.4641016151377544,384,2128,0.18045112781954886
dtlz2_interval,lu,ls,check,overlap,0.1,5000,12,0.05,0.17320508075688773,3.4641016151377544,384,2128,0.3057324840764331
dtlz2_interval,lu,ls,check,overlap_jaccard,0.1,5000,12,0.05,0.17320508075688773,3.4641016151377544,384,2128,0.18045112781954886
dtlz2_interval,lu,ls,check,coverage_a_in_b,0.1,5000,12,0.1,0.34641016151377546,3.4641016151377544,384,2128,1.0
dtlz2_interval,lu,ls,check,coverage_b_in_a,0.1,5000,12,0.1,0.34641016151377546,3.4641016151377544,384,2128,0.18139097744360902
dtlz2_interval,lu,ls,check,overlap,0.1,5000,12,0.1,0.34641016151377546,3.4641016151377544,384,2128,0.3065286624203822
dtlz2_interval,lu,ls,check,overlap_jaccard,0.1,5000,12,0.1,0.34641016151377546,3.4641016151377544,384,2128,0.18100611189468738
dtlz2_interval,lu,ls,check,coverage_a_in_b,0.1,5000,12,0.2,0.6928203230275509,3.4641016151377544,384,2128,1.0
dtlz2_interval,lu,ls,check,coverage_b_in_a,0.1,5000,12,0.2,0.6928203230275509,3.4641016151377544,384,2128,0.6743421052631579
dtlz2_interval,lu,ls,check,overlap,0.1,5000,12,0.2,0.6928203230275509,3.4641016151377544,384,2128,0.7241242038216561
dtlz2_interval,lu,ls,check,overlap_jaccard,0.1,5000,12,0.2,0.6928203230275509,3.4641016151377544,384,2128,0.5675507020280812
dtlz2_interval,lu,cw,finding,coverage_a_in_b,0.1,5000,12,0.0,0.0,3.4641016151377544,384,1857,0.8697916666666666
dtlz2_interval,lu,cw,finding,coverage_b_in_a,0.1,5000,12,0.0,0.0,3.4641016151377544,384,1857,0.17985998922994076
dtlz2_interval,lu,cw,finding,overlap,0.1,5000,12,0.0,0.0,3.4641016151377544,384,1857,0.29808121374386437
dtlz2_interval,lu,cw,finding,overlap_jaccard,0.1,5000,12,0.0,0.0,3.4641016151377544,384,1857,0.17514420555846882
dtlz2_interval,lu,cw,finding,coverage_a_in_b,0.1,5000,12,0.01,0.034641016151377546,3.4641016151377544,384,1857,0.8697916666666666
dtlz2_interval,lu,cw,finding,coverage_b_in_a,0.1,5000,12,0.01,0.034641016151377546,3.4641016151377544,384,1857,0.17985998922994076
dtlz2_interval,lu,cw,finding,overlap,0.1,5000,12,0.01,0.034641016151377546,3.4641016151377544,384,1857,0.29808121374386437
dtlz2_interval,lu,cw,finding,overlap_jaccard,0.1,5000,12,0.01,0.034641016151377546,3.4641016151377544,384,1857,0.17514420555846882
dtlz2_interval,lu,cw,finding,coverage_a_in_b,0.1,5000,12,0.02,0.06928203230275509,3.4641016151377544,384,1857,0.8697916666666666
dtlz2_interval,lu,cw,finding,coverage_b_in_a,0.1,5000,12,0.02,0.06928203230275509,3.4641016151377544,384,1857,0.17985998922994076
dtlz2_interval,lu,cw,finding,overlap,0.1,5000,12,0.02,0.06928203230275509,3.4641016151377544,384,1857,0.29808121374386437
dtlz2_interval,lu,cw,finding,overlap_jaccard,0.1,5000,12,0.02,0.06928203230275509,3.4641016151377544,384,1857,0.17514420555846882
dtlz2_interval,lu,cw,finding,coverage_a_in_b,0.1,5000,12,0.05,0.17320508075688773,3.4641016151377544,384,1857,0.8697916666666666
dtlz2_interval,lu,cw,finding,coverage_b_in_a,0.1,5000,12,0.05,0.17320508075688773,3.4641016151377544,384,1857,0.17985998922994076
dtlz2_interval,lu,cw,finding,overlap,0.1,5000,12,0.05,0.17320508075688773,3.4641016151377544,384,1857,0.29808121374386437
dtlz2_interval,lu,cw,finding,overlap_jaccard,0.1,5000,12,0.05,0.17320508075688773,3.4641016151377544,384,1857,0.17514420555846882
dtlz2_interval,lu,cw,finding,coverage_a_in_b,0.1,5000,12,0.1,0.34641016151377546,3.4641016151377544,384,1857,0.8697916666666666
dtlz2_interval,lu,cw,finding,coverage_b_in_a,0.1,5000,12,0.1,0.34641016151377546,3.4641016151377544,384,1857,0.18093699515347333
dtlz2_interval,lu,cw,finding,overlap,0.1,5000,12,0.1,0.34641016151377546,3.4641016151377544,384,1857,0.2989736724676484
dtlz2_interval,lu,cw,finding,overlap_jaccard,0.1,5000,12,0.1,0.34641016151377546,3.4641016151377544,384,1857,0.1757607555089192
dtlz2_interval,lu,cw,finding,coverage_a_in_b,0.1,5000,12,0.2,0.6928203230275509,3.4641016151377544,384,1857,0.9557291666666666
dtlz2_interval,lu,cw,finding,coverage_b_in_a,0.1,5000,12,0.2,0.6928203230275509,3.4641016151377544,384,1857,0.6806677436725902
dtlz2_interval,lu,cw,finding,overlap,0.1,5000,12,0.2,0.6928203230275509,3.4641016151377544,384,1857,0.7278000892458724
dtlz2_interval,lu,cw,finding,overlap_jaccard,0.1,5000,12,0.2,0.6928203230275509,3.4641016151377544,384,1857,0.5720799719396702
dtlz2_interval,ls,cw,check,coverage_a_in_b,0.1,5000,12,0.0,0.0,3.4641016151377544,2128,1857,0.8726503759398496
dtlz2_interval,ls,cw,check,coverage_b_in_a,0.1,5000,12,0.0,0.0,3.4641016151377544,2128,1857,1.0
dtlz2_interval,ls,cw,check,overlap,0.1,5000,12,0.0,0.0,3.4641016151377544,2128,1857,0.9319949811794228
dtlz2_interval,ls,cw,check,overlap_jaccard,0.1,5000,12,0.0,0.0,3.4641016151377544,2128,1857,0.8726503759398496
dtlz2_interval,ls,cw,check,coverage_a_in_b,0.1,5000,12,0.01,0.034641016151377546,3.4641016151377544,2128,1857,0.8726503759398496
dtlz2_interval,ls,cw,check,coverage_b_in_a,0.1,5000,12,0.01,0.034641016151377546,3.4641016151377544,2128,1857,1.0
dtlz2_interval,ls,cw,check,overlap,0.1,5000,12,0.01,0.034641016151377546,3.4641016151377544,2128,1857,0.9319949811794228
dtlz2_interval,ls,cw,check,overlap_jaccard,0.1,5000,12,0.01,0.034641016151377546,3.4641016151377544,2128,1857,0.8726503759398496
dtlz2_interval,ls,cw,check,coverage_a_in_b,0.1,5000,12,0.02,0.06928203230275509,3.4641016151377544,2128,1857,0.8726503759398496
dtlz2_interval,ls,cw,check,coverage_b_in_a,0.1,5000,12,0.02,0.06928203230275509,3.4641016151377544,2128,1857,1.0
dtlz2_interval,ls,cw,check,overlap,0.1,5000,12,0.02,0.06928203230275509,3.4641016151377544,2128,1857,0.9319949811794228
dtlz2_interval,ls,cw,check,overlap_jaccard,0.1,5000,12,0.02,0.06928203230275509,3.4641016151377544,2128,1857,0.8726503759398496
dtlz2_interval,ls,cw,check,coverage_a_in_b,0.1,5000,12,0.05,0.17320508075688773,3.4641016151377544,2128,1857,0.8726503759398496
dtlz2_interval,ls,cw,check,coverage_b_in_a,0.1,5000,12,0.05,0.17320508075688773,3.4641016151377544,2128,1857,1.0
dtlz2_interval,ls,cw,check,overlap,0.1,5000,12,0.05,0.17320508075688773,3.4641016151377544,2128,1857,0.9319949811794228
dtlz2_interval,ls,cw,check,overlap_jaccard,0.1,5000,12,0.05,0.17320508075688773,3.4641016151377544,2128,1857,0.8726503759398496
dtlz2_interval,ls,cw,check,coverage_a_in_b,0.1,5000,12,0.1,0.34641016151377546,3.4641016151377544,2128,1857,0.8731203007518797
dtlz2_interval,ls,cw,check,coverage_b_in_a,0.1,5000,12,0.1,0.34641016151377546,3.4641016151377544,2128,1857,1.0
dtlz2_interval,ls,cw,check,overlap,0.1,5000,12,0.1,0.34641016151377546,3.4641016151377544,2128,1857,0.9322459222082811
dtlz2_interval,ls,cw,check,overlap_jaccard,0.1,5000,12,0.1,0.34641016151377546,3.4641016151377544,2128,1857,0.873090481786134
dtlz2_interval,ls,cw,check,coverage_a_in_b,0.1,5000,12,0.2,0.6928203230275509,3.4641016151377544,2128,1857,0.9741541353383458
dtlz2_interval,ls,cw,check,coverage_b_in_a,0.1,5000,12,0.2,0.6928203230275509,3.4641016151377544,2128,1857,1.0
dtlz2_interval,ls,cw,check,overlap,0.1,5000,12,0.2,0.6928203230275509,3.4641016151377544,2128,1857,0.986198243412798
dtlz2_interval,ls,cw,check,overlap_jaccard,0.1,5000,12,0.2,0.6928203230275509,3.4641016151377544,2128,1857,0.9727722772277229
dtlz2_interval,lu,ls,check,coverage_a_in_b,0.1,5000,13,0.0,0.0,3.4641016151377544,351,2084,1.0
dtlz2_interval,lu,ls,check,coverage_b_in_a,0.1,5000,13,0.0,0.0,3.4641016151377544,351,2084,0.16842610364683303
dtlz2_interval,lu,ls,check,overlap,0.1,5000,13,0.0,0.0,3.4641016151377544,351,2084,0.28829568788501025
dtlz2_interval,lu,ls,check,overlap_jaccard,0.1,5000,13,0.0,0.0,3.4641016151377544,351,2084,0.168426103646833
dtlz2_interval,lu,ls,check,coverage_a_in_b,0.1,5000,13,0.01,0.034641016151377546,3.4641016151377544,351,2084,1.0
dtlz2_interval,lu,ls,check,coverage_b_in_a,0.1,5000,13,0.01,0.034641016151377546,3.4641016151377544,351,2084,0.16842610364683303
dtlz2_interval,lu,ls,check,overlap,0.1,5000,13,0.01,0.034641016151377546,3.4641016151377544,351,2084,0.28829568788501025
dtlz2_interval,lu,ls,check,overlap_jaccard,0.1,5000,13,0.01,0.034641016151377546,3.4641016151377544,351,2084,0.168426103646833
dtlz2_interval,lu,ls,check,coverage_a_in_b,0.1,5000,13,0.02,0.06928203230275509,3.4641016151377544,351,2084,1.0
dtlz2_interval,lu,ls,check,coverage_b_in_a,0.1,5000,13,0.02,0.06928203230275509,3.4641016151377544,351,2084,0.16842610364683303
dtlz2_interval,lu,ls,check,overlap,0.1,5000,13,0.02,0.06928203230275509,3.4641016151377544,351,2084,0.28829568788501025
dtlz2_interval,lu,ls,check,overlap_jaccard,0.1,5000,13,0.02,0.06928203230275509,3.4641016151377544,351,2084,0.168426103646833
dtlz2_interval,lu,ls,check,coverage_a_in_b,0.1,5000,13,0.05,0.17320508075688773,3.4641016151377544,351,2084,1.0
dtlz2_interval,lu,ls,check,coverage_b_in_a,0.1,5000,13,0.05,0.17320508075688773,3.4641016151377544,351,2084,0.16842610364683303
dtlz2_interval,lu,ls,check,overlap,0.1,5000,13,0.05,0.17320508075688773,3.4641016151377544,351,2084,0.28829568788501025
dtlz2_interval,lu,ls,check,overlap_jaccard,0.1,5000,13,0.05,0.17320508075688773,3.4641016151377544,351,2084,0.168426103646833
dtlz2_interval,lu,ls,check,coverage_a_in_b,0.1,5000,13,0.1,0.34641016151377546,3.4641016151377544,351,2084,1.0
dtlz2_interval,lu,ls,check,coverage_b_in_a,0.1,5000,13,0.1,0.34641016151377546,3.4641016151377544,351,2084,0.16842610364683303
dtlz2_interval,lu,ls,check,overlap,0.1,5000,13,0.1,0.34641016151377546,3.4641016151377544,351,2084,0.28829568788501025
dtlz2_interval,lu,ls,check,overlap_jaccard,0.1,5000,13,0.1,0.34641016151377546,3.4641016151377544,351,2084,0.168426103646833
dtlz2_interval,lu,ls,check,coverage_a_in_b,0.1,5000,13,0.2,0.6928203230275509,3.4641016151377544,351,2084,1.0
dtlz2_interval,lu,ls,check,coverage_b_in_a,0.1,5000,13,0.2,0.6928203230275509,3.4641016151377544,351,2084,0.6362763915547025
dtlz2_interval,lu,ls,check,overlap,0.1,5000,13,0.2,0.6928203230275509,3.4641016151377544,351,2084,0.6887063655030801
dtlz2_interval,lu,ls,check,overlap_jaccard,0.1,5000,13,0.2,0.6928203230275509,3.4641016151377544,351,2084,0.525211399937363
dtlz2_interval,lu,cw,finding,coverage_a_in_b,0.1,5000,13,0.0,0.0,3.4641016151377544,351,1838,0.8603988603988604
dtlz2_interval,lu,cw,finding,coverage_b_in_a,0.1,5000,13,0.0,0.0,3.4641016151377544,351,1838,0.16430903155603918
dtlz2_interval,lu,cw,finding,overlap,0.1,5000,13,0.0,0.0,3.4641016151377544,351,1838,0.27592507994518045
dtlz2_interval,lu,cw,finding,overlap_jaccard,0.1,5000,13,0.0,0.0,3.4641016151377544,351,1838,0.160042395336513
dtlz2_interval,lu,cw,finding,coverage_a_in_b,0.1,5000,13,0.01,0.034641016151377546,3.4641016151377544,351,1838,0.8603988603988604
dtlz2_interval,lu,cw,finding,coverage_b_in_a,0.1,5000,13,0.01,0.034641016151377546,3.4641016151377544,351,1838,0.16430903155603918
dtlz2_interval,lu,cw,finding,overlap,0.1,5000,13,0.01,0.034641016151377546,3.4641016151377544,351,1838,0.27592507994518045
dtlz2_interval,lu,cw,finding,overlap_jaccard,0.1,5000,13,0.01,0.034641016151377546,3.4641016151377544,351,1838,0.160042395336513
dtlz2_interval,lu,cw,finding,coverage_a_in_b,0.1,5000,13,0.02,0.06928203230275509,3.4641016151377544,351,1838,0.8603988603988604
dtlz2_interval,lu,cw,finding,coverage_b_in_a,0.1,5000,13,0.02,0.06928203230275509,3.4641016151377544,351,1838,0.16430903155603918
dtlz2_interval,lu,cw,finding,overlap,0.1,5000,13,0.02,0.06928203230275509,3.4641016151377544,351,1838,0.27592507994518045
dtlz2_interval,lu,cw,finding,overlap_jaccard,0.1,5000,13,0.02,0.06928203230275509,3.4641016151377544,351,1838,0.160042395336513
dtlz2_interval,lu,cw,finding,coverage_a_in_b,0.1,5000,13,0.05,0.17320508075688773,3.4641016151377544,351,1838,0.8603988603988604
dtlz2_interval,lu,cw,finding,coverage_b_in_a,0.1,5000,13,0.05,0.17320508075688773,3.4641016151377544,351,1838,0.16430903155603918
dtlz2_interval,lu,cw,finding,overlap,0.1,5000,13,0.05,0.17320508075688773,3.4641016151377544,351,1838,0.27592507994518045
dtlz2_interval,lu,cw,finding,overlap_jaccard,0.1,5000,13,0.05,0.17320508075688773,3.4641016151377544,351,1838,0.160042395336513
dtlz2_interval,lu,cw,finding,coverage_a_in_b,0.1,5000,13,0.1,0.34641016151377546,3.4641016151377544,351,1838,0.8603988603988604
dtlz2_interval,lu,cw,finding,coverage_b_in_a,0.1,5000,13,0.1,0.34641016151377546,3.4641016151377544,351,1838,0.16430903155603918
dtlz2_interval,lu,cw,finding,overlap,0.1,5000,13,0.1,0.34641016151377546,3.4641016151377544,351,1838,0.27592507994518045
dtlz2_interval,lu,cw,finding,overlap_jaccard,0.1,5000,13,0.1,0.34641016151377546,3.4641016151377544,351,1838,0.160042395336513
dtlz2_interval,lu,cw,finding,coverage_a_in_b,0.1,5000,13,0.2,0.6928203230275509,3.4641016151377544,351,1838,0.9487179487179487
dtlz2_interval,lu,cw,finding,coverage_b_in_a,0.1,5000,13,0.2,0.6928203230275509,3.4641016151377544,351,1838,0.6381936887921654
dtlz2_interval,lu,cw,finding,overlap,0.1,5000,13,0.2,0.6928203230275509,3.4641016151377544,351,1838,0.6879853814527181
dtlz2_interval,lu,cw,finding,overlap_jaccard,0.1,5000,13,0.2,0.6928203230275509,3.4641016151377544,351,1838,0.5243732590529248
dtlz2_interval,ls,cw,check,coverage_a_in_b,0.1,5000,13,0.0,0.0,3.4641016151377544,2084,1838,0.8819577735124761
dtlz2_interval,ls,cw,check,coverage_b_in_a,0.1,5000,13,0.0,0.0,3.4641016151377544,2084,1838,1.0
dtlz2_interval,ls,cw,check,overlap,0.1,5000,13,0.0,0.0,3.4641016151377544,2084,1838,0.9372768995410505
dtlz2_interval,ls,cw,check,overlap_jaccard,0.1,5000,13,0.0,0.0,3.4641016151377544,2084,1838,0.8819577735124761
dtlz2_interval,ls,cw,check,coverage_a_in_b,0.1,5000,13,0.01,0.034641016151377546,3.4641016151377544,2084,1838,0.8819577735124761
dtlz2_interval,ls,cw,check,coverage_b_in_a,0.1,5000,13,0.01,0.034641016151377546,3.4641016151377544,2084,1838,1.0
dtlz2_interval,ls,cw,check,overlap,0.1,5000,13,0.01,0.034641016151377546,3.4641016151377544,2084,1838,0.9372768995410505
dtlz2_interval,ls,cw,check,overlap_jaccard,0.1,5000,13,0.01,0.034641016151377546,3.4641016151377544,2084,1838,0.8819577735124761
dtlz2_interval,ls,cw,check,coverage_a_in_b,0.1,5000,13,0.02,0.06928203230275509,3.4641016151377544,2084,1838,0.8819577735124761
dtlz2_interval,ls,cw,check,coverage_b_in_a,0.1,5000,13,0.02,0.06928203230275509,3.4641016151377544,2084,1838,1.0
dtlz2_interval,ls,cw,check,overlap,0.1,5000,13,0.02,0.06928203230275509,3.4641016151377544,2084,1838,0.9372768995410505
dtlz2_interval,ls,cw,check,overlap_jaccard,0.1,5000,13,0.02,0.06928203230275509,3.4641016151377544,2084,1838,0.8819577735124761
dtlz2_interval,ls,cw,check,coverage_a_in_b,0.1,5000,13,0.05,0.17320508075688773,3.4641016151377544,2084,1838,0.8819577735124761
dtlz2_interval,ls,cw,check,coverage_b_in_a,0.1,5000,13,0.05,0.17320508075688773,3.4641016151377544,2084,1838,1.0
dtlz2_interval,ls,cw,check,overlap,0.1,5000,13,0.05,0.17320508075688773,3.4641016151377544,2084,1838,0.9372768995410505
dtlz2_interval,ls,cw,check,overlap_jaccard,0.1,5000,13,0.05,0.17320508075688773,3.4641016151377544,2084,1838,0.8819577735124761
dtlz2_interval,ls,cw,check,coverage_a_in_b,0.1,5000,13,0.1,0.34641016151377546,3.4641016151377544,2084,1838,0.8819577735124761
dtlz2_interval,ls,cw,check,coverage_b_in_a,0.1,5000,13,0.1,0.34641016151377546,3.4641016151377544,2084,1838,1.0
dtlz2_interval,ls,cw,check,overlap,0.1,5000,13,0.1,0.34641016151377546,3.4641016151377544,2084,1838,0.9372768995410505
dtlz2_interval,ls,cw,check,overlap_jaccard,0.1,5000,13,0.1,0.34641016151377546,3.4641016151377544,2084,1838,0.8819577735124761
dtlz2_interval,ls,cw,check,coverage_a_in_b,0.1,5000,13,0.2,0.6928203230275509,3.4641016151377544,2084,1838,0.9779270633397313
dtlz2_interval,ls,cw,check,coverage_b_in_a,0.1,5000,13,0.2,0.6928203230275509,3.4641016151377544,2084,1838,1.0
dtlz2_interval,ls,cw,check,overlap,0.1,5000,13,0.2,0.6928203230275509,3.4641016151377544,2084,1838,0.9882712901580826
dtlz2_interval,ls,cw,check,overlap_jaccard,0.1,5000,13,0.2,0.6928203230275509,3.4641016151377544,2084,1838,0.9768145161290321
dtlz2_interval,lu,ls,check,coverage_a_in_b,0.1,5000,14,0.0,0.0,3.4641016151377544,348,2046,1.0
dtlz2_interval,lu,ls,check,coverage_b_in_a,0.1,5000,14,0.0,0.0,3.4641016151377544,348,2046,0.17008797653958943
dtlz2_interval,lu,ls,check,overlap,0.1,5000,14,0.0,0.0,3.4641016151377544,348,2046,0.2907268170426065
dtlz2_interval,lu,ls,check,overlap_jaccard,0.1,5000,14,0.0,0.0,3.4641016151377544,348,2046,0.17008797653958943
dtlz2_interval,lu,ls,check,coverage_a_in_b,0.1,5000,14,0.01,0.034641016151377546,3.4641016151377544,348,2046,1.0
dtlz2_interval,lu,ls,check,coverage_b_in_a,0.1,5000,14,0.01,0.034641016151377546,3.4641016151377544,348,2046,0.17008797653958943
dtlz2_interval,lu,ls,check,overlap,0.1,5000,14,0.01,0.034641016151377546,3.4641016151377544,348,2046,0.2907268170426065
dtlz2_interval,lu,ls,check,overlap_jaccard,0.1,5000,14,0.01,0.034641016151377546,3.4641016151377544,348,2046,0.17008797653958943
dtlz2_interval,lu,ls,check,coverage_a_in_b,0.1,5000,14,0.02,0.06928203230275509,3.4641016151377544,348,2046,1.0
dtlz2_interval,lu,ls,check,coverage_b_in_a,0.1,5000,14,0.02,0.06928203230275509,3.4641016151377544,348,2046,0.17008797653958943
dtlz2_interval,lu,ls,check,overlap,0.1,5000,14,0.02,0.06928203230275509,3.4641016151377544,348,2046,0.2907268170426065
dtlz2_interval,lu,ls,check,overlap_jaccard,0.1,5000,14,0.02,0.06928203230275509,3.4641016151377544,348,2046,0.17008797653958943
dtlz2_interval,lu,ls,check,coverage_a_in_b,0.1,5000,14,0.05,0.17320508075688773,3.4641016151377544,348,2046,1.0
dtlz2_interval,lu,ls,check,coverage_b_in_a,0.1,5000,14,0.05,0.17320508075688773,3.4641016151377544,348,2046,0.17008797653958943
dtlz2_interval,lu,ls,check,overlap,0.1,5000,14,0.05,0.17320508075688773,3.4641016151377544,348,2046,0.2907268170426065
dtlz2_interval,lu,ls,check,overlap_jaccard,0.1,5000,14,0.05,0.17320508075688773,3.4641016151377544,348,2046,0.17008797653958943
dtlz2_interval,lu,ls,check,coverage_a_in_b,0.1,5000,14,0.1,0.34641016151377546,3.4641016151377544,348,2046,1.0
dtlz2_interval,lu,ls,check,coverage_b_in_a,0.1,5000,14,0.1,0.34641016151377546,3.4641016151377544,348,2046,0.1710654936461388
dtlz2_interval,lu,ls,check,overlap,0.1,5000,14,0.1,0.34641016151377546,3.4641016151377544,348,2046,0.29156223893065997
dtlz2_interval,lu,ls,check,overlap_jaccard,0.1,5000,14,0.1,0.34641016151377546,3.4641016151377544,348,2046,0.1706601466992665
dtlz2_interval,lu,ls,check,coverage_a_in_b,0.1,5000,14,0.2,0.6928203230275509,3.4641016151377544,348,2046,1.0
dtlz2_interval,lu,ls,check,coverage_b_in_a,0.1,5000,14,0.2,0.6928203230275509,3.4641016151377544,348,2046,0.6427174975562072
dtlz2_interval,lu,ls,check,overlap,0.1,5000,14,0.2,0.6928203230275509,3.4641016151377544,348,2046,0.6946532999164579
dtlz2_interval,lu,ls,check,overlap_jaccard,0.1,5000,14,0.2,0.6928203230275509,3.4641016151377544,348,2046,0.5321600000000001
dtlz2_interval,lu,cw,finding,coverage_a_in_b,0.1,5000,14,0.0,0.0,3.4641016151377544,348,1743,0.8390804597701149
dtlz2_interval,lu,cw,finding,coverage_b_in_a,0.1,5000,14,0.0,0.0,3.4641016151377544,348,1743,0.16752725186460127
dtlz2_interval,lu,cw,finding,overlap,0.1,5000,14,0.0,0.0,3.4641016151377544,348,1743,0.27929220468675275
dtlz2_interval,lu,cw,finding,overlap_jaccard,0.1,5000,14,0.0,0.0,3.4641016151377544,348,1743,0.1623123957754308
dtlz2_interval,lu,cw,finding,coverage_a_in_b,0.1,5000,14,0.01,0.034641016151377546,3.4641016151377544,348,1743,0.8390804597701149
dtlz2_interval,lu,cw,finding,coverage_b_in_a,0.1,5000,14,0.01,0.034641016151377546,3.4641016151377544,348,1743,0.16752725186460127
dtlz2_interval,lu,cw,finding,overlap,0.1,5000,14,0.01,0.034641016151377546,3.4641016151377544,348,1743,0.27929220468675275
dtlz2_interval,lu,cw,finding,overlap_jaccard,0.1,5000,14,0.01,0.034641016151377546,3.4641016151377544,348,1743,0.1623123957754308
dtlz2_interval,lu,cw,finding,coverage_a_in_b,0.1,5000,14,0.02,0.06928203230275509,3.4641016151377544,348,1743,0.8390804597701149
dtlz2_interval,lu,cw,finding,coverage_b_in_a,0.1,5000,14,0.02,0.06928203230275509,3.4641016151377544,348,1743,0.16752725186460127
dtlz2_interval,lu,cw,finding,overlap,0.1,5000,14,0.02,0.06928203230275509,3.4641016151377544,348,1743,0.27929220468675275
dtlz2_interval,lu,cw,finding,overlap_jaccard,0.1,5000,14,0.02,0.06928203230275509,3.4641016151377544,348,1743,0.1623123957754308
dtlz2_interval,lu,cw,finding,coverage_a_in_b,0.1,5000,14,0.05,0.17320508075688773,3.4641016151377544,348,1743,0.8390804597701149
dtlz2_interval,lu,cw,finding,coverage_b_in_a,0.1,5000,14,0.05,0.17320508075688773,3.4641016151377544,348,1743,0.16752725186460127
dtlz2_interval,lu,cw,finding,overlap,0.1,5000,14,0.05,0.17320508075688773,3.4641016151377544,348,1743,0.27929220468675275
dtlz2_interval,lu,cw,finding,overlap_jaccard,0.1,5000,14,0.05,0.17320508075688773,3.4641016151377544,348,1743,0.1623123957754308
dtlz2_interval,lu,cw,finding,coverage_a_in_b,0.1,5000,14,0.1,0.34641016151377546,3.4641016151377544,348,1743,0.8390804597701149
dtlz2_interval,lu,cw,finding,coverage_b_in_a,0.1,5000,14,0.1,0.34641016151377546,3.4641016151377544,348,1743,0.1686746987951807
dtlz2_interval,lu,cw,finding,overlap,0.1,5000,14,0.1,0.34641016151377546,3.4641016151377544,348,1743,0.2802486848397896
dtlz2_interval,lu,cw,finding,overlap_jaccard,0.1,5000,14,0.1,0.34641016151377546,3.4641016151377544,348,1743,0.16295884315906564
dtlz2_interval,lu,cw,finding,coverage_a_in_b,0.1,5000,14,0.2,0.6928203230275509,3.4641016151377544,348,1743,0.9626436781609196
dtlz2_interval,lu,cw,finding,coverage_b_in_a,0.1,5000,14,0.2,0.6928203230275509,3.4641016151377544,348,1743,0.648881239242685
dtlz2_interval,lu,cw,finding,overlap,0.1,5000,14,0.2,0.6928203230275509,3.4641016151377544,348,1743,0.7010999521759923
dtlz2_interval,lu,cw,finding,overlap_jaccard,0.1,5000,14,0.2,0.6928203230275509,3.4641016151377544,348,1743,0.5397643593519882
dtlz2_interval,ls,cw,check,coverage_a_in_b,0.1,5000,14,0.0,0.0,3.4641016151377544,2046,1743,0.8519061583577713
dtlz2_interval,ls,cw,check,coverage_b_in_a,0.1,5000,14,0.0,0.0,3.4641016151377544,2046,1743,1.0
dtlz2_interval,ls,cw,check,overlap,0.1,5000,14,0.0,0.0,3.4641016151377544,2046,1743,0.9200316706254948
dtlz2_interval,ls,cw,check,overlap_jaccard,0.1,5000,14,0.0,0.0,3.4641016151377544,2046,1743,0.8519061583577713
dtlz2_interval,ls,cw,check,coverage_a_in_b,0.1,5000,14,0.01,0.034641016151377546,3.4641016151377544,2046,1743,0.8519061583577713
dtlz2_interval,ls,cw,check,coverage_b_in_a,0.1,5000,14,0.01,0.034641016151377546,3.4641016151377544,2046,1743,1.0
dtlz2_interval,ls,cw,check,overlap,0.1,5000,14,0.01,0.034641016151377546,3.4641016151377544,2046,1743,0.9200316706254948
dtlz2_interval,ls,cw,check,overlap_jaccard,0.1,5000,14,0.01,0.034641016151377546,3.4641016151377544,2046,1743,0.8519061583577713
dtlz2_interval,ls,cw,check,coverage_a_in_b,0.1,5000,14,0.02,0.06928203230275509,3.4641016151377544,2046,1743,0.8519061583577713
dtlz2_interval,ls,cw,check,coverage_b_in_a,0.1,5000,14,0.02,0.06928203230275509,3.4641016151377544,2046,1743,1.0
dtlz2_interval,ls,cw,check,overlap,0.1,5000,14,0.02,0.06928203230275509,3.4641016151377544,2046,1743,0.9200316706254948
dtlz2_interval,ls,cw,check,overlap_jaccard,0.1,5000,14,0.02,0.06928203230275509,3.4641016151377544,2046,1743,0.8519061583577713
dtlz2_interval,ls,cw,check,coverage_a_in_b,0.1,5000,14,0.05,0.17320508075688773,3.4641016151377544,2046,1743,0.8519061583577713
dtlz2_interval,ls,cw,check,coverage_b_in_a,0.1,5000,14,0.05,0.17320508075688773,3.4641016151377544,2046,1743,1.0
dtlz2_interval,ls,cw,check,overlap,0.1,5000,14,0.05,0.17320508075688773,3.4641016151377544,2046,1743,0.9200316706254948
dtlz2_interval,ls,cw,check,overlap_jaccard,0.1,5000,14,0.05,0.17320508075688773,3.4641016151377544,2046,1743,0.8519061583577713
dtlz2_interval,ls,cw,check,coverage_a_in_b,0.1,5000,14,0.1,0.34641016151377546,3.4641016151377544,2046,1743,0.8519061583577713
dtlz2_interval,ls,cw,check,coverage_b_in_a,0.1,5000,14,0.1,0.34641016151377546,3.4641016151377544,2046,1743,1.0
dtlz2_interval,ls,cw,check,overlap,0.1,5000,14,0.1,0.34641016151377546,3.4641016151377544,2046,1743,0.9200316706254948
dtlz2_interval,ls,cw,check,overlap_jaccard,0.1,5000,14,0.1,0.34641016151377546,3.4641016151377544,2046,1743,0.8519061583577713
dtlz2_interval,ls,cw,check,coverage_a_in_b,0.1,5000,14,0.2,0.6928203230275509,3.4641016151377544,2046,1743,0.9745845552297165
dtlz2_interval,ls,cw,check,coverage_b_in_a,0.1,5000,14,0.2,0.6928203230275509,3.4641016151377544,2046,1743,1.0
dtlz2_interval,ls,cw,check,overlap,0.1,5000,14,0.2,0.6928203230275509,3.4641016151377544,2046,1743,0.9862760622855635
dtlz2_interval,ls,cw,check,overlap_jaccard,0.1,5000,14,0.2,0.6928203230275509,3.4641016151377544,2046,1743,0.9729237177818277
dtlz2_interval,lu,ls,check,coverage_a_in_b,0.1,5000,15,0.0,0.0,3.4641016151377544,331,2077,1.0
dtlz2_interval,lu,ls,check,coverage_b_in_a,0.1,5000,15,0.0,0.0,3.4641016151377544,331,2077,0.15936446798266732
dtlz2_interval,lu,ls,check,overlap,0.1,5000,15,0.0,0.0,3.4641016151377544,331,2077,0.2749169435215947
dtlz2_interval,lu,ls,check,overlap_jaccard,0.1,5000,15,0.0,0.0,3.4641016151377544,331,2077,0.15936446798266732
dtlz2_interval,lu,ls,check,coverage_a_in_b,0.1,5000,15,0.01,0.034641016151377546,3.4641016151377544,331,2077,1.0
dtlz2_interval,lu,ls,check,coverage_b_in_a,0.1,5000,15,0.01,0.034641016151377546,3.4641016151377544,331,2077,0.15936446798266732
dtlz2_interval,lu,ls,check,overlap,0.1,5000,15,0.01,0.034641016151377546,3.4641016151377544,331,2077,0.2749169435215947
dtlz2_interval,lu,ls,check,overlap_jaccard,0.1,5000,15,0.01,0.034641016151377546,3.4641016151377544,331,2077,0.15936446798266732
dtlz2_interval,lu,ls,check,coverage_a_in_b,0.1,5000,15,0.02,0.06928203230275509,3.4641016151377544,331,2077,1.0
dtlz2_interval,lu,ls,check,coverage_b_in_a,0.1,5000,15,0.02,0.06928203230275509,3.4641016151377544,331,2077,0.15936446798266732
dtlz2_interval,lu,ls,check,overlap,0.1,5000,15,0.02,0.06928203230275509,3.4641016151377544,331,2077,0.2749169435215947
dtlz2_interval,lu,ls,check,overlap_jaccard,0.1,5000,15,0.02,0.06928203230275509,3.4641016151377544,331,2077,0.15936446798266732
dtlz2_interval,lu,ls,check,coverage_a_in_b,0.1,5000,15,0.05,0.17320508075688773,3.4641016151377544,331,2077,1.0
dtlz2_interval,lu,ls,check,coverage_b_in_a,0.1,5000,15,0.05,0.17320508075688773,3.4641016151377544,331,2077,0.15936446798266732
dtlz2_interval,lu,ls,check,overlap,0.1,5000,15,0.05,0.17320508075688773,3.4641016151377544,331,2077,0.2749169435215947
dtlz2_interval,lu,ls,check,overlap_jaccard,0.1,5000,15,0.05,0.17320508075688773,3.4641016151377544,331,2077,0.15936446798266732
dtlz2_interval,lu,ls,check,coverage_a_in_b,0.1,5000,15,0.1,0.34641016151377546,3.4641016151377544,331,2077,1.0
dtlz2_interval,lu,ls,check,coverage_b_in_a,0.1,5000,15,0.1,0.34641016151377546,3.4641016151377544,331,2077,0.16032739528165624
dtlz2_interval,lu,ls,check,overlap,0.1,5000,15,0.1,0.34641016151377546,3.4641016151377544,331,2077,0.2757475083056478
dtlz2_interval,lu,ls,check,overlap_jaccard,0.1,5000,15,0.1,0.34641016151377546,3.4641016151377544,331,2077,0.15992292870905586
dtlz2_interval,lu,ls,check,coverage_a_in_b,0.1,5000,15,0.2,0.6928203230275509,3.4641016151377544,331,2077,1.0
dtlz2_interval,lu,ls,check,coverage_b_in_a,0.1,5000,15,0.2,0.6928203230275509,3.4641016151377544,331,2077,0.614347616754935
dtlz2_interval,lu,ls,check,overlap,0.1,5000,15,0.2,0.6928203230275509,3.4641016151377544,331,2077,0.667358803986711
dtlz2_interval,lu,ls,check,overlap_jaccard,0.1,5000,15,0.2,0.6928203230275509,3.4641016151377544,331,2077,0.5007790588968527
dtlz2_interval,lu,cw,finding,coverage_a_in_b,0.1,5000,15,0.0,0.0,3.4641016151377544,331,1813,0.851963746223565
dtlz2_interval,lu,cw,finding,coverage_b_in_a,0.1,5000,15,0.0,0.0,3.4641016151377544,331,1813,0.15554329840044126
dtlz2_interval,lu,cw,finding,overlap,0.1,5000,15,0.0,0.0,3.4641016151377544,331,1813,0.2630597014925373
dtlz2_interval,lu,cw,finding,overlap_jaccard,0.1,5000,15,0.0,0.0,3.4641016151377544,331,1813,0.1514500537056928
dtlz2_interval,lu,cw,finding,coverage_a_in_b,0.1,5000,15,0.01,0.034641016151377546,3.4641016151377544,331,1813,0.851963746223565
dtlz2_interval,lu,cw,finding,coverage_b_in_a,0.1,5000,15,0.01,0.034641016151377546,3.4641016151377544,331,1813,0.15554329840044126
dtlz2_interval,lu,cw,finding,overlap,0.1,5000,15,0.01,0.034641016151377546,3.4641016151377544,331,1813,0.2630597014925373
dtlz2_interval,lu,cw,finding,overlap_jaccard,0.1,5000,15,0.01,0.034641016151377546,3.4641016151377544,331,1813,0.1514500537056928
dtlz2_interval,lu,cw,finding,coverage_a_in_b,0.1,5000,15,0.02,0.06928203230275509,3.4641016151377544,331,1813,0.851963746223565
dtlz2_interval,lu,cw,finding,coverage_b_in_a,0.1,5000,15,0.02,0.06928203230275509,3.4641016151377544,331,1813,0.15554329840044126
dtlz2_interval,lu,cw,finding,overlap,0.1,5000,15,0.02,0.06928203230275509,3.4641016151377544,331,1813,0.2630597014925373
dtlz2_interval,lu,cw,finding,overlap_jaccard,0.1,5000,15,0.02,0.06928203230275509,3.4641016151377544,331,1813,0.1514500537056928
dtlz2_interval,lu,cw,finding,coverage_a_in_b,0.1,5000,15,0.05,0.17320508075688773,3.4641016151377544,331,1813,0.851963746223565
dtlz2_interval,lu,cw,finding,coverage_b_in_a,0.1,5000,15,0.05,0.17320508075688773,3.4641016151377544,331,1813,0.15554329840044126
dtlz2_interval,lu,cw,finding,overlap,0.1,5000,15,0.05,0.17320508075688773,3.4641016151377544,331,1813,0.2630597014925373
dtlz2_interval,lu,cw,finding,overlap_jaccard,0.1,5000,15,0.05,0.17320508075688773,3.4641016151377544,331,1813,0.1514500537056928
dtlz2_interval,lu,cw,finding,coverage_a_in_b,0.1,5000,15,0.1,0.34641016151377546,3.4641016151377544,331,1813,0.851963746223565
dtlz2_interval,lu,cw,finding,coverage_b_in_a,0.1,5000,15,0.1,0.34641016151377546,3.4641016151377544,331,1813,0.15609487038058467
dtlz2_interval,lu,cw,finding,overlap,0.1,5000,15,0.1,0.34641016151377546,3.4641016151377544,331,1813,0.2635261194029851
dtlz2_interval,lu,cw,finding,overlap_jaccard,0.1,5000,15,0.1,0.34641016151377546,3.4641016151377544,331,1813,0.15175933387053453
dtlz2_interval,lu,cw,finding,coverage_a_in_b,0.1,5000,15,0.2,0.6928203230275509,3.4641016151377544,331,1813,0.9607250755287009
dtlz2_interval,lu,cw,finding,coverage_b_in_a,0.1,5000,15,0.2,0.6928203230275509,3.4641016151377544,331,1813,0.6133480419194705
dtlz2_interval,lu,cw,finding,overlap,0.1,5000,15,0.2,0.6928203230275509,3.4641016151377544,331,1813,0.6669776119402985
dtlz2_interval,lu,cw,finding,overlap_jaccard,0.1,5000,15,0.2,0.6928203230275509,3.4641016151377544,331,1813,0.5003498950314905
dtlz2_interval,ls,cw,check,coverage_a_in_b,0.1,5000,15,0.0,0.0,3.4641016151377544,2077,1813,0.8728935965334618
dtlz2_interval,ls,cw,check,coverage_b_in_a,0.1,5000,15,0.0,0.0,3.4641016151377544,2077,1813,1.0
dtlz2_interval,ls,cw,check,overlap,0.1,5000,15,0.0,0.0,3.4641016151377544,2077,1813,0.9321336760925449
dtlz2_interval,ls,cw,check,overlap_jaccard,0.1,5000,15,0.0,0.0,3.4641016151377544,2077,1813,0.8728935965334617
dtlz2_interval,ls,cw,check,coverage_a_in_b,0.1,5000,15,0.01,0.034641016151377546,3.4641016151377544,2077,1813,0.8728935965334618
dtlz2_interval,ls,cw,check,coverage_b_in_a,0.1,5000,15,0.01,0.034641016151377546,3.4641016151377544,2077,1813,1.0
dtlz2_interval,ls,cw,check,overlap,0.1,5000,15,0.01,0.034641016151377546,3.4641016151377544,2077,1813,0.9321336760925449
dtlz2_interval,ls,cw,check,overlap_jaccard,0.1,5000,15,0.01,0.034641016151377546,3.4641016151377544,2077,1813,0.8728935965334617
dtlz2_interval,ls,cw,check,coverage_a_in_b,0.1,5000,15,0.02,0.06928203230275509,3.4641016151377544,2077,1813,0.8728935965334618
dtlz2_interval,ls,cw,check,coverage_b_in_a,0.1,5000,15,0.02,0.06928203230275509,3.4641016151377544,2077,1813,1.0
dtlz2_interval,ls,cw,check,overlap,0.1,5000,15,0.02,0.06928203230275509,3.4641016151377544,2077,1813,0.9321336760925449
dtlz2_interval,ls,cw,check,overlap_jaccard,0.1,5000,15,0.02,0.06928203230275509,3.4641016151377544,2077,1813,0.8728935965334617
dtlz2_interval,ls,cw,check,coverage_a_in_b,0.1,5000,15,0.05,0.17320508075688773,3.4641016151377544,2077,1813,0.8728935965334618
dtlz2_interval,ls,cw,check,coverage_b_in_a,0.1,5000,15,0.05,0.17320508075688773,3.4641016151377544,2077,1813,1.0
dtlz2_interval,ls,cw,check,overlap,0.1,5000,15,0.05,0.17320508075688773,3.4641016151377544,2077,1813,0.9321336760925449
dtlz2_interval,ls,cw,check,overlap_jaccard,0.1,5000,15,0.05,0.17320508075688773,3.4641016151377544,2077,1813,0.8728935965334617
dtlz2_interval,ls,cw,check,coverage_a_in_b,0.1,5000,15,0.1,0.34641016151377546,3.4641016151377544,2077,1813,0.8728935965334618
dtlz2_interval,ls,cw,check,coverage_b_in_a,0.1,5000,15,0.1,0.34641016151377546,3.4641016151377544,2077,1813,1.0
dtlz2_interval,ls,cw,check,overlap,0.1,5000,15,0.1,0.34641016151377546,3.4641016151377544,2077,1813,0.9321336760925449
dtlz2_interval,ls,cw,check,overlap_jaccard,0.1,5000,15,0.1,0.34641016151377546,3.4641016151377544,2077,1813,0.8728935965334617
dtlz2_interval,ls,cw,check,coverage_a_in_b,0.1,5000,15,0.2,0.6928203230275509,3.4641016151377544,2077,1813,0.9792970630717381
dtlz2_interval,ls,cw,check,coverage_b_in_a,0.1,5000,15,0.2,0.6928203230275509,3.4641016151377544,2077,1813,1.0
dtlz2_interval,ls,cw,check,overlap,0.1,5000,15,0.2,0.6928203230275509,3.4641016151377544,2077,1813,0.9889460154241645
dtlz2_interval,ls,cw,check,overlap_jaccard,0.1,5000,15,0.2,0.6928203230275509,3.4641016151377544,2077,1813,0.97813374014747
dtlz2_interval,lu,ls,check,coverage_a_in_b,0.25,5000,11,0.0,0.0,3.4641016151377544,678,2316,1.0
dtlz2_interval,lu,ls,check,coverage_b_in_a,0.25,5000,11,0.0,0.0,3.4641016151377544,678,2316,0.2927461139896373
dtlz2_interval,lu,ls,check,overlap,0.25,5000,11,0.0,0.0,3.4641016151377544,678,2316,0.4529058116232465
dtlz2_interval,lu,ls,check,overlap_jaccard,0.25,5000,11,0.0,0.0,3.4641016151377544,678,2316,0.2927461139896373
dtlz2_interval,lu,ls,check,coverage_a_in_b,0.25,5000,11,0.01,0.034641016151377546,3.4641016151377544,678,2316,1.0
dtlz2_interval,lu,ls,check,coverage_b_in_a,0.25,5000,11,0.01,0.034641016151377546,3.4641016151377544,678,2316,0.2927461139896373
dtlz2_interval,lu,ls,check,overlap,0.25,5000,11,0.01,0.034641016151377546,3.4641016151377544,678,2316,0.4529058116232465
dtlz2_interval,lu,ls,check,overlap_jaccard,0.25,5000,11,0.01,0.034641016151377546,3.4641016151377544,678,2316,0.2927461139896373
dtlz2_interval,lu,ls,check,coverage_a_in_b,0.25,5000,11,0.02,0.06928203230275509,3.4641016151377544,678,2316,1.0
dtlz2_interval,lu,ls,check,coverage_b_in_a,0.25,5000,11,0.02,0.06928203230275509,3.4641016151377544,678,2316,0.2927461139896373
dtlz2_interval,lu,ls,check,overlap,0.25,5000,11,0.02,0.06928203230275509,3.4641016151377544,678,2316,0.4529058116232465
dtlz2_interval,lu,ls,check,overlap_jaccard,0.25,5000,11,0.02,0.06928203230275509,3.4641016151377544,678,2316,0.2927461139896373
dtlz2_interval,lu,ls,check,coverage_a_in_b,0.25,5000,11,0.05,0.17320508075688773,3.4641016151377544,678,2316,1.0
dtlz2_interval,lu,ls,check,coverage_b_in_a,0.25,5000,11,0.05,0.17320508075688773,3.4641016151377544,678,2316,0.2927461139896373
dtlz2_interval,lu,ls,check,overlap,0.25,5000,11,0.05,0.17320508075688773,3.4641016151377544,678,2316,0.4529058116232465
dtlz2_interval,lu,ls,check,overlap_jaccard,0.25,5000,11,0.05,0.17320508075688773,3.4641016151377544,678,2316,0.2927461139896373
dtlz2_interval,lu,ls,check,coverage_a_in_b,0.25,5000,11,0.1,0.34641016151377546,3.4641016151377544,678,2316,1.0
dtlz2_interval,lu,ls,check,coverage_b_in_a,0.25,5000,11,0.1,0.34641016151377546,3.4641016151377544,678,2316,0.29404145077720206
dtlz2_interval,lu,ls,check,overlap,0.25,5000,11,0.1,0.34641016151377546,3.4641016151377544,678,2316,0.45390781563126253
dtlz2_interval,lu,ls,check,overlap_jaccard,0.25,5000,11,0.1,0.34641016151377546,3.4641016151377544,678,2316,0.29358392741412837
dtlz2_interval,lu,ls,check,coverage_a_in_b,0.25,5000,11,0.2,0.6928203230275509,3.4641016151377544,678,2316,1.0
dtlz2_interval,lu,ls,check,coverage_b_in_a,0.25,5000,11,0.2,0.6928203230275509,3.4641016151377544,678,2316,0.7979274611398963
dtlz2_interval,lu,ls,check,overlap,0.25,5000,11,0.2,0.6928203230275509,3.4641016151377544,678,2316,0.843687374749499
dtlz2_interval,lu,ls,check,overlap_jaccard,0.25,5000,11,0.2,0.6928203230275509,3.4641016151377544,678,2316,0.729636048526863
dtlz2_interval,lu,cw,finding,coverage_a_in_b,0.25,5000,11,0.0,0.0,3.4641016151377544,678,1702,0.7433628318584071
dtlz2_interval,lu,cw,finding,coverage_b_in_a,0.25,5000,11,0.0,0.0,3.4641016151377544,678,1702,0.29612220916568743
dtlz2_interval,lu,cw,finding,overlap,0.25,5000,11,0.0,0.0,3.4641016151377544,678,1702,0.4235294117647059
dtlz2_interval,lu,cw,finding,overlap_jaccard,0.25,5000,11,0.0,0.0,3.4641016151377544,678,1702,0.26865671641791045
dtlz2_interval,lu,cw,finding,coverage_a_in_b,0.25,5000,11,0.01,0.034641016151377546,3.4641016151377544,678,1702,0.7433628318584071
dtlz2_interval,lu,cw,finding,coverage_b_in_a,0.25,5000,11,0.01,0.034641016151377546,3.4641016151377544,678,1702,0.29612220916568743
dtlz2_interval,lu,cw,finding,overlap,0.25,5000,11,0.01,0.034641016151377546,3.4641016151377544,678,1702,0.4235294117647059
dtlz2_interval,lu,cw,finding,overlap_jaccard,0.25,5000,11,0.01,0.034641016151377546,3.4641016151377544,678,1702,0.26865671641791045
dtlz2_interval,lu,cw,finding,coverage_a_in_b,0.25,5000,11,0.02,0.06928203230275509,3.4641016151377544,678,1702,0.7433628318584071
dtlz2_interval,lu,cw,finding,coverage_b_in_a,0.25,5000,11,0.02,0.06928203230275509,3.4641016151377544,678,1702,0.29612220916568743
dtlz2_interval,lu,cw,finding,overlap,0.25,5000,11,0.02,0.06928203230275509,3.4641016151377544,678,1702,0.4235294117647059
dtlz2_interval,lu,cw,finding,overlap_jaccard,0.25,5000,11,0.02,0.06928203230275509,3.4641016151377544,678,1702,0.26865671641791045
dtlz2_interval,lu,cw,finding,coverage_a_in_b,0.25,5000,11,0.05,0.17320508075688773,3.4641016151377544,678,1702,0.7433628318584071
dtlz2_interval,lu,cw,finding,coverage_b_in_a,0.25,5000,11,0.05,0.17320508075688773,3.4641016151377544,678,1702,0.29612220916568743
dtlz2_interval,lu,cw,finding,overlap,0.25,5000,11,0.05,0.17320508075688773,3.4641016151377544,678,1702,0.4235294117647059
dtlz2_interval,lu,cw,finding,overlap_jaccard,0.25,5000,11,0.05,0.17320508075688773,3.4641016151377544,678,1702,0.26865671641791045
dtlz2_interval,lu,cw,finding,coverage_a_in_b,0.25,5000,11,0.1,0.34641016151377546,3.4641016151377544,678,1702,0.7433628318584071
dtlz2_interval,lu,cw,finding,coverage_b_in_a,0.25,5000,11,0.1,0.34641016151377546,3.4641016151377544,678,1702,0.2978848413631022
dtlz2_interval,lu,cw,finding,overlap,0.25,5000,11,0.1,0.34641016151377546,3.4641016151377544,678,1702,0.42478991596638654
dtlz2_interval,lu,cw,finding,overlap_jaccard,0.25,5000,11,0.1,0.34641016151377546,3.4641016151377544,678,1702,0.26967191251000266
dtlz2_interval,lu,cw,finding,coverage_a_in_b,0.25,5000,11,0.2,0.6928203230275509,3.4641016151377544,678,1702,0.9129793510324484
dtlz2_interval,lu,cw,finding,coverage_b_in_a,0.25,5000,11,0.2,0.6928203230275509,3.4641016151377544,678,1702,0.7925969447708578
dtlz2_interval,lu,cw,finding,overlap,0.25,5000,11,0.2,0.6928203230275509,3.4641016151377544,678,1702,0.826890756302521
dtlz2_interval,lu,cw,finding,overlap_jaccard,0.25,5000,11,0.2,0.6928203230275509,3.4641016151377544,678,1702,0.7048710601719197
dtlz2_interval,ls,cw,check,coverage_a_in_b,0.25,5000,11,0.0,0.0,3.4641016151377544,2316,1702,0.7348877374784111
dtlz2_interval,ls,cw,check,coverage_b_in_a,0.25,5000,11,0.0,0.0,3.4641016151377544,2316,1702,1.0
dtlz2_interval,ls,cw,check,overlap,0.25,5000,11,0.0,0.0,3.4641016151377544,2316,1702,0.8471876555500248
dtlz2_interval,ls,cw,check,overlap_jaccard,0.25,5000,11,0.0,0.0,3.4641016151377544,2316,1702,0.734887737478411
dtlz2_interval,ls,cw,check,coverage_a_in_b,0.25,5000,11,0.01,0.034641016151377546,3.4641016151377544,2316,1702,0.7348877374784111
dtlz2_interval,ls,cw,check,coverage_b_in_a,0.25,5000,11,0.01,0.034641016151377546,3.4641016151377544,2316,1702,1.0
dtlz2_interval,ls,cw,check,overlap,0.25,5000,11,0.01,0.034641016151377546,3.4641016151377544,2316,1702,0.8471876555500248
dtlz2_interval,ls,cw,check,overlap_jaccard,0.25,5000,11,0.01,0.034641016151377546,3.4641016151377544,2316,1702,0.734887737478411
dtlz2_interval,ls,cw,check,coverage_a_in_b,0.25,5000,11,0.02,0.06928203230275509,3.4641016151377544,2316,1702,0.7348877374784111
dtlz2_interval,ls,cw,check,coverage_b_in_a,0.25,5000,11,0.02,0.06928203230275509,3.4641016151377544,2316,1702,1.0
dtlz2_interval,ls,cw,check,overlap,0.25,5000,11,0.02,0.06928203230275509,3.4641016151377544,2316,1702,0.8471876555500248
dtlz2_interval,ls,cw,check,overlap_jaccard,0.25,5000,11,0.02,0.06928203230275509,3.4641016151377544,2316,1702,0.734887737478411
dtlz2_interval,ls,cw,check,coverage_a_in_b,0.25,5000,11,0.05,0.17320508075688773,3.4641016151377544,2316,1702,0.7348877374784111
dtlz2_interval,ls,cw,check,coverage_b_in_a,0.25,5000,11,0.05,0.17320508075688773,3.4641016151377544,2316,1702,1.0
dtlz2_interval,ls,cw,check,overlap,0.25,5000,11,0.05,0.17320508075688773,3.4641016151377544,2316,1702,0.8471876555500248
dtlz2_interval,ls,cw,check,overlap_jaccard,0.25,5000,11,0.05,0.17320508075688773,3.4641016151377544,2316,1702,0.734887737478411
dtlz2_interval,ls,cw,check,coverage_a_in_b,0.25,5000,11,0.1,0.34641016151377546,3.4641016151377544,2316,1702,0.7348877374784111
dtlz2_interval,ls,cw,check,coverage_b_in_a,0.25,5000,11,0.1,0.34641016151377546,3.4641016151377544,2316,1702,1.0
dtlz2_interval,ls,cw,check,overlap,0.25,5000,11,0.1,0.34641016151377546,3.4641016151377544,2316,1702,0.8471876555500248
dtlz2_interval,ls,cw,check,overlap_jaccard,0.25,5000,11,0.1,0.34641016151377546,3.4641016151377544,2316,1702,0.734887737478411
dtlz2_interval,ls,cw,check,coverage_a_in_b,0.25,5000,11,0.2,0.6928203230275509,3.4641016151377544,2316,1702,0.9494818652849741
dtlz2_interval,ls,cw,check,coverage_b_in_a,0.25,5000,11,0.2,0.6928203230275509,3.4641016151377544,2316,1702,1.0
dtlz2_interval,ls,cw,check,overlap,0.25,5000,11,0.2,0.6928203230275509,3.4641016151377544,2316,1702,0.9708810353409657
dtlz2_interval,ls,cw,check,overlap_jaccard,0.25,5000,11,0.2,0.6928203230275509,3.4641016151377544,2316,1702,0.943409915356711
dtlz2_interval,lu,ls,check,coverage_a_in_b,0.25,5000,12,0.0,0.0,3.4641016151377544,609,2469,1.0
dtlz2_interval,lu,ls,check,coverage_b_in_a,0.25,5000,12,0.0,0.0,3.4641016151377544,609,2469,0.24665856622114216
dtlz2_interval,lu,ls,check,overlap,0.25,5000,12,0.0,0.0,3.4641016151377544,609,2469,0.39571150097465885
dtlz2_interval,lu,ls,check,overlap_jaccard,0.25,5000,12,0.0,0.0,3.4641016151377544,609,2469,0.24665856622114213
dtlz2_interval,lu,ls,check,coverage_a_in_b,0.25,5000,12,0.01,0.034641016151377546,3.4641016151377544,609,2469,1.0
dtlz2_interval,lu,ls,check,coverage_b_in_a,0.25,5000,12,0.01,0.034641016151377546,3.4641016151377544,609,2469,0.24665856622114216
dtlz2_interval,lu,ls,check,overlap,0.25,5000,12,0.01,0.034641016151377546,3.4641016151377544,609,2469,0.39571150097465885
dtlz2_interval,lu,ls,check,overlap_jaccard,0.25,5000,12,0.01,0.034641016151377546,3.4641016151377544,609,2469,0.24665856622114213
dtlz2_interval,lu,ls,check,coverage_a_in_b,0.25,5000,12,0.02,0.06928203230275509,3.4641016151377544,609,2469,1.0
dtlz2_interval,lu,ls,check,coverage_b_in_a,0.25,5000,12,0.02,0.06928203230275509,3.4641016151377544,609,2469,0.24665856622114216
dtlz2_interval,lu,ls,check,overlap,0.25,5000,12,0.02,0.06928203230275509,3.4641016151377544,609,2469,0.39571150097465885
dtlz2_interval,lu,ls,check,overlap_jaccard,0.25,5000,12,0.02,0.06928203230275509,3.4641016151377544,609,2469,0.24665856622114213
dtlz2_interval,lu,ls,check,coverage_a_in_b,0.25,5000,12,0.05,0.17320508075688773,3.4641016151377544,609,2469,1.0
dtlz2_interval,lu,ls,check,coverage_b_in_a,0.25,5000,12,0.05,0.17320508075688773,3.4641016151377544,609,2469,0.24665856622114216
dtlz2_interval,lu,ls,check,overlap,0.25,5000,12,0.05,0.17320508075688773,3.4641016151377544,609,2469,0.39571150097465885
dtlz2_interval,lu,ls,check,overlap_jaccard,0.25,5000,12,0.05,0.17320508075688773,3.4641016151377544,609,2469,0.24665856622114213
dtlz2_interval,lu,ls,check,coverage_a_in_b,0.25,5000,12,0.1,0.34641016151377546,3.4641016151377544,609,2469,1.0
dtlz2_interval,lu,ls,check,coverage_b_in_a,0.25,5000,12,0.1,0.34641016151377546,3.4641016151377544,609,2469,0.24746861077359256
dtlz2_interval,lu,ls,check,overlap,0.25,5000,12,0.1,0.34641016151377546,3.4641016151377544,609,2469,0.396361273554256
dtlz2_interval,lu,ls,check,overlap_jaccard,0.25,5000,12,0.1,0.34641016151377546,3.4641016151377544,609,2469,0.2471636952998379
dtlz2_interval,lu,ls,check,coverage_a_in_b,0.25,5000,12,0.2,0.6928203230275509,3.4641016151377544,609,2469,1.0
dtlz2_interval,lu,ls,check,coverage_b_in_a,0.25,5000,12,0.2,0.6928203230275509,3.4641016151377544,609,2469,0.7707573916565411
dtlz2_interval,lu,ls,check,overlap,0.25,5000,12,0.2,0.6928203230275509,3.4641016151377544,609,2469,0.816114359974009
dtlz2_interval,lu,ls,check,overlap_jaccard,0.25,5000,12,0.2,0.6928203230275509,3.4641016151377544,609,2469,0.6893523600439078
dtlz2_interval,lu,cw,finding,coverage_a_in_b,0.25,5000,12,0.0,0.0,3.4641016151377544,609,1857,0.7799671592775042
dtlz2_interval,lu,cw,finding,coverage_b_in_a,0.25,5000,12,0.0,0.0,3.4641016151377544,609,1857,0.25578890683898764
dtlz2_interval,lu,cw,finding,overlap,0.25,5000,12,0.0,0.0,3.4641016151377544,609,1857,0.38523925385239255
dtlz2_interval,lu,cw,finding,overlap_jaccard,0.25,5000,12,0.0,0.0,3.4641016151377544,609,1857,0.23857358111501759
dtlz2_interval,lu,cw,finding,coverage_a_in_b,0.25,5000,12,0.01,0.034641016151377546,3.4641016151377544,609,1857,0.7799671592775042
dtlz2_interval,lu,cw,finding,coverage_b_in_a,0.25,5000,12,0.01,0.034641016151377546,3.4641016151377544,609,1857,0.25578890683898764
dtlz2_interval,lu,cw,finding,overlap,0.25,5000,12,0.01,0.034641016151377546,3.4641016151377544,609,1857,0.38523925385239255
dtlz2_interval,lu,cw,finding,overlap_jaccard,0.25,5000,12,0.01,0.034641016151377546,3.4641016151377544,609,1857,0.23857358111501759
dtlz2_interval,lu,cw,finding,coverage_a_in_b,0.25,5000,12,0.02,0.06928203230275509,3.4641016151377544,609,1857,0.7799671592775042
dtlz2_interval,lu,cw,finding,coverage_b_in_a,0.25,5000,12,0.02,0.06928203230275509,3.4641016151377544,609,1857,0.25578890683898764
dtlz2_interval,lu,cw,finding,overlap,0.25,5000,12,0.02,0.06928203230275509,3.4641016151377544,609,1857,0.38523925385239255
dtlz2_interval,lu,cw,finding,overlap_jaccard,0.25,5000,12,0.02,0.06928203230275509,3.4641016151377544,609,1857,0.23857358111501759
dtlz2_interval,lu,cw,finding,coverage_a_in_b,0.25,5000,12,0.05,0.17320508075688773,3.4641016151377544,609,1857,0.7799671592775042
dtlz2_interval,lu,cw,finding,coverage_b_in_a,0.25,5000,12,0.05,0.17320508075688773,3.4641016151377544,609,1857,0.25578890683898764
dtlz2_interval,lu,cw,finding,overlap,0.25,5000,12,0.05,0.17320508075688773,3.4641016151377544,609,1857,0.38523925385239255
dtlz2_interval,lu,cw,finding,overlap_jaccard,0.25,5000,12,0.05,0.17320508075688773,3.4641016151377544,609,1857,0.23857358111501759
dtlz2_interval,lu,cw,finding,coverage_a_in_b,0.25,5000,12,0.1,0.34641016151377546,3.4641016151377544,609,1857,0.7799671592775042
dtlz2_interval,lu,cw,finding,coverage_b_in_a,0.25,5000,12,0.1,0.34641016151377546,3.4641016151377544,609,1857,0.2568659127625202
dtlz2_interval,lu,cw,finding,overlap,0.25,5000,12,0.1,0.34641016151377546,3.4641016151377544,609,1857,0.38605028386050283
dtlz2_interval,lu,cw,finding,overlap_jaccard,0.25,5000,12,0.1,0.34641016151377546,3.4641016151377544,609,1857,0.23919597989949748
dtlz2_interval,lu,cw,finding,coverage_a_in_b,0.25,5000,12,0.2,0.6928203230275509,3.4641016151377544,609,1857,0.9310344827586207
dtlz2_interval,lu,cw,finding,coverage_b_in_a,0.25,5000,12,0.2,0.6928203230275509,3.4641016151377544,609,1857,0.778675282714055
dtlz2_interval,lu,cw,finding,overlap,0.25,5000,12,0.2,0.6928203230275509,3.4641016151377544,609,1857,0.816301703163017
dtlz2_interval,lu,cw,finding,overlap_jaccard,0.25,5000,12,0.2,0.6928203230275509,3.4641016151377544,609,1857,0.6896197327852003
dtlz2_interval,ls,cw,check,coverage_a_in_b,0.25,5000,12,0.0,0.0,3.4641016151377544,2469,1857,0.7521263669501823
dtlz2_interval,ls,cw,check,coverage_b_in_a,0.25,5000,12,0.0,0.0,3.4641016151377544,2469,1857,1.0
dtlz2_interval,ls,cw,check,overlap,0.25,5000,12,0.0,0.0,3.4641016151377544,2469,1857,0.8585298196948682
dtlz2_interval,ls,cw,check,overlap_jaccard,0.25,5000,12,0.0,0.0,3.4641016151377544,2469,1857,0.7521263669501823
dtlz2_interval,ls,cw,check,coverage_a_in_b,0.25,5000,12,0.01,0.034641016151377546,3.4641016151377544,2469,1857,0.7521263669501823
dtlz2_interval,ls,cw,check,coverage_b_in_a,0.25,5000,12,0.01,0.034641016151377546,3.4641016151377544,2469,1857,1.0
dtlz2_interval,ls,cw,check,overlap,0.25,5000,12,0.01,0.034641016151377546,3.4641016151377544,2469,1857,0.8585298196948682
dtlz2_interval,ls,cw,check,overlap_jaccard,0.25,5000,12,0.01,0.034641016151377546,3.4641016151377544,2469,1857,0.7521263669501823
dtlz2_interval,ls,cw,check,coverage_a_in_b,0.25,5000,12,0.02,0.06928203230275509,3.4641016151377544,2469,1857,0.7521263669501823
dtlz2_interval,ls,cw,check,coverage_b_in_a,0.25,5000,12,0.02,0.06928203230275509,3.4641016151377544,2469,1857,1.0
dtlz2_interval,ls,cw,check,overlap,0.25,5000,12,0.02,0.06928203230275509,3.4641016151377544,2469,1857,0.8585298196948682
dtlz2_interval,ls,cw,check,overlap_jaccard,0.25,5000,12,0.02,0.06928203230275509,3.4641016151377544,2469,1857,0.7521263669501823
dtlz2_interval,ls,cw,check,coverage_a_in_b,0.25,5000,12,0.05,0.17320508075688773,3.4641016151377544,2469,1857,0.7521263669501823
dtlz2_interval,ls,cw,check,coverage_b_in_a,0.25,5000,12,0.05,0.17320508075688773,3.4641016151377544,2469,1857,1.0
dtlz2_interval,ls,cw,check,overlap,0.25,5000,12,0.05,0.17320508075688773,3.4641016151377544,2469,1857,0.8585298196948682
dtlz2_interval,ls,cw,check,overlap_jaccard,0.25,5000,12,0.05,0.17320508075688773,3.4641016151377544,2469,1857,0.7521263669501823
dtlz2_interval,ls,cw,check,coverage_a_in_b,0.25,5000,12,0.1,0.34641016151377546,3.4641016151377544,2469,1857,0.7525313892264075
dtlz2_interval,ls,cw,check,coverage_b_in_a,0.25,5000,12,0.1,0.34641016151377546,3.4641016151377544,2469,1857,1.0
dtlz2_interval,ls,cw,check,overlap,0.25,5000,12,0.1,0.34641016151377546,3.4641016151377544,2469,1857,0.8587609801202034
dtlz2_interval,ls,cw,check,overlap_jaccard,0.25,5000,12,0.1,0.34641016151377546,3.4641016151377544,2469,1857,0.7524812639254608
dtlz2_interval,ls,cw,check,coverage_a_in_b,0.25,5000,12,0.2,0.6928203230275509,3.4641016151377544,2469,1857,0.9582827055488052
dtlz2_interval,ls,cw,check,coverage_b_in_a,0.25,5000,12,0.2,0.6928203230275509,3.4641016151377544,2469,1857,1.0
dtlz2_interval,ls,cw,check,overlap,0.25,5000,12,0.2,0.6928203230275509,3.4641016151377544,2469,1857,0.9761904761904762
dtlz2_interval,ls,cw,check,overlap_jaccard,0.25,5000,12,0.2,0.6928203230275509,3.4641016151377544,2469,1857,0.9534883720930233
dtlz2_interval,lu,ls,check,coverage_a_in_b,0.25,5000,13,0.0,0.0,3.4641016151377544,575,2393,1.0
dtlz2_interval,lu,ls,check,coverage_b_in_a,0.25,5000,13,0.0,0.0,3.4641016151377544,575,2393,0.24028416213957376
dtlz2_interval,lu,ls,check,overlap,0.25,5000,13,0.0,0.0,3.4641016151377544,575,2393,0.38746630727762804
dtlz2_interval,lu,ls,check,overlap_jaccard,0.25,5000,13,0.0,0.0,3.4641016151377544,575,2393,0.24028416213957376
dtlz2_interval,lu,ls,check,coverage_a_in_b,0.25,5000,13,0.01,0.034641016151377546,3.4641016151377544,575,2393,1.0
dtlz2_interval,lu,ls,check,coverage_b_in_a,0.25,5000,13,0.01,0.034641016151377546,3.4641016151377544,575,2393,0.24028416213957376
dtlz2_interval,lu,ls,check,overlap,0.25,5000,13,0.01,0.034641016151377546,3.4641016151377544,575,2393,0.38746630727762804
dtlz2_interval,lu,ls,check,overlap_jaccard,0.25,5000,13,0.01,0.034641016151377546,3.4641016151377544,575,2393,0.24028416213957376
dtlz2_interval,lu,ls,check,coverage_a_in_b,0.25,5000,13,0.02,0.06928203230275509,3.4641016151377544,575,2393,1.0
dtlz2_interval,lu,ls,check,coverage_b_in_a,0.25,5000,13,0.02,0.06928203230275509,3.4641016151377544,575,2393,0.24028416213957376
dtlz2_interval,lu,ls,check,overlap,0.25,5000,13,0.02,0.06928203230275509,3.4641016151377544,575,2393,0.38746630727762804
dtlz2_interval,lu,ls,check,overlap_jaccard,0.25,5000,13,0.02,0.06928203230275509,3.4641016151377544,575,2393,0.24028416213957376
dtlz2_interval,lu,ls,check,coverage_a_in_b,0.25,5000,13,0.05,0.17320508075688773,3.4641016151377544,575,2393,1.0
dtlz2_interval,lu,ls,check,coverage_b_in_a,0.25,5000,13,0.05,0.17320508075688773,3.4641016151377544,575,2393,0.24028416213957376
dtlz2_interval,lu,ls,check,overlap,0.25,5000,13,0.05,0.17320508075688773,3.4641016151377544,575,2393,0.38746630727762804
dtlz2_interval,lu,ls,check,overlap_jaccard,0.25,5000,13,0.05,0.17320508075688773,3.4641016151377544,575,2393,0.24028416213957376
dtlz2_interval,lu,ls,check,coverage_a_in_b,0.25,5000,13,0.1,0.34641016151377546,3.4641016151377544,575,2393,1.0
dtlz2_interval,lu,ls,check,coverage_b_in_a,0.25,5000,13,0.1,0.34641016151377546,3.4641016151377544,575,2393,0.24070204763894693
dtlz2_interval,lu,ls,check,overlap,0.25,5000,13,0.1,0.34641016151377546,3.4641016151377544,575,2393,0.3878032345013477
dtlz2_interval,lu,ls,check,overlap_jaccard,0.25,5000,13,0.1,0.34641016151377546,3.4641016151377544,575,2393,0.24054336468129567
dtlz2_interval,lu,ls,check,coverage_a_in_b,0.25,5000,13,0.2,0.6928203230275509,3.4641016151377544,575,2393,1.0
dtlz2_interval,lu,ls,check,coverage_b_in_a,0.25,5000,13,0.2,0.6928203230275509,3.4641016151377544,575,2393,0.756790639364814
dtlz2_interval,lu,ls,check,overlap,0.25,5000,13,0.2,0.6928203230275509,3.4641016151377544,575,2393,0.8039083557951483
dtlz2_interval,lu,ls,check,overlap_jaccard,0.25,5000,13,0.2,0.6928203230275509,3.4641016151377544,575,2393,0.6721126760563381
dtlz2_interval,lu,cw,finding,coverage_a_in_b,0.25,5000,13,0.0,0.0,3.4641016151377544,575,1838,0.7843478260869565
dtlz2_interval,lu,cw,finding,coverage_b_in_a,0.25,5000,13,0.0,0.0,3.4641016151377544,575,1838,0.24537540805223068
dtlz2_interval,lu,cw,finding,overlap,0.25,5000,13,0.0,0.0,3.4641016151377544,575,1838,0.3738085370907584
dtlz2_interval,lu,cw,finding,overlap_jaccard,0.25,5000,13,0.0,0.0,3.4641016151377544,575,1838,0.22986748216106015
dtlz2_interval,lu,cw,finding,coverage_a_in_b,0.25,5000,13,0.01,0.034641016151377546,3.4641016151377544,575,1838,0.7843478260869565
dtlz2_interval,lu,cw,finding,coverage_b_in_a,0.25,5000,13,0.01,0.034641016151377546,3.4641016151377544,575,1838,0.24537540805223068
dtlz2_interval,lu,cw,finding,overlap,0.25,5000,13,0.01,0.034641016151377546,3.4641016151377544,575,1838,0.3738085370907584
dtlz2_interval,lu,cw,finding,overlap_jaccard,0.25,5000,13,0.01,0.034641016151377546,3.4641016151377544,575,1838,0.22986748216106015
dtlz2_interval,lu,cw,finding,coverage_a_in_b,0.25,5000,13,0.02,0.06928203230275509,3.4641016151377544,575,1838,0.7843478260869565
dtlz2_interval,lu,cw,finding,coverage_b_in_a,0.25,5000,13,0.02,0.06928203230275509,3.4641016151377544,575,1838,0.24537540805223068
dtlz2_interval,lu,cw,finding,overlap,0.25,5000,13,0.02,0.06928203230275509,3.4641016151377544,575,1838,0.3738085370907584
dtlz2_interval,lu,cw,finding,overlap_jaccard,0.25,5000,13,0.02,0.06928203230275509,3.4641016151377544,575,1838,0.22986748216106015
dtlz2_interval,lu,cw,finding,coverage_a_in_b,0.25,5000,13,0.05,0.17320508075688773,3.4641016151377544,575,1838,0.7843478260869565
dtlz2_interval,lu,cw,finding,coverage_b_in_a,0.25,5000,13,0.05,0.17320508075688773,3.4641016151377544,575,1838,0.24537540805223068
dtlz2_interval,lu,cw,finding,overlap,0.25,5000,13,0.05,0.17320508075688773,3.4641016151377544,575,1838,0.3738085370907584
dtlz2_interval,lu,cw,finding,overlap_jaccard,0.25,5000,13,0.05,0.17320508075688773,3.4641016151377544,575,1838,0.22986748216106015
dtlz2_interval,lu,cw,finding,coverage_a_in_b,0.25,5000,13,0.1,0.34641016151377546,3.4641016151377544,575,1838,0.7843478260869565
dtlz2_interval,lu,cw,finding,coverage_b_in_a,0.25,5000,13,0.1,0.34641016151377546,3.4641016151377544,575,1838,0.24537540805223068
dtlz2_interval,lu,cw,finding,overlap,0.25,5000,13,0.1,0.34641016151377546,3.4641016151377544,575,1838,0.3738085370907584
dtlz2_interval,lu,cw,finding,overlap_jaccard,0.25,5000,13,0.1,0.34641016151377546,3.4641016151377544,575,1838,0.22986748216106015
dtlz2_interval,lu,cw,finding,coverage_a_in_b,0.25,5000,13,0.2,0.6928203230275509,3.4641016151377544,575,1838,0.9339130434782609
dtlz2_interval,lu,cw,finding,coverage_b_in_a,0.25,5000,13,0.2,0.6928203230275509,3.4641016151377544,575,1838,0.7633297062023939
dtlz2_interval,lu,cw,finding,overlap,0.25,5000,13,0.2,0.6928203230275509,3.4641016151377544,575,1838,0.8039784500621633
dtlz2_interval,lu,cw,finding,overlap_jaccard,0.25,5000,13,0.2,0.6928203230275509,3.4641016151377544,575,1838,0.6722106722106723
dtlz2_interval,ls,cw,check,coverage_a_in_b,0.25,5000,13,0.0,0.0,3.4641016151377544,2393,1838,0.7680735478478897
dtlz2_interval,ls,cw,check,coverage_b_in_a,0.25,5000,13,0.0,0.0,3.4641016151377544,2393,1838,1.0
dtlz2_interval,ls,cw,check,overlap,0.25,5000,13,0.0,0.0,3.4641016151377544,2393,1838,0.8688253367998109
dtlz2_interval,ls,cw,check,overlap_jaccard,0.25,5000,13,0.0,0.0,3.4641016151377544,2393,1838,0.7680735478478896
dtlz2_interval,ls,cw,check,coverage_a_in_b,0.25,5000,13,0.01,0.034641016151377546,3.4641016151377544,2393,1838,0.7680735478478897
dtlz2_interval,ls,cw,check,coverage_b_in_a,0.25,5000,13,0.01,0.034641016151377546,3.4641016151377544,2393,1838,1.0
dtlz2_interval,ls,cw,check,overlap,0.25,5000,13,0.01,0.034641016151377546,3.4641016151377544,2393,1838,0.8688253367998109
dtlz2_interval,ls,cw,check,overlap_jaccard,0.25,5000,13,0.01,0.034641016151377546,3.4641016151377544,2393,1838,0.7680735478478896
dtlz2_interval,ls,cw,check,coverage_a_in_b,0.25,5000,13,0.02,0.06928203230275509,3.4641016151377544,2393,1838,0.7680735478478897
dtlz2_interval,ls,cw,check,coverage_b_in_a,0.25,5000,13,0.02,0.06928203230275509,3.4641016151377544,2393,1838,1.0
dtlz2_interval,ls,cw,check,overlap,0.25,5000,13,0.02,0.06928203230275509,3.4641016151377544,2393,1838,0.8688253367998109
dtlz2_interval,ls,cw,check,overlap_jaccard,0.25,5000,13,0.02,0.06928203230275509,3.4641016151377544,2393,1838,0.7680735478478896
dtlz2_interval,ls,cw,check,coverage_a_in_b,0.25,5000,13,0.05,0.17320508075688773,3.4641016151377544,2393,1838,0.7680735478478897
dtlz2_interval,ls,cw,check,coverage_b_in_a,0.25,5000,13,0.05,0.17320508075688773,3.4641016151377544,2393,1838,1.0
dtlz2_interval,ls,cw,check,overlap,0.25,5000,13,0.05,0.17320508075688773,3.4641016151377544,2393,1838,0.8688253367998109
dtlz2_interval,ls,cw,check,overlap_jaccard,0.25,5000,13,0.05,0.17320508075688773,3.4641016151377544,2393,1838,0.7680735478478896
dtlz2_interval,ls,cw,check,coverage_a_in_b,0.25,5000,13,0.1,0.34641016151377546,3.4641016151377544,2393,1838,0.7680735478478897
dtlz2_interval,ls,cw,check,coverage_b_in_a,0.25,5000,13,0.1,0.34641016151377546,3.4641016151377544,2393,1838,1.0
dtlz2_interval,ls,cw,check,overlap,0.25,5000,13,0.1,0.34641016151377546,3.4641016151377544,2393,1838,0.8688253367998109
dtlz2_interval,ls,cw,check,overlap_jaccard,0.25,5000,13,0.1,0.34641016151377546,3.4641016151377544,2393,1838,0.7680735478478896
dtlz2_interval,ls,cw,check,coverage_a_in_b,0.25,5000,13,0.2,0.6928203230275509,3.4641016151377544,2393,1838,0.9628081905557877
dtlz2_interval,ls,cw,check,coverage_b_in_a,0.25,5000,13,0.2,0.6928203230275509,3.4641016151377544,2393,1838,1.0
dtlz2_interval,ls,cw,check,overlap,0.25,5000,13,0.2,0.6928203230275509,3.4641016151377544,2393,1838,0.9789647837390688
dtlz2_interval,ls,cw,check,overlap_jaccard,0.25,5000,13,0.2,0.6928203230275509,3.4641016151377544,2393,1838,0.9587962962962963
dtlz2_interval,lu,ls,check,coverage_a_in_b,0.25,5000,14,0.0,0.0,3.4641016151377544,557,2378,1.0
dtlz2_interval,lu,ls,check,coverage_b_in_a,0.25,5000,14,0.0,0.0,3.4641016151377544,557,2378,0.23423044575273338
dtlz2_interval,lu,ls,check,overlap,0.25,5000,14,0.0,0.0,3.4641016151377544,557,2378,0.37955706984667803
dtlz2_interval,lu,ls,check,overlap_jaccard,0.25,5000,14,0.0,0.0,3.4641016151377544,557,2378,0.23423044575273338
dtlz2_interval,lu,ls,check,coverage_a_in_b,0.25,5000,14,0.01,0.034641016151377546,3.4641016151377544,557,2378,1.0
dtlz2_interval,lu,ls,check,coverage_b_in_a,0.25,5000,14,0.01,0.034641016151377546,3.4641016151377544,557,2378,0.23423044575273338
dtlz2_interval,lu,ls,check,overlap,0.25,5000,14,0.01,0.034641016151377546,3.4641016151377544,557,2378,0.37955706984667803
dtlz2_interval,lu,ls,check,overlap_jaccard,0.25,5000,14,0.01,0.034641016151377546,3.4641016151377544,557,2378,0.23423044575273338
dtlz2_interval,lu,ls,check,coverage_a_in_b,0.25,5000,14,0.02,0.06928203230275509,3.4641016151377544,557,2378,1.0
dtlz2_interval,lu,ls,check,coverage_b_in_a,0.25,5000,14,0.02,0.06928203230275509,3.4641016151377544,557,2378,0.23423044575273338
dtlz2_interval,lu,ls,check,overlap,0.25,5000,14,0.02,0.06928203230275509,3.4641016151377544,557,2378,0.37955706984667803
dtlz2_interval,lu,ls,check,overlap_jaccard,0.25,5000,14,0.02,0.06928203230275509,3.4641016151377544,557,2378,0.23423044575273338
dtlz2_interval,lu,ls,check,coverage_a_in_b,0.25,5000,14,0.05,0.17320508075688773,3.4641016151377544,557,2378,1.0
dtlz2_interval,lu,ls,check,coverage_b_in_a,0.25,5000,14,0.05,0.17320508075688773,3.4641016151377544,557,2378,0.23423044575273338
dtlz2_interval,lu,ls,check,overlap,0.25,5000,14,0.05,0.17320508075688773,3.4641016151377544,557,2378,0.37955706984667803
dtlz2_interval,lu,ls,check,overlap_jaccard,0.25,5000,14,0.05,0.17320508075688773,3.4641016151377544,557,2378,0.23423044575273338
dtlz2_interval,lu,ls,check,coverage_a_in_b,0.25,5000,14,0.1,0.34641016151377546,3.4641016151377544,557,2378,1.0
dtlz2_interval,lu,ls,check,coverage_b_in_a,0.25,5000,14,0.1,0.34641016151377546,3.4641016151377544,557,2378,0.23507148864592095
dtlz2_interval,lu,ls,check,overlap,0.25,5000,14,0.1,0.34641016151377546,3.4641016151377544,557,2378,0.38023850085178873
dtlz2_interval,lu,ls,check,overlap_jaccard,0.25,5000,14,0.1,0.34641016151377546,3.4641016151377544,557,2378,0.23474968447623054
dtlz2_interval,lu,ls,check,coverage_a_in_b,0.25,5000,14,0.2,0.6928203230275509,3.4641016151377544,557,2378,1.0
dtlz2_interval,lu,ls,check,coverage_b_in_a,0.25,5000,14,0.2,0.6928203230275509,3.4641016151377544,557,2378,0.7497897392767031
dtlz2_interval,lu,ls,check,overlap,0.25,5000,14,0.2,0.6928203230275509,3.4641016151377544,557,2378,0.797274275979557
dtlz2_interval,lu,ls,check,overlap_jaccard,0.25,5000,14,0.2,0.6928203230275509,3.4641016151377544,557,2378,0.6628895184135977
dtlz2_interval,lu,cw,finding,coverage_a_in_b,0.25,5000,14,0.0,0.0,3.4641016151377544,557,1743,0.7576301615798923
dtlz2_interval,lu,cw,finding,coverage_b_in_a,0.25,5000,14,0.0,0.0,3.4641016151377544,557,1743,0.24211130235226622
dtlz2_interval,lu,cw,finding,overlap,0.25,5000,14,0.0,0.0,3.4641016151377544,557,1743,0.36695652173913046
dtlz2_interval,lu,cw,finding,overlap_jaccard,0.25,5000,14,0.0,0.0,3.4641016151377544,557,1743,0.22470713525026625
dtlz2_interval,lu,cw,finding,coverage_a_in_b,0.25,5000,14,0.01,0.034641016151377546,3.4641016151377544,557,1743,0.7576301615798923
dtlz2_interval,lu,cw,finding,coverage_b_in_a,0.25,5000,14,0.01,0.034641016151377546,3.4641016151377544,557,1743,0.24211130235226622
dtlz2_interval,lu,cw,finding,overlap,0.25,5000,14,0.01,0.034641016151377546,3.4641016151377544,557,1743,0.36695652173913046
dtlz2_interval,lu,cw,finding,overlap_jaccard,0.25,5000,14,0.01,0.034641016151377546,3.4641016151377544,557,1743,0.22470713525026625
dtlz2_interval,lu,cw,finding,coverage_a_in_b,0.25,5000,14,0.02,0.06928203230275509,3.4641016151377544,557,1743,0.7576301615798923
dtlz2_interval,lu,cw,finding,coverage_b_in_a,0.25,5000,14,0.02,0.06928203230275509,3.4641016151377544,557,1743,0.24211130235226622
dtlz2_interval,lu,cw,finding,overlap,0.25,5000,14,0.02,0.06928203230275509,3.4641016151377544,557,1743,0.36695652173913046
dtlz2_interval,lu,cw,finding,overlap_jaccard,0.25,5000,14,0.02,0.06928203230275509,3.4641016151377544,557,1743,0.22470713525026625
dtlz2_interval,lu,cw,finding,coverage_a_in_b,0.25,5000,14,0.05,0.17320508075688773,3.4641016151377544,557,1743,0.7576301615798923
dtlz2_interval,lu,cw,finding,coverage_b_in_a,0.25,5000,14,0.05,0.17320508075688773,3.4641016151377544,557,1743,0.24211130235226622
dtlz2_interval,lu,cw,finding,overlap,0.25,5000,14,0.05,0.17320508075688773,3.4641016151377544,557,1743,0.36695652173913046
dtlz2_interval,lu,cw,finding,overlap_jaccard,0.25,5000,14,0.05,0.17320508075688773,3.4641016151377544,557,1743,0.22470713525026625
dtlz2_interval,lu,cw,finding,coverage_a_in_b,0.25,5000,14,0.1,0.34641016151377546,3.4641016151377544,557,1743,0.7576301615798923
dtlz2_interval,lu,cw,finding,coverage_b_in_a,0.25,5000,14,0.1,0.34641016151377546,3.4641016151377544,557,1743,0.24325874928284566
dtlz2_interval,lu,cw,finding,overlap,0.25,5000,14,0.1,0.34641016151377546,3.4641016151377544,557,1743,0.36782608695652175
dtlz2_interval,lu,cw,finding,overlap_jaccard,0.25,5000,14,0.1,0.34641016151377546,3.4641016151377544,557,1743,0.22535961640916358
dtlz2_interval,lu,cw,finding,coverage_a_in_b,0.25,5000,14,0.2,0.6928203230275509,3.4641016151377544,557,1743,0.933572710951526
dtlz2_interval,lu,cw,finding,coverage_b_in_a,0.25,5000,14,0.2,0.6928203230275509,3.4641016151377544,557,1743,0.7567412507171544
dtlz2_interval,lu,cw,finding,overlap,0.25,5000,14,0.2,0.6928203230275509,3.4641016151377544,557,1743,0.7995652173913044
dtlz2_interval,lu,cw,finding,overlap_jaccard,0.25,5000,14,0.2,0.6928203230275509,3.4641016151377544,557,1743,0.666063020644694
dtlz2_interval,ls,cw,check,coverage_a_in_b,0.25,5000,14,0.0,0.0,3.4641016151377544,2378,1743,0.732968881412952
dtlz2_interval,ls,cw,check,coverage_b_in_a,0.25,5000,14,0.0,0.0,3.4641016151377544,2378,1743,1.0
dtlz2_interval,ls,cw,check,overlap,0.25,5000,14,0.0,0.0,3.4641016151377544,2378,1743,0.8459111866051929
dtlz2_interval,ls,cw,check,overlap_jaccard,0.25,5000,14,0.0,0.0,3.4641016151377544,2378,1743,0.7329688814129521
dtlz2_interval,ls,cw,check,coverage_a_in_b,0.25,5000,14,0.01,0.034641016151377546,3.4641016151377544,2378,1743,0.732968881412952
dtlz2_interval,ls,cw,check,coverage_b_in_a,0.25,5000,14,0.01,0.034641016151377546,3.4641016151377544,2378,1743,1.0
dtlz2_interval,ls,cw,check,overlap,0.25,5000,14,0.01,0.034641016151377546,3.4641016151377544,2378,1743,0.8459111866051929
dtlz2_interval,ls,cw,check,overlap_jaccard,0.25,5000,14,0.01,0.034641016151377546,3.4641016151377544,2378,1743,0.7329688814129521
dtlz2_interval,ls,cw,check,coverage_a_in_b,0.25,5000,14,0.02,0.06928203230275509,3.4641016151377544,2378,1743,0.732968881412952
dtlz2_interval,ls,cw,check,coverage_b_in_a,0.25,5000,14,0.02,0.06928203230275509,3.4641016151377544,2378,1743,1.0
dtlz2_interval,ls,cw,check,overlap,0.25,5000,14,0.02,0.06928203230275509,3.4641016151377544,2378,1743,0.8459111866051929
dtlz2_interval,ls,cw,check,overlap_jaccard,0.25,5000,14,0.02,0.06928203230275509,3.4641016151377544,2378,1743,0.7329688814129521
dtlz2_interval,ls,cw,check,coverage_a_in_b,0.25,5000,14,0.05,0.17320508075688773,3.4641016151377544,2378,1743,0.732968881412952
dtlz2_interval,ls,cw,check,coverage_b_in_a,0.25,5000,14,0.05,0.17320508075688773,3.4641016151377544,2378,1743,1.0
dtlz2_interval,ls,cw,check,overlap,0.25,5000,14,0.05,0.17320508075688773,3.4641016151377544,2378,1743,0.8459111866051929
dtlz2_interval,ls,cw,check,overlap_jaccard,0.25,5000,14,0.05,0.17320508075688773,3.4641016151377544,2378,1743,0.7329688814129521
dtlz2_interval,ls,cw,check,coverage_a_in_b,0.25,5000,14,0.1,0.34641016151377546,3.4641016151377544,2378,1743,0.732968881412952
dtlz2_interval,ls,cw,check,coverage_b_in_a,0.25,5000,14,0.1,0.34641016151377546,3.4641016151377544,2378,1743,1.0
dtlz2_interval,ls,cw,check,overlap,0.25,5000,14,0.1,0.34641016151377546,3.4641016151377544,2378,1743,0.8459111866051929
dtlz2_interval,ls,cw,check,overlap_jaccard,0.25,5000,14,0.1,0.34641016151377546,3.4641016151377544,2378,1743,0.7329688814129521
dtlz2_interval,ls,cw,check,coverage_a_in_b,0.25,5000,14,0.2,0.6928203230275509,3.4641016151377544,2378,1743,0.9537426408746846
dtlz2_interval,ls,cw,check,coverage_b_in_a,0.25,5000,14,0.2,0.6928203230275509,3.4641016151377544,2378,1743,1.0
dtlz2_interval,ls,cw,check,overlap,0.25,5000,14,0.2,0.6928203230275509,3.4641016151377544,2378,1743,0.9733074496481436
dtlz2_interval,ls,cw,check,overlap_jaccard,0.25,5000,14,0.2,0.6928203230275509,3.4641016151377544,2378,1743,0.9480028362089341
dtlz2_interval,lu,ls,check,coverage_a_in_b,0.25,5000,15,0.0,0.0,3.4641016151377544,551,2380,1.0
dtlz2_interval,lu,ls,check,coverage_b_in_a,0.25,5000,15,0.0,0.0,3.4641016151377544,551,2380,0.23151260504201682
dtlz2_interval,lu,ls,check,overlap,0.25,5000,15,0.0,0.0,3.4641016151377544,551,2380,0.3759808938928693
dtlz2_interval,lu,ls,check,overlap_jaccard,0.25,5000,15,0.0,0.0,3.4641016151377544,551,2380,0.2315126050420168
dtlz2_interval,lu,ls,check,coverage_a_in_b,0.25,5000,15,0.01,0.034641016151377546,3.4641016151377544,551,2380,1.0
dtlz2_interval,lu,ls,check,coverage_b_in_a,0.25,5000,15,0.01,0.034641016151377546,3.4641016151377544,551,2380,0.23151260504201682
dtlz2_interval,lu,ls,check,overlap,0.25,5000,15,0.01,0.034641016151377546,3.4641016151377544,551,2380,0.3759808938928693
dtlz2_interval,lu,ls,check,overlap_jaccard,0.25,5000,15,0.01,0.034641016151377546,3.4641016151377544,551,2380,0.2315126050420168
dtlz2_interval,lu,ls,check,coverage_a_in_b,0.25,5000,15,0.02,0.06928203230275509,3.4641016151377544,551,2380,1.0
dtlz2_interval,lu,ls,check,coverage_b_in_a,0.25,5000,15,0.02,0.06928203230275509,3.4641016151377544,551,2380,0.23151260504201682
dtlz2_interval,lu,ls,check,overlap,0.25,5000,15,0.02,0.06928203230275509,3.4641016151377544,551,2380,0.3759808938928693
dtlz2_interval,lu,ls,check,overlap_jaccard,0.25,5000,15,0.02,0.06928203230275509,3.4641016151377544,551,2380,0.2315126050420168
dtlz2_interval,lu,ls,check,coverage_a_in_b,0.25,5000,15,0.05,0.17320508075688773,3.4641016151377544,551,2380,1.0
dtlz2_interval,lu,ls,check,coverage_b_in_a,0.25,5000,15,0.05,0.17320508075688773,3.4641016151377544,551,2380,0.23151260504201682
dtlz2_interval,lu,ls,check,overlap,0.25,5000,15,0.05,0.17320508075688773,3.4641016151377544,551,2380,0.3759808938928693
dtlz2_interval,lu,ls,check,overlap_jaccard,0.25,5000,15,0.05,0.17320508075688773,3.4641016151377544,551,2380,0.2315126050420168
dtlz2_interval,lu,ls,check,coverage_a_in_b,0.25,5000,15,0.1,0.34641016151377546,3.4641016151377544,551,2380,1.0
dtlz2_interval,lu,ls,check,coverage_b_in_a,0.25,5000,15,0.1,0.34641016151377546,3.4641016151377544,551,2380,0.2323529411764706
dtlz2_interval,lu,ls,check,overlap,0.25,5000,15,0.1,0.34641016151377546,3.4641016151377544,551,2380,0.3766632548618219
dtlz2_interval,lu,ls,check,overlap_jaccard,0.25,5000,15,0.1,0.34641016151377546,3.4641016151377544,551,2380,0.23203026481715006
dtlz2_interval,lu,ls,check,coverage_a_in_b,0.25,5000,15,0.2,0.6928203230275509,3.4641016151377544,551,2380,1.0
dtlz2_interval,lu,ls,check,coverage_b_in_a,0.25,5000,15,0.2,0.6928203230275509,3.4641016151377544,551,2380,0.7285714285714285
dtlz2_interval,lu,ls,check,overlap,0.25,5000,15,0.2,0.6928203230275509,3.4641016151377544,551,2380,0.779597407028318
dtlz2_interval,lu,ls,check,overlap_jaccard,0.25,5000,15,0.2,0.6928203230275509,3.4641016151377544,551,2380,0.6388034665921164
dtlz2_interval,lu,cw,finding,coverage_a_in_b,0.25,5000,15,0.0,0.0,3.4641016151377544,551,1813,0.7840290381125227
dtlz2_interval,lu,cw,finding,coverage_b_in_a,0.25,5000,15,0.0,0.0,3.4641016151377544,551,1813,0.23827909542195255
dtlz2_interval,lu,cw,finding,overlap,0.25,5000,15,0.0,0.0,3.4641016151377544,551,1813,0.36548223350253806
dtlz2_interval,lu,cw,finding,overlap_jaccard,0.25,5000,15,0.0,0.0,3.4641016151377544,551,1813,0.22360248447204967
dtlz2_interval,lu,cw,finding,coverage_a_in_b,0.25,5000,15,0.01,0.034641016151377546,3.4641016151377544,551,1813,0.7840290381125227
dtlz2_interval,lu,cw,finding,coverage_b_in_a,0.25,5000,15,0.01,0.034641016151377546,3.4641016151377544,551,1813,0.23827909542195255
dtlz2_interval,lu,cw,finding,overlap,0.25,5000,15,0.01,0.034641016151377546,3.4641016151377544,551,1813,0.36548223350253806
dtlz2_interval,lu,cw,finding,overlap_jaccard,0.25,5000,15,0.01,0.034641016151377546,3.4641016151377544,551,1813,0.22360248447204967
dtlz2_interval,lu,cw,finding,coverage_a_in_b,0.25,5000,15,0.02,0.06928203230275509,3.4641016151377544,551,1813,0.7840290381125227
dtlz2_interval,lu,cw,finding,coverage_b_in_a,0.25,5000,15,0.02,0.06928203230275509,3.4641016151377544,551,1813,0.23827909542195255
dtlz2_interval,lu,cw,finding,overlap,0.25,5000,15,0.02,0.06928203230275509,3.4641016151377544,551,1813,0.36548223350253806
dtlz2_interval,lu,cw,finding,overlap_jaccard,0.25,5000,15,0.02,0.06928203230275509,3.4641016151377544,551,1813,0.22360248447204967
dtlz2_interval,lu,cw,finding,coverage_a_in_b,0.25,5000,15,0.05,0.17320508075688773,3.4641016151377544,551,1813,0.7840290381125227
dtlz2_interval,lu,cw,finding,coverage_b_in_a,0.25,5000,15,0.05,0.17320508075688773,3.4641016151377544,551,1813,0.23827909542195255
dtlz2_interval,lu,cw,finding,overlap,0.25,5000,15,0.05,0.17320508075688773,3.4641016151377544,551,1813,0.36548223350253806
dtlz2_interval,lu,cw,finding,overlap_jaccard,0.25,5000,15,0.05,0.17320508075688773,3.4641016151377544,551,1813,0.22360248447204967
dtlz2_interval,lu,cw,finding,coverage_a_in_b,0.25,5000,15,0.1,0.34641016151377546,3.4641016151377544,551,1813,0.7840290381125227
dtlz2_interval,lu,cw,finding,coverage_b_in_a,0.25,5000,15,0.1,0.34641016151377546,3.4641016151377544,551,1813,0.23883066740209596
dtlz2_interval,lu,cw,finding,overlap,0.25,5000,15,0.1,0.34641016151377546,3.4641016151377544,551,1813,0.3659052453468697
dtlz2_interval,lu,cw,finding,overlap_jaccard,0.25,5000,15,0.1,0.34641016151377546,3.4641016151377544,551,1813,0.22391923375614806
dtlz2_interval,lu,cw,finding,coverage_a_in_b,0.25,5000,15,0.2,0.6928203230275509,3.4641016151377544,551,1813,0.9528130671506352
dtlz2_interval,lu,cw,finding,coverage_b_in_a,0.25,5000,15,0.2,0.6928203230275509,3.4641016151377544,551,1813,0.7335907335907336
dtlz2_interval,lu,cw,finding,overlap,0.25,5000,15,0.2,0.6928203230275509,3.4641016151377544,551,1813,0.7846869712351946
dtlz2_interval,lu,cw,finding,overlap_jaccard,0.25,5000,15,0.2,0.6928203230275509,3.4641016151377544,551,1813,0.6456665506439263
dtlz2_interval,ls,cw,check,coverage_a_in_b,0.25,5000,15,0.0,0.0,3.4641016151377544,2380,1813,0.7617647058823529
dtlz2_interval,ls,cw,check,coverage_b_in_a,0.25,5000,15,0.0,0.0,3.4641016151377544,2380,1813,1.0
dtlz2_interval,ls,cw,check,overlap,0.25,5000,15,0.0,0.0,3.4641016151377544,2380,1813,0.8647746243739566
dtlz2_interval,ls,cw,check,overlap_jaccard,0.25,5000,15,0.0,0.0,3.4641016151377544,2380,1813,0.761764705882353
dtlz2_interval,ls,cw,check,coverage_a_in_b,0.25,5000,15,0.01,0.034641016151377546,3.4641016151377544,2380,1813,0.7617647058823529
dtlz2_interval,ls,cw,check,coverage_b_in_a,0.25,5000,15,0.01,0.034641016151377546,3.4641016151377544,2380,1813,1.0
dtlz2_interval,ls,cw,check,overlap,0.25,5000,15,0.01,0.034641016151377546,3.4641016151377544,2380,1813,0.8647746243739566
dtlz2_interval,ls,cw,check,overlap_jaccard,0.25,5000,15,0.01,0.034641016151377546,3.4641016151377544,2380,1813,0.761764705882353
dtlz2_interval,ls,cw,check,coverage_a_in_b,0.25,5000,15,0.02,0.06928203230275509,3.4641016151377544,2380,1813,0.7617647058823529
dtlz2_interval,ls,cw,check,coverage_b_in_a,0.25,5000,15,0.02,0.06928203230275509,3.4641016151377544,2380,1813,1.0
dtlz2_interval,ls,cw,check,overlap,0.25,5000,15,0.02,0.06928203230275509,3.4641016151377544,2380,1813,0.8647746243739566
dtlz2_interval,ls,cw,check,overlap_jaccard,0.25,5000,15,0.02,0.06928203230275509,3.4641016151377544,2380,1813,0.761764705882353
dtlz2_interval,ls,cw,check,coverage_a_in_b,0.25,5000,15,0.05,0.17320508075688773,3.4641016151377544,2380,1813,0.7617647058823529
dtlz2_interval,ls,cw,check,coverage_b_in_a,0.25,5000,15,0.05,0.17320508075688773,3.4641016151377544,2380,1813,1.0
dtlz2_interval,ls,cw,check,overlap,0.25,5000,15,0.05,0.17320508075688773,3.4641016151377544,2380,1813,0.8647746243739566
dtlz2_interval,ls,cw,check,overlap_jaccard,0.25,5000,15,0.05,0.17320508075688773,3.4641016151377544,2380,1813,0.761764705882353
dtlz2_interval,ls,cw,check,coverage_a_in_b,0.25,5000,15,0.1,0.34641016151377546,3.4641016151377544,2380,1813,0.7617647058823529
dtlz2_interval,ls,cw,check,coverage_b_in_a,0.25,5000,15,0.1,0.34641016151377546,3.4641016151377544,2380,1813,1.0
dtlz2_interval,ls,cw,check,overlap,0.25,5000,15,0.1,0.34641016151377546,3.4641016151377544,2380,1813,0.8647746243739566
dtlz2_interval,ls,cw,check,overlap_jaccard,0.25,5000,15,0.1,0.34641016151377546,3.4641016151377544,2380,1813,0.761764705882353
dtlz2_interval,ls,cw,check,coverage_a_in_b,0.25,5000,15,0.2,0.6928203230275509,3.4641016151377544,2380,1813,0.965546218487395
dtlz2_interval,ls,cw,check,coverage_b_in_a,0.25,5000,15,0.2,0.6928203230275509,3.4641016151377544,2380,1813,1.0
dtlz2_interval,ls,cw,check,overlap,0.25,5000,15,0.2,0.6928203230275509,3.4641016151377544,2380,1813,0.9804435964703077
dtlz2_interval,ls,cw,check,overlap_jaccard,0.25,5000,15,0.2,0.6928203230275509,3.4641016151377544,2380,1813,0.9616374269005847
dtlz2_interval,lu,ls,check,coverage_a_in_b,0.5,5000,11,0.0,0.0,3.4641016151377544,1114,2834,1.0
dtlz2_interval,lu,ls,check,coverage_b_in_a,0.5,5000,11,0.0,0.0,3.4641016151377544,1114,2834,0.39308398023994356
dtlz2_interval,lu,ls,check,overlap,0.5,5000,11,0.0,0.0,3.4641016151377544,1114,2834,0.5643363728470111
dtlz2_interval,lu,ls,check,overlap_jaccard,0.5,5000,11,0.0,0.0,3.4641016151377544,1114,2834,0.39308398023994345
dtlz2_interval,lu,ls,check,coverage_a_in_b,0.5,5000,11,0.01,0.034641016151377546,3.4641016151377544,1114,2834,1.0
dtlz2_interval,lu,ls,check,coverage_b_in_a,0.5,5000,11,0.01,0.034641016151377546,3.4641016151377544,1114,2834,0.39308398023994356
dtlz2_interval,lu,ls,check,overlap,0.5,5000,11,0.01,0.034641016151377546,3.4641016151377544,1114,2834,0.5643363728470111
dtlz2_interval,lu,ls,check,overlap_jaccard,0.5,5000,11,0.01,0.034641016151377546,3.4641016151377544,1114,2834,0.39308398023994345
dtlz2_interval,lu,ls,check,coverage_a_in_b,0.5,5000,11,0.02,0.06928203230275509,3.4641016151377544,1114,2834,1.0
dtlz2_interval,lu,ls,check,coverage_b_in_a,0.5,5000,11,0.02,0.06928203230275509,3.4641016151377544,1114,2834,0.39308398023994356
dtlz2_interval,lu,ls,check,overlap,0.5,5000,11,0.02,0.06928203230275509,3.4641016151377544,1114,2834,0.5643363728470111
dtlz2_interval,lu,ls,check,overlap_jaccard,0.5,5000,11,0.02,0.06928203230275509,3.4641016151377544,1114,2834,0.39308398023994345
dtlz2_interval,lu,ls,check,coverage_a_in_b,0.5,5000,11,0.05,0.17320508075688773,3.4641016151377544,1114,2834,1.0
dtlz2_interval,lu,ls,check,coverage_b_in_a,0.5,5000,11,0.05,0.17320508075688773,3.4641016151377544,1114,2834,0.39308398023994356
dtlz2_interval,lu,ls,check,overlap,0.5,5000,11,0.05,0.17320508075688773,3.4641016151377544,1114,2834,0.5643363728470111
dtlz2_interval,lu,ls,check,overlap_jaccard,0.5,5000,11,0.05,0.17320508075688773,3.4641016151377544,1114,2834,0.39308398023994345
dtlz2_interval,lu,ls,check,coverage_a_in_b,0.5,5000,11,0.1,0.34641016151377546,3.4641016151377544,1114,2834,1.0
dtlz2_interval,lu,ls,check,coverage_b_in_a,0.5,5000,11,0.1,0.34641016151377546,3.4641016151377544,1114,2834,0.3944954128440367
dtlz2_interval,lu,ls,check,overlap,0.5,5000,11,0.1,0.34641016151377546,3.4641016151377544,1114,2834,0.5653495440729484
dtlz2_interval,lu,ls,check,overlap_jaccard,0.5,5000,11,0.1,0.34641016151377546,3.4641016151377544,1114,2834,0.3940677966101695
dtlz2_interval,lu,ls,check,coverage_a_in_b,0.5,5000,11,0.2,0.6928203230275509,3.4641016151377544,1114,2834,1.0
dtlz2_interval,lu,ls,check,coverage_b_in_a,0.5,5000,11,0.2,0.6928203230275509,3.4641016151377544,1114,2834,0.8824982357092449
dtlz2_interval,lu,ls,check,overlap,0.5,5000,11,0.2,0.6928203230275509,3.4641016151377544,1114,2834,0.9156534954407295
dtlz2_interval,lu,ls,check,overlap_jaccard,0.5,5000,11,0.2,0.6928203230275509,3.4641016151377544,1114,2834,0.8444288717589349
dtlz2_interval,lu,cw,finding,coverage_a_in_b,0.5,5000,11,0.0,0.0,3.4641016151377544,1114,1702,0.6526032315978456
dtlz2_interval,lu,cw,finding,coverage_b_in_a,0.5,5000,11,0.0,0.0,3.4641016151377544,1114,1702,0.427144535840188
dtlz2_interval,lu,cw,finding,overlap,0.5,5000,11,0.0,0.0,3.4641016151377544,1114,1702,0.5163352272727273
dtlz2_interval,lu,cw,finding,overlap_jaccard,0.5,5000,11,0.0,0.0,3.4641016151377544,1114,1702,0.34801340354236476
dtlz2_interval,lu,cw,finding,coverage_a_in_b,0.5,5000,11,0.01,0.034641016151377546,3.4641016151377544,1114,1702,0.6526032315978456
dtlz2_interval,lu,cw,finding,coverage_b_in_a,0.5,5000,11,0.01,0.034641016151377546,3.4641016151377544,1114,1702,0.427144535840188
dtlz2_interval,lu,cw,finding,overlap,0.5,5000,11,0.01,0.034641016151377546,3.4641016151377544,1114,1702,0.5163352272727273
dtlz2_interval,lu,cw,finding,overlap_jaccard,0.5,5000,11,0.01,0.034641016151377546,3.4641016151377544,1114,1702,0.34801340354236476
dtlz2_interval,lu,cw,finding,coverage_a_in_b,0.5,5000,11,0.02,0.06928203230275509,3.4641016151377544,1114,1702,0.6526032315978456
dtlz2_interval,lu,cw,finding,coverage_b_in_a,0.5,5000,11,0.02,0.06928203230275509,3.4641016151377544,1114,1702,0.427144535840188
dtlz2_interval,lu,cw,finding,overlap,0.5,5000,11,0.02,0.06928203230275509,3.4641016151377544,1114,1702,0.5163352272727273
dtlz2_interval,lu,cw,finding,overlap_jaccard,0.5,5000,11,0.02,0.06928203230275509,3.4641016151377544,1114,1702,0.34801340354236476
dtlz2_interval,lu,cw,finding,coverage_a_in_b,0.5,5000,11,0.05,0.17320508075688773,3.4641016151377544,1114,1702,0.6526032315978456
dtlz2_interval,lu,cw,finding,coverage_b_in_a,0.5,5000,11,0.05,0.17320508075688773,3.4641016151377544,1114,1702,0.427144535840188
dtlz2_interval,lu,cw,finding,overlap,0.5,5000,11,0.05,0.17320508075688773,3.4641016151377544,1114,1702,0.5163352272727273
dtlz2_interval,lu,cw,finding,overlap_jaccard,0.5,5000,11,0.05,0.17320508075688773,3.4641016151377544,1114,1702,0.34801340354236476
dtlz2_interval,lu,cw,finding,coverage_a_in_b,0.5,5000,11,0.1,0.34641016151377546,3.4641016151377544,1114,1702,0.6526032315978456
dtlz2_interval,lu,cw,finding,coverage_b_in_a,0.5,5000,11,0.1,0.34641016151377546,3.4641016151377544,1114,1702,0.4289071680376028
dtlz2_interval,lu,cw,finding,overlap,0.5,5000,11,0.1,0.34641016151377546,3.4641016151377544,1114,1702,0.5174005681818182
dtlz2_interval,lu,cw,finding,overlap_jaccard,0.5,5000,11,0.1,0.34641016151377546,3.4641016151377544,1114,1702,0.3489820359281438
dtlz2_interval,lu,cw,finding,coverage_a_in_b,0.5,5000,11,0.2,0.6928203230275509,3.4641016151377544,1114,1702,0.9030520646319569
dtlz2_interval,lu,cw,finding,coverage_b_in_a,0.5,5000,11,0.2,0.6928203230275509,3.4641016151377544,1114,1702,0.8836662749706228
dtlz2_interval,lu,cw,finding,overlap,0.5,5000,11,0.2,0.6928203230275509,3.4641016151377544,1114,1702,0.8913352272727273
dtlz2_interval,lu,cw,finding,overlap_jaccard,0.5,5000,11,0.2,0.6928203230275509,3.4641016151377544,1114,1702,0.8039718129404229
dtlz2_interval,ls,cw,check,coverage_a_in_b,0.5,5000,11,0.0,0.0,3.4641016151377544,2834,1702,0.6005645730416372
dtlz2_interval,ls,cw,check,coverage_b_in_a,0.5,5000,11,0.0,0.0,3.4641016151377544,2834,1702,1.0
dtlz2_interval,ls,cw,check,overlap,0.5,5000,11,0.0,0.0,3.4641016151377544,2834,1702,0.7504409171075838
dtlz2_interval,ls,cw,check,overlap_jaccard,0.5,5000,11,0.0,0.0,3.4641016151377544,2834,1702,0.6005645730416374
dtlz2_interval,ls,cw,check,coverage_a_in_b,0.5,5000,11,0.01,0.034641016151377546,3.4641016151377544,2834,1702,0.6005645730416372
dtlz2_interval,ls,cw,check,coverage_b_in_a,0.5,5000,11,0.01,0.034641016151377546,3.4641016151377544,2834,1702,1.0
dtlz2_interval,ls,cw,check,overlap,0.5,5000,11,0.01,0.034641016151377546,3.4641016151377544,2834,1702,0.7504409171075838
dtlz2_interval,ls,cw,check,overlap_jaccard,0.5,5000,11,0.01,0.034641016151377546,3.4641016151377544,2834,1702,0.6005645730416374
dtlz2_interval,ls,cw,check,coverage_a_in_b,0.5,5000,11,0.02,0.06928203230275509,3.4641016151377544,2834,1702,0.6005645730416372
dtlz2_interval,ls,cw,check,coverage_b_in_a,0.5,5000,11,0.02,0.06928203230275509,3.4641016151377544,2834,1702,1.0
dtlz2_interval,ls,cw,check,overlap,0.5,5000,11,0.02,0.06928203230275509,3.4641016151377544,2834,1702,0.7504409171075838
dtlz2_interval,ls,cw,check,overlap_jaccard,0.5,5000,11,0.02,0.06928203230275509,3.4641016151377544,2834,1702,0.6005645730416374
dtlz2_interval,ls,cw,check,coverage_a_in_b,0.5,5000,11,0.05,0.17320508075688773,3.4641016151377544,2834,1702,0.6005645730416372
dtlz2_interval,ls,cw,check,coverage_b_in_a,0.5,5000,11,0.05,0.17320508075688773,3.4641016151377544,2834,1702,1.0
dtlz2_interval,ls,cw,check,overlap,0.5,5000,11,0.05,0.17320508075688773,3.4641016151377544,2834,1702,0.7504409171075838
dtlz2_interval,ls,cw,check,overlap_jaccard,0.5,5000,11,0.05,0.17320508075688773,3.4641016151377544,2834,1702,0.6005645730416374
dtlz2_interval,ls,cw,check,coverage_a_in_b,0.5,5000,11,0.1,0.34641016151377546,3.4641016151377544,2834,1702,0.6009174311926605
dtlz2_interval,ls,cw,check,coverage_b_in_a,0.5,5000,11,0.1,0.34641016151377546,3.4641016151377544,2834,1702,1.0
dtlz2_interval,ls,cw,check,overlap,0.5,5000,11,0.1,0.34641016151377546,3.4641016151377544,2834,1702,0.7506613756613757
dtlz2_interval,ls,cw,check,overlap_jaccard,0.5,5000,11,0.1,0.34641016151377546,3.4641016151377544,2834,1702,0.6008470089994707
dtlz2_interval,ls,cw,check,coverage_a_in_b,0.5,5000,11,0.2,0.6928203230275509,3.4641016151377544,2834,1702,0.9248412138320395
dtlz2_interval,ls,cw,check,coverage_b_in_a,0.5,5000,11,0.2,0.6928203230275509,3.4641016151377544,2834,1702,1.0
dtlz2_interval,ls,cw,check,overlap,0.5,5000,11,0.2,0.6928203230275509,3.4641016151377544,2834,1702,0.953042328042328
dtlz2_interval,ls,cw,check,overlap_jaccard,0.5,5000,11,0.2,0.6928203230275509,3.4641016151377544,2834,1702,0.910296904611497
dtlz2_interval,lu,ls,check,coverage_a_in_b,0.5,5000,12,0.0,0.0,3.4641016151377544,1026,2927,1.0
dtlz2_interval,lu,ls,check,coverage_b_in_a,0.5,5000,12,0.0,0.0,3.4641016151377544,1026,2927,0.3505295524427742
dtlz2_interval,lu,ls,check,overlap,0.5,5000,12,0.0,0.0,3.4641016151377544,1026,2927,0.5190994181634202
dtlz2_interval,lu,ls,check,overlap_jaccard,0.5,5000,12,0.0,0.0,3.4641016151377544,1026,2927,0.3505295524427742
dtlz2_interval,lu,ls,check,coverage_a_in_b,0.5,5000,12,0.01,0.034641016151377546,3.4641016151377544,1026,2927,1.0
dtlz2_interval,lu,ls,check,coverage_b_in_a,0.5,5000,12,0.01,0.034641016151377546,3.4641016151377544,1026,2927,0.3505295524427742
dtlz2_interval,lu,ls,check,overlap,0.5,5000,12,0.01,0.034641016151377546,3.4641016151377544,1026,2927,0.5190994181634202
dtlz2_interval,lu,ls,check,overlap_jaccard,0.5,5000,12,0.01,0.034641016151377546,3.4641016151377544,1026,2927,0.3505295524427742
dtlz2_interval,lu,ls,check,coverage_a_in_b,0.5,5000,12,0.02,0.06928203230275509,3.4641016151377544,1026,2927,1.0
dtlz2_interval,lu,ls,check,coverage_b_in_a,0.5,5000,12,0.02,0.06928203230275509,3.4641016151377544,1026,2927,0.3505295524427742
dtlz2_interval,lu,ls,check,overlap,0.5,5000,12,0.02,0.06928203230275509,3.4641016151377544,1026,2927,0.5190994181634202
dtlz2_interval,lu,ls,check,overlap_jaccard,0.5,5000,12,0.02,0.06928203230275509,3.4641016151377544,1026,2927,0.3505295524427742
dtlz2_interval,lu,ls,check,coverage_a_in_b,0.5,5000,12,0.05,0.17320508075688773,3.4641016151377544,1026,2927,1.0
dtlz2_interval,lu,ls,check,coverage_b_in_a,0.5,5000,12,0.05,0.17320508075688773,3.4641016151377544,1026,2927,0.3505295524427742
dtlz2_interval,lu,ls,check,overlap,0.5,5000,12,0.05,0.17320508075688773,3.4641016151377544,1026,2927,0.5190994181634202
dtlz2_interval,lu,ls,check,overlap_jaccard,0.5,5000,12,0.05,0.17320508075688773,3.4641016151377544,1026,2927,0.3505295524427742
dtlz2_interval,lu,ls,check,coverage_a_in_b,0.5,5000,12,0.1,0.34641016151377546,3.4641016151377544,1026,2927,1.0
dtlz2_interval,lu,ls,check,coverage_b_in_a,0.5,5000,12,0.1,0.34641016151377546,3.4641016151377544,1026,2927,0.35223778612914247
dtlz2_interval,lu,ls,check,overlap,0.5,5000,12,0.1,0.34641016151377546,3.4641016151377544,1026,2927,0.5203642802934481
dtlz2_interval,lu,ls,check,overlap_jaccard,0.5,5000,12,0.1,0.34641016151377546,3.4641016151377544,1026,2927,0.35168404855530866
dtlz2_interval,lu,ls,check,coverage_a_in_b,0.5,5000,12,0.2,0.6928203230275509,3.4641016151377544,1026,2927,1.0
dtlz2_interval,lu,ls,check,coverage_b_in_a,0.5,5000,12,0.2,0.6928203230275509,3.4641016151377544,1026,2927,0.880765288691493
dtlz2_interval,lu,ls,check,overlap,0.5,5000,12,0.2,0.6928203230275509,3.4641016151377544,1026,2927,0.9117126233240577
dtlz2_interval,lu,ls,check,overlap_jaccard,0.5,5000,12,0.2,0.6928203230275509,3.4641016151377544,1026,2927,0.8377498837749885
dtlz2_interval,lu,cw,finding,coverage_a_in_b,0.5,5000,12,0.0,0.0,3.4641016151377544,1026,1857,0.6842105263157895
dtlz2_interval,lu,cw,finding,coverage_b_in_a,0.5,5000,12,0.0,0.0,3.4641016151377544,1026,1857,0.3780290791599354
dtlz2_interval,lu,cw,finding,overlap,0.5,5000,12,0.0,0.0,3.4641016151377544,1026,1857,0.4869927159209157
dtlz2_interval,lu,cw,finding,overlap_jaccard,0.5,5000,12,0.0,0.0,3.4641016151377544,1026,1857,0.3218707015130674
dtlz2_interval,lu,cw,finding,coverage_a_in_b,0.5,5000,12,0.01,0.034641016151377546,3.4641016151377544,1026,1857,0.6842105263157895
dtlz2_interval,lu,cw,finding,coverage_b_in_a,0.5,5000,12,0.01,0.034641016151377546,3.4641016151377544,1026,1857,0.3780290791599354
dtlz2_interval,lu,cw,finding,overlap,0.5,5000,12,0.01,0.034641016151377546,3.4641016151377544,1026,1857,0.4869927159209157
dtlz2_interval,lu,cw,finding,overlap_jaccard,0.5,5000,12,0.01,0.034641016151377546,3.4641016151377544,1026,1857,0.3218707015130674
dtlz2_interval,lu,cw,finding,coverage_a_in_b,0.5,5000,12,0.02,0.06928203230275509,3.4641016151377544,1026,1857,0.6842105263157895
dtlz2_interval,lu,cw,finding,coverage_b_in_a,0.5,5000,12,0.02,0.06928203230275509,3.4641016151377544,1026,1857,0.3780290791599354
dtlz2_interval,lu,cw,finding,overlap,0.5,5000,12,0.02,0.06928203230275509,3.4641016151377544,1026,1857,0.4869927159209157
dtlz2_interval,lu,cw,finding,overlap_jaccard,0.5,5000,12,0.02,0.06928203230275509,3.4641016151377544,1026,1857,0.3218707015130674
dtlz2_interval,lu,cw,finding,coverage_a_in_b,0.5,5000,12,0.05,0.17320508075688773,3.4641016151377544,1026,1857,0.6842105263157895
dtlz2_interval,lu,cw,finding,coverage_b_in_a,0.5,5000,12,0.05,0.17320508075688773,3.4641016151377544,1026,1857,0.3780290791599354
dtlz2_interval,lu,cw,finding,overlap,0.5,5000,12,0.05,0.17320508075688773,3.4641016151377544,1026,1857,0.4869927159209157
dtlz2_interval,lu,cw,finding,overlap_jaccard,0.5,5000,12,0.05,0.17320508075688773,3.4641016151377544,1026,1857,0.3218707015130674
dtlz2_interval,lu,cw,finding,coverage_a_in_b,0.5,5000,12,0.1,0.34641016151377546,3.4641016151377544,1026,1857,0.6851851851851852
dtlz2_interval,lu,cw,finding,coverage_b_in_a,0.5,5000,12,0.1,0.34641016151377546,3.4641016151377544,1026,1857,0.38018309100700054
dtlz2_interval,lu,cw,finding,overlap,0.5,5000,12,0.1,0.34641016151377546,3.4641016151377544,1026,1857,0.4887270204647936
dtlz2_interval,lu,cw,finding,overlap_jaccard,0.5,5000,12,0.1,0.34641016151377546,3.4641016151377544,1026,1857,0.3233876520541657
dtlz2_interval,lu,cw,finding,coverage_a_in_b,0.5,5000,12,0.2,0.6928203230275509,3.4641016151377544,1026,1857,0.9230019493177388
dtlz2_interval,lu,cw,finding,coverage_b_in_a,0.5,5000,12,0.2,0.6928203230275509,3.4641016151377544,1026,1857,0.8852988691437803
dtlz2_interval,lu,cw,finding,overlap,0.5,5000,12,0.2,0.6928203230275509,3.4641016151377544,1026,1857,0.8987166146375304
dtlz2_interval,lu,cw,finding,overlap_jaccard,0.5,5000,12,0.2,0.6928203230275509,3.4641016151377544,1026,1857,0.8160629921259844
dtlz2_interval,ls,cw,check,coverage_a_in_b,0.5,5000,12,0.0,0.0,3.4641016151377544,2927,1857,0.6344379911171848
dtlz2_interval,ls,cw,check,coverage_b_in_a,0.5,5000,12,0.0,0.0,3.4641016151377544,2927,1857,1.0
dtlz2_interval,ls,cw,check,overlap,0.5,5000,12,0.0,0.0,3.4641016151377544,2927,1857,0.7763377926421404
dtlz2_interval,ls,cw,check,overlap_jaccard,0.5,5000,12,0.0,0.0,3.4641016151377544,2927,1857,0.6344379911171848
dtlz2_interval,ls,cw,check,coverage_a_in_b,0.5,5000,12,0.01,0.034641016151377546,3.4641016151377544,2927,1857,0.6344379911171848
dtlz2_interval,ls,cw,check,coverage_b_in_a,0.5,5000,12,0.01,0.034641016151377546,3.4641016151377544,2927,1857,1.0
dtlz2_interval,ls,cw,check,overlap,0.5,5000,12,0.01,0.034641016151377546,3.4641016151377544,2927,1857,0.7763377926421404
dtlz2_interval,ls,cw,check,overlap_jaccard,0.5,5000,12,0.01,0.034641016151377546,3.4641016151377544,2927,1857,0.6344379911171848
dtlz2_interval,ls,cw,check,coverage_a_in_b,0.5,5000,12,0.02,0.06928203230275509,3.4641016151377544,2927,1857,0.6344379911171848
dtlz2_interval,ls,cw,check,coverage_b_in_a,0.5,5000,12,0.02,0.06928203230275509,3.4641016151377544,2927,1857,1.0
dtlz2_interval,ls,cw,check,overlap,0.5,5000,12,0.02,0.06928203230275509,3.4641016151377544,2927,1857,0.7763377926421404
dtlz2_interval,ls,cw,check,overlap_jaccard,0.5,5000,12,0.02,0.06928203230275509,3.4641016151377544,2927,1857,0.6344379911171848
dtlz2_interval,ls,cw,check,coverage_a_in_b,0.5,5000,12,0.05,0.17320508075688773,3.4641016151377544,2927,1857,0.6344379911171848
dtlz2_interval,ls,cw,check,coverage_b_in_a,0.5,5000,12,0.05,0.17320508075688773,3.4641016151377544,2927,1857,1.0
dtlz2_interval,ls,cw,check,overlap,0.5,5000,12,0.05,0.17320508075688773,3.4641016151377544,2927,1857,0.7763377926421404
dtlz2_interval,ls,cw,check,overlap_jaccard,0.5,5000,12,0.05,0.17320508075688773,3.4641016151377544,2927,1857,0.6344379911171848
dtlz2_interval,ls,cw,check,coverage_a_in_b,0.5,5000,12,0.1,0.34641016151377546,3.4641016151377544,2927,1857,0.6351212845917321
dtlz2_interval,ls,cw,check,coverage_b_in_a,0.5,5000,12,0.1,0.34641016151377546,3.4641016151377544,2927,1857,1.0
dtlz2_interval,ls,cw,check,overlap,0.5,5000,12,0.1,0.34641016151377546,3.4641016151377544,2927,1857,0.7767558528428093
dtlz2_interval,ls,cw,check,overlap_jaccard,0.5,5000,12,0.1,0.34641016151377546,3.4641016151377544,2927,1857,0.6349965823650034
dtlz2_interval,ls,cw,check,coverage_a_in_b,0.5,5000,12,0.2,0.6928203230275509,3.4641016151377544,2927,1857,0.9402118209771096
dtlz2_interval,ls,cw,check,coverage_b_in_a,0.5,5000,12,0.2,0.6928203230275509,3.4641016151377544,2927,1857,1.0
dtlz2_interval,ls,cw,check,overlap,0.5,5000,12,0.2,0.6928203230275509,3.4641016151377544,2927,1857,0.9634197324414716
dtlz2_interval,ls,cw,check,overlap_jaccard,0.5,5000,12,0.2,0.6928203230275509,3.4641016151377544,2927,1857,0.9294212542851381
dtlz2_interval,lu,ls,check,coverage_a_in_b,0.5,5000,13,0.0,0.0,3.4641016151377544,941,2858,1.0
dtlz2_interval,lu,ls,check,coverage_b_in_a,0.5,5000,13,0.0,0.0,3.4641016151377544,941,2858,0.3292512246326102
dtlz2_interval,lu,ls,check,overlap,0.5,5000,13,0.0,0.0,3.4641016151377544,941,2858,0.4953935246117399
dtlz2_interval,lu,ls,check,overlap_jaccard,0.5,5000,13,0.0,0.0,3.4641016151377544,941,2858,0.3292512246326102
dtlz2_interval,lu,ls,check,coverage_a_in_b,0.5,5000,13,0.01,0.034641016151377546,3.4641016151377544,941,2858,1.0
dtlz2_interval,lu,ls,check,coverage_b_in_a,0.5,5000,13,0.01,0.034641016151377546,3.4641016151377544,941,2858,0.3292512246326102
dtlz2_interval,lu,ls,check,overlap,0.5,5000,13,0.01,0.034641016151377546,3.4641016151377544,941,2858,0.4953935246117399
dtlz2_interval,lu,ls,check,overlap_jaccard,0.5,5000,13,0.01,0.034641016151377546,3.4641016151377544,941,2858,0.3292512246326102
dtlz2_interval,lu,ls,check,coverage_a_in_b,0.5,5000,13,0.02,0.06928203230275509,3.4641016151377544,941,2858,1.0
dtlz2_interval,lu,ls,check,coverage_b_in_a,0.5,5000,13,0.02,0.06928203230275509,3.4641016151377544,941,2858,0.3292512246326102
dtlz2_interval,lu,ls,check,overlap,0.5,5000,13,0.02,0.06928203230275509,3.4641016151377544,941,2858,0.4953935246117399
dtlz2_interval,lu,ls,check,overlap_jaccard,0.5,5000,13,0.02,0.06928203230275509,3.4641016151377544,941,2858,0.3292512246326102
dtlz2_interval,lu,ls,check,coverage_a_in_b,0.5,5000,13,0.05,0.17320508075688773,3.4641016151377544,941,2858,1.0
dtlz2_interval,lu,ls,check,coverage_b_in_a,0.5,5000,13,0.05,0.17320508075688773,3.4641016151377544,941,2858,0.3292512246326102
dtlz2_interval,lu,ls,check,overlap,0.5,5000,13,0.05,0.17320508075688773,3.4641016151377544,941,2858,0.4953935246117399
dtlz2_interval,lu,ls,check,overlap_jaccard,0.5,5000,13,0.05,0.17320508075688773,3.4641016151377544,941,2858,0.3292512246326102
dtlz2_interval,lu,ls,check,coverage_a_in_b,0.5,5000,13,0.1,0.34641016151377546,3.4641016151377544,941,2858,1.0
dtlz2_interval,lu,ls,check,coverage_b_in_a,0.5,5000,13,0.1,0.34641016151377546,3.4641016151377544,941,2858,0.32995101469559135
dtlz2_interval,lu,ls,check,overlap,0.5,5000,13,0.1,0.34641016151377546,3.4641016151377544,941,2858,0.4959199789418268
dtlz2_interval,lu,ls,check,overlap_jaccard,0.5,5000,13,0.1,0.34641016151377546,3.4641016151377544,941,2858,0.32971648582429125
dtlz2_interval,lu,ls,check,coverage_a_in_b,0.5,5000,13,0.2,0.6928203230275509,3.4641016151377544,941,2858,1.0
dtlz2_interval,lu,ls,check,coverage_b_in_a,0.5,5000,13,0.2,0.6928203230275509,3.4641016151377544,941,2858,0.8642407277816655
dtlz2_interval,lu,ls,check,overlap,0.5,5000,13,0.2,0.6928203230275509,3.4641016151377544,941,2858,0.8978678599631482
dtlz2_interval,lu,ls,check,overlap_jaccard,0.5,5000,13,0.2,0.6928203230275509,3.4641016151377544,941,2858,0.8146644375447815
dtlz2_interval,lu,cw,finding,coverage_a_in_b,0.5,5000,13,0.0,0.0,3.4641016151377544,941,1838,0.6992561105207227
dtlz2_interval,lu,cw,finding,coverage_b_in_a,0.5,5000,13,0.0,0.0,3.4641016151377544,941,1838,0.35799782372143635
dtlz2_interval,lu,cw,finding,overlap,0.5,5000,13,0.0,0.0,3.4641016151377544,941,1838,0.473551637279597
dtlz2_interval,lu,cw,finding,overlap_jaccard,0.5,5000,13,0.0,0.0,3.4641016151377544,941,1838,0.3102310231023102
dtlz2_interval,lu,cw,finding,coverage_a_in_b,0.5,5000,13,0.01,0.034641016151377546,3.4641016151377544,941,1838,0.6992561105207227
dtlz2_interval,lu,cw,finding,coverage_b_in_a,0.5,5000,13,0.01,0.034641016151377546,3.4641016151377544,941,1838,0.35799782372143635
dtlz2_interval,lu,cw,finding,overlap,0.5,5000,13,0.01,0.034641016151377546,3.4641016151377544,941,1838,0.473551637279597
dtlz2_interval,lu,cw,finding,overlap_jaccard,0.5,5000,13,0.01,0.034641016151377546,3.4641016151377544,941,1838,0.3102310231023102
dtlz2_interval,lu,cw,finding,coverage_a_in_b,0.5,5000,13,0.02,0.06928203230275509,3.4641016151377544,941,1838,0.6992561105207227
dtlz2_interval,lu,cw,finding,coverage_b_in_a,0.5,5000,13,0.02,0.06928203230275509,3.4641016151377544,941,1838,0.35799782372143635
dtlz2_interval,lu,cw,finding,overlap,0.5,5000,13,0.02,0.06928203230275509,3.4641016151377544,941,1838,0.473551637279597
dtlz2_interval,lu,cw,finding,overlap_jaccard,0.5,5000,13,0.02,0.06928203230275509,3.4641016151377544,941,1838,0.3102310231023102
dtlz2_interval,lu,cw,finding,coverage_a_in_b,0.5,5000,13,0.05,0.17320508075688773,3.4641016151377544,941,1838,0.6992561105207227
dtlz2_interval,lu,cw,finding,coverage_b_in_a,0.5,5000,13,0.05,0.17320508075688773,3.4641016151377544,941,1838,0.35799782372143635
dtlz2_interval,lu,cw,finding,overlap,0.5,5000,13,0.05,0.17320508075688773,3.4641016151377544,941,1838,0.473551637279597
dtlz2_interval,lu,cw,finding,overlap_jaccard,0.5,5000,13,0.05,0.17320508075688773,3.4641016151377544,941,1838,0.3102310231023102
dtlz2_interval,lu,cw,finding,coverage_a_in_b,0.5,5000,13,0.1,0.34641016151377546,3.4641016151377544,941,1838,0.6992561105207227
dtlz2_interval,lu,cw,finding,coverage_b_in_a,0.5,5000,13,0.1,0.34641016151377546,3.4641016151377544,941,1838,0.35799782372143635
dtlz2_interval,lu,cw,finding,overlap,0.5,5000,13,0.1,0.34641016151377546,3.4641016151377544,941,1838,0.473551637279597
dtlz2_interval,lu,cw,finding,overlap_jaccard,0.5,5000,13,0.1,0.34641016151377546,3.4641016151377544,941,1838,0.3102310231023102
dtlz2_interval,lu,cw,finding,coverage_a_in_b,0.5,5000,13,0.2,0.6928203230275509,3.4641016151377544,941,1838,0.9213602550478215
dtlz2_interval,lu,cw,finding,coverage_b_in_a,0.5,5000,13,0.2,0.6928203230275509,3.4641016151377544,941,1838,0.8781284004352558
dtlz2_interval,lu,cw,finding,overlap,0.5,5000,13,0.2,0.6928203230275509,3.4641016151377544,941,1838,0.8927671824397265
dtlz2_interval,lu,cw,finding,overlap_jaccard,0.5,5000,13,0.2,0.6928203230275509,3.4641016151377544,941,1838,0.8063048423789405
dtlz2_interval,ls,cw,check,coverage_a_in_b,0.5,5000,13,0.0,0.0,3.4641016151377544,2858,1838,0.6431070678796361
dtlz2_interval,ls,cw,check,coverage_b_in_a,0.5,5000,13,0.0,0.0,3.4641016151377544,2858,1838,1.0
dtlz2_interval,ls,cw,check,overlap,0.5,5000,13,0.0,0.0,3.4641016151377544,2858,1838,0.782793867120954
dtlz2_interval,ls,cw,check,overlap_jaccard,0.5,5000,13,0.0,0.0,3.4641016151377544,2858,1838,0.6431070678796361
dtlz2_interval,ls,cw,check,coverage_a_in_b,0.5,5000,13,0.01,0.034641016151377546,3.4641016151377544,2858,1838,0.6431070678796361
dtlz2_interval,ls,cw,check,coverage_b_in_a,0.5,5000,13,0.01,0.034641016151377546,3.4641016151377544,2858,1838,1.0
dtlz2_interval,ls,cw,check,overlap,0.5,5000,13,0.01,0.034641016151377546,3.4641016151377544,2858,1838,0.782793867120954
dtlz2_interval,ls,cw,check,overlap_jaccard,0.5,5000,13,0.01,0.034641016151377546,3.4641016151377544,2858,1838,0.6431070678796361
dtlz2_interval,ls,cw,check,coverage_a_in_b,0.5,5000,13,0.02,0.06928203230275509,3.4641016151377544,2858,1838,0.6431070678796361
dtlz2_interval,ls,cw,check,coverage_b_in_a,0.5,5000,13,0.02,0.06928203230275509,3.4641016151377544,2858,1838,1.0
dtlz2_interval,ls,cw,check,overlap,0.5,5000,13,0.02,0.06928203230275509,3.4641016151377544,2858,1838,0.782793867120954
dtlz2_interval,ls,cw,check,overlap_jaccard,0.5,5000,13,0.02,0.06928203230275509,3.4641016151377544,2858,1838,0.6431070678796361
dtlz2_interval,ls,cw,check,coverage_a_in_b,0.5,5000,13,0.05,0.17320508075688773,3.4641016151377544,2858,1838,0.6431070678796361
dtlz2_interval,ls,cw,check,coverage_b_in_a,0.5,5000,13,0.05,0.17320508075688773,3.4641016151377544,2858,1838,1.0
dtlz2_interval,ls,cw,check,overlap,0.5,5000,13,0.05,0.17320508075688773,3.4641016151377544,2858,1838,0.782793867120954
dtlz2_interval,ls,cw,check,overlap_jaccard,0.5,5000,13,0.05,0.17320508075688773,3.4641016151377544,2858,1838,0.6431070678796361
dtlz2_interval,ls,cw,check,coverage_a_in_b,0.5,5000,13,0.1,0.34641016151377546,3.4641016151377544,2858,1838,0.6431070678796361
dtlz2_interval,ls,cw,check,coverage_b_in_a,0.5,5000,13,0.1,0.34641016151377546,3.4641016151377544,2858,1838,1.0
dtlz2_interval,ls,cw,check,overlap,0.5,5000,13,0.1,0.34641016151377546,3.4641016151377544,2858,1838,0.782793867120954
dtlz2_interval,ls,cw,check,overlap_jaccard,0.5,5000,13,0.1,0.34641016151377546,3.4641016151377544,2858,1838,0.6431070678796361
dtlz2_interval,ls,cw,check,coverage_a_in_b,0.5,5000,13,0.2,0.6928203230275509,3.4641016151377544,2858,1838,0.9440167949615116
dtlz2_interval,ls,cw,check,coverage_b_in_a,0.5,5000,13,0.2,0.6928203230275509,3.4641016151377544,2858,1838,1.0
dtlz2_interval,ls,cw,check,overlap,0.5,5000,13,0.2,0.6928203230275509,3.4641016151377544,2858,1838,0.9659284497444633
dtlz2_interval,ls,cw,check,overlap_jaccard,0.5,5000,13,0.2,0.6928203230275509,3.4641016151377544,2858,1838,0.9341021416803953
dtlz2_interval,lu,ls,check,coverage_a_in_b,0.5,5000,14,0.0,0.0,3.4641016151377544,980,2838,1.0
dtlz2_interval,lu,ls,check,coverage_b_in_a,0.5,5000,14,0.0,0.0,3.4641016151377544,980,2838,0.3453136011275546
dtlz2_interval,lu,ls,check,overlap,0.5,5000,14,0.0,0.0,3.4641016151377544,980,2838,0.5133577789418544
dtlz2_interval,lu,ls,check,overlap_jaccard,0.5,5000,14,0.0,0.0,3.4641016151377544,980,2838,0.34531360112755466
dtlz2_interval,lu,ls,check,coverage_a_in_b,0.5,5000,14,0.01,0.034641016151377546,3.4641016151377544,980,2838,1.0
dtlz2_interval,lu,ls,check,coverage_b_in_a,0.5,5000,14,0.01,0.034641016151377546,3.4641016151377544,980,2838,0.3453136011275546
dtlz2_interval,lu,ls,check,overlap,0.5,5000,14,0.01,0.034641016151377546,3.4641016151377544,980,2838,0.5133577789418544
dtlz2_interval,lu,ls,check,overlap_jaccard,0.5,5000,14,0.01,0.034641016151377546,3.4641016151377544,980,2838,0.34531360112755466
dtlz2_interval,lu,ls,check,coverage_a_in_b,0.5,5000,14,0.02,0.06928203230275509,3.4641016151377544,980,2838,1.0
dtlz2_interval,lu,ls,check,coverage_b_in_a,0.5,5000,14,0.02,0.06928203230275509,3.4641016151377544,980,2838,0.3453136011275546
dtlz2_interval,lu,ls,check,overlap,0.5,5000,14,0.02,0.06928203230275509,3.4641016151377544,980,2838,0.5133577789418544
dtlz2_interval,lu,ls,check,overlap_jaccard,0.5,5000,14,0.02,0.06928203230275509,3.4641016151377544,980,2838,0.34531360112755466
dtlz2_interval,lu,ls,check,coverage_a_in_b,0.5,5000,14,0.05,0.17320508075688773,3.4641016151377544,980,2838,1.0
dtlz2_interval,lu,ls,check,coverage_b_in_a,0.5,5000,14,0.05,0.17320508075688773,3.4641016151377544,980,2838,0.3453136011275546
dtlz2_interval,lu,ls,check,overlap,0.5,5000,14,0.05,0.17320508075688773,3.4641016151377544,980,2838,0.5133577789418544
dtlz2_interval,lu,ls,check,overlap_jaccard,0.5,5000,14,0.05,0.17320508075688773,3.4641016151377544,980,2838,0.34531360112755466
dtlz2_interval,lu,ls,check,coverage_a_in_b,0.5,5000,14,0.1,0.34641016151377546,3.4641016151377544,980,2838,1.0
dtlz2_interval,lu,ls,check,coverage_b_in_a,0.5,5000,14,0.1,0.34641016151377546,3.4641016151377544,980,2838,0.3456659619450317
dtlz2_interval,lu,ls,check,overlap,0.5,5000,14,0.1,0.34641016151377546,3.4641016151377544,980,2838,0.5136196961760083
dtlz2_interval,lu,ls,check,overlap_jaccard,0.5,5000,14,0.1,0.34641016151377546,3.4641016151377544,980,2838,0.3455506607929515
dtlz2_interval,lu,ls,check,coverage_a_in_b,0.5,5000,14,0.2,0.6928203230275509,3.4641016151377544,980,2838,1.0
dtlz2_interval,lu,ls,check,coverage_b_in_a,0.5,5000,14,0.2,0.6928203230275509,3.4641016151377544,980,2838,0.8661028893587033
dtlz2_interval,lu,ls,check,overlap,0.5,5000,14,0.2,0.6928203230275509,3.4641016151377544,980,2838,0.9004714510214772
dtlz2_interval,lu,ls,check,overlap_jaccard,0.5,5000,14,0.2,0.6928203230275509,3.4641016151377544,980,2838,0.818961410195331
dtlz2_interval,lu,cw,finding,coverage_a_in_b,0.5,5000,14,0.0,0.0,3.4641016151377544,980,1743,0.6561224489795918
dtlz2_interval,lu,cw,finding,coverage_b_in_a,0.5,5000,14,0.0,0.0,3.4641016151377544,980,1743,0.3689041881812966
dtlz2_interval,lu,cw,finding,overlap,0.5,5000,14,0.0,0.0,3.4641016151377544,980,1743,0.4722732280572898
dtlz2_interval,lu,cw,finding,overlap_jaccard,0.5,5000,14,0.0,0.0,3.4641016151377544,980,1743,0.3091346153846154
dtlz2_interval,lu,cw,finding,coverage_a_in_b,0.5,5000,14,0.01,0.034641016151377546,3.4641016151377544,980,1743,0.6561224489795918
dtlz2_interval,lu,cw,finding,coverage_b_in_a,0.5,5000,14,0.01,0.034641016151377546,3.4641016151377544,980,1743,0.3689041881812966
dtlz2_interval,lu,cw,finding,overlap,0.5,5000,14,0.01,0.034641016151377546,3.4641016151377544,980,1743,0.4722732280572898
dtlz2_interval,lu,cw,finding,overlap_jaccard,0.5,5000,14,0.01,0.034641016151377546,3.4641016151377544,980,1743,0.3091346153846154
dtlz2_interval,lu,cw,finding,coverage_a_in_b,0.5,5000,14,0.02,0.06928203230275509,3.4641016151377544,980,1743,0.6561224489795918
dtlz2_interval,lu,cw,finding,coverage_b_in_a,0.5,5000,14,0.02,0.06928203230275509,3.4641016151377544,980,1743,0.3689041881812966
dtlz2_interval,lu,cw,finding,overlap,0.5,5000,14,0.02,0.06928203230275509,3.4641016151377544,980,1743,0.4722732280572898
dtlz2_interval,lu,cw,finding,overlap_jaccard,0.5,5000,14,0.02,0.06928203230275509,3.4641016151377544,980,1743,0.3091346153846154
dtlz2_interval,lu,cw,finding,coverage_a_in_b,0.5,5000,14,0.05,0.17320508075688773,3.4641016151377544,980,1743,0.6561224489795918
dtlz2_interval,lu,cw,finding,coverage_b_in_a,0.5,5000,14,0.05,0.17320508075688773,3.4641016151377544,980,1743,0.3689041881812966
dtlz2_interval,lu,cw,finding,overlap,0.5,5000,14,0.05,0.17320508075688773,3.4641016151377544,980,1743,0.4722732280572898
dtlz2_interval,lu,cw,finding,overlap_jaccard,0.5,5000,14,0.05,0.17320508075688773,3.4641016151377544,980,1743,0.3091346153846154
dtlz2_interval,lu,cw,finding,coverage_a_in_b,0.5,5000,14,0.1,0.34641016151377546,3.4641016151377544,980,1743,0.6561224489795918
dtlz2_interval,lu,cw,finding,coverage_b_in_a,0.5,5000,14,0.1,0.34641016151377546,3.4641016151377544,980,1743,0.36947791164658633
dtlz2_interval,lu,cw,finding,overlap,0.5,5000,14,0.1,0.34641016151377546,3.4641016151377544,980,1743,0.472640470069776
dtlz2_interval,lu,cw,finding,overlap_jaccard,0.5,5000,14,0.1,0.34641016151377546,3.4641016151377544,980,1743,0.3094493868718442
dtlz2_interval,lu,cw,finding,coverage_a_in_b,0.5,5000,14,0.2,0.6928203230275509,3.4641016151377544,980,1743,0.9132653061224489
dtlz2_interval,lu,cw,finding,coverage_b_in_a,0.5,5000,14,0.2,0.6928203230275509,3.4641016151377544,980,1743,0.8720596672403901
dtlz2_interval,lu,cw,finding,overlap,0.5,5000,14,0.2,0.6928203230275509,3.4641016151377544,980,1743,0.8868894601542416
dtlz2_interval,lu,cw,finding,overlap_jaccard,0.5,5000,14,0.2,0.6928203230275509,3.4641016151377544,980,1743,0.7967667436489607
dtlz2_interval,ls,cw,check,coverage_a_in_b,0.5,5000,14,0.0,0.0,3.4641016151377544,2838,1743,0.6141649048625792
dtlz2_interval,ls,cw,check,coverage_b_in_a,0.5,5000,14,0.0,0.0,3.4641016151377544,2838,1743,1.0
dtlz2_interval,ls,cw,check,overlap,0.5,5000,14,0.0,0.0,3.4641016151377544,2838,1743,0.7609692206941716
dtlz2_interval,ls,cw,check,overlap_jaccard,0.5,5000,14,0.0,0.0,3.4641016151377544,2838,1743,0.6141649048625794
dtlz2_interval,ls,cw,check,coverage_a_in_b,0.5,5000,14,0.01,0.034641016151377546,3.4641016151377544,2838,1743,0.6141649048625792
dtlz2_interval,ls,cw,check,coverage_b_in_a,0.5,5000,14,0.01,0.034641016151377546,3.4641016151377544,2838,1743,1.0
dtlz2_interval,ls,cw,check,overlap,0.5,5000,14,0.01,0.034641016151377546,3.4641016151377544,2838,1743,0.7609692206941716
dtlz2_interval,ls,cw,check,overlap_jaccard,0.5,5000,14,0.01,0.034641016151377546,3.4641016151377544,2838,1743,0.6141649048625794
dtlz2_interval,ls,cw,check,coverage_a_in_b,0.5,5000,14,0.02,0.06928203230275509,3.4641016151377544,2838,1743,0.6141649048625792
dtlz2_interval,ls,cw,check,coverage_b_in_a,0.5,5000,14,0.02,0.06928203230275509,3.4641016151377544,2838,1743,1.0
dtlz2_interval,ls,cw,check,overlap,0.5,5000,14,0.02,0.06928203230275509,3.4641016151377544,2838,1743,0.7609692206941716
dtlz2_interval,ls,cw,check,overlap_jaccard,0.5,5000,14,0.02,0.06928203230275509,3.4641016151377544,2838,1743,0.6141649048625794
dtlz2_interval,ls,cw,check,coverage_a_in_b,0.5,5000,14,0.05,0.17320508075688773,3.4641016151377544,2838,1743,0.6141649048625792
dtlz2_interval,ls,cw,check,coverage_b_in_a,0.5,5000,14,0.05,0.17320508075688773,3.4641016151377544,2838,1743,1.0
dtlz2_interval,ls,cw,check,overlap,0.5,5000,14,0.05,0.17320508075688773,3.4641016151377544,2838,1743,0.7609692206941716
dtlz2_interval,ls,cw,check,overlap_jaccard,0.5,5000,14,0.05,0.17320508075688773,3.4641016151377544,2838,1743,0.6141649048625794
dtlz2_interval,ls,cw,check,coverage_a_in_b,0.5,5000,14,0.1,0.34641016151377546,3.4641016151377544,2838,1743,0.6141649048625792
dtlz2_interval,ls,cw,check,coverage_b_in_a,0.5,5000,14,0.1,0.34641016151377546,3.4641016151377544,2838,1743,1.0
dtlz2_interval,ls,cw,check,overlap,0.5,5000,14,0.1,0.34641016151377546,3.4641016151377544,2838,1743,0.7609692206941716
dtlz2_interval,ls,cw,check,overlap_jaccard,0.5,5000,14,0.1,0.34641016151377546,3.4641016151377544,2838,1743,0.6141649048625794
dtlz2_interval,ls,cw,check,coverage_a_in_b,0.5,5000,14,0.2,0.6928203230275509,3.4641016151377544,2838,1743,0.9383368569415081
dtlz2_interval,ls,cw,check,coverage_b_in_a,0.5,5000,14,0.2,0.6928203230275509,3.4641016151377544,2838,1743,1.0
dtlz2_interval,ls,cw,check,overlap,0.5,5000,14,0.2,0.6928203230275509,3.4641016151377544,2838,1743,0.961798733900895
dtlz2_interval,ls,cw,check,overlap_jaccard,0.5,5000,14,0.2,0.6928203230275509,3.4641016151377544,2838,1743,0.9264087468460892
dtlz2_interval,lu,ls,check,coverage_a_in_b,0.5,5000,15,0.0,0.0,3.4641016151377544,948,2866,1.0
dtlz2_interval,lu,ls,check,coverage_b_in_a,0.5,5000,15,0.0,0.0,3.4641016151377544,948,2866,0.3307745987438939
dtlz2_interval,lu,ls,check,overlap,0.5,5000,15,0.0,0.0,3.4641016151377544,948,2866,0.497115888830624
dtlz2_interval,lu,ls,check,overlap_jaccard,0.5,5000,15,0.0,0.0,3.4641016151377544,948,2866,0.3307745987438939
dtlz2_interval,lu,ls,check,coverage_a_in_b,0.5,5000,15,0.01,0.034641016151377546,3.4641016151377544,948,2866,1.0
dtlz2_interval,lu,ls,check,coverage_b_in_a,0.5,5000,15,0.01,0.034641016151377546,3.4641016151377544,948,2866,0.3307745987438939
dtlz2_interval,lu,ls,check,overlap,0.5,5000,15,0.01,0.034641016151377546,3.4641016151377544,948,2866,0.497115888830624
dtlz2_interval,lu,ls,check,overlap_jaccard,0.5,5000,15,0.01,0.034641016151377546,3.4641016151377544,948,2866,0.3307745987438939
dtlz2_interval,lu,ls,check,coverage_a_in_b,0.5,5000,15,0.02,0.06928203230275509,3.4641016151377544,948,2866,1.0
dtlz2_interval,lu,ls,check,coverage_b_in_a,0.5,5000,15,0.02,0.06928203230275509,3.4641016151377544,948,2866,0.3307745987438939
dtlz2_interval,lu,ls,check,overlap,0.5,5000,15,0.02,0.06928203230275509,3.4641016151377544,948,2866,0.497115888830624
dtlz2_interval,lu,ls,check,overlap_jaccard,0.5,5000,15,0.02,0.06928203230275509,3.4641016151377544,948,2866,0.3307745987438939
dtlz2_interval,lu,ls,check,coverage_a_in_b,0.5,5000,15,0.05,0.17320508075688773,3.4641016151377544,948,2866,1.0
dtlz2_interval,lu,ls,check,coverage_b_in_a,0.5,5000,15,0.05,0.17320508075688773,3.4641016151377544,948,2866,0.3307745987438939
dtlz2_interval,lu,ls,check,overlap,0.5,5000,15,0.05,0.17320508075688773,3.4641016151377544,948,2866,0.497115888830624
dtlz2_interval,lu,ls,check,overlap_jaccard,0.5,5000,15,0.05,0.17320508075688773,3.4641016151377544,948,2866,0.3307745987438939
dtlz2_interval,lu,ls,check,coverage_a_in_b,0.5,5000,15,0.1,0.34641016151377546,3.4641016151377544,948,2866,1.0
dtlz2_interval,lu,ls,check,coverage_b_in_a,0.5,5000,15,0.1,0.34641016151377546,3.4641016151377544,948,2866,0.33182135380321004
dtlz2_interval,lu,ls,check,overlap,0.5,5000,15,0.1,0.34641016151377546,3.4641016151377544,948,2866,0.4979024646040902
dtlz2_interval,lu,ls,check,overlap_jaccard,0.5,5000,15,0.1,0.34641016151377546,3.4641016151377544,948,2866,0.331471460987956
dtlz2_interval,lu,ls,check,coverage_a_in_b,0.5,5000,15,0.2,0.6928203230275509,3.4641016151377544,948,2866,1.0
dtlz2_interval,lu,ls,check,coverage_b_in_a,0.5,5000,15,0.2,0.6928203230275509,3.4641016151377544,948,2866,0.8468248429867411
dtlz2_interval,lu,ls,check,overlap,0.5,5000,15,0.2,0.6928203230275509,3.4641016151377544,948,2866,0.8848977451494494
dtlz2_interval,lu,ls,check,overlap_jaccard,0.5,5000,15,0.2,0.6928203230275509,3.4641016151377544,948,2866,0.7935574888314131
dtlz2_interval,lu,cw,finding,coverage_a_in_b,0.5,5000,15,0.0,0.0,3.4641016151377544,948,1813,0.7109704641350211
dtlz2_interval,lu,cw,finding,coverage_b_in_a,0.5,5000,15,0.0,0.0,3.4641016151377544,948,1813,0.37175951461665746
dtlz2_interval,lu,cw,finding,overlap,0.5,5000,15,0.0,0.0,3.4641016151377544,948,1813,0.48822890257153206
dtlz2_interval,lu,cw,finding,overlap_jaccard,0.5,5000,15,0.0,0.0,3.4641016151377544,948,1813,0.3229516051748922
dtlz2_interval,lu,cw,finding,coverage_a_in_b,0.5,5000,15,0.01,0.034641016151377546,3.4641016151377544,948,1813,0.7109704641350211
dtlz2_interval,lu,cw,finding,coverage_b_in_a,0.5,5000,15,0.01,0.034641016151377546,3.4641016151377544,948,1813,0.37175951461665746
dtlz2_interval,lu,cw,finding,overlap,0.5,5000,15,0.01,0.034641016151377546,3.4641016151377544,948,1813,0.48822890257153206
dtlz2_interval,lu,cw,finding,overlap_jaccard,0.5,5000,15,0.01,0.034641016151377546,3.4641016151377544,948,1813,0.3229516051748922
dtlz2_interval,lu,cw,finding,coverage_a_in_b,0.5,5000,15,0.02,0.06928203230275509,3.4641016151377544,948,1813,0.7109704641350211
dtlz2_interval,lu,cw,finding,coverage_b_in_a,0.5,5000,15,0.02,0.06928203230275509,3.4641016151377544,948,1813,0.37175951461665746
dtlz2_interval,lu,cw,finding,overlap,0.5,5000,15,0.02,0.06928203230275509,3.4641016151377544,948,1813,0.48822890257153206
dtlz2_interval,lu,cw,finding,overlap_jaccard,0.5,5000,15,0.02,0.06928203230275509,3.4641016151377544,948,1813,0.3229516051748922
dtlz2_interval,lu,cw,finding,coverage_a_in_b,0.5,5000,15,0.05,0.17320508075688773,3.4641016151377544,948,1813,0.7109704641350211
dtlz2_interval,lu,cw,finding,coverage_b_in_a,0.5,5000,15,0.05,0.17320508075688773,3.4641016151377544,948,1813,0.37175951461665746
dtlz2_interval,lu,cw,finding,overlap,0.5,5000,15,0.05,0.17320508075688773,3.4641016151377544,948,1813,0.48822890257153206
dtlz2_interval,lu,cw,finding,overlap_jaccard,0.5,5000,15,0.05,0.17320508075688773,3.4641016151377544,948,1813,0.3229516051748922
dtlz2_interval,lu,cw,finding,coverage_a_in_b,0.5,5000,15,0.1,0.34641016151377546,3.4641016151377544,948,1813,0.7109704641350211
dtlz2_interval,lu,cw,finding,coverage_b_in_a,0.5,5000,15,0.1,0.34641016151377546,3.4641016151377544,948,1813,0.3728626585769443
dtlz2_interval,lu,cw,finding,overlap,0.5,5000,15,0.1,0.34641016151377546,3.4641016151377544,948,1813,0.4889532777978993
dtlz2_interval,lu,cw,finding,overlap_jaccard,0.5,5000,15,0.1,0.34641016151377546,3.4641016151377544,948,1813,0.32358581016299137
dtlz2_interval,lu,cw,finding,coverage_a_in_b,0.5,5000,15,0.2,0.6928203230275509,3.4641016151377544,948,1813,0.929324894514768
dtlz2_interval,lu,cw,finding,coverage_b_in_a,0.5,5000,15,0.2,0.6928203230275509,3.4641016151377544,948,1813,0.8565912851627138
dtlz2_interval,lu,cw,finding,overlap,0.5,5000,15,0.2,0.6928203230275509,3.4641016151377544,948,1813,0.8815646504889533
dtlz2_interval,lu,cw,finding,overlap_jaccard,0.5,5000,15,0.2,0.6928203230275509,3.4641016151377544,948,1813,0.7882124352331606
dtlz2_interval,ls,cw,check,coverage_a_in_b,0.5,5000,15,0.0,0.0,3.4641016151377544,2866,1813,0.6325889741800419
dtlz2_interval,ls,cw,check,coverage_b_in_a,0.5,5000,15,0.0,0.0,3.4641016151377544,2866,1813,1.0
dtlz2_interval,ls,cw,check,overlap,0.5,5000,15,0.0,0.0,3.4641016151377544,2866,1813,0.7749519128018807
dtlz2_interval,ls,cw,check,overlap_jaccard,0.5,5000,15,0.0,0.0,3.4641016151377544,2866,1813,0.6325889741800418
dtlz2_interval,ls,cw,check,coverage_a_in_b,0.5,5000,15,0.01,0.034641016151377546,3.4641016151377544,2866,1813,0.6325889741800419
dtlz2_interval,ls,cw,check,coverage_b_in_a,0.5,5000,15,0.01,0.034641016151377546,3.4641016151377544,2866,1813,1.0
dtlz2_interval,ls,cw,check,overlap,0.5,5000,15,0.01,0.034641016151377546,3.4641016151377544,2866,1813,0.7749519128018807
dtlz2_interval,ls,cw,check,overlap_jaccard,0.5,5000,15,0.01,0.034641016151377546,3.4641016151377544,2866,1813,0.6325889741800418
dtlz2_interval,ls,cw,check,coverage_a_in_b,0.5,5000,15,0.02,0.06928203230275509,3.4641016151377544,2866,1813,0.6325889741800419
dtlz2_interval,ls,cw,check,coverage_b_in_a,0.5,5000,15,0.02,0.06928203230275509,3.4641016151377544,2866,1813,1.0
dtlz2_interval,ls,cw,check,overlap,0.5,5000,15,0.02,0.06928203230275509,3.4641016151377544,2866,1813,0.7749519128018807
dtlz2_interval,ls,cw,check,overlap_jaccard,0.5,5000,15,0.02,0.06928203230275509,3.4641016151377544,2866,1813,0.6325889741800418
dtlz2_interval,ls,cw,check,coverage_a_in_b,0.5,5000,15,0.05,0.17320508075688773,3.4641016151377544,2866,1813,0.6325889741800419
dtlz2_interval,ls,cw,check,coverage_b_in_a,0.5,5000,15,0.05,0.17320508075688773,3.4641016151377544,2866,1813,1.0
dtlz2_interval,ls,cw,check,overlap,0.5,5000,15,0.05,0.17320508075688773,3.4641016151377544,2866,1813,0.7749519128018807
dtlz2_interval,ls,cw,check,overlap_jaccard,0.5,5000,15,0.05,0.17320508075688773,3.4641016151377544,2866,1813,0.6325889741800418
dtlz2_interval,ls,cw,check,coverage_a_in_b,0.5,5000,15,0.1,0.34641016151377546,3.4641016151377544,2866,1813,0.6329378925331473
dtlz2_interval,ls,cw,check,coverage_b_in_a,0.5,5000,15,0.1,0.34641016151377546,3.4641016151377544,2866,1813,1.0
dtlz2_interval,ls,cw,check,overlap,0.5,5000,15,0.1,0.34641016151377546,3.4641016151377544,2866,1813,0.7751656336824108
dtlz2_interval,ls,cw,check,overlap_jaccard,0.5,5000,15,0.1,0.34641016151377546,3.4641016151377544,2866,1813,0.6328738440062817
dtlz2_interval,ls,cw,check,coverage_a_in_b,0.5,5000,15,0.2,0.6928203230275509,3.4641016151377544,2866,1813,0.9466154919748779
dtlz2_interval,ls,cw,check,coverage_b_in_a,0.5,5000,15,0.2,0.6928203230275509,3.4641016151377544,2866,1813,1.0
dtlz2_interval,ls,cw,check,overlap,0.5,5000,15,0.2,0.6928203230275509,3.4641016151377544,2866,1813,0.9673007052789058
dtlz2_interval,ls,cw,check,overlap_jaccard,0.5,5000,15,0.2,0.6928203230275509,3.4641016151377544,2866,1813,0.9366721854304636
