problem,phi,metric,eps,n_evals,seed,delta_box_fraction,delta,box_scale,cardinality_a,cardinality_b,value
zdt1_interval,lu,coverage_a_in_b,0.0,5000,11,0.05,0.2738612787525831,5.477225575051661,17,18,0.0
zdt1_interval,lu,coverage_b_in_a,0.0,5000,11,0.05,0.2738612787525831,5.477225575051661,17,18,0.0
zdt1_interval,lu,coverage_a_in_b,0.0,5000,11,0.1,0.5477225575051662,5.477225575051661,17,18,0.0
zdt1_interval,lu,coverage_b_in_a,0.0,5000,11,0.1,0.5477225575051662,5.477225575051661,17,18,0.0
zdt1_interval,lu,coverage_a_in_b,0.0,5000,11,0.2,1.0954451150103324,5.477225575051661,17,18,0.0
zdt1_interval,lu,coverage_b_in_a,0.0,5000,11,0.2,1.0954451150103324,5.477225575051661,17,18,0.0
zdt1_interval,lu,coverage_a_in_b,0.0,5000,11,0.3,1.6431676725154982,5.477225575051661,17,18,0.47058823529411764
zdt1_interval,lu,coverage_b_in_a,0.0,5000,11,0.3,1.6431676725154982,5.477225575051661,17,18,0.4444444444444444
zdt1_interval,lu,coverage_a_in_b,0.0,5000,11,0.5,2.7386127875258306,5.477225575051661,17,18,1.0
zdt1_interval,lu,coverage_b_in_a,0.0,5000,11,0.5,2.7386127875258306,5.477225575051661,17,18,1.0
zdt1_interval,lu,coverage_a_in_b,0.0,5000,12,0.05,0.2738612787525831,5.477225575051661,18,23,0.0
zdt1_interval,lu,coverage_b_in_a,0.0,5000,12,0.05,0.2738612787525831,5.477225575051661,18,23,0.0
zdt1_interval,lu,coverage_a_in_b,0.0,5000,12,0.1,0.5477225575051662,5.477225575051661,18,23,0.0
zdt1_interval,lu,coverage_b_in_a,0.0,5000,12,0.1,0.5477225575051662,5.477225575051661,18,23,0.0
zdt1_interval,lu,coverage_a_in_b,0.0,5000,12,0.2,1.0954451150103324,5.477225575051661,18,23,0.0
zdt1_interval,lu,coverage_b_in_a,0.0,5000,12,0.2,1.0954451150103324,5.477225575051661,18,23,0.0
zdt1_interval,lu,coverage_a_in_b,0.0,5000,12,0.3,1.6431676725154982,5.477225575051661,18,23,0.3888888888888889
zdt1_interval,lu,coverage_b_in_a,0.0,5000,12,0.3,1.6431676725154982,5.477225575051661,18,23,0.391304347826087
zdt1_interval,lu,coverage_a_in_b,0.0,5000,12,0.5,2.7386127875258306,5.477225575051661,18,23,1.0
zdt1_interval,lu,coverage_b_in_a,0.0,5000,12,0.5,2.7386127875258306,5.477225575051661,18,23,1.0
zdt1_interval,lu,coverage_a_in_b,0.0,5000,13,0.05,0.2738612787525831,5.477225575051661,23,22,0.0
zdt1_interval,lu,coverage_b_in_a,0.0,5000,13,0.05,0.2738612787525831,5.477225575051661,23,22,0.0
zdt1_interval,lu,coverage_a_in_b,0.0,5000,13,0.1,0.5477225575051662,5.477225575051661,23,22,0.0
zdt1_interval,lu,coverage_b_in_a,0.0,5000,13,0.1,0.5477225575051662,5.477225575051661,23,22,0.0
zdt1_interval,lu,coverage_a_in_b,0.0,5000,13,0.2,1.0954451150103324,5.477225575051661,23,22,0.0
zdt1_interval,lu,coverage_b_in_a,0.0,5000,13,0.2,1.0954451150103324,5.477225575051661,23,22,0.0
zdt1_interval,lu,coverage_a_in_b,0.0,5000,13,0.3,1.6431676725154982,5.477225575051661,23,22,0.30434782608695654
zdt1_interval,lu,coverage_b_in_a,0.0,5000,13,0.3,1.6431676725154982,5.477225575051661,23,22,0.45454545454545453
zdt1_interval,lu,coverage_a_in_b,0.0,5000,13,0.5,2.7386127875258306,5.477225575051661,23,22,1.0
zdt1_interval,lu,coverage_b_in_a,0.0,5000,13,0.5,2.7386127875258306,5.477225575051661,23,22,1.0
zdt1_interval,lu,coverage_a_in_b,0.0,5000,14,0.05,0.2738612787525831,5.477225575051661,22,15,0.0
zdt1_interval,lu,coverage_b_in_a,0.0,5000,14,0.05,0.2738612787525831,5.477225575051661,22,15,0.0
zdt1_interval,lu,coverage_a_in_b,0.0,5000,14,0.1,0.5477225575051662,5.477225575051661,22,15,0.0
zdt1_interval,lu,coverage_b_in_a,0.0,5000,14,0.1,0.5477225575051662,5.477225575051661,22,15,0.0
zdt1_interval,lu,coverage_a_in_b,0.0,5000,14,0.2,1.0954451150103324,5.477225575051661,22,15,0.0
zdt1_interval,lu,coverage_b_in_a,0.0,5000,14,0.2,1.0954451150103324,5.477225575051661,22,15,0.0
zdt1_interval,lu,coverage_a_in_b,0.0,5000,14,0.3,1.6431676725154982,5.477225575051661,22,15,0.22727272727272727
zdt1_interval,lu,coverage_b_in_a,0.0,5000,14,0.3,1.6431676725154982,5.477225575051661,22,15,0.3333333333333333
zdt1_interval,lu,coverage_a_in_b,0.0,5000,14,0.5,2.7386127875258306,5.477225575051661,22,15,1.0
zdt1_interval,lu,coverage_b_in_a,0.0,5000,14,0.5,2.7386127875258306,5.477225575051661,22,15,1.0
zdt1_interval,lu,coverage_a_in_b,0.0,5000,15,0.05,0.2738612787525831,5.477225575051661,15,17,0.0
zdt1_interval,lu,coverage_b_in_a,0.0,5000,15,0.05,0.2738612787525831,5.477225575051661,15,17,0.0
zdt1_interval,lu,coverage_a_in_b,0.0,5000,15,0.1,0.5477225575051662,5.477225575051661,15,17,0.0
zdt1_interval,lu,coverage_b_in_a,0.0,5000,15,0.1,0.5477225575051662,5.477225575051661,15,17,0.0
zdt1_interval,lu,coverage_a_in_b,0.0,5000,15,0.2,1.0954451150103324,5.477225575051661,15,17,0.0
zdt1_interval,lu,coverage_b_in_a,0.0,5000,15,0.2,1.0954451150103324,5.477225575051661,15,17,0.0
zdt1_interval,lu,coverage_a_in_b,0.0,5000,15,0.3,1.6431676725154982,5.477225575051661,15,17,0.4666666666666667
zdt1_interval,lu,coverage_b_in_a,0.0,5000,15,0.3,1.6431676725154982,5.477225575051661,15,17,0.29411764705882354
zdt1_interval,lu,coverage_a_in_b,0.0,5000,15,0.5,2.7386127875258306,5.477225575051661,15,17,1.0
zdt1_interval,lu,coverage_b_in_a,0.0,5000,15,0.5,2.7386127875258306,5.477225575051661,15,17,1.0
zdt1_interval,ls,coverage_a_in_b,0.0,5000,11,0.05,0.2738612787525831,5.477225575051661,17,18,0.0
zdt1_interval,ls,coverage_b_in_a,0.0,5000,11,0.05,0.2738612787525831,5.477225575051661,17,18,0.0
zdt1_interval,ls,coverage_a_in_b,0.0,5000,11,0.1,0.5477225575051662,5.477225575051661,17,18,0.0
zdt1_interval,ls,coverage_b_in_a,0.0,5000,11,0.1,0.5477225575051662,5.477225575051661,17,18,0.0
zdt1_interval,ls,coverage_a_in_b,0.0,5000,11,0.2,1.0954451150103324,5.477225575051661,17,18,0.0
zdt1_interval,ls,coverage_b_in_a,0.0,5000,11,0.2,1.0954451150103324,5.477225575051661,17,18,0.0
zdt1_interval,ls,coverage_a_in_b,0.0,5000,11,0.3,1.6431676725154982,5.477225575051661,17,18,0.47058823529411764
zdt1_interval,ls,coverage_b_in_a,0.0,5000,11,0.3,1.6431676725154982,5.477225575051661,17,18,0.4444444444444444
zdt1_interval,ls,coverage_a_in_b,0.0,5000,11,0.5,2.7386127875258306,5.477225575051661,17,18,1.0
zdt1_interval,ls,coverage_b_in_a,0.0,5000,11,0.5,2.7386127875258306,5.477225575051661,17,18,1.0
zdt1_interval,ls,coverage_a_in_b,0.0,5000,12,0.05,0.2738612787525831,5.477225575051661,18,23,0.0
zdt1_interval,ls,coverage_b_in_a,0.0,5000,12,0.05,0.2738612787525831,5.477225575051661,18,23,0.0
zdt1_interval,ls,coverage_a_in_b,0.0,5000,12,0.1,0.5477225575051662,5.477225575051661,18,23,0.0
zdt1_interval,ls,coverage_b_in_a,0.0,5000,12,0.1,0.5477225575051662,5.477225575051661,18,23,0.0
zdt1_interval,ls,coverage_a_in_b,0.0,5000,12,0.2,1.0954451150103324,5.477225575051661,18,23,0.0
zdt1_interval,ls,coverage_b_in_a,0.0,5000,12,0.2,1.0954451150103324,5.477225575051661,18,23,0.0
zdt1_interval,ls,coverage_a_in_b,0.0,5000,12,0.3,1.6431676725154982,5.477225575051661,18,23,0.3888888888888889
zdt1_interval,ls,coverage_b_in_a,0.0,5000,12,0.3,1.6431676725154982,5.477225575051661,18,23,0.391304347826087
zdt1_interval,ls,coverage_a_in_b,0.0,5000,12,0.5,2.7386127875258306,5.477225575051661,18,23,1.0
zdt1_interval,ls,coverage_b_in_a,0.0,5000,12,0.5,2.7386127875258306,5.477225575051661,18,23,1.0
zdt1_interval,ls,coverage_a_in_b,0.0,5000,13,0.05,0.2738612787525831,5.477225575051661,23,22,0.0
zdt1_interval,ls,coverage_b_in_a,0.0,5000,13,0.05,0.2738612787525831,5.477225575051661,23,22,0.0
zdt1_interval,ls,coverage_a_in_b,0.0,5000,13,0.1,0.5477225575051662,5.477225575051661,23,22,0.0
zdt1_interval,ls,coverage_b_in_a,0.0,5000,13,0.1,0.5477225575051662,5.477225575051661,23,22,0.0
zdt1_interval,ls,coverage_a_in_b,0.0,5000,13,0.2,1.0954451150103324,5.477225575051661,23,22,0.0
zdt1_interval,ls,coverage_b_in_a,0.0,5000,13,0.2,1.0954451150103324,5.477225575051661,23,22,0.0
zdt1_interval,ls,coverage_a_in_b,0.0,5000,13,0.3,1.6431676725154982,5.477225575051661,23,22,0.30434782608695654
zdt1_interval,ls,coverage_b_in_a,0.0,5000,13,0.3,1.6431676725154982,5.477225575051661,23,22,0.45454545454545453
zdt1_interval,ls,coverage_a_in_b,0.0,5000,13,0.5,2.7386127875258306,5.477225575051661,23,22,1.0
zdt1_interval,ls,coverage_b_in_a,0.0,5000,13,0.5,2.7386127875258306,5.477225575051661,23,22,1.0
zdt1_interval,ls,coverage_a_in_b,0.0,5000,14,0.05,0.2738612787525831,5.477225575051661,22,15,0.0
zdt1_interval,ls,coverage_b_in_a,0.0,5000,14,0.05,0.2738612787525831,5.477225575051661,22,15,0.0
zdt1_interval,ls,coverage_a_in_b,0.0,5000,14,0.1,0.5477225575051662,5.477225575051661,22,15,0.0
zdt1_interval,ls,coverage_b_in_a,0.0,5000,14,0.1,0.5477225575051662,5.477225575051661,22,15,0.0
zdt1_interval,ls,coverage_a_in_b,0.0,5000,14,0.2,1.0954451150103324,5.477225575051661,22,15,0.0
zdt1_interval,ls,coverage_b_in_a,0.0,5000,14,0.2,1.0954451150103324,5.477225575051661,22,15,0.0
zdt1_interval,ls,coverage_a_in_b,0.0,5000,14,0.3,1.6431676725154982,5.477225575051661,22,15,0.22727272727272727
zdt1_interval,ls,coverage_b_in_a,0.0,5000,14,0.3,1.6431676725154982,5.477225575051661,22,15,0.3333333333333333
zdt1_interval,ls,coverage_a_in_b,0.0,5000,14,0.5,2.7386127875258306,5.477225575051661,22,15,1.0
zdt1_interval,ls,coverage_b_in_a,0.0,5000,14,0.5,2.7386127875258306,5.477225575051661,22,15,1.0
zdt1_interval,ls,coverage_a_in_b,0.0,5000,15,0.05,0.2738612787525831,5.477225575051661,15,17,0.0
zdt1_interval,ls,coverage_b_in_a,0.0,5000,15,0.05,0.2738612787525831,5.477225575051661,15,17,0.0
zdt1_interval,ls,coverage_a_in_b,0.0,5000,15,0.1,0.5477225575051662,5.477225575051661,15,17,0.0
zdt1_interval,ls,coverage_b_in_a,0.0,5000,15,0.1,0.5477225575051662,5.477225575051661,15,17,0.0
zdt1_interval,ls,coverage_a_in_b,0.0,5000,15,0.2,1.0954451150103324,5.477225575051661,15,17,0.0
zdt1_interval,ls,coverage_b_in_a,0.0,5000,15,0.2,1.0954451150103324,5.477225575051661,15,17,0.0
zdt1_interval,ls,coverage_a_in_b,0.0,5000,15,0.3,1.6431676725154982,5.477225575051661,15,17,0.4666666666666667
zdt1_interval,ls,coverage_b_in_a,0.0,5000,15,0.3,1.6431676725154982,5.477225575051661,15,17,0.29411764705882354
zdt1_interval,ls,coverage_a_in_b,0.0,5000,15,0.5,2.7386127875258306,5.477225575051661,15,17,1.0
zdt1_interval,ls,coverage_b_in_a,0.0,5000,15,0.5,2.7386127875258306,5.477225575051661,15,17,1.0
zdt1_interval,cw,coverage_a_in_b,0.0,5000,11,0.05,0.2738612787525831,5.477225575051661,17,18,0.0
zdt1_interval,cw,coverage_b_in_a,0.0,5000,11,0.05,0.2738612787525831,5.477225575051661,17,18,0.0
zdt1_interval,cw,coverage_a_in_b,0.0,5000,11,0.1,0.5477225575051662,5.477225575051661,17,18,0.0
zdt1_interval,cw,coverage_b_in_a,0.0,5000,11,0.1,0.5477225575051662,5.477225575051661,17,18,0.0
zdt1_interval,cw,coverage_a_in_b,0.0,5000,11,0.2,1.0954451150103324,5.477225575051661,17,18,0.0
zdt1_interval,cw,coverage_b_in_a,0.0,5000,11,0.2,1.0954451150103324,5.477225575051661,17,18,0.0
zdt1_interval,cw,coverage_a_in_b,0.0,5000,11,0.3,1.6431676725154982,5.477225575051661,17,18,0.47058823529411764
zdt1_interval,cw,coverage_b_in_a,0.0,5000,11,0.3,1.6431676725154982,5.477225575051661,17,18,0.4444444444444444
zdt1_interval,cw,coverage_a_in_b,0.0,5000,11,0.5,2.7386127875258306,5.477225575051661,17,18,1.0
zdt1_interval,cw,coverage_b_in_a,0.0,5000,11,0.5,2.7386127875258306,5.477225575051661,17,18,1.0
zdt1_interval,cw,coverage_a_in_b,0.0,5000,12,0.05,0.2738612787525831,5.477225575051661,18,23,0.0
zdt1_interval,cw,coverage_b_in_a,0.0,5000,12,0.05,0.2738612787525831,5.477225575051661,18,23,0.0
zdt1_interval,cw,coverage_a_in_b,0.0,5000,12,0.1,0.5477225575051662,5.477225575051661,18,23,0.0
zdt1_interval,cw,coverage_b_in_a,0.0,5000,12,0.1,0.5477225575051662,5.477225575051661,18,23,0.0
zdt1_interval,cw,coverage_a_in_b,0.0,5000,12,0.2,1.0954451150103324,5.477225575051661,18,23,0.0
zdt1_interval,cw,coverage_b_in_a,0.0,5000,12,0.2,1.0954451150103324,5.477225575051661,18,23,0.0
zdt1_interval,cw,coverage_a_in_b,0.0,5000,12,0.3,1.6431676725154982,5.477225575051661,18,23,0.3888888888888889
zdt1_interval,cw,coverage_b_in_a,0.0,5000,12,0.3,1.6431676725154982,5.477225575051661,18,23,0.391304347826087
zdt1_interval,cw,coverage_a_in_b,0.0,5000,12,0.5,2.7386127875258306,5.477225575051661,18,23,1.0
zdt1_interval,cw,coverage_b_in_a,0.0,5000,12,0.5,2.7386127875258306,5.477225575051661,18,23,1.0
zdt1_interval,cw,coverage_a_in_b,0.0,5000,13,0.05,0.2738612787525831,5.477225575051661,23,22,0.0
zdt1_interval,cw,coverage_b_in_a,0.0,5000,13,0.05,0.2738612787525831,5.477225575051661,23,22,0.0
zdt1_interval,cw,coverage_a_in_b,0.0,5000,13,0.1,0.5477225575051662,5.477225575051661,23,22,0.0
zdt1_interval,cw,coverage_b_in_a,0.0,5000,13,0.1,0.5477225575051662,5.477225575051661,23,22,0.0
zdt1_interval,cw,coverage_a_in_b,0.0,5000,13,0.2,1.0954451150103324,5.477225575051661,23,22,0.0
zdt1_interval,cw,coverage_b_in_a,0.0,5000,13,0.2,1.0954451150103324,5.477225575051661,23,22,0.0
zdt1_interval,cw,coverage_a_in_b,0.0,5000,13,0.3,1.6431676725154982,5.477225575051661,23,22,0.30434782608695654
zdt1_interval,cw,coverage_b_in_a,0.0,5000,13,0.3,1.6431676725154982,5.477225575051661,23,22,0.45454545454545453
zdt1_interval,cw,coverage_a_in_b,0.0,5000,13,0.5,2.7386127875258306,5.477225575051661,23,22,1.0
zdt1_interval,cw,coverage_b_in_a,0.0,5000,13,0.5,2.7386127875258306,5.477225575051661,23,22,1.0
zdt1_interval,cw,coverage_a_in_b,0.0,5000,14,0.05,0.2738612787525831,5.477225575051661,22,15,0.0
zdt1_interval,cw,coverage_b_in_a,0.0,5000,14,0.05,0.2738612787525831,5.477225575051661,22,15,0.0
zdt1_interval,cw,coverage_a_in_b,0.0,5000,14,0.1,0.5477225575051662,5.477225575051661,22,15,0.0
zdt1_interval,cw,coverage_b_in_a,0.0,5000,14,0.1,0.5477225575051662,5.477225575051661,22,15,0.0
zdt1_interval,cw,coverage_a_in_b,0.0,5000,14,0.2,1.0954451150103324,5.477225575051661,22,15,0.0
zdt1_interval,cw,coverage_b_in_a,0.0,5000,14,0.2,1.0954451150103324,5.477225575051661,22,15,0.0
zdt1_interval,cw,coverage_a_in_b,0.0,5000,14,0.3,1.6431676725154982,5.477225575051661,22,15,0.22727272727272727
zdt1_interval,cw,coverage_b_in_a,0.0,5000,14,0.3,1.6431676725154982,5.477225575051661,22,15,0.3333333333333333
zdt1_interval,cw,coverage_a_in_b,0.0,5000,14,0.5,2.7386127875258306,5.477225575051661,22,15,1.0
zdt1_interval,cw,coverage_b_in_a,0.0,5000,14,0.5,2.7386127875258306,5.477225575051661,22,15,1.0
zdt1_interval,cw,coverage_a_in_b,0.0,5000,15,0.05,0.2738612787525831,5.477225575051661,15,17,0.0
zdt1_interval,cw,coverage_b_in_a,0.0,5000,15,0.05,0.2738612787525831,5.477225575051661,15,17,0.0
zdt1_interval,cw,coverage_a_in_b,0.0,5000,15,0.1,0.5477225575051662,5.477225575051661,15,17,0.0
zdt1_interval,cw,coverage_b_in_a,0.0,5000,15,0.1,0.5477225575051662,5.477225575051661,15,17,0.0
zdt1_interval,cw,coverage_a_in_b,0.0,5000,15,0.2,1.0954451150103324,5.477225575051661,15,17,0.0
zdt1_interval,cw,coverage_b_in_a,0.0,5000,15,0.2,1.0954451150103324,5.477225575051661,15,17,0.0
zdt1_interval,cw,coverage_a_in_b,0.0,5000,15,0.3,1.6431676725154982,5.477225575051661,15,17,0.4666666666666667
zdt1_interval,cw,coverage_b_in_a,0.0,5000,15,0.3,1.6431676725154982,5.477225575051661,15,17,0.29411764705882354
zdt1_interval,cw,coverage_a_in_b,0.0,5000,15,0.5,2.7386127875258306,5.477225575051661,15,17,1.0
zdt1_interval,cw,coverage_b_in_a,0.0,5000,15,0.5,2.7386127875258306,5.477225575051661,15,17,1.0
zdt1_interval,lu,coverage_a_in_b,0.05,5000,11,0.05,0.2738612787525831,5.477225575051661,26,26,0.0
zdt1_interval,lu,coverage_b_in_a,0.05,5000,11,0.05,0.2738612787525831,5.477225575051661,26,26,0.0
zdt1_interval,lu,coverage_a_in_b,0.05,5000,11,0.1,0.5477225575051662,5.477225575051661,26,26,0.0
zdt1_interval,lu,coverage_b_in_a,0.05,5000,11,0.1,0.5477225575051662,5.477225575051661,26,26,0.0
zdt1_interval,lu,coverage_a_in_b,0.05,5000,11,0.2,1.0954451150103324,5.477225575051661,26,26,0.0
zdt1_interval,lu,coverage_b_in_a,0.05,5000,11,0.2,1.0954451150103324,5.477225575051661,26,26,0.0
zdt1_interval,lu,coverage_a_in_b,0.05,5000,11,0.3,1.6431676725154982,5.477225575051661,26,26,0.4230769230769231
zdt1_interval,lu,coverage_b_in_a,0.05,5000,11,0.3,1.6431676725154982,5.477225575051661,26,26,0.4230769230769231
zdt1_interval,lu,coverage_a_in_b,0.05,5000,11,0.5,2.7386127875258306,5.477225575051661,26,26,1.0
zdt1_interval,lu,coverage_b_in_a,0.05,5000,11,0.5,2.7386127875258306,5.477225575051661,26,26,1.0
zdt1_interval,lu,coverage_a_in_b,0.05,5000,12,0.05,0.2738612787525831,5.477225575051661,26,34,0.0
zdt1_interval,lu,coverage_b_in_a,0.05,5000,12,0.05,0.2738612787525831,5.477225575051661,26,34,0.0
zdt1_interval,lu,coverage_a_in_b,0.05,5000,12,0.1,0.5477225575051662,5.477225575051661,26,34,0.0
zdt1_interval,lu,coverage_b_in_a,0.05,5000,12,0.1,0.5477225575051662,5.477225575051661,26,34,0.0
zdt1_interval,lu,coverage_a_in_b,0.05,5000,12,0.2,1.0954451150103324,5.477225575051661,26,34,0.0
zdt1_interval,lu,coverage_b_in_a,0.05,5000,12,0.2,1.0954451150103324,5.477225575051661,26,34,0.0
zdt1_interval,lu,coverage_a_in_b,0.05,5000,12,0.3,1.6431676725154982,5.477225575051661,26,34,0.4230769230769231
zdt1_interval,lu,coverage_b_in_a,0.05,5000,12,0.3,1.6431676725154982,5.477225575051661,26,34,0.29411764705882354
zdt1_interval,lu,coverage_a_in_b,0.05,5000,12,0.5,2.7386127875258306,5.477225575051661,26,34,1.0
zdt1_interval,lu,coverage_b_in_a,0.05,5000,12,0.5,2.7386127875258306,5.477225575051661,26,34,1.0
zdt1_interval,lu,coverage_a_in_b,0.05,5000,13,0.05,0.2738612787525831,5.477225575051661,34,36,0.0
zdt1_interval,lu,coverage_b_in_a,0.05,5000,13,0.05,0.2738612787525831,5.477225575051661,34,36,0.0
zdt1_interval,lu,coverage_a_in_b,0.05,5000,13,0.1,0.5477225575051662,5.477225575051661,34,36,0.0
zdt1_interval,lu,coverage_b_in_a,0.05,5000,13,0.1,0.5477225575051662,5.477225575051661,34,36,0.0
zdt1_interval,lu,coverage_a_in_b,0.05,5000,13,0.2,1.0954451150103324,5.477225575051661,34,36,0.0
zdt1_interval,lu,coverage_b_in_a,0.05,5000,13,0.2,1.0954451150103324,5.477225575051661,34,36,0.0
zdt1_interval,lu,coverage_a_in_b,0.05,5000,13,0.3,1.6431676725154982,5.477225575051661,34,36,0.23529411764705882
zdt1_interval,lu,coverage_b_in_a,0.05,5000,13,0.3,1.6431676725154982,5.477225575051661,34,36,0.3888888888888889
zdt1_interval,lu,coverage_a_in_b,0.05,5000,13,0.5,2.7386127875258306,5.477225575051661,34,36,1.0
zdt1_interval,lu,coverage_b_in_a,0.05,5000,13,0.5,2.7386127875258306,5.477225575051661,34,36,1.0
zdt1_interval,lu,coverage_a_in_b,0.05,5000,14,0.05,0.2738612787525831,5.477225575051661,36,20,0.0
zdt1_interval,lu,coverage_b_in_a,0.05,5000,14,0.05,0.2738612787525831,5.477225575051661,36,20,0.0
zdt1_interval,lu,coverage_a_in_b,0.05,5000,14,0.1,0.5477225575051662,5.477225575051661,36,20,0.0
zdt1_interval,lu,coverage_b_in_a,0.05,5000,14,0.1,0.5477225575051662,5.477225575051661,36,20,0.0
zdt1_interval,lu,coverage_a_in_b,0.05,5000,14,0.2,1.0954451150103324,5.477225575051661,36,20,0.0
zdt1_interval,lu,coverage_b_in_a,0.05,5000,14,0.2,1.0954451150103324,5.477225575051661,36,20,0.0
zdt1_interval,lu,coverage_a_in_b,0.05,5000,14,0.3,1.6431676725154982,5.477225575051661,36,20,0.3611111111111111
zdt1_interval,lu,coverage_b_in_a,0.05,5000,14,0.3,1.6431676725154982,5.477225575051661,36,20,0.55
zdt1_interval,lu,coverage_a_in_b,0.05,5000,14,0.5,2.7386127875258306,5.477225575051661,36,20,1.0
zdt1_interval,lu,coverage_b_in_a,0.05,5000,14,0.5,2.7386127875258306,5.477225575051661,36,20,1.0
zdt1_interval,lu,coverage_a_in_b,0.05,5000,15,0.05,0.2738612787525831,5.477225575051661,20,26,0.0
zdt1_interval,lu,coverage_b_in_a,0.05,5000,15,0.05,0.2738612787525831,5.477225575051661,20,26,0.0
zdt1_interval,lu,coverage_a_in_b,0.05,5000,15,0.1,0.5477225575051662,5.477225575051661,20,26,0.0
zdt1_interval,lu,coverage_b_in_a,0.05,5000,15,0.1,0.5477225575051662,5.477225575051661,20,26,0.0
zdt1_interval,lu,coverage_a_in_b,0.05,5000,15,0.2,1.0954451150103324,5.477225575051661,20,26,0.0
zdt1_interval,lu,coverage_b_in_a,0.05,5000,15,0.2,1.0954451150103324,5.477225575051661,20,26,0.0
zdt1_interval,lu,coverage_a_in_b,0.05,5000,15,0.3,1.6431676725154982,5.477225575051661,20,26,0.4
zdt1_interval,lu,coverage_b_in_a,0.05,5000,15,0.3,1.6431676725154982,5.477225575051661,20,26,0.19230769230769232
zdt1_interval,lu,coverage_a_in_b,0.05,5000,15,0.5,2.7386127875258306,5.477225575051661,20,26,1.0
zdt1_interval,lu,coverage_b_in_a,0.05,5000,15,0.5,2.7386127875258306,5.477225575051661,20,26,1.0
zdt1_interval,ls,coverage_a_in_b,0.05,5000,11,0.05,0.2738612787525831,5.477225575051661,304,270,0.0
zdt1_interval,ls,coverage_b_in_a,0.05,5000,11,0.05,0.2738612787525831,5.477225575051661,304,270,0.0
zdt1_interval,ls,coverage_a_in_b,0.05,5000,11,0.1,0.5477225575051662,5.477225575051661,304,270,0.0
zdt1_interval,ls,coverage_b_in_a,0.05,5000,11,0.1,0.5477225575051662,5.477225575051661,304,270,0.0
zdt1_interval,ls,coverage_a_in_b,0.05,5000,11,0.2,1.0954451150103324,5.477225575051661,304,270,0.0
zdt1_interval,ls,coverage_b_in_a,0.05,5000,11,0.2,1.0954451150103324,5.477225575051661,304,270,0.0
zdt1_interval,ls,coverage_a_in_b,0.05,5000,11,0.3,1.6431676725154982,5.477225575051661,304,270,0.881578947368421
zdt1_interval,ls,coverage_b_in_a,0.05,5000,11,0.3,1.6431676725154982,5.477225575051661,304,270,0.8777777777777778
zdt1_interval,ls,coverage_a_in_b,0.05,5000,11,0.5,2.7386127875258306,5.477225575051661,304,270,1.0
zdt1_interval,ls,coverage_b_in_a,0.05,5000,11,0.5,2.7386127875258306,5.477225575051661,304,270,1.0
zdt1_interval,ls,coverage_a_in_b,0.05,5000,12,0.05,0.2738612787525831,5.477225575051661,270,274,0.0
zdt1_interval,ls,coverage_b_in_a,0.05,5000,12,0.05,0.2738612787525831,5.477225575051661,270,274,0.0
zdt1_interval,ls,coverage_a_in_b,0.05,5000,12,0.1,0.5477225575051662,5.477225575051661,270,274,0.0
zdt1_interval,ls,coverage_b_in_a,0.05,5000,12,0.1,0.5477225575051662,5.477225575051661,270,274,0.0
zdt1_interval,ls,coverage_a_in_b,0.05,5000,12,0.2,1.0954451150103324,5.477225575051661,270,274,0.0
zdt1_interval,ls,coverage_b_in_a,0.05,5000,12,0.2,1.0954451150103324,5.477225575051661,270,274,0.0
zdt1_interval,ls,coverage_a_in_b,0.05,5000,12,0.3,1.6431676725154982,5.477225575051661,270,274,0.8851851851851852
zdt1_interval,ls,coverage_b_in_a,0.05,5000,12,0.3,1.6431676725154982,5.477225575051661,270,274,0.8868613138686131
zdt1_interval,ls,coverage_a_in_b,0.05,5000,12,0.5,2.7386127875258306,5.477225575051661,270,274,1.0
zdt1_interval,ls,coverage_b_in_a,0.05,5000,12,0.5,2.7386127875258306,5.477225575051661,270,274,1.0
zdt1_interval,ls,coverage_a_in_b,0.05,5000,13,0.05,0.2738612787525831,5.477225575051661,274,269,0.0
zdt1_interval,ls,coverage_b_in_a,0.05,5000,13,0.05,0.2738612787525831,5.477225575051661,274,269,0.0
zdt1_interval,ls,coverage_a_in_b,0.05,5000,13,0.1,0.5477225575051662,5.477225575051661,274,269,0.0
zdt1_interval,ls,coverage_b_in_a,0.05,5000,13,0.1,0.5477225575051662,5.477225575051661,274,269,0.0
zdt1_interval,ls,coverage_a_in_b,0.05,5000,13,0.2,1.0954451150103324,5.477225575051661,274,269,0.0
zdt1_interval,ls,coverage_b_in_a,0.05,5000,13,0.2,1.0954451150103324,5.477225575051661,274,269,0.0
zdt1_interval,ls,coverage_a_in_b,0.05,5000,13,0.3,1.6431676725154982,5.477225575051661,274,269,0.8978102189781022
zdt1_interval,ls,coverage_b_in_a,0.05,5000,13,0.3,1.6431676725154982,5.477225575051661,274,269,0.8810408921933085
zdt1_interval,ls,coverage_a_in_b,0.05,5000,13,0.5,2.7386127875258306,5.477225575051661,274,269,1.0
zdt1_interval,ls,coverage_b_in_a,0.05,5000,13,0.5,2.7386127875258306,5.477225575051661,274,269,1.0
zdt1_interval,ls,coverage_a_in_b,0.05,5000,14,0.05,0.2738612787525831,5.477225575051661,269,285,0.0
zdt1_interval,ls,coverage_b_in_a,0.05,5000,14,0.05,0.2738612787525831,5.477225575051661,269,285,0.0
zdt1_interval,ls,coverage_a_in_b,0.05,5000,14,0.1,0.5477225575051662,5.477225575051661,269,285,0.0
zdt1_interval,ls,coverage_b_in_a,0.05,5000,14,0.1,0.5477225575051662,5.477225575051661,269,285,0.0
zdt1_interval,ls,coverage_a_in_b,0.05,5000,14,0.2,1.0954451150103324,5.477225575051661,269,285,0.007434944237918215
zdt1_interval,ls,coverage_b_in_a,0.05,5000,14,0.2,1.0954451150103324,5.477225575051661,269,285,0.007017543859649123
zdt1_interval,ls,coverage_a_in_b,0.05,5000,14,0.3,1.6431676725154982,5.477225575051661,269,285,0.9033457249070632
zdt1_interval,ls,coverage_b_in_a,0.05,5000,14,0.3,1.6431676725154982,5.477225575051661,269,285,0.8842105263157894
zdt1_interval,ls,coverage_a_in_b,0.05,5000,14,0.5,2.7386127875258306,5.477225575051661,269,285,1.0
zdt1_interval,ls,coverage_b_in_a,0.05,5000,14,0.5,2.7386127875258306,5.477225575051661,269,285,1.0
zdt1_interval,ls,coverage_a_in_b,0.05,5000,15,0.05,0.2738612787525831,5.477225575051661,285,304,0.0
zdt1_interval,ls,coverage_b_in_a,0.05,5000,15,0.05,0.2738612787525831,5.477225575051661,285,304,0.0
zdt1_interval,ls,coverage_a_in_b,0.05,5000,15,0.1,0.5477225575051662,5.477225575051661,285,304,0.0
zdt1_interval,ls,coverage_b_in_a,0.05,5000,15,0.1,0.5477225575051662,5.477225575051661,285,304,0.0
zdt1_interval,ls,coverage_a_in_b,0.05,5000,15,0.2,1.0954451150103324,5.477225575051661,285,304,0.0
zdt1_interval,ls,coverage_b_in_a,0.05,5000,15,0.2,1.0954451150103324,5.477225575051661,285,304,0.0
zdt1_interval,ls,coverage_a_in_b,0.05,5000,15,0.3,1.6431676725154982,5.477225575051661,285,304,0.8736842105263158
zdt1_interval,ls,coverage_b_in_a,0.05,5000,15,0.3,1.6431676725154982,5.477225575051661,285,304,0.8881578947368421
zdt1_interval,ls,coverage_a_in_b,0.05,5000,15,0.5,2.7386127875258306,5.477225575051661,285,304,1.0
zdt1_interval,ls,coverage_b_in_a,0.05,5000,15,0.5,2.7386127875258306,5.477225575051661,285,304,1.0
zdt1_interval,cw,coverage_a_in_b,0.05,5000,11,0.05,0.2738612787525831,5.477225575051661,287,250,0.0
zdt1_interval,cw,coverage_b_in_a,0.05,5000,11,0.05,0.2738612787525831,5.477225575051661,287,250,0.0
zdt1_interval,cw,coverage_a_in_b,0.05,5000,11,0.1,0.5477225575051662,5.477225575051661,287,250,0.0
zdt1_interval,cw,coverage_b_in_a,0.05,5000,11,0.1,0.5477225575051662,5.477225575051661,287,250,0.0
zdt1_interval,cw,coverage_a_in_b,0.05,5000,11,0.2,1.0954451150103324,5.477225575051661,287,250,0.0
zdt1_interval,cw,coverage_b_in_a,0.05,5000,11,0.2,1.0954451150103324,5.477225575051661,287,250,0.0
zdt1_interval,cw,coverage_a_in_b,0.05,5000,11,0.3,1.6431676725154982,5.477225575051661,287,250,0.8850174216027874
zdt1_interval,cw,coverage_b_in_a,0.05,5000,11,0.3,1.6431676725154982,5.477225575051661,287,250,0.892
zdt1_interval,cw,coverage_a_in_b,0.05,5000,11,0.5,2.7386127875258306,5.477225575051661,287,250,1.0
zdt1_interval,cw,coverage_b_in_a,0.05,5000,11,0.5,2.7386127875258306,5.477225575051661,287,250,1.0
zdt1_interval,cw,coverage_a_in_b,0.05,5000,12,0.05,0.2738612787525831,5.477225575051661,250,257,0.0
zdt1_interval,cw,coverage_b_in_a,0.05,5000,12,0.05,0.2738612787525831,5.477225575051661,250,257,0.0
zdt1_interval,cw,coverage_a_in_b,0.05,5000,12,0.1,0.5477225575051662,5.477225575051661,250,257,0.0
zdt1_interval,cw,coverage_b_in_a,0.05,5000,12,0.1,0.5477225575051662,5.477225575051661,250,257,0.0
zdt1_interval,cw,coverage_a_in_b,0.05,5000,12,0.2,1.0954451150103324,5.477225575051661,250,257,0.0
zdt1_interval,cw,coverage_b_in_a,0.05,5000,12,0.2,1.0954451150103324,5.477225575051661,250,257,0.0
zdt1_interval,cw,coverage_a_in_b,0.05,5000,12,0.3,1.6431676725154982,5.477225575051661,250,257,0.896
zdt1_interval,cw,coverage_b_in_a,0.05,5000,12,0.3,1.6431676725154982,5.477225575051661,250,257,0.8793774319066148
zdt1_interval,cw,coverage_a_in_b,0.05,5000,12,0.5,2.7386127875258306,5.477225575051661,250,257,1.0
zdt1_interval,cw,coverage_b_in_a,0.05,5000,12,0.5,2.7386127875258306,5.477225575051661,250,257,1.0
zdt1_interval,cw,coverage_a_in_b,0.05,5000,13,0.05,0.2738612787525831,5.477225575051661,257,253,0.0
zdt1_interval,cw,coverage_b_in_a,0.05,5000,13,0.05,0.2738612787525831,5.477225575051661,257,253,0.0
zdt1_interval,cw,coverage_a_in_b,0.05,5000,13,0.1,0.5477225575051662,5.477225575051661,257,253,0.0
zdt1_interval,cw,coverage_b_in_a,0.05,5000,13,0.1,0.5477225575051662,5.477225575051661,257,253,0.0
zdt1_interval,cw,coverage_a_in_b,0.05,5000,13,0.2,1.0954451150103324,5.477225575051661,257,253,0.0
zdt1_interval,cw,coverage_b_in_a,0.05,5000,13,0.2,1.0954451150103324,5.477225575051661,257,253,0.0
zdt1_interval,cw,coverage_a_in_b,0.05,5000,13,0.3,1.6431676725154982,5.477225575051661,257,253,0.914396887159533
zdt1_interval,cw,coverage_b_in_a,0.05,5000,13,0.3,1.6431676725154982,5.477225575051661,257,253,0.8932806324110671
zdt1_interval,cw,coverage_a_in_b,0.05,5000,13,0.5,2.7386127875258306,5.477225575051661,257,253,1.0
zdt1_interval,cw,coverage_b_in_a,0.05,5000,13,0.5,2.7386127875258306,5.477225575051661,257,253,1.0
zdt1_interval,cw,coverage_a_in_b,0.05,5000,14,0.05,0.2738612787525831,5.477225575051661,253,271,0.0
zdt1_interval,cw,coverage_b_in_a,0.05,5000,14,0.05,0.2738612787525831,5.477225575051661,253,271,0.0
zdt1_interval,cw,coverage_a_in_b,0.05,5000,14,0.1,0.5477225575051662,5.477225575051661,253,271,0.0
zdt1_interval,cw,coverage_b_in_a,0.05,5000,14,0.1,0.5477225575051662,5.477225575051661,253,271,0.0
zdt1_interval,cw,coverage_a_in_b,0.05,5000,14,0.2,1.0954451150103324,5.477225575051661,253,271,0.003952569169960474
zdt1_interval,cw,coverage_b_in_a,0.05,5000,14,0.2,1.0954451150103324,5.477225575051661,253,271,0.0036900369003690036
zdt1_interval,cw,coverage_a_in_b,0.05,5000,14,0.3,1.6431676725154982,5.477225575051661,253,271,0.9051383399209486
zdt1_interval,cw,coverage_b_in_a,0.05,5000,14,0.3,1.6431676725154982,5.477225575051661,253,271,0.8819188191881919
zdt1_interval,cw,coverage_a_in_b,0.05,5000,14,0.5,2.7386127875258306,5.477225575051661,253,271,1.0
zdt1_interval,cw,coverage_b_in_a,0.05,5000,14,0.5,2.7386127875258306,5.477225575051661,253,271,1.0
zdt1_interval,cw,coverage_a_in_b,0.05,5000,15,0.05,0.2738612787525831,5.477225575051661,271,287,0.0
zdt1_interval,cw,coverage_b_in_a,0.05,5000,15,0.05,0.2738612787525831,5.477225575051661,271,287,0.0
zdt1_interval,cw,coverage_a_in_b,0.05,5000,15,0.1,0.5477225575051662,5.477225575051661,271,287,0.0
zdt1_interval,cw,coverage_b_in_a,0.05,5000,15,0.1,0.5477225575051662,5.477225575051661,271,287,0.0
zdt1_interval,cw,coverage_a_in_b,0.05,5000,15,0.2,1.0954451150103324,5.477225575051661,271,287,0.0
zdt1_interval,cw,coverage_b_in_a,0.05,5000,15,0.2,1.0954451150103324,5.477225575051661,271,287,0.0
zdt1_interval,cw,coverage_a_in_b,0.05,5000,15,0.3,1.6431676725154982,5.477225575051661,271,287,0.8745387453874539
zdt1_interval,cw,coverage_b_in_a,0.05,5000,15,0.3,1.6431676725154982,5.477225575051661,271,287,0.8850174216027874
zdt1_interval,cw,coverage_a_in_b,0.05,5000,15,0.5,2.7386127875258306,5.477225575051661,271,287,1.0
zdt1_interval,cw,coverage_b_in_a,0.05,5000,15,0.5,2.7386127875258306,5.477225575051661,271,287,1.0
zdt1_interval,lu,coverage_a_in_b,0.1,5000,11,0.05,0.2738612787525831,5.477225575051661,32,36,0.0
zdt1_interval,lu,coverage_b_in_a,0.1,5000,11,0.05,0.2738612787525831,5.477225575051661,32,36,0.0
zdt1_interval,lu,coverage_a_in_b,0.1,5000,11,0.1,0.5477225575051662,5.477225575051661,32,36,0.0
zdt1_interval,lu,coverage_b_in_a,0.1,5000,11,0.1,0.5477225575051662,5.477225575051661,32,36,0.0
zdt1_interval,lu,coverage_a_in_b,0.1,5000,11,0.2,1.0954451150103324,5.477225575051661,32,36,0.0
zdt1_interval,lu,coverage_b_in_a,0.1,5000,11,0.2,1.0954451150103324,5.477225575051661,32,36,0.0
zdt1_interval,lu,coverage_a_in_b,0.1,5000,11,0.3,1.6431676725154982,5.477225575051661,32,36,0.4375
zdt1_interval,lu,coverage_b_in_a,0.1,5000,11,0.3,1.6431676725154982,5.477225575051661,32,36,0.4166666666666667
zdt1_interval,lu,coverage_a_in_b,0.1,5000,11,0.5,2.7386127875258306,5.477225575051661,32,36,1.0
zdt1_interval,lu,coverage_b_in_a,0.1,5000,11,0.5,2.7386127875258306,5.477225575051661,32,36,1.0
zdt1_interval,lu,coverage_a_in_b,0.1,5000,12,0.05,0.2738612787525831,5.477225575051661,36,43,0.0
zdt1_interval,lu,coverage_b_in_a,0.1,5000,12,0.05,0.2738612787525831,5.477225575051661,36,43,0.0
zdt1_interval,lu,coverage_a_in_b,0.1,5000,12,0.1,0.5477225575051662,5.477225575051661,36,43,0.0
zdt1_interval,lu,coverage_b_in_a,0.1,5000,12,0.1,0.5477225575051662,5.477225575051661,36,43,0.0
zdt1_interval,lu,coverage_a_in_b,0.1,5000,12,0.2,1.0954451150103324,5.477225575051661,36,43,0.0
zdt1_interval,lu,coverage_b_in_a,0.1,5000,12,0.2,1.0954451150103324,5.477225575051661,36,43,0.0
zdt1_interval,lu,coverage_a_in_b,0.1,5000,12,0.3,1.6431676725154982,5.477225575051661,36,43,0.4166666666666667
zdt1_interval,lu,coverage_b_in_a,0.1,5000,12,0.3,1.6431676725154982,5.477225575051661,36,43,0.37209302325581395
zdt1_interval,lu,coverage_a_in_b,0.1,5000,12,0.5,2.7386127875258306,5.477225575051661,36,43,1.0
zdt1_interval,lu,coverage_b_in_a,0.1,5000,12,0.5,2.7386127875258306,5.477225575051661,36,43,1.0
zdt1_interval,lu,coverage_a_in_b,0.1,5000,13,0.05,0.2738612787525831,5.477225575051661,43,43,0.0
zdt1_interval,lu,coverage_b_in_a,0.1,5000,13,0.05,0.2738612787525831,5.477225575051661,43,43,0.0
zdt1_interval,lu,coverage_a_in_b,0.1,5000,13,0.1,0.5477225575051662,5.477225575051661,43,43,0.0
zdt1_interval,lu,coverage_b_in_a,0.1,5000,13,0.1,0.5477225575051662,5.477225575051661,43,43,0.0
zdt1_interval,lu,coverage_a_in_b,0.1,5000,13,0.2,1.0954451150103324,5.477225575051661,43,43,0.0
zdt1_interval,lu,coverage_b_in_a,0.1,5000,13,0.2,1.0954451150103324,5.477225575051661,43,43,0.0
zdt1_interval,lu,coverage_a_in_b,0.1,5000,13,0.3,1.6431676725154982,5.477225575051661,43,43,0.27906976744186046
zdt1_interval,lu,coverage_b_in_a,0.1,5000,13,0.3,1.6431676725154982,5.477225575051661,43,43,0.3953488372093023
zdt1_interval,lu,coverage_a_in_b,0.1,5000,13,0.5,2.7386127875258306,5.477225575051661,43,43,1.0
zdt1_interval,lu,coverage_b_in_a,0.1,5000,13,0.5,2.7386127875258306,5.477225575051661,43,43,1.0
zdt1_interval,lu,coverage_a_in_b,0.1,5000,14,0.05,0.2738612787525831,5.477225575051661,43,29,0.0
zdt1_interval,lu,coverage_b_in_a,0.1,5000,14,0.05,0.2738612787525831,5.477225575051661,43,29,0.0
zdt1_interval,lu,coverage_a_in_b,0.1,5000,14,0.1,0.5477225575051662,5.477225575051661,43,29,0.0
zdt1_interval,lu,coverage_b_in_a,0.1,5000,14,0.1,0.5477225575051662,5.477225575051661,43,29,0.0
zdt1_interval,lu,coverage_a_in_b,0.1,5000,14,0.2,1.0954451150103324,5.477225575051661,43,29,0.0
zdt1_interval,lu,coverage_b_in_a,0.1,5000,14,0.2,1.0954451150103324,5.477225575051661,43,29,0.0
zdt1_interval,lu,coverage_a_in_b,0.1,5000,14,0.3,1.6431676725154982,5.477225575051661,43,29,0.46511627906976744
zdt1_interval,lu,coverage_b_in_a,0.1,5000,14,0.3,1.6431676725154982,5.477225575051661,43,29,0.5517241379310345
zdt1_interval,lu,coverage_a_in_b,0.1,5000,14,0.5,2.7386127875258306,5.477225575051661,43,29,1.0
zdt1_interval,lu,coverage_b_in_a,0.1,5000,14,0.5,2.7386127875258306,5.477225575051661,43,29,1.0
zdt1_interval,lu,coverage_a_in_b,0.1,5000,15,0.05,0.2738612787525831,5.477225575051661,29,32,0.0
zdt1_interval,lu,coverage_b_in_a,0.1,5000,15,0.05,0.2738612787525831,5.477225575051661,29,32,0.0
zdt1_interval,lu,coverage_a_in_b,0.1,5000,15,0.1,0.5477225575051662,5.477225575051661,29,32,0.0
zdt1_interval,lu,coverage_b_in_a,0.1,5000,15,0.1,0.5477225575051662,5.477225575051661,29,32,0.0
zdt1_interval,lu,coverage_a_in_b,0.1,5000,15,0.2,1.0954451150103324,5.477225575051661,29,32,0.0
zdt1_interval,lu,coverage_b_in_a,0.1,5000,15,0.2,1.0954451150103324,5.477225575051661,29,32,0.0
zdt1_interval,lu,coverage_a_in_b,0.1,5000,15,0.3,1.6431676725154982,5.477225575051661,29,32,0.4482758620689655
zdt1_interval,lu,coverage_b_in_a,0.1,5000,15,0.3,1.6431676725154982,5.477225575051661,29,32,0.34375
zdt1_interval,lu,coverage_a_in_b,0.1,5000,15,0.5,2.7386127875258306,5.477225575051661,29,32,1.0
zdt1_interval,lu,coverage_b_in_a,0.1,5000,15,0.5,2.7386127875258306,5.477225575051661,29,32,1.0
zdt1_interval,ls,coverage_a_in_b,0.1,5000,11,0.05,0.2738612787525831,5.477225575051661,316,290,0.0
zdt1_interval,ls,coverage_b_in_a,0.1,5000,11,0.05,0.2738612787525831,5.477225575051661,316,290,0.0
zdt1_interval,ls,coverage_a_in_b,0.1,5000,11,0.1,0.5477225575051662,5.477225575051661,316,290,0.0
zdt1_interval,ls,coverage_b_in_a,0.1,5000,11,0.1,0.5477225575051662,5.477225575051661,316,290,0.0
zdt1_interval,ls,coverage_a_in_b,0.1,5000,11,0.2,1.0954451150103324,5.477225575051661,316,290,0.0
zdt1_interval,ls,coverage_b_in_a,0.1,5000,11,0.2,1.0954451150103324,5.477225575051661,316,290,0.0
zdt1_interval,ls,coverage_a_in_b,0.1,5000,11,0.3,1.6431676725154982,5.477225575051661,316,290,0.8860759493670886
zdt1_interval,ls,coverage_b_in_a,0.1,5000,11,0.3,1.6431676725154982,5.477225575051661,316,290,0.8689655172413793
zdt1_interval,ls,coverage_a_in_b,0.1,5000,11,0.5,2.7386127875258306,5.477225575051661,316,290,1.0
zdt1_interval,ls,coverage_b_in_a,0.1,5000,11,0.5,2.7386127875258306,5.477225575051661,316,290,1.0
zdt1_interval,ls,coverage_a_in_b,0.1,5000,12,0.05,0.2738612787525831,5.477225575051661,290,290,0.0
zdt1_interval,ls,coverage_b_in_a,0.1,5000,12,0.05,0.2738612787525831,5.477225575051661,290,290,0.0
zdt1_interval,ls,coverage_a_in_b,0.1,5000,12,0.1,0.5477225575051662,5.477225575051661,290,290,0.0
zdt1_interval,ls,coverage_b_in_a,0.1,5000,12,0.1,0.5477225575051662,5.477225575051661,290,290,0.0
zdt1_interval,ls,coverage_a_in_b,0.1,5000,12,0.2,1.0954451150103324,5.477225575051661,290,290,0.0
zdt1_interval,ls,coverage_b_in_a,0.1,5000,12,0.2,1.0954451150103324,5.477225575051661,290,290,0.0
zdt1_interval,ls,coverage_a_in_b,0.1,5000,12,0.3,1.6431676725154982,5.477225575051661,290,290,0.9
zdt1_interval,ls,coverage_b_in_a,0.1,5000,12,0.3,1.6431676725154982,5.477225575051661,290,290,0.8931034482758621
zdt1_interval,ls,coverage_a_in_b,0.1,5000,12,0.5,2.7386127875258306,5.477225575051661,290,290,1.0
zdt1_interval,ls,coverage_b_in_a,0.1,5000,12,0.5,2.7386127875258306,5.477225575051661,290,290,1.0
zdt1_interval,ls,coverage_a_in_b,0.1,5000,13,0.05,0.2738612787525831,5.477225575051661,290,278,0.0
zdt1_interval,ls,coverage_b_in_a,0.1,5000,13,0.05,0.2738612787525831,5.477225575051661,290,278,0.0
zdt1_interval,ls,coverage_a_in_b,0.1,5000,13,0.1,0.5477225575051662,5.477225575051661,290,278,0.0
zdt1_interval,ls,coverage_b_in_a,0.1,5000,13,0.1,0.5477225575051662,5.477225575051661,290,278,0.0
zdt1_interval,ls,coverage_a_in_b,0.1,5000,13,0.2,1.0954451150103324,5.477225575051661,290,278,0.0
zdt1_interval,ls,coverage_b_in_a,0.1,5000,13,0.2,1.0954451150103324,5.477225575051661,290,278,0.0
zdt1_interval,ls,coverage_a_in_b,0.1,5000,13,0.3,1.6431676725154982,5.477225575051661,290,278,0.8931034482758621
zdt1_interval,ls,coverage_b_in_a,0.1,5000,13,0.3,1.6431676725154982,5.477225575051661,290,278,0.8812949640287769
zdt1_interval,ls,coverage_a_in_b,0.1,5000,13,0.5,2.7386127875258306,5.477225575051661,290,278,1.0
zdt1_interval,ls,coverage_b_in_a,0.1,5000,13,0.5,2.7386127875258306,5.477225575051661,290,278,1.0
zdt1_interval,ls,coverage_a_in_b,0.1,5000,14,0.05,0.2738612787525831,5.477225575051661,278,296,0.0
zdt1_interval,ls,coverage_b_in_a,0.1,5000,14,0.05,0.2738612787525831,5.477225575051661,278,296,0.0
zdt1_interval,ls,coverage_a_in_b,0.1,5000,14,0.1,0.5477225575051662,5.477225575051661,278,296,0.0
zdt1_interval,ls,coverage_b_in_a,0.1,5000,14,0.1,0.5477225575051662,5.477225575051661,278,296,0.0
zdt1_interval,ls,coverage_a_in_b,0.1,5000,14,0.2,1.0954451150103324,5.477225575051661,278,296,0.007194244604316547
zdt1_interval,ls,coverage_b_in_a,0.1,5000,14,0.2,1.0954451150103324,5.477225575051661,278,296,0.006756756756756757
zdt1_interval,ls,coverage_a_in_b,0.1,5000,14,0.3,1.6431676725154982,5.477225575051661,278,296,0.89568345323741
zdt1_interval,ls,coverage_b_in_a,0.1,5000,14,0.3,1.6431676725154982,5.477225575051661,278,296,0.8783783783783784
zdt1_interval,ls,coverage_a_in_b,0.1,5000,14,0.5,2.7386127875258306,5.477225575051661,278,296,1.0
zdt1_interval,ls,coverage_b_in_a,0.1,5000,14,0.5,2.7386127875258306,5.477225575051661,278,296,1.0
zdt1_interval,ls,coverage_a_in_b,0.1,5000,15,0.05,0.2738612787525831,5.477225575051661,296,316,0.0
zdt1_interval,ls,coverage_b_in_a,0.1,5000,15,0.05,0.2738612787525831,5.477225575051661,296,316,0.0
zdt1_interval,ls,coverage_a_in_b,0.1,5000,15,0.1,0.5477225575051662,5.477225575051661,296,316,0.0
zdt1_interval,ls,coverage_b_in_a,0.1,5000,15,0.1,0.5477225575051662,5.477225575051661,296,316,0.0
zdt1_interval,ls,coverage_a_in_b,0.1,5000,15,0.2,1.0954451150103324,5.477225575051661,296,316,0.0
zdt1_interval,ls,coverage_b_in_a,0.1,5000,15,0.2,1.0954451150103324,5.477225575051661,296,316,0.0
zdt1_interval,ls,coverage_a_in_b,0.1,5000,15,0.3,1.6431676725154982,5.477225575051661,296,316,0.8682432432432432
zdt1_interval,ls,coverage_b_in_a,0.1,5000,15,0.3,1.6431676725154982,5.477225575051661,296,316,0.8860759493670886
zdt1_interval,ls,coverage_a_in_b,0.1,5000,15,0.5,2.7386127875258306,5.477225575051661,296,316,1.0
zdt1_interval,ls,coverage_b_in_a,0.1,5000,15,0.5,2.7386127875258306,5.477225575051661,296,316,1.0
zdt1_interval,cw,coverage_a_in_b,0.1,5000,11,0.05,0.2738612787525831,5.477225575051661,287,250,0.0
zdt1_interval,cw,coverage_b_in_a,0.1,5000,11,0.05,0.2738612787525831,5.477225575051661,287,250,0.0
zdt1_interval,cw,coverage_a_in_b,0.1,5000,11,0.1,0.5477225575051662,5.477225575051661,287,250,0.0
zdt1_interval,cw,coverage_b_in_a,0.1,5000,11,0.1,0.5477225575051662,5.477225575051661,287,250,0.0
zdt1_interval,cw,coverage_a_in_b,0.1,5000,11,0.2,1.0954451150103324,5.477225575051661,287,250,0.0
zdt1_interval,cw,coverage_b_in_a,0.1,5000,11,0.2,1.0954451150103324,5.477225575051661,287,250,0.0
zdt1_interval,cw,coverage_a_in_b,0.1,5000,11,0.3,1.6431676725154982,5.477225575051661,287,250,0.8850174216027874
zdt1_interval,cw,coverage_b_in_a,0.1,5000,11,0.3,1.6431676725154982,5.477225575051661,287,250,0.892
zdt1_interval,cw,coverage_a_in_b,0.1,5000,11,0.5,2.7386127875258306,5.477225575051661,287,250,1.0
zdt1_interval,cw,coverage_b_in_a,0.1,5000,11,0.5,2.7386127875258306,5.477225575051661,287,250,1.0
zdt1_interval,cw,coverage_a_in_b,0.1,5000,12,0.05,0.2738612787525831,5.477225575051661,250,257,0.0
zdt1_interval,cw,coverage_b_in_a,0.1,5000,12,0.05,0.2738612787525831,5.477225575051661,250,257,0.0
zdt1_interval,cw,coverage_a_in_b,0.1,5000,12,0.1,0.5477225575051662,5.477225575051661,250,257,0.0
zdt1_interval,cw,coverage_b_in_a,0.1,5000,12,0.1,0.5477225575051662,5.477225575051661,250,257,0.0
zdt1_interval,cw,coverage_a_in_b,0.1,5000,12,0.2,1.0954451150103324,5.477225575051661,250,257,0.0
zdt1_interval,cw,coverage_b_in_a,0.1,5000,12,0.2,1.0954451150103324,5.477225575051661,250,257,0.0
zdt1_interval,cw,coverage_a_in_b,0.1,5000,12,0.3,1.6431676725154982,5.477225575051661,250,257,0.896
zdt1_interval,cw,coverage_b_in_a,0.1,5000,12,0.3,1.6431676725154982,5.477225575051661,250,257,0.8793774319066148
zdt1_interval,cw,coverage_a_in_b,0.1,5000,12,0.5,2.7386127875258306,5.477225575051661,250,257,1.0
zdt1_interval,cw,coverage_b_in_a,0.1,5000,12,0.5,2.7386127875258306,5.477225575051661,250,257,1.0
zdt1_interval,cw,coverage_a_in_b,0.1,5000,13,0.05,0.2738612787525831,5.477225575051661,257,253,0.0
zdt1_interval,cw,coverage_b_in_a,0.1,5000,13,0.05,0.2738612787525831,5.477225575051661,257,253,0.0
zdt1_interval,cw,coverage_a_in_b,0.1,5000,13,0.1,0.5477225575051662,5.477225575051661,257,253,0.0
zdt1_interval,cw,coverage_b_in_a,0.1,5000,13,0.1,0.5477225575051662,5.477225575051661,257,253,0.0
zdt1_interval,cw,coverage_a_in_b,0.1,5000,13,0.2,1.0954451150103324,5.477225575051661,257,253,0.0
zdt1_interval,cw,coverage_b_in_a,0.1,5000,13,0.2,1.0954451150103324,5.477225575051661,257,253,0.0
zdt1_interval,cw,coverage_a_in_b,0.1,5000,13,0.3,1.6431676725154982,5.477225575051661,257,253,0.914396887159533
zdt1_interval,cw,coverage_b_in_a,0.1,5000,13,0.3,1.6431676725154982,5.477225575051661,257,253,0.8932806324110671
zdt1_interval,cw,coverage_a_in_b,0.1,5000,13,0.5,2.7386127875258306,5.477225575051661,257,253,1.0
zdt1_interval,cw,coverage_b_in_a,0.1,5000,13,0.5,2.7386127875258306,5.477225575051661,257,253,1.0
zdt1_interval,cw,coverage_a_in_b,0.1,5000,14,0.05,0.2738612787525831,5.477225575051661,253,271,0.0
zdt1_interval,cw,coverage_b_in_a,0.1,5000,14,0.05,0.2738612787525831,5.477225575051661,253,271,0.0
zdt1_interval,cw,coverage_a_in_b,0.1,5000,14,0.1,0.5477225575051662,5.477225575051661,253,271,0.0
zdt1_interval,cw,coverage_b_in_a,0.1,5000,14,0.1,0.5477225575051662,5.477225575051661,253,271,0.0
zdt1_interval,cw,coverage_a_in_b,0.1,5000,14,0.2,1.0954451150103324,5.477225575051661,253,271,0.003952569169960474
zdt1_interval,cw,coverage_b_in_a,0.1,5000,14,0.2,1.0954451150103324,5.477225575051661,253,271,0.0036900369003690036
zdt1_interval,cw,coverage_a_in_b,0.1,5000,14,0.3,1.6431676725154982,5.477225575051661,253,271,0.9051383399209486
zdt1_interval,cw,coverage_b_in_a,0.1,5000,14,0.3,1.6431676725154982,5.477225575051661,253,271,0.8819188191881919
zdt1_interval,cw,coverage_a_in_b,0.1,5000,14,0.5,2.7386127875258306,5.477225575051661,253,271,1.0
zdt1_interval,cw,coverage_b_in_a,0.1,5000,14,0.5,2.7386127875258306,5.477225575051661,253,271,1.0
zdt1_interval,cw,coverage_a_in_b,0.1,5000,15,0.05,0.2738612787525831,5.477225575051661,271,287,0.0
zdt1_interval,cw,coverage_b_in_a,0.1,5000,15,0.05,0.2738612787525831,5.477225575051661,271,287,0.0
zdt1_interval,cw,coverage_a_in_b,0.1,5000,15,0.1,0.5477225575051662,5.477225575051661,271,287,0.0
zdt1_interval,cw,coverage_b_in_a,0.1,5000,15,0.1,0.5477225575051662,5.477225575051661,271,287,0.0
zdt1_interval,cw,coverage_a_in_b,0.1,5000,15,0.2,1.0954451150103324,5.477225575051661,271,287,0.0
zdt1_interval,cw,coverage_b_in_a,0.1,5000,15,0.2,1.0954451150103324,5.477225575051661,271,287,0.0
zdt1_interval,cw,coverage_a_in_b,0.1,5000,15,0.3,1.6431676725154982,5.477225575051661,271,287,0.8745387453874539
zdt1_interval,cw,coverage_b_in_a,0.1,5000,15,0.3,1.6431676725154982,5.477225575051661,271,287,0.8850174216027874
zdt1_interval,cw,coverage_a_in_b,0.1,5000,15,0.5,2.7386127875258306,5.477225575051661,271,287,1.0
zdt1_interval,cw,coverage_b_in_a,0.1,5000,15,0.5,2.7386127875258306,5.477225575051661,271,287,1.0
zdt1_interval,lu,coverage_a_in_b,0.25,5000,11,0.05,0.2738612787525831,5.477225575051661,53,50,0.0
zdt1_interval,lu,coverage_b_in_a,0.25,5000,11,0.05,0.2738612787525831,5.477225575051661,53,50,0.0
zdt1_interval,lu,coverage_a_in_b,0.25,5000,11,0.1,0.5477225575051662,5.477225575051661,53,50,0.0
zdt1_interval,lu,coverage_b_in_a,0.25,5000,11,0.1,0.5477225575051662,5.477225575051661,53,50,0.0
zdt1_interval,lu,coverage_a_in_b,0.25,5000,11,0.2,1.0954451150103324,5.477225575051661,53,50,0.0
zdt1_interval,lu,coverage_b_in_a,0.25,5000,11,0.2,1.0954451150103324,5.477225575051661,53,50,0.0
zdt1_interval,lu,coverage_a_in_b,0.25,5000,11,0.3,1.6431676725154982,5.477225575051661,53,50,0.5283018867924528
zdt1_interval,lu,coverage_b_in_a,0.25,5000,11,0.3,1.6431676725154982,5.477225575051661,53,50,0.48
zdt1_interval,lu,coverage_a_in_b,0.25,5000,11,0.5,2.7386127875258306,5.477225575051661,53,50,1.0
zdt1_interval,lu,coverage_b_in_a,0.25,5000,11,0.5,2.7386127875258306,5.477225575051661,53,50,1.0
zdt1_interval,lu,coverage_a_in_b,0.25,5000,12,0.05,0.2738612787525831,5.477225575051661,50,59,0.0
zdt1_interval,lu,coverage_b_in_a,0.25,5000,12,0.05,0.2738612787525831,5.477225575051661,50,59,0.0
zdt1_interval,lu,coverage_a_in_b,0.25,5000,12,0.1,0.5477225575051662,5.477225575051661,50,59,0.0
zdt1_interval,lu,coverage_b_in_a,0.25,5000,12,0.1,0.5477225575051662,5.477225575051661,50,59,0.0
zdt1_interval,lu,coverage_a_in_b,0.25,5000,12,0.2,1.0954451150103324,5.477225575051661,50,59,0.0
zdt1_interval,lu,coverage_b_in_a,0.25,5000,12,0.2,1.0954451150103324,5.477225575051661,50,59,0.0
zdt1_interval,lu,coverage_a_in_b,0.25,5000,12,0.3,1.6431676725154982,5.477225575051661,50,59,0.48
zdt1_interval,lu,coverage_b_in_a,0.25,5000,12,0.3,1.6431676725154982,5.477225575051661,50,59,0.3898305084745763
zdt1_interval,lu,coverage_a_in_b,0.25,5000,12,0.5,2.7386127875258306,5.477225575051661,50,59,1.0
zdt1_interval,lu,coverage_b_in_a,0.25,5000,12,0.5,2.7386127875258306,5.477225575051661,50,59,1.0
zdt1_interval,lu,coverage_a_in_b,0.25,5000,13,0.05,0.2738612787525831,5.477225575051661,59,59,0.0
zdt1_interval,lu,coverage_b_in_a,0.25,5000,13,0.05,0.2738612787525831,5.477225575051661,59,59,0.0
zdt1_interval,lu,coverage_a_in_b,0.25,5000,13,0.1,0.5477225575051662,5.477225575051661,59,59,0.0
zdt1_interval,lu,coverage_b_in_a,0.25,5000,13,0.1,0.5477225575051662,5.477225575051661,59,59,0.0
zdt1_interval,lu,coverage_a_in_b,0.25,5000,13,0.2,1.0954451150103324,5.477225575051661,59,59,0.0
zdt1_interval,lu,coverage_b_in_a,0.25,5000,13,0.2,1.0954451150103324,5.477225575051661,59,59,0.0
zdt1_interval,lu,coverage_a_in_b,0.25,5000,13,0.3,1.6431676725154982,5.477225575051661,59,59,0.3898305084745763
zdt1_interval,lu,coverage_b_in_a,0.25,5000,13,0.3,1.6431676725154982,5.477225575051661,59,59,0.423728813559322
zdt1_interval,lu,coverage_a_in_b,0.25,5000,13,0.5,2.7386127875258306,5.477225575051661,59,59,1.0
zdt1_interval,lu,coverage_b_in_a,0.25,5000,13,0.5,2.7386127875258306,5.477225575051661,59,59,1.0
zdt1_interval,lu,coverage_a_in_b,0.25,5000,14,0.05,0.2738612787525831,5.477225575051661,59,41,0.0
zdt1_interval,lu,coverage_b_in_a,0.25,5000,14,0.05,0.2738612787525831,5.477225575051661,59,41,0.0
zdt1_interval,lu,coverage_a_in_b,0.25,5000,14,0.1,0.5477225575051662,5.477225575051661,59,41,0.0
zdt1_interval,lu,coverage_b_in_a,0.25,5000,14,0.1,0.5477225575051662,5.477225575051661,59,41,0.0
zdt1_interval,lu,coverage_a_in_b,0.25,5000,14,0.2,1.0954451150103324,5.477225575051661,59,41,0.0
zdt1_interval,lu,coverage_b_in_a,0.25,5000,14,0.2,1.0954451150103324,5.477225575051661,59,41,0.0
zdt1_interval,lu,coverage_a_in_b,0.25,5000,14,0.3,1.6431676725154982,5.477225575051661,59,41,0.4745762711864407
zdt1_interval,lu,coverage_b_in_a,0.25,5000,14,0.3,1.6431676725154982,5.477225575051661,59,41,0.5365853658536586
zdt1_interval,lu,coverage_a_in_b,0.25,5000,14,0.5,2.7386127875258306,5.477225575051661,59,41,1.0
zdt1_interval,lu,coverage_b_in_a,0.25,5000,14,0.5,2.7386127875258306,5.477225575051661,59,41,1.0
zdt1_interval,lu,coverage_a_in_b,0.25,5000,15,0.05,0.2738612787525831,5.477225575051661,41,53,0.0
zdt1_interval,lu,coverage_b_in_a,0.25,5000,15,0.05,0.2738612787525831,5.477225575051661,41,53,0.0
zdt1_interval,lu,coverage_a_in_b,0.25,5000,15,0.1,0.5477225575051662,5.477225575051661,41,53,0.0
zdt1_interval,lu,coverage_b_in_a,0.25,5000,15,0.1,0.5477225575051662,5.477225575051661,41,53,0.0
zdt1_interval,lu,coverage_a_in_b,0.25,5000,15,0.2,1.0954451150103324,5.477225575051661,41,53,0.0
zdt1_interval,lu,coverage_b_in_a,0.25,5000,15,0.2,1.0954451150103324,5.477225575051661,41,53,0.0
zdt1_interval,lu,coverage_a_in_b,0.25,5000,15,0.3,1.6431676725154982,5.477225575051661,41,53,0.5365853658536586
zdt1_interval,lu,coverage_b_in_a,0.25,5000,15,0.3,1.6431676725154982,5.477225575051661,41,53,0.37735849056603776
zdt1_interval,lu,coverage_a_in_b,0.25,5000,15,0.5,2.7386127875258306,5.477225575051661,41,53,1.0
zdt1_interval,lu,coverage_b_in_a,0.25,5000,15,0.5,2.7386127875258306,5.477225575051661,41,53,1.0
zdt1_interval,ls,coverage_a_in_b,0.25,5000,11,0.05,0.2738612787525831,5.477225575051661,352,328,0.0
zdt1_interval,ls,coverage_b_in_a,0.25,5000,11,0.05,0.2738612787525831,5.477225575051661,352,328,0.0
zdt1_interval,ls,coverage_a_in_b,0.25,5000,11,0.1,0.5477225575051662,5.477225575051661,352,328,0.0
zdt1_interval,ls,coverage_b_in_a,0.25,5000,11,0.1,0.5477225575051662,5.477225575051661,352,328,0.0
zdt1_interval,ls,coverage_a_in_b,0.25,5000,11,0.2,1.0954451150103324,5.477225575051661,352,328,0.0
zdt1_interval,ls,coverage_b_in_a,0.25,5000,11,0.2,1.0954451150103324,5.477225575051661,352,328,0.0
zdt1_interval,ls,coverage_a_in_b,0.25,5000,11,0.3,1.6431676725154982,5.477225575051661,352,328,0.8863636363636364
zdt1_interval,ls,coverage_b_in_a,0.25,5000,11,0.3,1.6431676725154982,5.477225575051661,352,328,0.875
zdt1_interval,ls,coverage_a_in_b,0.25,5000,11,0.5,2.7386127875258306,5.477225575051661,352,328,1.0
zdt1_interval,ls,coverage_b_in_a,0.25,5000,11,0.5,2.7386127875258306,5.477225575051661,352,328,1.0
zdt1_interval,ls,coverage_a_in_b,0.25,5000,12,0.05,0.2738612787525831,5.477225575051661,328,323,0.0
zdt1_interval,ls,coverage_b_in_a,0.25,5000,12,0.05,0.2738612787525831,5.477225575051661,328,323,0.0
zdt1_interval,ls,coverage_a_in_b,0.25,5000,12,0.1,0.5477225575051662,5.477225575051661,328,323,0.0
zdt1_interval,ls,coverage_b_in_a,0.25,5000,12,0.1,0.5477225575051662,5.477225575051661,328,323,0.0
zdt1_interval,ls,coverage_a_in_b,0.25,5000,12,0.2,1.0954451150103324,5.477225575051661,328,323,0.0
zdt1_interval,ls,coverage_b_in_a,0.25,5000,12,0.2,1.0954451150103324,5.477225575051661,328,323,0.0
zdt1_interval,ls,coverage_a_in_b,0.25,5000,12,0.3,1.6431676725154982,5.477225575051661,328,323,0.8932926829268293
zdt1_interval,ls,coverage_b_in_a,0.25,5000,12,0.3,1.6431676725154982,5.477225575051661,328,323,0.9071207430340558
zdt1_interval,ls,coverage_a_in_b,0.25,5000,12,0.5,2.7386127875258306,5.477225575051661,328,323,1.0
zdt1_interval,ls,coverage_b_in_a,0.25,5000,12,0.5,2.7386127875258306,5.477225575051661,328,323,1.0
zdt1_interval,ls,coverage_a_in_b,0.25,5000,13,0.05,0.2738612787525831,5.477225575051661,323,304,0.0
zdt1_interval,ls,coverage_b_in_a,0.25,5000,13,0.05,0.2738612787525831,5.477225575051661,323,304,0.0
zdt1_interval,ls,coverage_a_in_b,0.25,5000,13,0.1,0.5477225575051662,5.477225575051661,323,304,0.0
zdt1_interval,ls,coverage_b_in_a,0.25,5000,13,0.1,0.5477225575051662,5.477225575051661,323,304,0.0
zdt1_interval,ls,coverage_a_in_b,0.25,5000,13,0.2,1.0954451150103324,5.477225575051661,323,304,0.0
zdt1_interval,ls,coverage_b_in_a,0.25,5000,13,0.2,1.0954451150103324,5.477225575051661,323,304,0.0
zdt1_interval,ls,coverage_a_in_b,0.25,5000,13,0.3,1.6431676725154982,5.477225575051661,323,304,0.8885448916408669
zdt1_interval,ls,coverage_b_in_a,0.25,5000,13,0.3,1.6431676725154982,5.477225575051661,323,304,0.8914473684210527
zdt1_interval,ls,coverage_a_in_b,0.25,5000,13,0.5,2.7386127875258306,5.477225575051661,323,304,1.0
zdt1_interval,ls,coverage_b_in_a,0.25,5000,13,0.5,2.7386127875258306,5.477225575051661,323,304,1.0
zdt1_interval,ls,coverage_a_in_b,0.25,5000,14,0.05,0.2738612787525831,5.477225575051661,304,331,0.0
zdt1_interval,ls,coverage_b_in_a,0.25,5000,14,0.05,0.2738612787525831,5.477225575051661,304,331,0.0
zdt1_interval,ls,coverage_a_in_b,0.25,5000,14,0.1,0.5477225575051662,5.477225575051661,304,331,0.0
zdt1_interval,ls,coverage_b_in_a,0.25,5000,14,0.1,0.5477225575051662,5.477225575051661,304,331,0.0
zdt1_interval,ls,coverage_a_in_b,0.25,5000,14,0.2,1.0954451150103324,5.477225575051661,304,331,0.006578947368421052
zdt1_interval,ls,coverage_b_in_a,0.25,5000,14,0.2,1.0954451150103324,5.477225575051661,304,331,0.006042296072507553
zdt1_interval,ls,coverage_a_in_b,0.25,5000,14,0.3,1.6431676725154982,5.477225575051661,304,331,0.9046052631578947
zdt1_interval,ls,coverage_b_in_a,0.25,5000,14,0.3,1.6431676725154982,5.477225575051661,304,331,0.879154078549849
zdt1_interval,ls,coverage_a_in_b,0.25,5000,14,0.5,2.7386127875258306,5.477225575051661,304,331,1.0
zdt1_interval,ls,coverage_b_in_a,0.25,5000,14,0.5,2.7386127875258306,5.477225575051661,304,331,1.0
zdt1_interval,ls,coverage_a_in_b,0.25,5000,15,0.05,0.2738612787525831,5.477225575051661,331,352,0.0
zdt1_interval,ls,coverage_b_in_a,0.25,5000,15,0.05,0.2738612787525831,5.477225575051661,331,352,0.0
zdt1_interval,ls,coverage_a_in_b,0.25,5000,15,0.1,0.5477225575051662,5.477225575051661,331,352,0.0
zdt1_interval,ls,coverage_b_in_a,0.25,5000,15,0.1,0.5477225575051662,5.477225575051661,331,352,0.0
zdt1_interval,ls,coverage_a_in_b,0.25,5000,15,0.2,1.0954451150103324,5.477225575051661,331,352,0.0
zdt1_interval,ls,coverage_b_in_a,0.25,5000,15,0.2,1.0954451150103324,5.477225575051661,331,352,0.0
zdt1_interval,ls,coverage_a_in_b,0.25,5000,15,0.3,1.6431676725154982,5.477225575051661,331,352,0.8851963746223565
zdt1_interval,ls,coverage_b_in_a,0.25,5000,15,0.3,1.6431676725154982,5.477225575051661,331,352,0.9005681818181818
zdt1_interval,ls,coverage_a_in_b,0.25,5000,15,0.5,2.7386127875258306,5.477225575051661,331,352,1.0
zdt1_interval,ls,coverage_b_in_a,0.25,5000,15,0.5,2.7386127875258306,5.477225575051661,331,352,1.0
zdt1_interval,cw,coverage_a_in_b,0.25,5000,11,0.05,0.2738612787525831,5.477225575051661,287,250,0.0
zdt1_interval,cw,coverage_b_in_a,0.25,5000,11,0.05,0.2738612787525831,5.477225575051661,287,250,0.0
zdt1_interval,cw,coverage_a_in_b,0.25,5000,11,0.1,0.5477225575051662,5.477225575051661,287,250,0.0
zdt1_interval,cw,coverage_b_in_a,0.25,5000,11,0.1,0.5477225575051662,5.477225575051661,287,250,0.0
zdt1_interval,cw,coverage_a_in_b,0.25,5000,11,0.2,1.0954451150103324,5.477225575051661,287,250,0.0
zdt1_interval,cw,coverage_b_in_a,0.25,5000,11,0.2,1.0954451150103324,5.477225575051661,287,250,0.0
zdt1_interval,cw,coverage_a_in_b,0.25,5000,11,0.3,1.6431676725154982,5.477225575051661,287,250,0.8850174216027874
zdt1_interval,cw,coverage_b_in_a,0.25,5000,11,0.3,1.6431676725154982,5.477225575051661,287,250,0.892
zdt1_interval,cw,coverage_a_in_b,0.25,5000,11,0.5,2.7386127875258306,5.477225575051661,287,250,1.0
zdt1_interval,cw,coverage_b_in_a,0.25,5000,11,0.5,2.7386127875258306,5.477225575051661,287,250,1.0
zdt1_interval,cw,coverage_a_in_b,0.25,5000,12,0.05,0.2738612787525831,5.477225575051661,250,257,0.0
zdt1_interval,cw,coverage_b_in_a,0.25,5000,12,0.05,0.2738612787525831,5.477225575051661,250,257,0.0
zdt1_interval,cw,coverage_a_in_b,0.25,5000,12,0.1,0.5477225575051662,5.477225575051661,250,257,0.0
zdt1_interval,cw,coverage_b_in_a,0.25,5000,12,0.1,0.5477225575051662,5.477225575051661,250,257,0.0
zdt1_interval,cw,coverage_a_in_b,0.25,5000,12,0.2,1.0954451150103324,5.477225575051661,250,257,0.0
zdt1_interval,cw,coverage_b_in_a,0.25,5000,12,0.2,1.0954451150103324,5.477225575051661,250,257,0.0
zdt1_interval,cw,coverage_a_in_b,0.25,5000,12,0.3,1.6431676725154982,5.477225575051661,250,257,0.896
zdt1_interval,cw,coverage_b_in_a,0.25,5000,12,0.3,1.6431676725154982,5.477225575051661,250,257,0.8793774319066148
zdt1_interval,cw,coverage_a_in_b,0.25,5000,12,0.5,2.7386127875258306,5.477225575051661,250,257,1.0
zdt1_interval,cw,coverage_b_in_a,0.25,5000,12,0.5,2.7386127875258306,5.477225575051661,250,257,1.0
zdt1_interval,cw,coverage_a_in_b,0.25,5000,13,0.05,0.2738612787525831,5.477225575051661,257,253,0.0
zdt1_interval,cw,coverage_b_in_a,0.25,5000,13,0.05,0.2738612787525831,5.477225575051661,257,253,0.0
zdt1_interval,cw,coverage_a_in_b,0.25,5000,13,0.1,0.5477225575051662,5.477225575051661,257,253,0.0
zdt1_interval,cw,coverage_b_in_a,0.25,5000,13,0.1,0.5477225575051662,5.477225575051661,257,253,0.0
zdt1_interval,cw,coverage_a_in_b,0.25,5000,13,0.2,1.0954451150103324,5.477225575051661,257,253,0.0
zdt1_interval,cw,coverage_b_in_a,0.25,5000,13,0.2,1.0954451150103324,5.477225575051661,257,253,0.0
zdt1_interval,cw,coverage_a_in_b,0.25,5000,13,0.3,1.6431676725154982,5.477225575051661,257,253,0.914396887159533
zdt1_interval,cw,coverage_b_in_a,0.25,5000,13,0.3,1.6431676725154982,5.477225575051661,257,253,0.8932806324110671
zdt1_interval,cw,coverage_a_in_b,0.25,5000,13,0.5,2.7386127875258306,5.477225575051661,257,253,1.0
zdt1_interval,cw,coverage_b_in_a,0.25,5000,13,0.5,2.7386127875258306,5.477225575051661,257,253,1.0
zdt1_interval,cw,coverage_a_in_b,0.25,5000,14,0.05,0.2738612787525831,5.477225575051661,253,271,0.0
zdt1_interval,cw,coverage_b_in_a,0.25,5000,14,0.05,0.2738612787525831,5.477225575051661,253,271,0.0
zdt1_interval,cw,coverage_a_in_b,0.25,5000,14,0.1,0.5477225575051662,5.477225575051661,253,271,0.0
zdt1_interval,cw,coverage_b_in_a,0.25,5000,14,0.1,0.5477225575051662,5.477225575051661,253,271,0.0
zdt1_interval,cw,coverage_a_in_b,0.25,5000,14,0.2,1.0954451150103324,5.477225575051661,253,271,0.003952569169960474
zdt1_interval,cw,coverage_b_in_a,0.25,5000,14,0.2,1.0954451150103324,5.477225575051661,253,271,0.0036900369003690036
zdt1_interval,cw,coverage_a_in_b,0.25,5000,14,0.3,1.6431676725154982,5.477225575051661,253,271,0.9051383399209486
zdt1_interval,cw,coverage_b_in_a,0.25,5000,14,0.3,1.6431676725154982,5.477225575051661,253,271,0.8819188191881919
zdt1_interval,cw,coverage_a_in_b,0.25,5000,14,0.5,2.7386127875258306,5.477225575051661,253,271,1.0
zdt1_interval,cw,coverage_b_in_a,0.25,5000,14,0.5,2.7386127875258306,5.477225575051661,253,271,1.0
zdt1_interval,cw,coverage_a_in_b,0.25,5000,15,0.05,0.2738612787525831,5.477225575051661,271,287,0.0
zdt1_interval,cw,coverage_b_in_a,0.25,5000,15,0.05,0.2738612787525831,5.477225575051661,271,287,0.0
zdt1_interval,cw,coverage_a_in_b,0.25,5000,15,0.1,0.5477225575051662,5.477225575051661,271,287,0.0
zdt1_interval,cw,coverage_b_in_a,0.25,5000,15,0.1,0.5477225575051662,5.477225575051661,271,287,0.0
zdt1_interval,cw,coverage_a_in_b,0.25,5000,15,0.2,1.0954451150103324,5.477225575051661,271,287,0.0
zdt1_interval,cw,coverage_b_in_a,0.25,5000,15,0.2,1.0954451150103324,5.477225575051661,271,287,0.0
zdt1_interval,cw,coverage_a_in_b,0.25,5000,15,0.3,1.6431676725154982,5.477225575051661,271,287,0.8745387453874539
zdt1_interval,cw,coverage_b_in_a,0.25,5000,15,0.3,1.6431676725154982,5.477225575051661,271,287,0.8850174216027874
zdt1_interval,cw,coverage_a_in_b,0.25,5000,15,0.5,2.7386127875258306,5.477225575051661,271,287,1.0
zdt1_interval,cw,coverage_b_in_a,0.25,5000,15,0.5,2.7386127875258306,5.477225575051661,271,287,1.0
zdt1_interval,lu,coverage_a_in_b,0.5,5000,11,0.05,0.2738612787525831,5.477225575051661,68,67,0.0
zdt1_interval,lu,coverage_b_in_a,0.5,5000,11,0.05,0.2738612787525831,5.477225575051661,68,67,0.0
zdt1_interval,lu,coverage_a_in_b,0.5,5000,11,0.1,0.5477225575051662,5.477225575051661,68,67,0.0
zdt1_interval,lu,coverage_b_in_a,0.5,5000,11,0.1,0.5477225575051662,5.477225575051661,68,67,0.0
zdt1_interval,lu,coverage_a_in_b,0.5,5000,11,0.2,1.0954451150103324,5.477225575051661,68,67,0.0
zdt1_interval,lu,coverage_b_in_a,0.5,5000,11,0.2,1.0954451150103324,5.477225575051661,68,67,0.0
zdt1_interval,lu,coverage_a_in_b,0.5,5000,11,0.3,1.6431676725154982,5.477225575051661,68,67,0.5882352941176471
zdt1_interval,lu,coverage_b_in_a,0.5,5000,11,0.3,1.6431676725154982,5.477225575051661,68,67,0.5074626865671642
zdt1_interval,lu,coverage_a_in_b,0.5,5000,11,0.5,2.7386127875258306,5.477225575051661,68,67,1.0
zdt1_interval,lu,coverage_b_in_a,0.5,5000,11,0.5,2.7386127875258306,5.477225575051661,68,67,1.0
zdt1_interval,lu,coverage_a_in_b,0.5,5000,12,0.05,0.2738612787525831,5.477225575051661,67,92,0.0
zdt1_interval,lu,coverage_b_in_a,0.5,5000,12,0.05,0.2738612787525831,5.477225575051661,67,92,0.0
zdt1_interval,lu,coverage_a_in_b,0.5,5000,12,0.1,0.5477225575051662,5.477225575051661,67,92,0.0
zdt1_interval,lu,coverage_b_in_a,0.5,5000,12,0.1,0.5477225575051662,5.477225575051661,67,92,0.0
zdt1_interval,lu,coverage_a_in_b,0.5,5000,12,0.2,1.0954451150103324,5.477225575051661,67,92,0.0
zdt1_interval,lu,coverage_b_in_a,0.5,5000,12,0.2,1.0954451150103324,5.477225575051661,67,92,0.0
zdt1_interval,lu,coverage_a_in_b,0.5,5000,12,0.3,1.6431676725154982,5.477225575051661,67,92,0.582089552238806
zdt1_interval,lu,coverage_b_in_a,0.5,5000,12,0.3,1.6431676725154982,5.477225575051661,67,92,0.44565217391304346
zdt1_interval,lu,coverage_a_in_b,0.5,5000,12,0.5,2.7386127875258306,5.477225575051661,67,92,1.0
zdt1_interval,lu,coverage_b_in_a,0.5,5000,12,0.5,2.7386127875258306,5.477225575051661,67,92,1.0
zdt1_interval,lu,coverage_a_in_b,0.5,5000,13,0.05,0.2738612787525831,5.477225575051661,92,90,0.0
zdt1_interval,lu,coverage_b_in_a,0.5,5000,13,0.05,0.2738612787525831,5.477225575051661,92,90,0.0
zdt1_interval,lu,coverage_a_in_b,0.5,5000,13,0.1,0.5477225575051662,5.477225575051661,92,90,0.0
zdt1_interval,lu,coverage_b_in_a,0.5,5000,13,0.1,0.5477225575051662,5.477225575051661,92,90,0.0
zdt1_interval,lu,coverage_a_in_b,0.5,5000,13,0.2,1.0954451150103324,5.477225575051661,92,90,0.0
zdt1_interval,lu,coverage_b_in_a,0.5,5000,13,0.2,1.0954451150103324,5.477225575051661,92,90,0.0
zdt1_interval,lu,coverage_a_in_b,0.5,5000,13,0.3,1.6431676725154982,5.477225575051661,92,90,0.5652173913043478
zdt1_interval,lu,coverage_b_in_a,0.5,5000,13,0.3,1.6431676725154982,5.477225575051661,92,90,0.5777777777777777
zdt1_interval,lu,coverage_a_in_b,0.5,5000,13,0.5,2.7386127875258306,5.477225575051661,92,90,1.0
zdt1_interval,lu,coverage_b_in_a,0.5,5000,13,0.5,2.7386127875258306,5.477225575051661,92,90,1.0
zdt1_interval,lu,coverage_a_in_b,0.5,5000,14,0.05,0.2738612787525831,5.477225575051661,90,66,0.0
zdt1_interval,lu,coverage_b_in_a,0.5,5000,14,0.05,0.2738612787525831,5.477225575051661,90,66,0.0
zdt1_interval,lu,coverage_a_in_b,0.5,5000,14,0.1,0.5477225575051662,5.477225575051661,90,66,0.0
zdt1_interval,lu,coverage_b_in_a,0.5,5000,14,0.1,0.5477225575051662,5.477225575051661,90,66,0.0
zdt1_interval,lu,coverage_a_in_b,0.5,5000,14,0.2,1.0954451150103324,5.477225575051661,90,66,0.0
zdt1_interval,lu,coverage_b_in_a,0.5,5000,14,0.2,1.0954451150103324,5.477225575051661,90,66,0.0
zdt1_interval,lu,coverage_a_in_b,0.5,5000,14,0.3,1.6431676725154982,5.477225575051661,90,66,0.5555555555555556
zdt1_interval,lu,coverage_b_in_a,0.5,5000,14,0.3,1.6431676725154982,5.477225575051661,90,66,0.6515151515151515
zdt1_interval,lu,coverage_a_in_b,0.5,5000,14,0.5,2.7386127875258306,5.477225575051661,90,66,1.0
zdt1_interval,lu,coverage_b_in_a,0.5,5000,14,0.5,2.7386127875258306,5.477225575051661,90,66,1.0
zdt1_interval,lu,coverage_a_in_b,0.5,5000,15,0.05,0.2738612787525831,5.477225575051661,66,68,0.0
zdt1_interval,lu,coverage_b_in_a,0.5,5000,15,0.05,0.2738612787525831,5.477225575051661,66,68,0.0
zdt1_interval,lu,coverage_a_in_b,0.5,5000,15,0.1,0.5477225575051662,5.477225575051661,66,68,0.0
zdt1_interval,lu,coverage_b_in_a,0.5,5000,15,0.1,0.5477225575051662,5.477225575051661,66,68,0.0
zdt1_interval,lu,coverage_a_in_b,0.5,5000,15,0.2,1.0954451150103324,5.477225575051661,66,68,0.0
zdt1_interval,lu,coverage_b_in_a,0.5,5000,15,0.2,1.0954451150103324,5.477225575051661,66,68,0.0
zdt1_interval,lu,coverage_a_in_b,0.5,5000,15,0.3,1.6431676725154982,5.477225575051661,66,68,0.5454545454545454
zdt1_interval,lu,coverage_b_in_a,0.5,5000,15,0.3,1.6431676725154982,5.477225575051661,66,68,0.45588235294117646
zdt1_interval,lu,coverage_a_in_b,0.5,5000,15,0.5,2.7386127875258306,5.477225575051661,66,68,1.0
zdt1_interval,lu,coverage_b_in_a,0.5,5000,15,0.5,2.7386127875258306,5.477225575051661,66,68,1.0
zdt1_interval,ls,coverage_a_in_b,0.5,5000,11,0.05,0.2738612787525831,5.477225575051661,389,371,0.0
zdt1_interval,ls,coverage_b_in_a,0.5,5000,11,0.05,0.2738612787525831,5.477225575051661,389,371,0.0
zdt1_interval,ls,coverage_a_in_b,0.5,5000,11,0.1,0.5477225575051662,5.477225575051661,389,371,0.0
zdt1_interval,ls,coverage_b_in_a,0.5,5000,11,0.1,0.5477225575051662,5.477225575051661,389,371,0.0
zdt1_interval,ls,coverage_a_in_b,0.5,5000,11,0.2,1.0954451150103324,5.477225575051661,389,371,0.0
zdt1_interval,ls,coverage_b_in_a,0.5,5000,11,0.2,1.0954451150103324,5.477225575051661,389,371,0.0
zdt1_interval,ls,coverage_a_in_b,0.5,5000,11,0.3,1.6431676725154982,5.477225575051661,389,371,0.9048843187660668
zdt1_interval,ls,coverage_b_in_a,0.5,5000,11,0.3,1.6431676725154982,5.477225575051661,389,371,0.8975741239892183
zdt1_interval,ls,coverage_a_in_b,0.5,5000,11,0.5,2.7386127875258306,5.477225575051661,389,371,1.0
zdt1_interval,ls,coverage_b_in_a,0.5,5000,11,0.5,2.7386127875258306,5.477225575051661,389,371,1.0
zdt1_interval,ls,coverage_a_in_b,0.5,5000,12,0.05,0.2738612787525831,5.477225575051661,371,382,0.0
zdt1_interval,ls,coverage_b_in_a,0.5,5000,12,0.05,0.2738612787525831,5.477225575051661,371,382,0.0
zdt1_interval,ls,coverage_a_in_b,0.5,5000,12,0.1,0.5477225575051662,5.477225575051661,371,382,0.0
zdt1_interval,ls,coverage_b_in_a,0.5,5000,12,0.1,0.5477225575051662,5.477225575051661,371,382,0.0
zdt1_interval,ls,coverage_a_in_b,0.5,5000,12,0.2,1.0954451150103324,5.477225575051661,371,382,0.0
zdt1_interval,ls,coverage_b_in_a,0.5,5000,12,0.2,1.0954451150103324,5.477225575051661,371,382,0.0
zdt1_interval,ls,coverage_a_in_b,0.5,5000,12,0.3,1.6431676725154982,5.477225575051661,371,382,0.9056603773584906
zdt1_interval,ls,coverage_b_in_a,0.5,5000,12,0.3,1.6431676725154982,5.477225575051661,371,382,0.918848167539267
zdt1_interval,ls,coverage_a_in_b,0.5,5000,12,0.5,2.7386127875258306,5.477225575051661,371,382,1.0
zdt1_interval,ls,coverage_b_in_a,0.5,5000,12,0.5,2.7386127875258306,5.477225575051661,371,382,1.0
zdt1_interval,ls,coverage_a_in_b,0.5,5000,13,0.05,0.2738612787525831,5.477225575051661,382,356,0.0
zdt1_interval,ls,coverage_b_in_a,0.5,5000,13,0.05,0.2738612787525831,5.477225575051661,382,356,0.0
zdt1_interval,ls,coverage_a_in_b,0.5,5000,13,0.1,0.5477225575051662,5.477225575051661,382,356,0.0
zdt1_interval,ls,coverage_b_in_a,0.5,5000,13,0.1,0.5477225575051662,5.477225575051661,382,356,0.0
zdt1_interval,ls,coverage_a_in_b,0.5,5000,13,0.2,1.0954451150103324,5.477225575051661,382,356,0.0
zdt1_interval,ls,coverage_b_in_a,0.5,5000,13,0.2,1.0954451150103324,5.477225575051661,382,356,0.0
zdt1_interval,ls,coverage_a_in_b,0.5,5000,13,0.3,1.6431676725154982,5.477225575051661,382,356,0.8979057591623036
zdt1_interval,ls,coverage_b_in_a,0.5,5000,13,0.3,1.6431676725154982,5.477225575051661,382,356,0.9073033707865169
zdt1_interval,ls,coverage_a_in_b,0.5,5000,13,0.5,2.7386127875258306,5.477225575051661,382,356,1.0
zdt1_interval,ls,coverage_b_in_a,0.5,5000,13,0.5,2.7386127875258306,5.477225575051661,382,356,1.0
zdt1_interval,ls,coverage_a_in_b,0.5,5000,14,0.05,0.2738612787525831,5.477225575051661,356,390,0.0
zdt1_interval,ls,coverage_b_in_a,0.5,5000,14,0.05,0.2738612787525831,5.477225575051661,356,390,0.0
zdt1_interval,ls,coverage_a_in_b,0.5,5000,14,0.1,0.5477225575051662,5.477225575051661,356,390,0.0
zdt1_interval,ls,coverage_b_in_a,0.5,5000,14,0.1,0.5477225575051662,5.477225575051661,356,390,0.0
zdt1_interval,ls,coverage_a_in_b,0.5,5000,14,0.2,1.0954451150103324,5.477225575051661,356,390,0.0056179775280898875
zdt1_interval,ls,coverage_b_in_a,0.5,5000,14,0.2,1.0954451150103324,5.477225575051661,356,390,0.005128205128205128
zdt1_interval,ls,coverage_a_in_b,0.5,5000,14,0.3,1.6431676725154982,5.477225575051661,356,390,0.9101123595505618
zdt1_interval,ls,coverage_b_in_a,0.5,5000,14,0.3,1.6431676725154982,5.477225575051661,356,390,0.8948717948717949
zdt1_interval,ls,coverage_a_in_b,0.5,5000,14,0.5,2.7386127875258306,5.477225575051661,356,390,1.0
zdt1_interval,ls,coverage_b_in_a,0.5,5000,14,0.5,2.7386127875258306,5.477225575051661,356,390,1.0
zdt1_interval,ls,coverage_a_in_b,0.5,5000,15,0.05,0.2738612787525831,5.477225575051661,390,389,0.0
zdt1_interval,ls,coverage_b_in_a,0.5,5000,15,0.05,0.2738612787525831,5.477225575051661,390,389,0.0
zdt1_interval,ls,coverage_a_in_b,0.5,5000,15,0.1,0.5477225575051662,5.477225575051661,390,389,0.0
zdt1_interval,ls,coverage_b_in_a,0.5,5000,15,0.1,0.5477225575051662,5.477225575051661,390,389,0.0
zdt1_interval,ls,coverage_a_in_b,0.5,5000,15,0.2,1.0954451150103324,5.477225575051661,390,389,0.0
zdt1_interval,ls,coverage_b_in_a,0.5,5000,15,0.2,1.0954451150103324,5.477225575051661,390,389,0.0
zdt1_interval,ls,coverage_a_in_b,0.5,5000,15,0.3,1.6431676725154982,5.477225575051661,390,389,0.8897435897435897
zdt1_interval,ls,coverage_b_in_a,0.5,5000,15,0.3,1.6431676725154982,5.477225575051661,390,389,0.910025706940874
zdt1_interval,ls,coverage_a_in_b,0.5,5000,15,0.5,2.7386127875258306,5.477225575051661,390,389,1.0
zdt1_interval,ls,coverage_b_in_a,0.5,5000,15,0.5,2.7386127875258306,5.477225575051661,390,389,1.0
zdt1_interval,cw,coverage_a_in_b,0.5,5000,11,0.05,0.2738612787525831,5.477225575051661,287,250,0.0
zdt1_interval,cw,coverage_b_in_a,0.5,5000,11,0.05,0.2738612787525831,5.477225575051661,287,250,0.0
zdt1_interval,cw,coverage_a_in_b,0.5,5000,11,0.1,0.5477225575051662,5.477225575051661,287,250,0.0
zdt1_interval,cw,coverage_b_in_a,0.5,5000,11,0.1,0.5477225575051662,5.477225575051661,287,250,0.0
zdt1_interval,cw,coverage_a_in_b,0.5,5000,11,0.2,1.0954451150103324,5.477225575051661,287,250,0.0
zdt1_interval,cw,coverage_b_in_a,0.5,5000,11,0.2,1.0954451150103324,5.477225575051661,287,250,0.0
zdt1_interval,cw,coverage_a_in_b,0.5,5000,11,0.3,1.6431676725154982,5.477225575051661,287,250,0.8850174216027874
zdt1_interval,cw,coverage_b_in_a,0.5,5000,11,0.3,1.6431676725154982,5.477225575051661,287,250,0.892
zdt1_interval,cw,coverage_a_in_b,0.5,5000,11,0.5,2.7386127875258306,5.477225575051661,287,250,1.0
zdt1_interval,cw,coverage_b_in_a,0.5,5000,11,0.5,2.7386127875258306,5.477225575051661,287,250,1.0
zdt1_interval,cw,coverage_a_in_b,0.5,5000,12,0.05,0.2738612787525831,5.477225575051661,250,257,0.0
zdt1_interval,cw,coverage_b_in_a,0.5,5000,12,0.05,0.2738612787525831,5.477225575051661,250,257,0.0
zdt1_interval,cw,coverage_a_in_b,0.5,5000,12,0.1,0.5477225575051662,5.477225575051661,250,257,0.0
zdt1_interval,cw,coverage_b_in_a,0.5,5000,12,0.1,0.5477225575051662,5.477225575051661,250,257,0.0
zdt1_interval,cw,coverage_a_in_b,0.5,5000,12,0.2,1.0954451150103324,5.477225575051661,250,257,0.0
zdt1_interval,cw,coverage_b_in_a,0.5,5000,12,0.2,1.0954451150103324,5.477225575051661,250,257,0.0
zdt1_interval,cw,coverage_a_in_b,0.5,5000,12,0.3,1.6431676725154982,5.477225575051661,250,257,0.896
zdt1_interval,cw,coverage_b_in_a,0.5,5000,12,0.3,1.6431676725154982,5.477225575051661,250,257,0.8793774319066148
zdt1_interval,cw,coverage_a_in_b,0.5,5000,12,0.5,2.7386127875258306,5.477225575051661,250,257,1.0
zdt1_interval,cw,coverage_b_in_a,0.5,5000,12,0.5,2.7386127875258306,5.477225575051661,250,257,1.0
zdt1_interval,cw,coverage_a_in_b,0.5,5000,13,0.05,0.2738612787525831,5.477225575051661,257,253,0.0
zdt1_interval,cw,coverage_b_in_a,0.5,5000,13,0.05,0.2738612787525831,5.477225575051661,257,253,0.0
zdt1_interval,cw,coverage_a_in_b,0.5,5000,13,0.1,0.5477225575051662,5.477225575051661,257,253,0.0
zdt1_interval,cw,coverage_b_in_a,0.5,5000,13,0.1,0.5477225575051662,5.477225575051661,257,253,0.0
zdt1_interval,cw,coverage_a_in_b,0.5,5000,13,0.2,1.0954451150103324,5.477225575051661,257,253,0.0
zdt1_interval,cw,coverage_b_in_a,0.5,5000,13,0.2,1.0954451150103324,5.477225575051661,257,253,0.0
zdt1_interval,cw,coverage_a_in_b,0.5,5000,13,0.3,1.6431676725154982,5.477225575051661,257,253,0.914396887159533
zdt1_interval,cw,coverage_b_in_a,0.5,5000,13,0.3,1.6431676725154982,5.477225575051661,257,253,0.8932806324110671
zdt1_interval,cw,coverage_a_in_b,0.5,5000,13,0.5,2.7386127875258306,5.477225575051661,257,253,1.0
zdt1_interval,cw,coverage_b_in_a,0.5,5000,13,0.5,2.7386127875258306,5.477225575051661,257,253,1.0
zdt1_interval,cw,coverage_a_in_b,0.5,5000,14,0.05,0.2738612787525831,5.477225575051661,253,271,0.0
zdt1_interval,cw,coverage_b_in_a,0.5,5000,14,0.05,0.2738612787525831,5.477225575051661,253,271,0.0
zdt1_interval,cw,coverage_a_in_b,0.5,5000,14,0.1,0.5477225575051662,5.477225575051661,253,271,0.0
zdt1_interval,cw,coverage_b_in_a,0.5,5000,14,0.1,0.5477225575051662,5.477225575051661,253,271,0.0
zdt1_interval,cw,coverage_a_in_b,0.5,5000,14,0.2,1.0954451150103324,5.477225575051661,253,271,0.003952569169960474
zdt1_interval,cw,coverage_b_in_a,0.5,5000,14,0.2,1.0954451150103324,5.477225575051661,253,271,0.0036900369003690036
zdt1_interval,cw,coverage_a_in_b,0.5,5000,14,0.3,1.6431676725154982,5.477225575051661,253,271,0.9051383399209486
zdt1_interval,cw,coverage_b_in_a,0.5,5000,14,0.3,1.6431676725154982,5.477225575051661,253,271,0.8819188191881919
zdt1_interval,cw,coverage_a_in_b,0.5,5000,14,0.5,2.7386127875258306,5.477225575051661,253,271,1.0
zdt1_interval,cw,coverage_b_in_a,0.5,5000,14,0.5,2.7386127875258306,5.477225575051661,253,271,1.0
zdt1_interval,cw,coverage_a_in_b,0.5,5000,15,0.05,0.2738612787525831,5.477225575051661,271,287,0.0
zdt1_interval,cw,coverage_b_in_a,0.5,5000,15,0.05,0.2738612787525831,5.477225575051661,271,287,0.0
zdt1_interval,cw,coverage_a_in_b,0.5,5000,15,0.1,0.5477225575051662,5.477225575051661,271,287,0.0
zdt1_interval,cw,coverage_b_in_a,0.5,5000,15,0.1,0.5477225575051662,5.477225575051661,271,287,0.0
zdt1_interval,cw,coverage_a_in_b,0.5,5000,15,0.2,1.0954451150103324,5.477225575051661,271,287,0.0
zdt1_interval,cw,coverage_b_in_a,0.5,5000,15,0.2,1.0954451150103324,5.477225575051661,271,287,0.0
zdt1_interval,cw,coverage_a_in_b,0.5,5000,15,0.3,1.6431676725154982,5.477225575051661,271,287,0.8745387453874539
zdt1_interval,cw,coverage_b_in_a,0.5,5000,15,0.3,1.6431676725154982,5.477225575051661,271,287,0.8850174216027874
zdt1_interval,cw,coverage_a_in_b,0.5,5000,15,0.5,2.7386127875258306,5.477225575051661,271,287,1.0
zdt1_interval,cw,coverage_b_in_a,0.5,5000,15,0.5,2.7386127875258306,5.477225575051661,271,287,1.0
dtlz2_interval,lu,coverage_a_in_b,0.0,5000,11,0.05,0.17320508075688773,3.4641016151377544,159,172,0.0
dtlz2_interval,lu,coverage_b_in_a,0.0,5000,11,0.05,0.17320508075688773,3.4641016151377544,159,172,0.0
dtlz2_interval,lu,coverage_a_in_b,0.0,5000,11,0.1,0.34641016151377546,3.4641016151377544,159,172,0.012578616352201259
dtlz2_interval,lu,coverage_b_in_a,0.0,5000,11,0.1,0.34641016151377546,3.4641016151377544,159,172,0.011627906976744186
dtlz2_interval,lu,coverage_a_in_b,0.0,5000,11,0.2,0.6928203230275509,3.4641016151377544,159,172,0.8050314465408805
dtlz2_interval,lu,coverage_b_in_a,0.0,5000,11,0.2,0.6928203230275509,3.4641016151377544,159,172,0.7558139534883721
dtlz2_interval,lu,coverage_a_in_b,0.0,5000,11,0.3,1.0392304845413263,3.4641016151377544,159,172,1.0
dtlz2_interval,lu,coverage_b_in_a,0.0,5000,11,0.3,1.0392304845413263,3.4641016151377544,159,172,1.0
dtlz2_interval,lu,coverage_a_in_b,0.0,5000,11,0.5,1.7320508075688772,3.4641016151377544,159,172,1.0
dtlz2_interval,lu,coverage_b_in_a,0.0,5000,11,0.5,1.7320508075688772,3.4641016151377544,159,172,1.0
dtlz2_interval,lu,coverage_a_in_b,0.0,5000,12,0.05,0.17320508075688773,3.4641016151377544,172,150,0.0
dtlz2_interval,lu,coverage_b_in_a,0.0,5000,12,0.05,0.17320508075688773,3.4641016151377544,172,150,0.0
dtlz2_interval,lu,coverage_a_in_b,0.0,5000,12,0.1,0.34641016151377546,3.4641016151377544,172,150,0.005813953488372093
dtlz2_interval,lu,coverage_b_in_a,0.0,5000,12,0.1,0.34641016151377546,3.4641016151377544,172,150,0.006666666666666667
dtlz2_interval,lu,coverage_a_in_b,0.0,5000,12,0.2,0.6928203230275509,3.4641016151377544,172,150,0.8023255813953488
dtlz2_interval,lu,coverage_b_in_a,0.0,5000,12,0.2,0.6928203230275509,3.4641016151377544,172,150,0.7933333333333333
dtlz2_interval,lu,coverage_a_in_b,0.0,5000,12,0.3,1.0392304845413263,3.4641016151377544,172,150,1.0
dtlz2_interval,lu,coverage_b_in_a,0.0,5000,12,0.3,1.0392304845413263,3.4641016151377544,172,150,1.0
dtlz2_interval,lu,coverage_a_in_b,0.0,5000,12,0.5,1.7320508075688772,3.4641016151377544,172,150,1.0
dtlz2_interval,lu,coverage_b_in_a,0.0,5000,12,0.5,1.7320508075688772,3.4641016151377544,172,150,1.0
dtlz2_interval,lu,coverage_a_in_b,0.0,5000,13,0.05,0.17320508075688773,3.4641016151377544,150,146,0.0
dtlz2_interval,lu,coverage_b_in_a,0.0,5000,13,0.05,0.17320508075688773,3.4641016151377544,150,146,0.0
dtlz2_interval,lu,coverage_a_in_b,0.0,5000,13,0.1,0.34641016151377546,3.4641016151377544,150,146,0.0
dtlz2_interval,lu,coverage_b_in_a,0.0,5000,13,0.1,0.34641016151377546,3.4641016151377544,150,146,0.0
dtlz2_interval,lu,coverage_a_in_b,0.0,5000,13,0.2,0.6928203230275509,3.4641016151377544,150,146,0.8266666666666667
dtlz2_interval,lu,coverage_b_in_a,0.0,5000,13,0.2,0.6928203230275509,3.4641016151377544,150,146,0.7602739726027398
dtlz2_interval,lu,coverage_a_in_b,0.0,5000,13,0.3,1.0392304845413263,3.4641016151377544,150,146,1.0
dtlz2_interval,lu,coverage_b_in_a,0.0,5000,13,0.3,1.0392304845413263,3.4641016151377544,150,146,1.0
dtlz2_interval,lu,coverage_a_in_b,0.0,5000,13,0.5,1.7320508075688772,3.4641016151377544,150,146,1.0
dtlz2_interval,lu,coverage_b_in_a,0.0,5000,13,0.5,1.7320508075688772,3.4641016151377544,150,146,1.0
dtlz2_interval,lu,coverage_a_in_b,0.0,5000,14,0.05,0.17320508075688773,3.4641016151377544,146,128,0.0
dtlz2_interval,lu,coverage_b_in_a,0.0,5000,14,0.05,0.17320508075688773,3.4641016151377544,146,128,0.0
dtlz2_interval,lu,coverage_a_in_b,0.0,5000,14,0.1,0.34641016151377546,3.4641016151377544,146,128,0.0
dtlz2_interval,lu,coverage_b_in_a,0.0,5000,14,0.1,0.34641016151377546,3.4641016151377544,146,128,0.0
dtlz2_interval,lu,coverage_a_in_b,0.0,5000,14,0.2,0.6928203230275509,3.4641016151377544,146,128,0.7123287671232876
dtlz2_interval,lu,coverage_b_in_a,0.0,5000,14,0.2,0.6928203230275509,3.4641016151377544,146,128,0.796875
dtlz2_interval,lu,coverage_a_in_b,0.0,5000,14,0.3,1.0392304845413263,3.4641016151377544,146,128,0.9931506849315068
dtlz2_interval,lu,coverage_b_in_a,0.0,5000,14,0.3,1.0392304845413263,3.4641016151377544,146,128,1.0
dtlz2_interval,lu,coverage_a_in_b,0.0,5000,14,0.5,1.7320508075688772,3.4641016151377544,146,128,1.0
dtlz2_interval,lu,coverage_b_in_a,0.0,5000,14,0.5,1.7320508075688772,3.4641016151377544,146,128,1.0
dtlz2_interval,lu,coverage_a_in_b,0.0,5000,15,0.05,0.17320508075688773,3.4641016151377544,128,159,0.0
dtlz2_interval,lu,coverage_b_in_a,0.0,5000,15,0.05,0.17320508075688773,3.4641016151377544,128,159,0.0
dtlz2_interval,lu,coverage_a_in_b,0.0,5000,15,0.1,0.34641016151377546,3.4641016151377544,128,159,0.0078125
dtlz2_interval,lu,coverage_b_in_a,0.0,5000,15,0.1,0.34641016151377546,3.4641016151377544,128,159,0.006289308176100629
dtlz2_interval,lu,coverage_a_in_b,0.0,5000,15,0.2,0.6928203230275509,3.4641016151377544,128,159,0.84375
dtlz2_interval,lu,coverage_b_in_a,0.0,5000,15,0.2,0.6928203230275509,3.4641016151377544,128,159,0.7861635220125787
dtlz2_interval,lu,coverage_a_in_b,0.0,5000,15,0.3,1.0392304845413263,3.4641016151377544,128,159,0.9921875
dtlz2_interval,lu,coverage_b_in_a,0.0,5000,15,0.3,1.0392304845413263,3.4641016151377544,128,159,0.9937106918238994
dtlz2_interval,lu,coverage_a_in_b,0.0,5000,15,0.5,1.7320508075688772,3.4641016151377544,128,159,1.0
dtlz2_interval,lu,coverage_b_in_a,0.0,5000,15,0.5,1.7320508075688772,3.4641016151377544,128,159,1.0
dtlz2_interval,ls,coverage_a_in_b,0.0,5000,11,0.05,0.17320508075688773,3.4641016151377544,159,172,0.0
dtlz2_interval,ls,coverage_b_in_a,0.0,5000,11,0.05,0.17320508075688773,3.4641016151377544,159,172,0.0
dtlz2_interval,ls,coverage_a_in_b,0.0,5000,11,0.1,0.34641016151377546,3.4641016151377544,159,172,0.012578616352201259
dtlz2_interval,ls,coverage_b_in_a,0.0,5000,11,0.1,0.34641016151377546,3.4641016151377544,159,172,0.011627906976744186
dtlz2_interval,ls,coverage_a_in_b,0.0,5000,11,0.2,0.6928203230275509,3.4641016151377544,159,172,0.8050314465408805
dtlz2_interval,ls,coverage_b_in_a,0.0,5000,11,0.2,0.6928203230275509,3.4641016151377544,159,172,0.7558139534883721
dtlz2_interval,ls,coverage_a_in_b,0.0,5000,11,0.3,1.0392304845413263,3.4641016151377544,159,172,1.0
dtlz2_interval,ls,coverage_b_in_a,0.0,5000,11,0.3,1.0392304845413263,3.4641016151377544,159,172,1.0
dtlz2_interval,ls,coverage_a_in_b,0.0,5000,11,0.5,1.7320508075688772,3.4641016151377544,159,172,1.0
dtlz2_interval,ls,coverage_b_in_a,0.0,5000,11,0.5,1.7320508075688772,3.4641016151377544,159,172,1.0
dtlz2_interval,ls,coverage_a_in_b,0.0,5000,12,0.05,0.17320508075688773,3.4641016151377544,172,150,0.0
dtlz2_interval,ls,coverage_b_in_a,0.0,5000,12,0.05,0.17320508075688773,3.4641016151377544,172,150,0.0
dtlz2_interval,ls,coverage_a_in_b,0.0,5000,12,0.1,0.34641016151377546,3.4641016151377544,172,150,0.005813953488372093
dtlz2_interval,ls,coverage_b_in_a,0.0,5000,12,0.1,0.34641016151377546,3.4641016151377544,172,150,0.006666666666666667
dtlz2_interval,ls,coverage_a_in_b,0.0,5000,12,0.2,0.6928203230275509,3.4641016151377544,172,150,0.8023255813953488
dtlz2_interval,ls,coverage_b_in_a,0.0,5000,12,0.2,0.6928203230275509,3.4641016151377544,172,150,0.7933333333333333
dtlz2_interval,ls,coverage_a_in_b,0.0,5000,12,0.3,1.0392304845413263,3.4641016151377544,172,150,1.0
dtlz2_interval,ls,coverage_b_in_a,0.0,5000,12,0.3,1.0392304845413263,3.4641016151377544,172,150,1.0
dtlz2_interval,ls,coverage_a_in_b,0.0,5000,12,0.5,1.7320508075688772,3.4641016151377544,172,150,1.0
dtlz2_interval,ls,coverage_b_in_a,0.0,5000,12,0.5,1.7320508075688772,3.4641016151377544,172,150,1.0
dtlz2_interval,ls,coverage_a_in_b,0.0,5000,13,0.05,0.17320508075688773,3.4641016151377544,150,146,0.0
dtlz2_interval,ls,coverage_b_in_a,0.0,5000,13,0.05,0.17320508075688773,3.4641016151377544,150,146,0.0
dtlz2_interval,ls,coverage_a_in_b,0.0,5000,13,0.1,0.34641016151377546,3.4641016151377544,150,146,0.0
dtlz2_interval,ls,coverage_b_in_a,0.0,5000,13,0.1,0.34641016151377546,3.4641016151377544,150,146,0.0
dtlz2_interval,ls,coverage_a_in_b,0.0,5000,13,0.2,0.6928203230275509,3.4641016151377544,150,146,0.8266666666666667
dtlz2_interval,ls,coverage_b_in_a,0.0,5000,13,0.2,0.6928203230275509,3.4641016151377544,150,146,0.7602739726027398
dtlz2_interval,ls,coverage_a_in_b,0.0,5000,13,0.3,1.0392304845413263,3.4641016151377544,150,146,1.0
dtlz2_interval,ls,coverage_b_in_a,0.0,5000,13,0.3,1.0392304845413263,3.4641016151377544,150,146,1.0
dtlz2_interval,ls,coverage_a_in_b,0.0,5000,13,0.5,1.7320508075688772,3.4641016151377544,150,146,1.0
dtlz2_interval,ls,coverage_b_in_a,0.0,5000,13,0.5,1.7320508075688772,3.4641016151377544,150,146,1.0
dtlz2_interval,ls,coverage_a_in_b,0.0,5000,14,0.05,0.17320508075688773,3.4641016151377544,146,128,0.0
dtlz2_interval,ls,coverage_b_in_a,0.0,5000,14,0.05,0.17320508075688773,3.4641016151377544,146,128,0.0
dtlz2_interval,ls,coverage_a_in_b,0.0,5000,14,0.1,0.34641016151377546,3.4641016151377544,146,128,0.0
dtlz2_interval,ls,coverage_b_in_a,0.0,5000,14,0.1,0.34641016151377546,3.4641016151377544,146,128,0.0
dtlz2_interval,ls,coverage_a_in_b,0.0,5000,14,0.2,0.6928203230275509,3.4641016151377544,146,128,0.7123287671232876
dtlz2_interval,ls,coverage_b_in_a,0.0,5000,14,0.2,0.6928203230275509,3.4641016151377544,146,128,0.796875
dtlz2_interval,ls,coverage_a_in_b,0.0,5000,14,0.3,1.0392304845413263,3.4641016151377544,146,128,0.9931506849315068
dtlz2_interval,ls,coverage_b_in_a,0.0,5000,14,0.3,1.0392304845413263,3.4641016151377544,146,128,1.0
dtlz2_interval,ls,coverage_a_in_b,0.0,5000,14,0.5,1.7320508075688772,3.4641016151377544,146,128,1.0
dtlz2_interval,ls,coverage_b_in_a,0.0,5000,14,0.5,1.7320508075688772,3.4641016151377544,146,128,1.0
dtlz2_interval,ls,coverage_a_in_b,0.0,5000,15,0.05,0.17320508075688773,3.4641016151377544,128,159,0.0
dtlz2_interval,ls,coverage_b_in_a,0.0,5000,15,0.05,0.17320508075688773,3.4641016151377544,128,159,0.0
dtlz2_interval,ls,coverage_a_in_b,0.0,5000,15,0.1,0.34641016151377546,3.4641016151377544,128,159,0.0078125
dtlz2_interval,ls,coverage_b_in_a,0.0,5000,15,0.1,0.34641016151377546,3.4641016151377544,128,159,0.006289308176100629
dtlz2_interval,ls,coverage_a_in_b,0.0,5000,15,0.2,0.6928203230275509,3.4641016151377544,128,159,0.84375
dtlz2_interval,ls,coverage_b_in_a,0.0,5000,15,0.2,0.6928203230275509,3.4641016151377544,128,159,0.7861635220125787
dtlz2_interval,ls,coverage_a_in_b,0.0,5000,15,0.3,1.0392304845413263,3.4641016151377544,128,159,0.9921875
dtlz2_interval,ls,coverage_b_in_a,0.0,5000,15,0.3,1.0392304845413263,3.4641016151377544,128,159,0.9937106918238994
dtlz2_interval,ls,coverage_a_in_b,0.0,5000,15,0.5,1.7320508075688772,3.4641016151377544,128,159,1.0
dtlz2_interval,ls,coverage_b_in_a,0.0,5000,15,0.5,1.7320508075688772,3.4641016151377544,128,159,1.0
dtlz2_interval,cw,coverage_a_in_b,0.0,5000,11,0.05,0.17320508075688773,3.4641016151377544,159,172,0.0
dtlz2_interval,cw,coverage_b_in_a,0.0,5000,11,0.05,0.17320508075688773,3.4641016151377544,159,172,0.0
dtlz2_interval,cw,coverage_a_in_b,0.0,5000,11,0.1,0.34641016151377546,3.4641016151377544,159,172,0.012578616352201259
dtlz2_interval,cw,coverage_b_in_a,0.0,5000,11,0.1,0.34641016151377546,3.4641016151377544,159,172,0.011627906976744186
dtlz2_interval,cw,coverage_a_in_b,0.0,5000,11,0.2,0.6928203230275509,3.4641016151377544,159,172,0.8050314465408805
dtlz2_interval,cw,coverage_b_in_a,0.0,5000,11,0.2,0.6928203230275509,3.4641016151377544,159,172,0.7558139534883721
dtlz2_interval,cw,coverage_a_in_b,0.0,5000,11,0.3,1.0392304845413263,3.4641016151377544,159,172,1.0
dtlz2_interval,cw,coverage_b_in_a,0.0,5000,11,0.3,1.0392304845413263,3.4641016151377544,159,172,1.0
dtlz2_interval,cw,coverage_a_in_b,0.0,5000,11,0.5,1.7320508075688772,3.4641016151377544,159,172,1.0
dtlz2_interval,cw,coverage_b_in_a,0.0,5000,11,0.5,1.7320508075688772,3.4641016151377544,159,172,1.0
dtlz2_interval,cw,coverage_a_in_b,0.0,5000,12,0.05,0.17320508075688773,3.4641016151377544,172,150,0.0
dtlz2_interval,cw,coverage_b_in_a,0.0,5000,12,0.05,0.17320508075688773,3.4641016151377544,172,150,0.0
dtlz2_interval,cw,coverage_a_in_b,0.0,5000,12,0.1,0.34641016151377546,3.4641016151377544,172,150,0.005813953488372093
dtlz2_interval,cw,coverage_b_in_a,0.0,5000,12,0.1,0.34641016151377546,3.4641016151377544,172,150,0.006666666666666667
dtlz2_interval,cw,coverage_a_in_b,0.0,5000,12,0.2,0.6928203230275509,3.4641016151377544,172,150,0.8023255813953488
dtlz2_interval,cw,coverage_b_in_a,0.0,5000,12,0.2,0.6928203230275509,3.4641016151377544,172,150,0.7933333333333333
dtlz2_interval,cw,coverage_a_in_b,0.0,5000,12,0.3,1.0392304845413263,3.4641016151377544,172,150,1.0
dtlz2_interval,cw,coverage_b_in_a,0.0,5000,12,0.3,1.0392304845413263,3.4641016151377544,172,150,1.0
dtlz2_interval,cw,coverage_a_in_b,0.0,5000,12,0.5,1.7320508075688772,3.4641016151377544,172,150,1.0
dtlz2_interval,cw,coverage_b_in_a,0.0,5000,12,0.5,1.7320508075688772,3.4641016151377544,172,150,1.0
dtlz2_interval,cw,coverage_a_in_b,0.0,5000,13,0.05,0.17320508075688773,3.4641016151377544,150,146,0.0
dtlz2_interval,cw,coverage_b_in_a,0.0,5000,13,0.05,0.17320508075688773,3.4641016151377544,150,146,0.0
dtlz2_interval,cw,coverage_a_in_b,0.0,5000,13,0.1,0.34641016151377546,3.4641016151377544,150,146,0.0
dtlz2_interval,cw,coverage_b_in_a,0.0,5000,13,0.1,0.34641016151377546,3.4641016151377544,150,146,0.0
dtlz2_interval,cw,coverage_a_in_b,0.0,5000,13,0.2,0.6928203230275509,3.4641016151377544,150,146,0.8266666666666667
dtlz2_interval,cw,coverage_b_in_a,0.0,5000,13,0.2,0.6928203230275509,3.4641016151377544,150,146,0.7602739726027398
dtlz2_interval,cw,coverage_a_in_b,0.0,5000,13,0.3,1.0392304845413263,3.4641016151377544,150,146,1.0
dtlz2_interval,cw,coverage_b_in_a,0.0,5000,13,0.3,1.0392304845413263,3.4641016151377544,150,146,1.0
dtlz2_interval,cw,coverage_a_in_b,0.0,5000,13,0.5,1.7320508075688772,3.4641016151377544,150,146,1.0
dtlz2_interval,cw,coverage_b_in_a,0.0,5000,13,0.5,1.7320508075688772,3.4641016151377544,150,146,1.0
dtlz2_interval,cw,coverage_a_in_b,0.0,5000,14,0.05,0.17320508075688773,3.4641016151377544,146,128,0.0
dtlz2_interval,cw,coverage_b_in_a,0.0,5000,14,0.05,0.17320508075688773,3.4641016151377544,146,128,0.0
dtlz2_interval,cw,coverage_a_in_b,0.0,5000,14,0.1,0.34641016151377546,3.4641016151377544,146,128,0.0
dtlz2_interval,cw,coverage_b_in_a,0.0,5000,14,0.1,0.34641016151377546,3.4641016151377544,146,128,0.0
dtlz2_interval,cw,coverage_a_in_b,0.0,5000,14,0.2,0.6928203230275509,3.4641016151377544,146,128,0.7123287671232876
dtlz2_interval,cw,coverage_b_in_a,0.0,5000,14,0.2,0.6928203230275509,3.4641016151377544,146,128,0.796875
dtlz2_interval,cw,coverage_a_in_b,0.0,5000,14,0.3,1.0392304845413263,3.4641016151377544,146,128,0.9931506849315068
dtlz2_interval,cw,coverage_b_in_a,0.0,5000,14,0.3,1.0392304845413263,3.4641016151377544,146,128,1.0
dtlz2_interval,cw,coverage_a_in_b,0.0,5000,14,0.5,1.7320508075688772,3.4641016151377544,146,128,1.0
dtlz2_interval,cw,coverage_b_in_a,0.0,5000,14,0.5,1.7320508075688772,3.4641016151377544,146,128,1.0
dtlz2_interval,cw,coverage_a_in_b,0.0,5000,15,0.05,0.17320508075688773,3.4641016151377544,128,159,0.0
dtlz2_interval,cw,coverage_b_in_a,0.0,5000,15,0.05,0.17320508075688773,3.4641016151377544,128,159,0.0
dtlz2_interval,cw,coverage_a_in_b,0.0,5000,15,0.1,0.34641016151377546,3.4641016151377544,128,159,0.0078125
dtlz2_interval,cw,coverage_b_in_a,0.0,5000,15,0.1,0.34641016151377546,3.4641016151377544,128,159,0.006289308176100629
dtlz2_interval,cw,coverage_a_in_b,0.0,5000,15,0.2,0.6928203230275509,3.4641016151377544,128,159,0.84375
dtlz2_interval,cw,coverage_b_in_a,0.0,5000,15,0.2,0.6928203230275509,3.4641016151377544,128,159,0.7861635220125787
dtlz2_interval,cw,coverage_a_in_b,0.0,5000,15,0.3,1.0392304845413263,3.4641016151377544,128,159,0.9921875
dtlz2_interval,cw,coverage_b_in_a,0.0,5000,15,0.3,1.0392304845413263,3.4641016151377544,128,159,0.9937106918238994
dtlz2_interval,cw,coverage_a_in_b,0.0,5000,15,0.5,1.7320508075688772,3.4641016151377544,128,159,1.0
dtlz2_interval,cw,coverage_b_in_a,0.0,5000,15,0.5,1.7320508075688772,3.4641016151377544,128,159,1.0
dtlz2_interval,lu,coverage_a_in_b,0.05,5000,11,0.05,0.17320508075688773,3.4641016151377544,313,295,0.0
dtlz2_interval,lu,coverage_b_in_a,0.05,5000,11,0.05,0.17320508075688773,3.4641016151377544,313,295,0.0
dtlz2_interval,lu,coverage_a_in_b,0.05,5000,11,0.1,0.34641016151377546,3.4641016151377544,313,295,0.009584664536741214
dtlz2_interval,lu,coverage_b_in_a,0.05,5000,11,0.1,0.34641016151377546,3.4641016151377544,313,295,0.010169491525423728
dtlz2_interval,lu,coverage_a_in_b,0.05,5000,11,0.2,0.6928203230275509,3.4641016151377544,313,295,0.7188498402555911
dtlz2_interval,lu,coverage_b_in_a,0.05,5000,11,0.2,0.6928203230275509,3.4641016151377544,313,295,0.7423728813559322
dtlz2_interval,lu,coverage_a_in_b,0.05,5000,11,0.3,1.0392304845413263,3.4641016151377544,313,295,1.0
dtlz2_interval,lu,coverage_b_in_a,0.05,5000,11,0.3,1.0392304845413263,3.4641016151377544,313,295,1.0
dtlz2_interval,lu,coverage_a_in_b,0.05,5000,11,0.5,1.7320508075688772,3.4641016151377544,313,295,1.0
dtlz2_interval,lu,coverage_b_in_a,0.05,5000,11,0.5,1.7320508075688772,3.4641016151377544,313,295,1.0
dtlz2_interval,lu,coverage_a_in_b,0.05,5000,12,0.05,0.17320508075688773,3.4641016151377544,295,277,0.0
dtlz2_interval,lu,coverage_b_in_a,0.05,5000,12,0.05,0.17320508075688773,3.4641016151377544,295,277,0.0
dtlz2_interval,lu,coverage_a_in_b,0.05,5000,12,0.1,0.34641016151377546,3.4641016151377544,295,277,0.003389830508474576
dtlz2_interval,lu,coverage_b_in_a,0.05,5000,12,0.1,0.34641016151377546,3.4641016151377544,295,277,0.0036101083032490976
dtlz2_interval,lu,coverage_a_in_b,0.05,5000,12,0.2,0.6928203230275509,3.4641016151377544,295,277,0.7220338983050848
dtlz2_interval,lu,coverage_b_in_a,0.05,5000,12,0.2,0.6928203230275509,3.4641016151377544,295,277,0.6931407942238267
dtlz2_interval,lu,coverage_a_in_b,0.05,5000,12,0.3,1.0392304845413263,3.4641016151377544,295,277,1.0
dtlz2_interval,lu,coverage_b_in_a,0.05,5000,12,0.3,1.0392304845413263,3.4641016151377544,295,277,1.0
dtlz2_interval,lu,coverage_a_in_b,0.05,5000,12,0.5,1.7320508075688772,3.4641016151377544,295,277,1.0
dtlz2_interval,lu,coverage_b_in_a,0.05,5000,12,0.5,1.7320508075688772,3.4641016151377544,295,277,1.0
dtlz2_interval,lu,coverage_a_in_b,0.05,5000,13,0.05,0.17320508075688773,3.4641016151377544,277,278,0.0
dtlz2_interval,lu,coverage_b_in_a,0.05,5000,13,0.05,0.17320508075688773,3.4641016151377544,277,278,0.0
dtlz2_interval,lu,coverage_a_in_b,0.05,5000,13,0.1,0.34641016151377546,3.4641016151377544,277,278,0.0
dtlz2_interval,lu,coverage_b_in_a,0.05,5000,13,0.1,0.34641016151377546,3.4641016151377544,277,278,0.0
dtlz2_interval,lu,coverage_a_in_b,0.05,5000,13,0.2,0.6928203230275509,3.4641016151377544,277,278,0.6931407942238267
dtlz2_interval,lu,coverage_b_in_a,0.05,5000,13,0.2,0.6928203230275509,3.4641016151377544,277,278,0.6870503597122302
dtlz2_interval,lu,coverage_a_in_b,0.05,5000,13,0.3,1.0392304845413263,3.4641016151377544,277,278,1.0
dtlz2_interval,lu,coverage_b_in_a,0.05,5000,13,0.3,1.0392304845413263,3.4641016151377544,277,278,0.9928057553956835
dtlz2_interval,lu,coverage_a_in_b,0.05,5000,13,0.5,1.7320508075688772,3.4641016151377544,277,278,1.0
dtlz2_interval,lu,coverage_b_in_a,0.05,5000,13,0.5,1.7320508075688772,3.4641016151377544,277,278,1.0
dtlz2_interval,lu,coverage_a_in_b,0.05,5000,14,0.05,0.17320508075688773,3.4641016151377544,278,244,0.0
dtlz2_interval,lu,coverage_b_in_a,0.05,5000,14,0.05,0.17320508075688773,3.4641016151377544,278,244,0.0
dtlz2_interval,lu,coverage_a_in_b,0.05,5000,14,0.1,0.34641016151377546,3.4641016151377544,278,244,0.0
dtlz2_interval,lu,coverage_b_in_a,0.05,5000,14,0.1,0.34641016151377546,3.4641016151377544,278,244,0.0
dtlz2_interval,lu,coverage_a_in_b,0.05,5000,14,0.2,0.6928203230275509,3.4641016151377544,278,244,0.6366906474820144
dtlz2_interval,lu,coverage_b_in_a,0.05,5000,14,0.2,0.6928203230275509,3.4641016151377544,278,244,0.6926229508196722
dtlz2_interval,lu,coverage_a_in_b,0.05,5000,14,0.3,1.0392304845413263,3.4641016151377544,278,244,1.0
dtlz2_interval,lu,coverage_b_in_a,0.05,5000,14,0.3,1.0392304845413263,3.4641016151377544,278,244,0.9959016393442623
dtlz2_interval,lu,coverage_a_in_b,0.05,5000,14,0.5,1.7320508075688772,3.4641016151377544,278,244,1.0
dtlz2_interval,lu,coverage_b_in_a,0.05,5000,14,0.5,1.7320508075688772,3.4641016151377544,278,244,1.0
dtlz2_interval,lu,coverage_a_in_b,0.05,5000,15,0.05,0.17320508075688773,3.4641016151377544,244,313,0.0
dtlz2_interval,lu,coverage_b_in_a,0.05,5000,15,0.05,0.17320508075688773,3.4641016151377544,244,313,0.0
dtlz2_interval,lu,coverage_a_in_b,0.05,5000,15,0.1,0.34641016151377546,3.4641016151377544,244,313,0.004098360655737705
dtlz2_interval,lu,coverage_b_in_a,0.05,5000,15,0.1,0.34641016151377546,3.4641016151377544,244,313,0.003194888178913738
dtlz2_interval,lu,coverage_a_in_b,0.05,5000,15,0.2,0.6928203230275509,3.4641016151377544,244,313,0.7131147540983607
dtlz2_interval,lu,coverage_b_in_a,0.05,5000,15,0.2,0.6928203230275509,3.4641016151377544,244,313,0.6900958466453674
dtlz2_interval,lu,coverage_a_in_b,0.05,5000,15,0.3,1.0392304845413263,3.4641016151377544,244,313,1.0
dtlz2_interval,lu,coverage_b_in_a,0.05,5000,15,0.3,1.0392304845413263,3.4641016151377544,244,313,0.9968051118210862
dtlz2_interval,lu,coverage_a_in_b,0.05,5000,15,0.5,1.7320508075688772,3.4641016151377544,244,313,1.0
dtlz2_interval,lu,coverage_b_in_a,0.05,5000,15,0.5,1.7320508075688772,3.4641016151377544,244,313,1.0
dtlz2_interval,ls,coverage_a_in_b,0.05,5000,11,0.05,0.17320508075688773,3.4641016151377544,1850,2013,0.0
dtlz2_interval,ls,coverage_b_in_a,0.05,5000,11,0.05,0.17320508075688773,3.4641016151377544,1850,2013,0.0
dtlz2_interval,ls,coverage_a_in_b,0.05,5000,11,0.1,0.34641016151377546,3.4641016151377544,1850,2013,0.007027027027027027
dtlz2_interval,ls,coverage_b_in_a,0.05,5000,11,0.1,0.34641016151377546,3.4641016151377544,1850,2013,0.006458022851465474
dtlz2_interval,ls,coverage_a_in_b,0.05,5000,11,0.2,0.6928203230275509,3.4641016151377544,1850,2013,0.9421621621621622
dtlz2_interval,ls,coverage_b_in_a,0.05,5000,11,0.2,0.6928203230275509,3.4641016151377544,1850,2013,0.9453551912568307
dtlz2_interval,ls,coverage_a_in_b,0.05,5000,11,0.3,1.0392304845413263,3.4641016151377544,1850,2013,1.0
dtlz2_interval,ls,coverage_b_in_a,0.05,5000,11,0.3,1.0392304845413263,3.4641016151377544,1850,2013,1.0
dtlz2_interval,ls,coverage_a_in_b,0.05,5000,11,0.5,1.7320508075688772,3.4641016151377544,1850,2013,1.0
dtlz2_interval,ls,coverage_b_in_a,0.05,5000,11,0.5,1.7320508075688772,3.4641016151377544,1850,2013,1.0
dtlz2_interval,ls,coverage_a_in_b,0.05,5000,12,0.05,0.17320508075688773,3.4641016151377544,2013,1968,0.0
dtlz2_interval,ls,coverage_b_in_a,0.05,5000,12,0.05,0.17320508075688773,3.4641016151377544,2013,1968,0.0
dtlz2_interval,ls,coverage_a_in_b,0.05,5000,12,0.1,0.34641016151377546,3.4641016151377544,2013,1968,0.006458022851465474
dtlz2_interval,ls,coverage_b_in_a,0.05,5000,12,0.1,0.34641016151377546,3.4641016151377544,2013,1968,0.006097560975609756
dtlz2_interval,ls,coverage_a_in_b,0.05,5000,12,0.2,0.6928203230275509,3.4641016151377544,2013,1968,0.9473422752111277
dtlz2_interval,ls,coverage_b_in_a,0.05,5000,12,0.2,0.6928203230275509,3.4641016151377544,2013,1968,0.9578252032520326
dtlz2_interval,ls,coverage_a_in_b,0.05,5000,12,0.3,1.0392304845413263,3.4641016151377544,2013,1968,1.0
dtlz2_interval,ls,coverage_b_in_a,0.05,5000,12,0.3,1.0392304845413263,3.4641016151377544,2013,1968,1.0
dtlz2_interval,ls,coverage_a_in_b,0.05,5000,12,0.5,1.7320508075688772,3.4641016151377544,2013,1968,1.0
dtlz2_interval,ls,coverage_b_in_a,0.05,5000,12,0.5,1.7320508075688772,3.4641016151377544,2013,1968,1.0
dtlz2_interval,ls,coverage_a_in_b,0.05,5000,13,0.05,0.17320508075688773,3.4641016151377544,1968,1907,0.0
dtlz2_interval,ls,coverage_b_in_a,0.05,5000,13,0.05,0.17320508075688773,3.4641016151377544,1968,1907,0.0
dtlz2_interval,ls,coverage_a_in_b,0.05,5000,13,0.1,0.34641016151377546,3.4641016151377544,1968,1907,0.005589430894308943
dtlz2_interval,ls,coverage_b_in_a,0.05,5000,13,0.1,0.34641016151377546,3.4641016151377544,1968,1907,0.0057682223387519665
dtlz2_interval,ls,coverage_a_in_b,0.05,5000,13,0.2,0.6928203230275509,3.4641016151377544,1968,1907,0.9476626016260162
dtlz2_interval,ls,coverage_b_in_a,0.05,5000,13,0.2,0.6928203230275509,3.4641016151377544,1968,1907,0.951232302045097
dtlz2_interval,ls,coverage_a_in_b,0.05,5000,13,0.3,1.0392304845413263,3.4641016151377544,1968,1907,1.0
dtlz2_interval,ls,coverage_b_in_a,0.05,5000,13,0.3,1.0392304845413263,3.4641016151377544,1968,1907,1.0
dtlz2_interval,ls,coverage_a_in_b,0.05,5000,13,0.5,1.7320508075688772,3.4641016151377544,1968,1907,1.0
dtlz2_interval,ls,coverage_b_in_a,0.05,5000,13,0.5,1.7320508075688772,3.4641016151377544,1968,1907,1.0
dtlz2_interval,ls,coverage_a_in_b,0.05,5000,14,0.05,0.17320508075688773,3.4641016151377544,1907,1954,0.0
dtlz2_interval,ls,coverage_b_in_a,0.05,5000,14,0.05,0.17320508075688773,3.4641016151377544,1907,1954,0.0
dtlz2_interval,ls,coverage_a_in_b,0.05,5000,14,0.1,0.34641016151377546,3.4641016151377544,1907,1954,0.0068169900367068695
dtlz2_interval,ls,coverage_b_in_a,0.05,5000,14,0.1,0.34641016151377546,3.4641016151377544,1907,1954,0.006653019447287615
dtlz2_interval,ls,coverage_a_in_b,0.05,5000,14,0.2,0.6928203230275509,3.4641016151377544,1907,1954,0.9465128474043
dtlz2_interval,ls,coverage_b_in_a,0.05,5000,14,0.2,0.6928203230275509,3.4641016151377544,1907,1954,0.9452405322415558
dtlz2_interval,ls,coverage_a_in_b,0.05,5000,14,0.3,1.0392304845413263,3.4641016151377544,1907,1954,1.0
dtlz2_interval,ls,coverage_b_in_a,0.05,5000,14,0.3,1.0392304845413263,3.4641016151377544,1907,1954,1.0
dtlz2_interval,ls,coverage_a_in_b,0.05,5000,14,0.5,1.7320508075688772,3.4641016151377544,1907,1954,1.0
dtlz2_interval,ls,coverage_b_in_a,0.05,5000,14,0.5,1.7320508075688772,3.4641016151377544,1907,1954,1.0
dtlz2_interval,ls,coverage_a_in_b,0.05,5000,15,0.05,0.17320508075688773,3.4641016151377544,1954,1850,0.0
dtlz2_interval,ls,coverage_b_in_a,0.05,5000,15,0.05,0.17320508075688773,3.4641016151377544,1954,1850,0.0
dtlz2_interval,ls,coverage_a_in_b,0.05,5000,15,0.1,0.34641016151377546,3.4641016151377544,1954,1850,0.006141248720573183
dtlz2_interval,ls,coverage_b_in_a,0.05,5000,15,0.1,0.34641016151377546,3.4641016151377544,1954,1850,0.006486486486486486
dtlz2_interval,ls,coverage_a_in_b,0.05,5000,15,0.2,0.6928203230275509,3.4641016151377544,1954,1850,0.9416581371545547
dtlz2_interval,ls,coverage_b_in_a,0.05,5000,15,0.2,0.6928203230275509,3.4641016151377544,1954,1850,0.9459459459459459
dtlz2_interval,ls,coverage_a_in_b,0.05,5000,15,0.3,1.0392304845413263,3.4641016151377544,1954,1850,1.0
dtlz2_interval,ls,coverage_b_in_a,0.05,5000,15,0.3,1.0392304845413263,3.4641016151377544,1954,1850,1.0
dtlz2_interval,ls,coverage_a_in_b,0.05,5000,15,0.5,1.7320508075688772,3.4641016151377544,1954,1850,1.0
dtlz2_interval,ls,coverage_b_in_a,0.05,5000,15,0.5,1.7320508075688772,3.4641016151377544,1954,1850,1.0
dtlz2_interval,cw,coverage_a_in_b,0.05,5000,11,0.05,0.17320508075688773,3.4641016151377544,1702,1857,0.0
dtlz2_interval,cw,coverage_b_in_a,0.05,5000,11,0.05,0.17320508075688773,3.4641016151377544,1702,1857,0.0
dtlz2_interval,cw,coverage_a_in_b,0.05,5000,11,0.1,0.34641016151377546,3.4641016151377544,1702,1857,0.00763807285546416
dtlz2_interval,cw,coverage_b_in_a,0.05,5000,11,0.1,0.34641016151377546,3.4641016151377544,1702,1857,0.007000538502961767
dtlz2_interval,cw,coverage_a_in_b,0.05,5000,11,0.2,0.6928203230275509,3.4641016151377544,1702,1857,0.9518213866039953
dtlz2_interval,cw,coverage_b_in_a,0.05,5000,11,0.2,0.6928203230275509,3.4641016151377544,1702,1857,0.9477652127086699
dtlz2_interval,cw,coverage_a_in_b,0.05,5000,11,0.3,1.0392304845413263,3.4641016151377544,1702,1857,1.0
dtlz2_interval,cw,coverage_b_in_a,0.05,5000,11,0.3,1.0392304845413263,3.4641016151377544,1702,1857,1.0
dtlz2_interval,cw,coverage_a_in_b,0.05,5000,11,0.5,1.7320508075688772,3.4641016151377544,1702,1857,1.0
dtlz2_interval,cw,coverage_b_in_a,0.05,5000,11,0.5,1.7320508075688772,3.4641016151377544,1702,1857,1.0
dtlz2_interval,cw,coverage_a_in_b,0.05,5000,12,0.05,0.17320508075688773,3.4641016151377544,1857,1838,0.0
dtlz2_interval,cw,coverage_b_in_a,0.05,5000,12,0.05,0.17320508075688773,3.4641016151377544,1857,1838,0.0
dtlz2_interval,cw,coverage_a_in_b,0.05,5000,12,0.1,0.34641016151377546,3.4641016151377544,1857,1838,0.006462035541195477
dtlz2_interval,cw,coverage_b_in_a,0.05,5000,12,0.1,0.34641016151377546,3.4641016151377544,1857,1838,0.005984766050054407
dtlz2_interval,cw,coverage_a_in_b,0.05,5000,12,0.2,0.6928203230275509,3.4641016151377544,1857,1838,0.9553042541733979
dtlz2_interval,cw,coverage_b_in_a,0.05,5000,12,0.2,0.6928203230275509,3.4641016151377544,1857,1838,0.9591947769314473
dtlz2_interval,cw,coverage_a_in_b,0.05,5000,12,0.3,1.0392304845413263,3.4641016151377544,1857,1838,1.0
dtlz2_interval,cw,coverage_b_in_a,0.05,5000,12,0.3,1.0392304845413263,3.4641016151377544,1857,1838,1.0
dtlz2_interval,cw,coverage_a_in_b,0.05,5000,12,0.5,1.7320508075688772,3.4641016151377544,1857,1838,1.0
dtlz2_interval,cw,coverage_b_in_a,0.05,5000,12,0.5,1.7320508075688772,3.4641016151377544,1857,1838,1.0
dtlz2_interval,cw,coverage_a_in_b,0.05,5000,13,0.05,0.17320508075688773,3.4641016151377544,1838,1743,0.0
dtlz2_interval,cw,coverage_b_in_a,0.05,5000,13,0.05,0.17320508075688773,3.4641016151377544,1838,1743,0.0
dtlz2_interval,cw,coverage_a_in_b,0.05,5000,13,0.1,0.34641016151377546,3.4641016151377544,1838,1743,0.00544069640914037
dtlz2_interval,cw,coverage_b_in_a,0.05,5000,13,0.1,0.34641016151377546,3.4641016151377544,1838,1743,0.005737234652897304
dtlz2_interval,cw,coverage_a_in_b,0.05,5000,13,0.2,0.6928203230275509,3.4641016151377544,1838,1743,0.9515778019586507
dtlz2_interval,cw,coverage_b_in_a,0.05,5000,13,0.2,0.6928203230275509,3.4641016151377544,1838,1743,0.9604130808950087
dtlz2_interval,cw,coverage_a_in_b,0.05,5000,13,0.3,1.0392304845413263,3.4641016151377544,1838,1743,1.0
dtlz2_interval,cw,coverage_b_in_a,0.05,5000,13,0.3,1.0392304845413263,3.4641016151377544,1838,1743,1.0
dtlz2_interval,cw,coverage_a_in_b,0.05,5000,13,0.5,1.7320508075688772,3.4641016151377544,1838,1743,1.0
dtlz2_interval,cw,coverage_b_in_a,0.05,5000,13,0.5,1.7320508075688772,3.4641016151377544,1838,1743,1.0
dtlz2_interval,cw,coverage_a_in_b,0.05,5000,14,0.05,0.17320508075688773,3.4641016151377544,1743,1813,0.0
dtlz2_interval,cw,coverage_b_in_a,0.05,5000,14,0.05,0.17320508075688773,3.4641016151377544,1743,1813,0.0
dtlz2_interval,cw,coverage_a_in_b,0.05,5000,14,0.1,0.34641016151377546,3.4641016151377544,1743,1813,0.0068846815834767644
dtlz2_interval,cw,coverage_b_in_a,0.05,5000,14,0.1,0.34641016151377546,3.4641016151377544,1743,1813,0.006618863761720904
dtlz2_interval,cw,coverage_a_in_b,0.05,5000,14,0.2,0.6928203230275509,3.4641016151377544,1743,1813,0.9558232931726908
dtlz2_interval,cw,coverage_b_in_a,0.05,5000,14,0.2,0.6928203230275509,3.4641016151377544,1743,1813,0.9431880860452289
dtlz2_interval,cw,coverage_a_in_b,0.05,5000,14,0.3,1.0392304845413263,3.4641016151377544,1743,1813,1.0
dtlz2_interval,cw,coverage_b_in_a,0.05,5000,14,0.3,1.0392304845413263,3.4641016151377544,1743,1813,1.0
dtlz2_interval,cw,coverage_a_in_b,0.05,5000,14,0.5,1.7320508075688772,3.4641016151377544,1743,1813,1.0
dtlz2_interval,cw,coverage_b_in_a,0.05,5000,14,0.5,1.7320508075688772,3.4641016151377544,1743,1813,1.0
dtlz2_interval,cw,coverage_a_in_b,0.05,5000,15,0.05,0.17320508075688773,3.4641016151377544,1813,1702,0.0
dtlz2_interval,cw,coverage_b_in_a,0.05,5000,15,0.05,0.17320508075688773,3.4641016151377544,1813,1702,0.0
dtlz2_interval,cw,coverage_a_in_b,0.05,5000,15,0.1,0.34641016151377546,3.4641016151377544,1813,1702,0.006618863761720904
dtlz2_interval,cw,coverage_b_in_a,0.05,5000,15,0.1,0.34641016151377546,3.4641016151377544,1813,1702,0.007050528789659225
dtlz2_interval,cw,coverage_a_in_b,0.05,5000,15,0.2,0.6928203230275509,3.4641016151377544,1813,1702,0.9442912300055157
dtlz2_interval,cw,coverage_b_in_a,0.05,5000,15,0.2,0.6928203230275509,3.4641016151377544,1813,1702,0.9553466509988249
dtlz2_interval,cw,coverage_a_in_b,0.05,5000,15,0.3,1.0392304845413263,3.4641016151377544,1813,1702,1.0
dtlz2_interval,cw,coverage_b_in_a,0.05,5000,15,0.3,1.0392304845413263,3.4641016151377544,1813,1702,1.0
dtlz2_interval,cw,coverage_a_in_b,0.05,5000,15,0.5,1.7320508075688772,3.4641016151377544,1813,1702,1.0
dtlz2_interval,cw,coverage_b_in_a,0.05,5000,15,0.5,1.7320508075688772,3.4641016151377544,1813,1702,1.0
dtlz2_interval,lu,coverage_a_in_b,0.1,5000,11,0.05,0.17320508075688773,3.4641016151377544,420,384,0.0
dtlz2_interval,lu,coverage_b_in_a,0.1,5000,11,0.05,0.17320508075688773,3.4641016151377544,420,384,0.0
dtlz2_interval,lu,coverage_a_in_b,0.1,5000,11,0.1,0.34641016151377546,3.4641016151377544,420,384,0.009523809523809525
dtlz2_interval,lu,coverage_b_in_a,0.1,5000,11,0.1,0.34641016151377546,3.4641016151377544,420,384,0.010416666666666666
dtlz2_interval,lu,coverage_a_in_b,0.1,5000,11,0.2,0.6928203230275509,3.4641016151377544,420,384,0.7452380952380953
dtlz2_interval,lu,coverage_b_in_a,0.1,5000,11,0.2,0.6928203230275509,3.4641016151377544,420,384,0.7890625
dtlz2_interval,lu,coverage_a_in_b,0.1,5000,11,0.3,1.0392304845413263,3.4641016151377544,420,384,1.0
dtlz2_interval,lu,coverage_b_in_a,0.1,5000,11,0.3,1.0392304845413263,3.4641016151377544,420,384,1.0
dtlz2_interval,lu,coverage_a_in_b,0.1,5000,11,0.5,1.7320508075688772,3.4641016151377544,420,384,1.0
dtlz2_interval,lu,coverage_b_in_a,0.1,5000,11,0.5,1.7320508075688772,3.4641016151377544,420,384,1.0
dtlz2_interval,lu,coverage_a_in_b,0.1,5000,12,0.05,0.17320508075688773,3.4641016151377544,384,351,0.0
dtlz2_interval,lu,coverage_b_in_a,0.1,5000,12,0.05,0.17320508075688773,3.4641016151377544,384,351,0.0
dtlz2_interval,lu,coverage_a_in_b,0.1,5000,12,0.1,0.34641016151377546,3.4641016151377544,384,351,0.0026041666666666665
dtlz2_interval,lu,coverage_b_in_a,0.1,5000,12,0.1,0.34641016151377546,3.4641016151377544,384,351,0.002849002849002849
dtlz2_interval,lu,coverage_a_in_b,0.1,5000,12,0.2,0.6928203230275509,3.4641016151377544,384,351,0.7552083333333334
dtlz2_interval,lu,coverage_b_in_a,0.1,5000,12,0.2,0.6928203230275509,3.4641016151377544,384,351,0.717948717948718
dtlz2_interval,lu,coverage_a_in_b,0.1,5000,12,0.3,1.0392304845413263,3.4641016151377544,384,351,1.0
dtlz2_interval,lu,coverage_b_in_a,0.1,5000,12,0.3,1.0392304845413263,3.4641016151377544,384,351,1.0
dtlz2_interval,lu,coverage_a_in_b,0.1,5000,12,0.5,1.7320508075688772,3.4641016151377544,384,351,1.0
dtlz2_interval,lu,coverage_b_in_a,0.1,5000,12,0.5,1.7320508075688772,3.4641016151377544,384,351,1.0
dtlz2_interval,lu,coverage_a_in_b,0.1,5000,13,0.05,0.17320508075688773,3.4641016151377544,351,348,0.0
dtlz2_interval,lu,coverage_b_in_a,0.1,5000,13,0.05,0.17320508075688773,3.4641016151377544,351,348,0.0
dtlz2_interval,lu,coverage_a_in_b,0.1,5000,13,0.1,0.34641016151377546,3.4641016151377544,351,348,0.0
dtlz2_interval,lu,coverage_b_in_a,0.1,5000,13,0.1,0.34641016151377546,3.4641016151377544,351,348,0.0
dtlz2_interval,lu,coverage_a_in_b,0.1,5000,13,0.2,0.6928203230275509,3.4641016151377544,351,348,0.6951566951566952
dtlz2_interval,lu,coverage_b_in_a,0.1,5000,13,0.2,0.6928203230275509,3.4641016151377544,351,348,0.7126436781609196
dtlz2_interval,lu,coverage_a_in_b,0.1,5000,13,0.3,1.0392304845413263,3.4641016151377544,351,348,1.0
dtlz2_interval,lu,coverage_b_in_a,0.1,5000,13,0.3,1.0392304845413263,3.4641016151377544,351,348,0.9971264367816092
dtlz2_interval,lu,coverage_a_in_b,0.1,5000,13,0.5,1.7320508075688772,3.4641016151377544,351,348,1.0
dtlz2_interval,lu,coverage_b_in_a,0.1,5000,13,0.5,1.7320508075688772,3.4641016151377544,351,348,1.0
dtlz2_interval,lu,coverage_a_in_b,0.1,5000,14,0.05,0.17320508075688773,3.4641016151377544,348,331,0.0
dtlz2_interval,lu,coverage_b_in_a,0.1,5000,14,0.05,0.17320508075688773,3.4641016151377544,348,331,0.0
dtlz2_interval,lu,coverage_a_in_b,0.1,5000,14,0.1,0.34641016151377546,3.4641016151377544,348,331,0.0
dtlz2_interval,lu,coverage_b_in_a,0.1,5000,14,0.1,0.34641016151377546,3.4641016151377544,348,331,0.0
dtlz2_interval,lu,coverage_a_in_b,0.1,5000,14,0.2,0.6928203230275509,3.4641016151377544,348,331,0.6896551724137931
dtlz2_interval,lu,coverage_b_in_a,0.1,5000,14,0.2,0.6928203230275509,3.4641016151377544,348,331,0.7220543806646526
dtlz2_interval,lu,coverage_a_in_b,0.1,5000,14,0.3,1.0392304845413263,3.4641016151377544,348,331,1.0
dtlz2_interval,lu,coverage_b_in_a,0.1,5000,14,0.3,1.0392304845413263,3.4641016151377544,348,331,0.9969788519637462
dtlz2_interval,lu,coverage_a_in_b,0.1,5000,14,0.5,1.7320508075688772,3.4641016151377544,348,331,1.0
dtlz2_interval,lu,coverage_b_in_a,0.1,5000,14,0.5,1.7320508075688772,3.4641016151377544,348,331,1.0
dtlz2_interval,lu,coverage_a_in_b,0.1,5000,15,0.05,0.17320508075688773,3.4641016151377544,331,420,0.0
dtlz2_interval,lu,coverage_b_in_a,0.1,5000,15,0.05,0.17320508075688773,3.4641016151377544,331,420,0.0
dtlz2_interval,lu,coverage_a_in_b,0.1,5000,15,0.1,0.34641016151377546,3.4641016151377544,331,420,0.0030211480362537764
dtlz2_interval,lu,coverage_b_in_a,0.1,5000,15,0.1,0.34641016151377546,3.4641016151377544,331,420,0.002380952380952381
dtlz2_interval,lu,coverage_a_in_b,0.1,5000,15,0.2,0.6928203230275509,3.4641016151377544,331,420,0.7341389728096677
dtlz2_interval,lu,coverage_b_in_a,0.1,5000,15,0.2,0.6928203230275509,3.4641016151377544,331,420,0.7119047619047619
dtlz2_interval,lu,coverage_a_in_b,0.1,5000,15,0.3,1.0392304845413263,3.4641016151377544,331,420,1.0
dtlz2_interval,lu,coverage_b_in_a,0.1,5000,15,0.3,1.0392304845413263,3.4641016151377544,331,420,1.0
dtlz2_interval,lu,coverage_a_in_b,0.1,5000,15,0.5,1.7320508075688772,3.4641016151377544,331,420,1.0
dtlz2_interval,lu,coverage_b_in_a,0.1,5000,15,0.5,1.7320508075688772,3.4641016151377544,331,420,1.0
dtlz2_interval,ls,coverage_a_in_b,0.1,5000,11,0.05,0.17320508075688773,3.4641016151377544,1972,2128,0.0
dtlz2_interval,ls,coverage_b_in_a,0.1,5000,11,0.05,0.17320508075688773,3.4641016151377544,1972,2128,0.0
dtlz2_interval,ls,coverage_a_in_b,0.1,5000,11,0.1,0.34641016151377546,3.4641016151377544,1972,2128,0.007099391480730223
dtlz2_interval,ls,coverage_b_in_a,0.1,5000,11,0.1,0.34641016151377546,3.4641016151377544,1972,2128,0.006578947368421052
dtlz2_interval,ls,coverage_a_in_b,0.1,5000,11,0.2,0.6928203230275509,3.4641016151377544,1972,2128,0.9426977687626775
dtlz2_interval,ls,coverage_b_in_a,0.1,5000,11,0.2,0.6928203230275509,3.4641016151377544,1972,2128,0.9459586466165414
dtlz2_interval,ls,coverage_a_in_b,0.1,5000,11,0.3,1.0392304845413263,3.4641016151377544,1972,2128,1.0
dtlz2_interval,ls,coverage_b_in_a,0.1,5000,11,0.3,1.0392304845413263,3.4641016151377544,1972,2128,1.0
dtlz2_interval,ls,coverage_a_in_b,0.1,5000,11,0.5,1.7320508075688772,3.4641016151377544,1972,2128,1.0
dtlz2_interval,ls,coverage_b_in_a,0.1,5000,11,0.5,1.7320508075688772,3.4641016151377544,1972,2128,1.0
dtlz2_interval,ls,coverage_a_in_b,0.1,5000,12,0.05,0.17320508075688773,3.4641016151377544,2128,2084,0.0
dtlz2_interval,ls,coverage_b_in_a,0.1,5000,12,0.05,0.17320508075688773,3.4641016151377544,2128,2084,0.0
dtlz2_interval,ls,coverage_a_in_b,0.1,5000,12,0.1,0.34641016151377546,3.4641016151377544,2128,2084,0.006109022556390977
dtlz2_interval,ls,coverage_b_in_a,0.1,5000,12,0.1,0.34641016151377546,3.4641016151377544,2128,2084,0.005758157389635317
dtlz2_interval,ls,coverage_a_in_b,0.1,5000,12,0.2,0.6928203230275509,3.4641016151377544,2128,2084,0.9468984962406015
dtlz2_interval,ls,coverage_b_in_a,0.1,5000,12,0.2,0.6928203230275509,3.4641016151377544,2128,2084,0.9568138195777351
dtlz2_interval,ls,coverage_a_in_b,0.1,5000,12,0.3,1.0392304845413263,3.4641016151377544,2128,2084,1.0
dtlz2_interval,ls,coverage_b_in_a,0.1,5000,12,0.3,1.0392304845413263,3.4641016151377544,2128,2084,1.0
dtlz2_interval,ls,coverage_a_in_b,0.1,5000,12,0.5,1.7320508075688772,3.4641016151377544,2128,2084,1.0
dtlz2_interval,ls,coverage_b_in_a,0.1,5000,12,0.5,1.7320508075688772,3.4641016151377544,2128,2084,1.0
dtlz2_interval,ls,coverage_a_in_b,0.1,5000,13,0.05,0.17320508075688773,3.4641016151377544,2084,2046,0.0
dtlz2_interval,ls,coverage_b_in_a,0.1,5000,13,0.05,0.17320508075688773,3.4641016151377544,2084,2046,0.0
dtlz2_interval,ls,coverage_a_in_b,0.1,5000,13,0.1,0.34641016151377546,3.4641016151377544,2084,2046,0.00527831094049904
dtlz2_interval,ls,coverage_b_in_a,0.1,5000,13,0.1,0.34641016151377546,3.4641016151377544,2084,2046,0.005376344086021506
dtlz2_interval,ls,coverage_a_in_b,0.1,5000,13,0.2,0.6928203230275509,3.4641016151377544,2084,2046,0.9486564299424184
dtlz2_interval,ls,coverage_b_in_a,0.1,5000,13,0.2,0.6928203230275509,3.4641016151377544,2084,2046,0.9491691104594331
dtlz2_interval,ls,coverage_a_in_b,0.1,5000,13,0.3,1.0392304845413263,3.4641016151377544,2084,2046,1.0
dtlz2_interval,ls,coverage_b_in_a,0.1,5000,13,0.3,1.0392304845413263,3.4641016151377544,2084,2046,1.0
dtlz2_interval,ls,coverage_a_in_b,0.1,5000,13,0.5,1.7320508075688772,3.4641016151377544,2084,2046,1.0
dtlz2_interval,ls,coverage_b_in_a,0.1,5000,13,0.5,1.7320508075688772,3.4641016151377544,2084,2046,1.0
dtlz2_interval,ls,coverage_a_in_b,0.1,5000,14,0.05,0.17320508075688773,3.4641016151377544,2046,2077,0.0
dtlz2_interval,ls,coverage_b_in_a,0.1,5000,14,0.05,0.17320508075688773,3.4641016151377544,2046,2077,0.0
dtlz2_interval,ls,coverage_a_in_b,0.1,5000,14,0.1,0.34641016151377546,3.4641016151377544,2046,2077,0.00635386119257087
dtlz2_interval,ls,coverage_b_in_a,0.1,5000,14,0.1,0.34641016151377546,3.4641016151377544,2046,2077,0.006259027443428021
dtlz2_interval,ls,coverage_a_in_b,0.1,5000,14,0.2,0.6928203230275509,3.4641016151377544,2046,2077,0.9496578690127078
dtlz2_interval,ls,coverage_b_in_a,0.1,5000,14,0.2,0.6928203230275509,3.4641016151377544,2046,2077,0.9475204622051036
dtlz2_interval,ls,coverage_a_in_b,0.1,5000,14,0.3,1.0392304845413263,3.4641016151377544,2046,2077,1.0
dtlz2_interval,ls,coverage_b_in_a,0.1,5000,14,0.3,1.0392304845413263,3.4641016151377544,2046,2077,1.0
dtlz2_interval,ls,coverage_a_in_b,0.1,5000,14,0.5,1.7320508075688772,3.4641016151377544,2046,2077,1.0
dtlz2_interval,ls,coverage_b_in_a,0.1,5000,14,0.5,1.7320508075688772,3.4641016151377544,2046,2077,1.0
dtlz2_interval,ls,coverage_a_in_b,0.1,5000,15,0.05,0.17320508075688773,3.4641016151377544,2077,1972,0.0
dtlz2_interval,ls,coverage_b_in_a,0.1,5000,15,0.05,0.17320508075688773,3.4641016151377544,2077,1972,0.0
dtlz2_interval,ls,coverage_a_in_b,0.1,5000,15,0.1,0.34641016151377546,3.4641016151377544,2077,1972,0.006259027443428021
dtlz2_interval,ls,coverage_b_in_a,0.1,5000,15,0.1,0.34641016151377546,3.4641016151377544,2077,1972,0.006592292089249493
dtlz2_interval,ls,coverage_a_in_b,0.1,5000,15,0.2,0.6928203230275509,3.4641016151377544,2077,1972,0.9455946076071257
dtlz2_interval,ls,coverage_b_in_a,0.1,5000,15,0.2,0.6928203230275509,3.4641016151377544,2077,1972,0.9508113590263692
dtlz2_interval,ls,coverage_a_in_b,0.1,5000,15,0.3,1.0392304845413263,3.4641016151377544,2077,1972,1.0
dtlz2_interval,ls,coverage_b_in_a,0.1,5000,15,0.3,1.0392304845413263,3.4641016151377544,2077,1972,1.0
dtlz2_interval,ls,coverage_a_in_b,0.1,5000,15,0.5,1.7320508075688772,3.4641016151377544,2077,1972,1.0
dtlz2_interval,ls,coverage_b_in_a,0.1,5000,15,0.5,1.7320508075688772,3.4641016151377544,2077,1972,1.0
dtlz2_interval,cw,coverage_a_in_b,0.1,5000,11,0.05,0.17320508075688773,3.4641016151377544,1702,1857,0.0
dtlz2_interval,cw,coverage_b_in_a,0.1,5000,11,0.05,0.17320508075688773,3.4641016151377544,1702,1857,0.0
dtlz2_interval,cw,coverage_a_in_b,0.1,5000,11,0.1,0.34641016151377546,3.4641016151377544,1702,1857,0.00763807285546416
dtlz2_interval,cw,coverage_b_in_a,0.1,5000,11,0.1,0.34641016151377546,3.4641016151377544,1702,1857,0.007000538502961767
dtlz2_interval,cw,coverage_a_in_b,0.1,5000,11,0.2,0.6928203230275509,3.4641016151377544,1702,1857,0.9518213866039953
dtlz2_interval,cw,coverage_b_in_a,0.1,5000,11,0.2,0.6928203230275509,3.4641016151377544,1702,1857,0.9477652127086699
dtlz2_interval,cw,coverage_a_in_b,0.1,5000,11,0.3,1.0392304845413263,3.4641016151377544,1702,1857,1.0
dtlz2_interval,cw,coverage_b_in_a,0.1,5000,11,0.3,1.0392304845413263,3.4641016151377544,1702,1857,1.0
dtlz2_interval,cw,coverage_a_in_b,0.1,5000,11,0.5,1.7320508075688772,3.4641016151377544,1702,1857,1.0
dtlz2_interval,cw,coverage_b_in_a,0.1,5000,11,0.5,1.7320508075688772,3.4641016151377544,1702,1857,1.0
dtlz2_interval,cw,coverage_a_in_b,0.1,5000,12,0.05,0.17320508075688773,3.4641016151377544,1857,1838,0.0
dtlz2_interval,cw,coverage_b_in_a,0.1,5000,12,0.05,0.17320508075688773,3.4641016151377544,1857,1838,0.0
dtlz2_interval,cw,coverage_a_in_b,0.1,5000,12,0.1,0.34641016151377546,3.4641016151377544,1857,1838,0.006462035541195477
dtlz2_interval,cw,coverage_b_in_a,0.1,5000,12,0.1,0.34641016151377546,3.4641016151377544,1857,1838,0.005984766050054407
dtlz2_interval,cw,coverage_a_in_b,0.1,5000,12,0.2,0.6928203230275509,3.4641016151377544,1857,1838,0.9553042541733979
dtlz2_interval,cw,coverage_b_in_a,0.1,5000,12,0.2,0.6928203230275509,3.4641016151377544,1857,1838,0.9591947769314473
dtlz2_interval,cw,coverage_a_in_b,0.1,5000,12,0.3,1.0392304845413263,3.4641016151377544,1857,1838,1.0
dtlz2_interval,cw,coverage_b_in_a,0.1,5000,12,0.3,1.0392304845413263,3.4641016151377544,1857,1838,1.0
dtlz2_interval,cw,coverage_a_in_b,0.1,5000,12,0.5,1.7320508075688772,3.4641016151377544,1857,1838,1.0
dtlz2_interval,cw,coverage_b_in_a,0.1,5000,12,0.5,1.7320508075688772,3.4641016151377544,1857,1838,1.0
dtlz2_interval,cw,coverage_a_in_b,0.1,5000,13,0.05,0.17320508075688773,3.4641016151377544,1838,1743,0.0
dtlz2_interval,cw,coverage_b_in_a,0.1,5000,13,0.05,0.17320508075688773,3.4641016151377544,1838,1743,0.0
dtlz2_interval,cw,coverage_a_in_b,0.1,5000,13,0.1,0.34641016151377546,3.4641016151377544,1838,1743,0.00544069640914037
dtlz2_interval,cw,coverage_b_in_a,0.1,5000,13,0.1,0.34641016151377546,3.4641016151377544,1838,1743,0.005737234652897304
dtlz2_interval,cw,coverage_a_in_b,0.1,5000,13,0.2,0.6928203230275509,3.4641016151377544,1838,1743,0.9515778019586507
dtlz2_interval,cw,coverage_b_in_a,0.1,5000,13,0.2,0.6928203230275509,3.4641016151377544,1838,1743,0.9604130808950087
dtlz2_interval,cw,coverage_a_in_b,0.1,5000,13,0.3,1.0392304845413263,3.4641016151377544,1838,1743,1.0
dtlz2_interval,cw,coverage_b_in_a,0.1,5000,13,0.3,1.0392304845413263,3.4641016151377544,1838,1743,1.0
dtlz2_interval,cw,coverage_a_in_b,0.1,5000,13,0.5,1.7320508075688772,3.4641016151377544,1838,1743,1.0
dtlz2_interval,cw,coverage_b_in_a,0.1,5000,13,0.5,1.7320508075688772,3.4641016151377544,1838,1743,1.0
dtlz2_interval,cw,coverage_a_in_b,0.1,5000,14,0.05,0.17320508075688773,3.4641016151377544,1743,1813,0.0
dtlz2_interval,cw,coverage_b_in_a,0.1,5000,14,0.05,0.17320508075688773,3.4641016151377544,1743,1813,0.0
dtlz2_interval,cw,coverage_a_in_b,0.1,5000,14,0.1,0.34641016151377546,3.4641016151377544,1743,1813,0.0068846815834767644
dtlz2_interval,cw,coverage_b_in_a,0.1,5000,14,0.1,0.34641016151377546,3.4641016151377544,1743,1813,0.006618863761720904
dtlz2_interval,cw,coverage_a_in_b,0.1,5000,14,0.2,0.6928203230275509,3.4641016151377544,1743,1813,0.9558232931726908
dtlz2_interval,cw,coverage_b_in_a,0.1,5000,14,0.2,0.6928203230275509,3.4641016151377544,1743,1813,0.9431880860452289
dtlz2_interval,cw,coverage_a_in_b,0.1,5000,14,0.3,1.0392304845413263,3.4641016151377544,1743,1813,1.0
dtlz2_interval,cw,coverage_b_in_a,0.1,5000,14,0.3,1.0392304845413263,3.4641016151377544,1743,1813,1.0
dtlz2_interval,cw,coverage_a_in_b,0.1,5000,14,0.5,1.7320508075688772,3.4641016151377544,1743,1813,1.0
dtlz2_interval,cw,coverage_b_in_a,0.1,5000,14,0.5,1.7320508075688772,3.4641016151377544,1743,1813,1.0
dtlz2_interval,cw,coverage_a_in_b,0.1,5000,15,0.05,0.17320508075688773,3.4641016151377544,1813,1702,0.0
dtlz2_interval,cw,coverage_b_in_a,0.1,5000,15,0.05,0.17320508075688773,3.4641016151377544,1813,1702,0.0
dtlz2_interval,cw,coverage_a_in_b,0.1,5000,15,0.1,0.34641016151377546,3.4641016151377544,1813,1702,0.006618863761720904
dtlz2_interval,cw,coverage_b_in_a,0.1,5000,15,0.1,0.34641016151377546,3.4641016151377544,1813,1702,0.007050528789659225
dtlz2_interval,cw,coverage_a_in_b,0.1,5000,15,0.2,0.6928203230275509,3.4641016151377544,1813,1702,0.9442912300055157
dtlz2_interval,cw,coverage_b_in_a,0.1,5000,15,0.2,0.6928203230275509,3.4641016151377544,1813,1702,0.9553466509988249
dtlz2_interval,cw,coverage_a_in_b,0.1,5000,15,0.3,1.0392304845413263,3.4641016151377544,1813,1702,1.0
dtlz2_interval,cw,coverage_b_in_a,0.1,5000,15,0.3,1.0392304845413263,3.4641016151377544,1813,1702,1.0
dtlz2_interval,cw,coverage_a_in_b,0.1,5000,15,0.5,1.7320508075688772,3.4641016151377544,1813,1702,1.0
dtlz2_interval,cw,coverage_b_in_a,0.1,5000,15,0.5,1.7320508075688772,3.4641016151377544,1813,1702,1.0
dtlz2_interval,lu,coverage_a_in_b,0.25,5000,11,0.05,0.17320508075688773,3.4641016151377544,678,609,0.0
dtlz2_interval,lu,coverage_b_in_a,0.25,5000,11,0.05,0.17320508075688773,3.4641016151377544,678,609,0.0
dtlz2_interval,lu,coverage_a_in_b,0.25,5000,11,0.1,0.34641016151377546,3.4641016151377544,678,609,0.01032448377581121
dtlz2_interval,lu,coverage_b_in_a,0.25,5000,11,0.1,0.34641016151377546,3.4641016151377544,678,609,0.011494252873563218
dtlz2_interval,lu,coverage_a_in_b,0.25,5000,11,0.2,0.6928203230275509,3.4641016151377544,678,609,0.8156342182890856
dtlz2_interval,lu,coverage_b_in_a,0.25,5000,11,0.2,0.6928203230275509,3.4641016151377544,678,609,0.8226600985221675
dtlz2_interval,lu,coverage_a_in_b,0.25,5000,11,0.3,1.0392304845413263,3.4641016151377544,678,609,1.0
dtlz2_interval,lu,coverage_b_in_a,0.25,5000,11,0.3,1.0392304845413263,3.4641016151377544,678,609,1.0
dtlz2_interval,lu,coverage_a_in_b,0.25,5000,11,0.5,1.7320508075688772,3.4641016151377544,678,609,1.0
dtlz2_interval,lu,coverage_b_in_a,0.25,5000,11,0.5,1.7320508075688772,3.4641016151377544,678,609,1.0
dtlz2_interval,lu,coverage_a_in_b,0.25,5000,12,0.05,0.17320508075688773,3.4641016151377544,609,575,0.0
dtlz2_interval,lu,coverage_b_in_a,0.25,5000,12,0.05,0.17320508075688773,3.4641016151377544,609,575,0.0
dtlz2_interval,lu,coverage_a_in_b,0.25,5000,12,0.1,0.34641016151377546,3.4641016151377544,609,575,0.003284072249589491
dtlz2_interval,lu,coverage_b_in_a,0.25,5000,12,0.1,0.34641016151377546,3.4641016151377544,609,575,0.0034782608695652175
dtlz2_interval,lu,coverage_a_in_b,0.25,5000,12,0.2,0.6928203230275509,3.4641016151377544,609,575,0.7996715927750411
dtlz2_interval,lu,coverage_b_in_a,0.25,5000,12,0.2,0.6928203230275509,3.4641016151377544,609,575,0.7895652173913044
dtlz2_interval,lu,coverage_a_in_b,0.25,5000,12,0.3,1.0392304845413263,3.4641016151377544,609,575,1.0
dtlz2_interval,lu,coverage_b_in_a,0.25,5000,12,0.3,1.0392304845413263,3.4641016151377544,609,575,1.0
dtlz2_interval,lu,coverage_a_in_b,0.25,5000,12,0.5,1.7320508075688772,3.4641016151377544,609,575,1.0
dtlz2_interval,lu,coverage_b_in_a,0.25,5000,12,0.5,1.7320508075688772,3.4641016151377544,609,575,1.0
dtlz2_interval,lu,coverage_a_in_b,0.25,5000,13,0.05,0.17320508075688773,3.4641016151377544,575,557,0.0
dtlz2_interval,lu,coverage_b_in_a,0.25,5000,13,0.05,0.17320508075688773,3.4641016151377544,575,557,0.0
dtlz2_interval,lu,coverage_a_in_b,0.25,5000,13,0.1,0.34641016151377546,3.4641016151377544,575,557,0.0052173913043478265
dtlz2_interval,lu,coverage_b_in_a,0.25,5000,13,0.1,0.34641016151377546,3.4641016151377544,575,557,0.005385996409335727
dtlz2_interval,lu,coverage_a_in_b,0.25,5000,13,0.2,0.6928203230275509,3.4641016151377544,575,557,0.768695652173913
dtlz2_interval,lu,coverage_b_in_a,0.25,5000,13,0.2,0.6928203230275509,3.4641016151377544,575,557,0.7863554757630161
dtlz2_interval,lu,coverage_a_in_b,0.25,5000,13,0.3,1.0392304845413263,3.4641016151377544,575,557,1.0
dtlz2_interval,lu,coverage_b_in_a,0.25,5000,13,0.3,1.0392304845413263,3.4641016151377544,575,557,1.0
dtlz2_interval,lu,coverage_a_in_b,0.25,5000,13,0.5,1.7320508075688772,3.4641016151377544,575,557,1.0
dtlz2_interval,lu,coverage_b_in_a,0.25,5000,13,0.5,1.7320508075688772,3.4641016151377544,575,557,1.0
dtlz2_interval,lu,coverage_a_in_b,0.25,5000,14,0.05,0.17320508075688773,3.4641016151377544,557,551,0.0
dtlz2_interval,lu,coverage_b_in_a,0.25,5000,14,0.05,0.17320508075688773,3.4641016151377544,557,551,0.0
dtlz2_interval,lu,coverage_a_in_b,0.25,5000,14,0.1,0.34641016151377546,3.4641016151377544,557,551,0.0017953321364452424
dtlz2_interval,lu,coverage_b_in_a,0.25,5000,14,0.1,0.34641016151377546,3.4641016151377544,557,551,0.0018148820326678765
dtlz2_interval,lu,coverage_a_in_b,0.25,5000,14,0.2,0.6928203230275509,3.4641016151377544,557,551,0.7809694793536804
dtlz2_interval,lu,coverage_b_in_a,0.25,5000,14,0.2,0.6928203230275509,3.4641016151377544,557,551,0.7803992740471869
dtlz2_interval,lu,coverage_a_in_b,0.25,5000,14,0.3,1.0392304845413263,3.4641016151377544,557,551,1.0
dtlz2_interval,lu,coverage_b_in_a,0.25,5000,14,0.3,1.0392304845413263,3.4641016151377544,557,551,1.0
dtlz2_interval,lu,coverage_a_in_b,0.25,5000,14,0.5,1.7320508075688772,3.4641016151377544,557,551,1.0
dtlz2_interval,lu,coverage_b_in_a,0.25,5000,14,0.5,1.7320508075688772,3.4641016151377544,557,551,1.0
dtlz2_interval,lu,coverage_a_in_b,0.25,5000,15,0.05,0.17320508075688773,3.4641016151377544,551,678,0.0
dtlz2_interval,lu,coverage_b_in_a,0.25,5000,15,0.05,0.17320508075688773,3.4641016151377544,551,678,0.0
dtlz2_interval,lu,coverage_a_in_b,0.25,5000,15,0.1,0.34641016151377546,3.4641016151377544,551,678,0.003629764065335753
dtlz2_interval,lu,coverage_b_in_a,0.25,5000,15,0.1,0.34641016151377546,3.4641016151377544,551,678,0.0029498525073746312
dtlz2_interval,lu,coverage_a_in_b,0.25,5000,15,0.2,0.6928203230275509,3.4641016151377544,551,678,0.8185117967332124
dtlz2_interval,lu,coverage_b_in_a,0.25,5000,15,0.2,0.6928203230275509,3.4641016151377544,551,678,0.7802359882005899
dtlz2_interval,lu,coverage_a_in_b,0.25,5000,15,0.3,1.0392304845413263,3.4641016151377544,551,678,1.0
dtlz2_interval,lu,coverage_b_in_a,0.25,5000,15,0.3,1.0392304845413263,3.4641016151377544,551,678,1.0
dtlz2_interval,lu,coverage_a_in_b,0.25,5000,15,0.5,1.7320508075688772,3.4641016151377544,551,678,1.0
dtlz2_interval,lu,coverage_b_in_a,0.25,5000,15,0.5,1.7320508075688772,3.4641016151377544,551,678,1.0
dtlz2_interval,ls,coverage_a_in_b,0.25,5000,11,0.05,0.17320508075688773,3.4641016151377544,2316,2469,0.0
dtlz2_interval,ls,coverage_b_in_a,0.25,5000,11,0.05,0.17320508075688773,3.4641016151377544,2316,2469,0.0
dtlz2_interval,ls,coverage_a_in_b,0.25,5000,11,0.1,0.34641016151377546,3.4641016151377544,2316,2469,0.007772020725388601
dtlz2_interval,ls,coverage_b_in_a,0.25,5000,11,0.1,0.34641016151377546,3.4641016151377544,2316,2469,0.007290400972053463
dtlz2_interval,ls,coverage_a_in_b,0.25,5000,11,0.2,0.6928203230275509,3.4641016151377544,2316,2469,0.9537996545768567
dtlz2_interval,ls,coverage_b_in_a,0.25,5000,11,0.2,0.6928203230275509,3.4641016151377544,2316,2469,0.9530174159578777
dtlz2_interval,ls,coverage_a_in_b,0.25,5000,11,0.3,1.0392304845413263,3.4641016151377544,2316,2469,1.0
dtlz2_interval,ls,coverage_b_in_a,0.25,5000,11,0.3,1.0392304845413263,3.4641016151377544,2316,2469,1.0
dtlz2_interval,ls,coverage_a_in_b,0.25,5000,11,0.5,1.7320508075688772,3.4641016151377544,2316,2469,1.0
dtlz2_interval,ls,coverage_b_in_a,0.25,5000,11,0.5,1.7320508075688772,3.4641016151377544,2316,2469,1.0
dtlz2_interval,ls,coverage_a_in_b,0.25,5000,12,0.05,0.17320508075688773,3.4641016151377544,2469,2393,0.0
dtlz2_interval,ls,coverage_b_in_a,0.25,5000,12,0.05,0.17320508075688773,3.4641016151377544,2469,2393,0.0
dtlz2_interval,ls,coverage_a_in_b,0.25,5000,12,0.1,0.34641016151377546,3.4641016151377544,2469,2393,0.005265289590927501
dtlz2_interval,ls,coverage_b_in_a,0.25,5000,12,0.1,0.34641016151377546,3.4641016151377544,2469,2393,0.005014625992478061
dtlz2_interval,ls,coverage_a_in_b,0.25,5000,12,0.2,0.6928203230275509,3.4641016151377544,2469,2393,0.9534224382341029
dtlz2_interval,ls,coverage_b_in_a,0.25,5000,12,0.2,0.6928203230275509,3.4641016151377544,2469,2393,0.9619724195570414
dtlz2_interval,ls,coverage_a_in_b,0.25,5000,12,0.3,1.0392304845413263,3.4641016151377544,2469,2393,1.0
dtlz2_interval,ls,coverage_b_in_a,0.25,5000,12,0.3,1.0392304845413263,3.4641016151377544,2469,2393,1.0
dtlz2_interval,ls,coverage_a_in_b,0.25,5000,12,0.5,1.7320508075688772,3.4641016151377544,2469,2393,1.0
dtlz2_interval,ls,coverage_b_in_a,0.25,5000,12,0.5,1.7320508075688772,3.4641016151377544,2469,2393,1.0
dtlz2_interval,ls,coverage_a_in_b,0.25,5000,13,0.05,0.17320508075688773,3.4641016151377544,2393,2378,0.0
dtlz2_interval,ls,coverage_b_in_a,0.25,5000,13,0.05,0.17320508075688773,3.4641016151377544,2393,2378,0.0
dtlz2_interval,ls,coverage_a_in_b,0.25,5000,13,0.1,0.34641016151377546,3.4641016151377544,2393,2378,0.0058503969912244045
dtlz2_interval,ls,coverage_b_in_a,0.25,5000,13,0.1,0.34641016151377546,3.4641016151377544,2393,2378,0.005887300252312868
dtlz2_interval,ls,coverage_a_in_b,0.25,5000,13,0.2,0.6928203230275509,3.4641016151377544,2393,2378,0.9573756790639365
dtlz2_interval,ls,coverage_b_in_a,0.25,5000,13,0.2,0.6928203230275509,3.4641016151377544,2393,2378,0.9486963835155593
dtlz2_interval,ls,coverage_a_in_b,0.25,5000,13,0.3,1.0392304845413263,3.4641016151377544,2393,2378,1.0
dtlz2_interval,ls,coverage_b_in_a,0.25,5000,13,0.3,1.0392304845413263,3.4641016151377544,2393,2378,1.0
dtlz2_interval,ls,coverage_a_in_b,0.25,5000,13,0.5,1.7320508075688772,3.4641016151377544,2393,2378,1.0
dtlz2_interval,ls,coverage_b_in_a,0.25,5000,13,0.5,1.7320508075688772,3.4641016151377544,2393,2378,1.0
dtlz2_interval,ls,coverage_a_in_b,0.25,5000,14,0.05,0.17320508075688773,3.4641016151377544,2378,2380,0.0
dtlz2_interval,ls,coverage_b_in_a,0.25,5000,14,0.05,0.17320508075688773,3.4641016151377544,2378,2380,0.0
dtlz2_interval,ls,coverage_a_in_b,0.25,5000,14,0.1,0.34641016151377546,3.4641016151377544,2378,2380,0.005887300252312868
dtlz2_interval,ls,coverage_b_in_a,0.25,5000,14,0.1,0.34641016151377546,3.4641016151377544,2378,2380,0.0058823529411764705
dtlz2_interval,ls,coverage_a_in_b,0.25,5000,14,0.2,0.6928203230275509,3.4641016151377544,2378,2380,0.9524810765349033
dtlz2_interval,ls,coverage_b_in_a,0.25,5000,14,0.2,0.6928203230275509,3.4641016151377544,2378,2380,0.9567226890756303
dtlz2_interval,ls,coverage_a_in_b,0.25,5000,14,0.3,1.0392304845413263,3.4641016151377544,2378,2380,1.0
dtlz2_interval,ls,coverage_b_in_a,0.25,5000,14,0.3,1.0392304845413263,3.4641016151377544,2378,2380,1.0
dtlz2_interval,ls,coverage_a_in_b,0.25,5000,14,0.5,1.7320508075688772,3.4641016151377544,2378,2380,1.0
dtlz2_interval,ls,coverage_b_in_a,0.25,5000,14,0.5,1.7320508075688772,3.4641016151377544,2378,2380,1.0
dtlz2_interval,ls,coverage_a_in_b,0.25,5000,15,0.05,0.17320508075688773,3.4641016151377544,2380,2316,0.0
dtlz2_interval,ls,coverage_b_in_a,0.25,5000,15,0.05,0.17320508075688773,3.4641016151377544,2380,2316,0.0
dtlz2_interval,ls,coverage_a_in_b,0.25,5000,15,0.1,0.34641016151377546,3.4641016151377544,2380,2316,0.0054621848739495795
dtlz2_interval,ls,coverage_b_in_a,0.25,5000,15,0.1,0.34641016151377546,3.4641016151377544,2380,2316,0.005613126079447323
dtlz2_interval,ls,coverage_a_in_b,0.25,5000,15,0.2,0.6928203230275509,3.4641016151377544,2380,2316,0.9525210084033613
dtlz2_interval,ls,coverage_b_in_a,0.25,5000,15,0.2,0.6928203230275509,3.4641016151377544,2380,2316,0.9550949913644214
dtlz2_interval,ls,coverage_a_in_b,0.25,5000,15,0.3,1.0392304845413263,3.4641016151377544,2380,2316,1.0
dtlz2_interval,ls,coverage_b_in_a,0.25,5000,15,0.3,1.0392304845413263,3.4641016151377544,2380,2316,1.0
dtlz2_interval,ls,coverage_a_in_b,0.25,5000,15,0.5,1.7320508075688772,3.4641016151377544,2380,2316,1.0
dtlz2_interval,ls,coverage_b_in_a,0.25,5000,15,0.5,1.7320508075688772,3.4641016151377544,2380,2316,1.0
dtlz2_interval,cw,coverage_a_in_b,0.25,5000,11,0.05,0.17320508075688773,3.4641016151377544,1702,1857,0.0
dtlz2_interval,cw,coverage_b_in_a,0.25,5000,11,0.05,0.17320508075688773,3.4641016151377544,1702,1857,0.0
dtlz2_interval,cw,coverage_a_in_b,0.25,5000,11,0.1,0.34641016151377546,3.4641016151377544,1702,1857,0.00763807285546416
dtlz2_interval,cw,coverage_b_in_a,0.25,5000,11,0.1,0.34641016151377546,3.4641016151377544,1702,1857,0.007000538502961767
dtlz2_interval,cw,coverage_a_in_b,0.25,5000,11,0.2,0.6928203230275509,3.4641016151377544,1702,1857,0.9518213866039953
dtlz2_interval,cw,coverage_b_in_a,0.25,5000,11,0.2,0.6928203230275509,3.4641016151377544,1702,1857,0.9477652127086699
dtlz2_interval,cw,coverage_a_in_b,0.25,5000,11,0.3,1.0392304845413263,3.4641016151377544,1702,1857,1.0
dtlz2_interval,cw,coverage_b_in_a,0.25,5000,11,0.3,1.0392304845413263,3.4641016151377544,1702,1857,1.0
dtlz2_interval,cw,coverage_a_in_b,0.25,5000,11,0.5,1.7320508075688772,3.4641016151377544,1702,1857,1.0
dtlz2_interval,cw,coverage_b_in_a,0.25,5000,11,0.5,1.7320508075688772,3.4641016151377544,1702,1857,1.0
dtlz2_interval,cw,coverage_a_in_b,0.25,5000,12,0.05,0.17320508075688773,3.4641016151377544,1857,1838,0.0
dtlz2_interval,cw,coverage_b_in_a,0.25,5000,12,0.05,0.17320508075688773,3.4641016151377544,1857,1838,0.0
dtlz2_interval,cw,coverage_a_in_b,0.25,5000,12,0.1,0.34641016151377546,3.4641016151377544,1857,1838,0.006462035541195477
dtlz2_interval,cw,coverage_b_in_a,0.25,5000,12,0.1,0.34641016151377546,3.4641016151377544,1857,1838,0.005984766050054407
dtlz2_interval,cw,coverage_a_in_b,0.25,5000,12,0.2,0.6928203230275509,3.4641016151377544,1857,1838,0.9553042541733979
dtlz2_interval,cw,coverage_b_in_a,0.25,5000,12,0.2,0.6928203230275509,3.4641016151377544,1857,1838,0.9591947769314473
dtlz2_interval,cw,coverage_a_in_b,0.25,5000,12,0.3,1.0392304845413263,3.4641016151377544,1857,1838,1.0
dtlz2_interval,cw,coverage_b_in_a,0.25,5000,12,0.3,1.0392304845413263,3.4641016151377544,1857,1838,1.0
dtlz2_interval,cw,coverage_a_in_b,0.25,5000,12,0.5,1.7320508075688772,3.4641016151377544,1857,1838,1.0
dtlz2_interval,cw,coverage_b_in_a,0.25,5000,12,0.5,1.7320508075688772,3.4641016151377544,1857,1838,1.0
dtlz2_interval,cw,coverage_a_in_b,0.25,5000,13,0.05,0.17320508075688773,3.4641016151377544,1838,1743,0.0
dtlz2_interval,cw,coverage_b_in_a,0.25,5000,13,0.05,0.17320508075688773,3.4641016151377544,1838,1743,0.0
dtlz2_interval,cw,coverage_a_in_b,0.25,5000,13,0.1,0.34641016151377546,3.4641016151377544,1838,1743,0.00544069640914037
dtlz2_interval,cw,coverage_b_in_a,0.25,5000,13,0.1,0.34641016151377546,3.4641016151377544,1838,1743,0.005737234652897304
dtlz2_interval,cw,coverage_a_in_b,0.25,5000,13,0.2,0.6928203230275509,3.4641016151377544,1838,1743,0.9515778019586507
dtlz2_interval,cw,coverage_b_in_a,0.25,5000,13,0.2,0.6928203230275509,3.4641016151377544,1838,1743,0.9604130808950087
dtlz2_interval,cw,coverage_a_in_b,0.25,5000,13,0.3,1.0392304845413263,3.4641016151377544,1838,1743,1.0
dtlz2_interval,cw,coverage_b_in_a,0.25,5000,13,0.3,1.0392304845413263,3.4641016151377544,1838,1743,1.0
dtlz2_interval,cw,coverage_a_in_b,0.25,5000,13,0.5,1.7320508075688772,3.4641016151377544,1838,1743,1.0
dtlz2_interval,cw,coverage_b_in_a,0.25,5000,13,0.5,1.7320508075688772,3.4641016151377544,1838,1743,1.0
dtlz2_interval,cw,coverage_a_in_b,0.25,5000,14,0.05,0.17320508075688773,3.4641016151377544,1743,1813,0.0
dtlz2_interval,cw,coverage_b_in_a,0.25,5000,14,0.05,0.17320508075688773,3.4641016151377544,1743,1813,0.0
dtlz2_interval,cw,coverage_a_in_b,0.25,5000,14,0.1,0.34641016151377546,3.4641016151377544,1743,1813,0.0068846815834767644
dtlz2_interval,cw,coverage_b_in_a,0.25,5000,14,0.1,0.34641016151377546,3.4641016151377544,1743,1813,0.006618863761720904
dtlz2_interval,cw,coverage_a_in_b,0.25,5000,14,0.2,0.6928203230275509,3.4641016151377544,1743,1813,0.9558232931726908
dtlz2_interval,cw,coverage_b_in_a,0.25,5000,14,0.2,0.6928203230275509,3.4641016151377544,1743,1813,0.9431880860452289
dtlz2_interval,cw,coverage_a_in_b,0.25,5000,14,0.3,1.0392304845413263,3.4641016151377544,1743,1813,1.0
dtlz2_interval,cw,coverage_b_in_a,0.25,5000,14,0.3,1.0392304845413263,3.4641016151377544,1743,1813,1.0
dtlz2_interval,cw,coverage_a_in_b,0.25,5000,14,0.5,1.7320508075688772,3.4641016151377544,1743,1813,1.0
dtlz2_interval,cw,coverage_b_in_a,0.25,5000,14,0.5,1.7320508075688772,3.4641016151377544,1743,1813,1.0
dtlz2_interval,cw,coverage_a_in_b,0.25,5000,15,0.05,0.17320508075688773,3.4641016151377544,1813,1702,0.0
dtlz2_interval,cw,coverage_b_in_a,0.25,5000,15,0.05,0.17320508075688773,3.4641016151377544,1813,1702,0.0
dtlz2_interval,cw,coverage_a_in_b,0.25,5000,15,0.1,0.34641016151377546,3.4641016151377544,1813,1702,0.006618863761720904
dtlz2_interval,cw,coverage_b_in_a,0.25,5000,15,0.1,0.34641016151377546,3.4641016151377544,1813,1702,0.007050528789659225
dtlz2_interval,cw,coverage_a_in_b,0.25,5000,15,0.2,0.6928203230275509,3.4641016151377544,1813,1702,0.9442912300055157
dtlz2_interval,cw,coverage_b_in_a,0.25,5000,15,0.2,0.6928203230275509,3.4641016151377544,1813,1702,0.9553466509988249
dtlz2_interval,cw,coverage_a_in_b,0.25,5000,15,0.3,1.0392304845413263,3.4641016151377544,1813,1702,1.0
dtlz2_interval,cw,coverage_b_in_a,0.25,5000,15,0.3,1.0392304845413263,3.4641016151377544,1813,1702,1.0
dtlz2_interval,cw,coverage_a_in_b,0.25,5000,15,0.5,1.7320508075688772,3.4641016151377544,1813,1702,1.0
dtlz2_interval,cw,coverage_b_in_a,0.25,5000,15,0.5,1.7320508075688772,3.4641016151377544,1813,1702,1.0
dtlz2_interval,lu,coverage_a_in_b,0.5,5000,11,0.05,0.17320508075688773,3.4641016151377544,1114,1026,0.0
dtlz2_interval,lu,coverage_b_in_a,0.5,5000,11,0.05,0.17320508075688773,3.4641016151377544,1114,1026,0.0
dtlz2_interval,lu,coverage_a_in_b,0.5,5000,11,0.1,0.34641016151377546,3.4641016151377544,1114,1026,0.010771992818671455
dtlz2_interval,lu,coverage_b_in_a,0.5,5000,11,0.1,0.34641016151377546,3.4641016151377544,1114,1026,0.011695906432748537
dtlz2_interval,lu,coverage_a_in_b,0.5,5000,11,0.2,0.6928203230275509,3.4641016151377544,1114,1026,0.8842010771992819
dtlz2_interval,lu,coverage_b_in_a,0.5,5000,11,0.2,0.6928203230275509,3.4641016151377544,1114,1026,0.8937621832358674
dtlz2_interval,lu,coverage_a_in_b,0.5,5000,11,0.3,1.0392304845413263,3.4641016151377544,1114,1026,1.0
dtlz2_interval,lu,coverage_b_in_a,0.5,5000,11,0.3,1.0392304845413263,3.4641016151377544,1114,1026,1.0
dtlz2_interval,lu,coverage_a_in_b,0.5,5000,11,0.5,1.7320508075688772,3.4641016151377544,1114,1026,1.0
dtlz2_interval,lu,coverage_b_in_a,0.5,5000,11,0.5,1.7320508075688772,3.4641016151377544,1114,1026,1.0
dtlz2_interval,lu,coverage_a_in_b,0.5,5000,12,0.05,0.17320508075688773,3.4641016151377544,1026,941,0.0
dtlz2_interval,lu,coverage_b_in_a,0.5,5000,12,0.05,0.17320508075688773,3.4641016151377544,1026,941,0.0
dtlz2_interval,lu,coverage_a_in_b,0.5,5000,12,0.1,0.34641016151377546,3.4641016151377544,1026,941,0.003898635477582846
dtlz2_interval,lu,coverage_b_in_a,0.5,5000,12,0.1,0.34641016151377546,3.4641016151377544,1026,941,0.003188097768331562
dtlz2_interval,lu,coverage_a_in_b,0.5,5000,12,0.2,0.6928203230275509,3.4641016151377544,1026,941,0.8576998050682261
dtlz2_interval,lu,coverage_b_in_a,0.5,5000,12,0.2,0.6928203230275509,3.4641016151377544,1026,941,0.869287991498406
dtlz2_interval,lu,coverage_a_in_b,0.5,5000,12,0.3,1.0392304845413263,3.4641016151377544,1026,941,1.0
dtlz2_interval,lu,coverage_b_in_a,0.5,5000,12,0.3,1.0392304845413263,3.4641016151377544,1026,941,1.0
dtlz2_interval,lu,coverage_a_in_b,0.5,5000,12,0.5,1.7320508075688772,3.4641016151377544,1026,941,1.0
dtlz2_interval,lu,coverage_b_in_a,0.5,5000,12,0.5,1.7320508075688772,3.4641016151377544,1026,941,1.0
dtlz2_interval,lu,coverage_a_in_b,0.5,5000,13,0.05,0.17320508075688773,3.4641016151377544,941,980,0.0
dtlz2_interval,lu,coverage_b_in_a,0.5,5000,13,0.05,0.17320508075688773,3.4641016151377544,941,980,0.0
dtlz2_interval,lu,coverage_a_in_b,0.5,5000,13,0.1,0.34641016151377546,3.4641016151377544,941,980,0.004250797024442083
dtlz2_interval,lu,coverage_b_in_a,0.5,5000,13,0.1,0.34641016151377546,3.4641016151377544,941,980,0.004081632653061225
dtlz2_interval,lu,coverage_a_in_b,0.5,5000,13,0.2,0.6928203230275509,3.4641016151377544,941,980,0.8565356004250797
dtlz2_interval,lu,coverage_b_in_a,0.5,5000,13,0.2,0.6928203230275509,3.4641016151377544,941,980,0.8530612244897959
dtlz2_interval,lu,coverage_a_in_b,0.5,5000,13,0.3,1.0392304845413263,3.4641016151377544,941,980,1.0
dtlz2_interval,lu,coverage_b_in_a,0.5,5000,13,0.3,1.0392304845413263,3.4641016151377544,941,980,1.0
dtlz2_interval,lu,coverage_a_in_b,0.5,5000,13,0.5,1.7320508075688772,3.4641016151377544,941,980,1.0
dtlz2_interval,lu,coverage_b_in_a,0.5,5000,13,0.5,1.7320508075688772,3.4641016151377544,941,980,1.0
dtlz2_interval,lu,coverage_a_in_b,0.5,5000,14,0.05,0.17320508075688773,3.4641016151377544,980,948,0.0
dtlz2_interval,lu,coverage_b_in_a,0.5,5000,14,0.05,0.17320508075688773,3.4641016151377544,980,948,0.0
dtlz2_interval,lu,coverage_a_in_b,0.5,5000,14,0.1,0.34641016151377546,3.4641016151377544,980,948,0.0020408163265306124
dtlz2_interval,lu,coverage_b_in_a,0.5,5000,14,0.1,0.34641016151377546,3.4641016151377544,980,948,0.002109704641350211
dtlz2_interval,lu,coverage_a_in_b,0.5,5000,14,0.2,0.6928203230275509,3.4641016151377544,980,948,0.8561224489795919
dtlz2_interval,lu,coverage_b_in_a,0.5,5000,14,0.2,0.6928203230275509,3.4641016151377544,980,948,0.879746835443038
dtlz2_interval,lu,coverage_a_in_b,0.5,5000,14,0.3,1.0392304845413263,3.4641016151377544,980,948,1.0
dtlz2_interval,lu,coverage_b_in_a,0.5,5000,14,0.3,1.0392304845413263,3.4641016151377544,980,948,1.0
dtlz2_interval,lu,coverage_a_in_b,0.5,5000,14,0.5,1.7320508075688772,3.4641016151377544,980,948,1.0
dtlz2_interval,lu,coverage_b_in_a,0.5,5000,14,0.5,1.7320508075688772,3.4641016151377544,980,948,1.0
dtlz2_interval,lu,coverage_a_in_b,0.5,5000,15,0.05,0.17320508075688773,3.4641016151377544,948,1114,0.0
dtlz2_interval,lu,coverage_b_in_a,0.5,5000,15,0.05,0.17320508075688773,3.4641016151377544,948,1114,0.0
dtlz2_interval,lu,coverage_a_in_b,0.5,5000,15,0.1,0.34641016151377546,3.4641016151377544,948,1114,0.002109704641350211
dtlz2_interval,lu,coverage_b_in_a,0.5,5000,15,0.1,0.34641016151377546,3.4641016151377544,948,1114,0.0017953321364452424
dtlz2_interval,lu,coverage_a_in_b,0.5,5000,15,0.2,0.6928203230275509,3.4641016151377544,948,1114,0.8850210970464135
dtlz2_interval,lu,coverage_b_in_a,0.5,5000,15,0.2,0.6928203230275509,3.4641016151377544,948,1114,0.8707360861759426
dtlz2_interval,lu,coverage_a_in_b,0.5,5000,15,0.3,1.0392304845413263,3.4641016151377544,948,1114,1.0
dtlz2_interval,lu,coverage_b_in_a,0.5,5000,15,0.3,1.0392304845413263,3.4641016151377544,948,1114,1.0
dtlz2_interval,lu,coverage_a_in_b,0.5,5000,15,0.5,1.7320508075688772,3.4641016151377544,948,1114,1.0
dtlz2_interval,lu,coverage_b_in_a,0.5,5000,15,0.5,1.7320508075688772,3.4641016151377544,948,1114,1.0
dtlz2_interval,ls,coverage_a_in_b,0.5,5000,11,0.05,0.17320508075688773,3.4641016151377544,2834,2927,0.0
dtlz2_interval,ls,coverage_b_in_a,0.5,5000,11,0.05,0.17320508075688773,3.4641016151377544,2834,2927,0.0
dtlz2_interval,ls,coverage_a_in_b,0.5,5000,11,0.1,0.34641016151377546,3.4641016151377544,2834,2927,0.008468595624558928
dtlz2_interval,ls,coverage_b_in_a,0.5,5000,11,0.1,0.34641016151377546,3.4641016151377544,2834,2927,0.008199521694567818
dtlz2_interval,ls,coverage_a_in_b,0.5,5000,11,0.2,0.6928203230275509,3.4641016151377544,2834,2927,0.965772759350741
dtlz2_interval,ls,coverage_b_in_a,0.5,5000,11,0.2,0.6928203230275509,3.4641016151377544,2834,2927,0.9654936795353605
dtlz2_interval,ls,coverage_a_in_b,0.5,5000,11,0.3,1.0392304845413263,3.4641016151377544,2834,2927,1.0
dtlz2_interval,ls,coverage_b_in_a,0.5,5000,11,0.3,1.0392304845413263,3.4641016151377544,2834,2927,1.0
dtlz2_interval,ls,coverage_a_in_b,0.5,5000,11,0.5,1.7320508075688772,3.4641016151377544,2834,2927,1.0
dtlz2_interval,ls,coverage_b_in_a,0.5,5000,11,0.5,1.7320508075688772,3.4641016151377544,2834,2927,1.0
dtlz2_interval,ls,coverage_a_in_b,0.5,5000,12,0.05,0.17320508075688773,3.4641016151377544,2927,2858,0.0
dtlz2_interval,ls,coverage_b_in_a,0.5,5000,12,0.05,0.17320508075688773,3.4641016151377544,2927,2858,0.0
dtlz2_interval,ls,coverage_a_in_b,0.5,5000,12,0.1,0.34641016151377546,3.4641016151377544,2927,2858,0.005124701059104886
dtlz2_interval,ls,coverage_b_in_a,0.5,5000,12,0.1,0.34641016151377546,3.4641016151377544,2927,2858,0.00489853044086774
dtlz2_interval,ls,coverage_a_in_b,0.5,5000,12,0.2,0.6928203230275509,3.4641016151377544,2927,2858,0.9641270925862658
dtlz2_interval,ls,coverage_b_in_a,0.5,5000,12,0.2,0.6928203230275509,3.4641016151377544,2927,2858,0.9678096571028691
dtlz2_interval,ls,coverage_a_in_b,0.5,5000,12,0.3,1.0392304845413263,3.4641016151377544,2927,2858,1.0
dtlz2_interval,ls,coverage_b_in_a,0.5,5000,12,0.3,1.0392304845413263,3.4641016151377544,2927,2858,1.0
dtlz2_interval,ls,coverage_a_in_b,0.5,5000,12,0.5,1.7320508075688772,3.4641016151377544,2927,2858,1.0
dtlz2_interval,ls,coverage_b_in_a,0.5,5000,12,0.5,1.7320508075688772,3.4641016151377544,2927,2858,1.0
dtlz2_interval,ls,coverage_a_in_b,0.5,5000,13,0.05,0.17320508075688773,3.4641016151377544,2858,2838,0.0
dtlz2_interval,ls,coverage_b_in_a,0.5,5000,13,0.05,0.17320508075688773,3.4641016151377544,2858,2838,0.0
dtlz2_interval,ls,coverage_a_in_b,0.5,5000,13,0.1,0.34641016151377546,3.4641016151377544,2858,2838,0.006298110566829951
dtlz2_interval,ls,coverage_b_in_a,0.5,5000,13,0.1,0.34641016151377546,3.4641016151377544,2858,2838,0.006342494714587738
dtlz2_interval,ls,coverage_a_in_b,0.5,5000,13,0.2,0.6928203230275509,3.4641016151377544,2858,2838,0.9657102869139258
dtlz2_interval,ls,coverage_b_in_a,0.5,5000,13,0.2,0.6928203230275509,3.4641016151377544,2858,2838,0.9626497533474278
dtlz2_interval,ls,coverage_a_in_b,0.5,5000,13,0.3,1.0392304845413263,3.4641016151377544,2858,2838,1.0
dtlz2_interval,ls,coverage_b_in_a,0.5,5000,13,0.3,1.0392304845413263,3.4641016151377544,2858,2838,1.0
dtlz2_interval,ls,coverage_a_in_b,0.5,5000,13,0.5,1.7320508075688772,3.4641016151377544,2858,2838,1.0
dtlz2_interval,ls,coverage_b_in_a,0.5,5000,13,0.5,1.7320508075688772,3.4641016151377544,2858,2838,1.0
dtlz2_interval,ls,coverage_a_in_b,0.5,5000,14,0.05,0.17320508075688773,3.4641016151377544,2838,2866,0.0
dtlz2_interval,ls,coverage_b_in_a,0.5,5000,14,0.05,0.17320508075688773,3.4641016151377544,2838,2866,0.0
dtlz2_interval,ls,coverage_a_in_b,0.5,5000,14,0.1,0.34641016151377546,3.4641016151377544,2838,2866,0.005637773079633545
dtlz2_interval,ls,coverage_b_in_a,0.5,5000,14,0.1,0.34641016151377546,3.4641016151377544,2838,2866,0.005582693649685973
dtlz2_interval,ls,coverage_a_in_b,0.5,5000,14,0.2,0.6928203230275509,3.4641016151377544,2838,2866,0.9658210007047217
dtlz2_interval,ls,coverage_b_in_a,0.5,5000,14,0.2,0.6928203230275509,3.4641016151377544,2838,2866,0.9637124912770412
dtlz2_interval,ls,coverage_a_in_b,0.5,5000,14,0.3,1.0392304845413263,3.4641016151377544,2838,2866,1.0
dtlz2_interval,ls,coverage_b_in_a,0.5,5000,14,0.3,1.0392304845413263,3.4641016151377544,2838,2866,1.0
dtlz2_interval,ls,coverage_a_in_b,0.5,5000,14,0.5,1.7320508075688772,3.4641016151377544,2838,2866,1.0
dtlz2_interval,ls,coverage_b_in_a,0.5,5000,14,0.5,1.7320508075688772,3.4641016151377544,2838,2866,1.0
dtlz2_interval,ls,coverage_a_in_b,0.5,5000,15,0.05,0.17320508075688773,3.4641016151377544,2866,2834,0.0
dtlz2_interval,ls,coverage_b_in_a,0.5,5000,15,0.05,0.17320508075688773,3.4641016151377544,2866,2834,0.0
dtlz2_interval,ls,coverage_a_in_b,0.5,5000,15,0.1,0.34641016151377546,3.4641016151377544,2866,2834,0.006629448709002094
dtlz2_interval,ls,coverage_b_in_a,0.5,5000,15,0.1,0.34641016151377546,3.4641016151377544,2866,2834,0.0067043048694424845
dtlz2_interval,ls,coverage_a_in_b,0.5,5000,15,0.2,0.6928203230275509,3.4641016151377544,2866,2834,0.9637124912770412
dtlz2_interval,ls,coverage_b_in_a,0.5,5000,15,0.2,0.6928203230275509,3.4641016151377544,2866,2834,0.9647141848976711
dtlz2_interval,ls,coverage_a_in_b,0.5,5000,15,0.3,1.0392304845413263,3.4641016151377544,2866,2834,1.0
dtlz2_interval,ls,coverage_b_in_a,0.5,5000,15,0.3,1.0392304845413263,3.4641016151377544,2866,2834,1.0
dtlz2_interval,ls,coverage_a_in_b,0.5,5000,15,0.5,1.7320508075688772,3.4641016151377544,2866,2834,1.0
dtlz2_interval,ls,coverage_b_in_a,0.5,5000,15,0.5,1.7320508075688772,3.4641016151377544,2866,2834,1.0
dtlz2_interval,cw,coverage_a_in_b,0.5,5000,11,0.05,0.17320508075688773,3.4641016151377544,1702,1857,0.0
dtlz2_interval,cw,coverage_b_in_a,0.5,5000,11,0.05,0.17320508075688773,3.4641016151377544,1702,1857,0.0
dtlz2_interval,cw,coverage_a_in_b,0.5,5000,11,0.1,0.34641016151377546,3.4641016151377544,1702,1857,0.00763807285546416
dtlz2_interval,cw,coverage_b_in_a,0.5,5000,11,0.1,0.34641016151377546,3.4641016151377544,1702,1857,0.007000538502961767
dtlz2_interval,cw,coverage_a_in_b,0.5,5000,11,0.2,0.6928203230275509,3.4641016151377544,1702,1857,0.9518213866039953
dtlz2_interval,cw,coverage_b_in_a,0.5,5000,11,0.2,0.6928203230275509,3.4641016151377544,1702,1857,0.9477652127086699
dtlz2_interval,cw,coverage_a_in_b,0.5,5000,11,0.3,1.0392304845413263,3.4641016151377544,1702,1857,1.0
dtlz2_interval,cw,coverage_b_in_a,0.5,5000,11,0.3,1.0392304845413263,3.4641016151377544,1702,1857,1.0
dtlz2_interval,cw,coverage_a_in_b,0.5,5000,11,0.5,1.7320508075688772,3.4641016151377544,1702,1857,1.0
dtlz2_interval,cw,coverage_b_in_a,0.5,5000,11,0.5,1.7320508075688772,3.4641016151377544,1702,1857,1.0
dtlz2_interval,cw,coverage_a_in_b,0.5,5000,12,0.05,0.17320508075688773,3.4641016151377544,1857,1838,0.0
dtlz2_interval,cw,coverage_b_in_a,0.5,5000,12,0.05,0.17320508075688773,3.4641016151377544,1857,1838,0.0
dtlz2_interval,cw,coverage_a_in_b,0.5,5000,12,0.1,0.34641016151377546,3.4641016151377544,1857,1838,0.006462035541195477
dtlz2_interval,cw,coverage_b_in_a,0.5,5000,12,0.1,0.34641016151377546,3.4641016151377544,1857,1838,0.005984766050054407
dtlz2_interval,cw,coverage_a_in_b,0.5,5000,12,0.2,0.6928203230275509,3.4641016151377544,1857,1838,0.9553042541733979
dtlz2_interval,cw,coverage_b_in_a,0.5,5000,12,0.2,0.6928203230275509,3.4641016151377544,1857,1838,0.9591947769314473
dtlz2_interval,cw,coverage_a_in_b,0.5,5000,12,0.3,1.0392304845413263,3.4641016151377544,1857,1838,1.0
dtlz2_interval,cw,coverage_b_in_a,0.5,5000,12,0.3,1.0392304845413263,3.4641016151377544,1857,1838,1.0
dtlz2_interval,cw,coverage_a_in_b,0.5,5000,12,0.5,1.7320508075688772,3.4641016151377544,1857,1838,1.0
dtlz2_interval,cw,coverage_b_in_a,0.5,5000,12,0.5,1.7320508075688772,3.4641016151377544,1857,1838,1.0
dtlz2_interval,cw,coverage_a_in_b,0.5,5000,13,0.05,0.17320508075688773,3.4641016151377544,1838,1743,0.0
dtlz2_interval,cw,coverage_b_in_a,0.5,5000,13,0.05,0.17320508075688773,3.4641016151377544,1838,1743,0.0
dtlz2_interval,cw,coverage_a_in_b,0.5,5000,13,0.1,0.34641016151377546,3.4641016151377544,1838,1743,0.00544069640914037
dtlz2_interval,cw,coverage_b_in_a,0.5,5000,13,0.1,0.34641016151377546,3.4641016151377544,1838,1743,0.005737234652897304
dtlz2_interval,cw,coverage_a_in_b,0.5,5000,13,0.2,0.6928203230275509,3.4641016151377544,1838,1743,0.9515778019586507
dtlz2_interval,cw,coverage_b_in_a,0.5,5000,13,0.2,0.6928203230275509,3.4641016151377544,1838,1743,0.9604130808950087
dtlz2_interval,cw,coverage_a_in_b,0.5,5000,13,0.3,1.0392304845413263,3.4641016151377544,1838,1743,1.0
dtlz2_interval,cw,coverage_b_in_a,0.5,5000,13,0.3,1.0392304845413263,3.4641016151377544,1838,1743,1.0
dtlz2_interval,cw,coverage_a_in_b,0.5,5000,13,0.5,1.7320508075688772,3.4641016151377544,1838,1743,1.0
dtlz2_interval,cw,coverage_b_in_a,0.5,5000,13,0.5,1.7320508075688772,3.4641016151377544,1838,1743,1.0
dtlz2_interval,cw,coverage_a_in_b,0.5,5000,14,0.05,0.17320508075688773,3.4641016151377544,1743,1813,0.0
dtlz2_interval,cw,coverage_b_in_a,0.5,5000,14,0.05,0.17320508075688773,3.4641016151377544,1743,1813,0.0
dtlz2_interval,cw,coverage_a_in_b,0.5,5000,14,0.1,0.34641016151377546,3.4641016151377544,1743,1813,0.0068846815834767644
dtlz2_interval,cw,coverage_b_in_a,0.5,5000,14,0.1,0.34641016151377546,3.4641016151377544,1743,1813,0.006618863761720904
dtlz2_interval,cw,coverage_a_in_b,0.5,5000,14,0.2,0.6928203230275509,3.4641016151377544,1743,1813,0.9558232931726908
dtlz2_interval,cw,coverage_b_in_a,0.5,5000,14,0.2,0.6928203230275509,3.4641016151377544,1743,1813,0.9431880860452289
dtlz2_interval,cw,coverage_a_in_b,0.5,5000,14,0.3,1.0392304845413263,3.4641016151377544,1743,1813,1.0
dtlz2_interval,cw,coverage_b_in_a,0.5,5000,14,0.3,1.0392304845413263,3.4641016151377544,1743,1813,1.0
dtlz2_interval,cw,coverage_a_in_b,0.5,5000,14,0.5,1.7320508075688772,3.4641016151377544,1743,1813,1.0
dtlz2_interval,cw,coverage_b_in_a,0.5,5000,14,0.5,1.7320508075688772,3.4641016151377544,1743,1813,1.0
dtlz2_interval,cw,coverage_a_in_b,0.5,5000,15,0.05,0.17320508075688773,3.4641016151377544,1813,1702,0.0
dtlz2_interval,cw,coverage_b_in_a,0.5,5000,15,0.05,0.17320508075688773,3.4641016151377544,1813,1702,0.0
dtlz2_interval,cw,coverage_a_in_b,0.5,5000,15,0.1,0.34641016151377546,3.4641016151377544,1813,1702,0.006618863761720904
dtlz2_interval,cw,coverage_b_in_a,0.5,5000,15,0.1,0.34641016151377546,3.4641016151377544,1813,1702,0.007050528789659225
dtlz2_interval,cw,coverage_a_in_b,0.5,5000,15,0.2,0.6928203230275509,3.4641016151377544,1813,1702,0.9442912300055157
dtlz2_interval,cw,coverage_b_in_a,0.5,5000,15,0.2,0.6928203230275509,3.4641016151377544,1813,1702,0.9553466509988249
dtlz2_interval,cw,coverage_a_in_b,0.5,5000,15,0.3,1.0392304845413263,3.4641016151377544,1813,1702,1.0
dtlz2_interval,cw,coverage_b_in_a,0.5,5000,15,0.3,1.0392304845413263,3.4641016151377544,1813,1702,1.0
dtlz2_interval,cw,coverage_a_in_b,0.5,5000,15,0.5,1.7320508075688772,3.4641016151377544,1813,1702,1.0
dtlz2_interval,cw,coverage_b_in_a,0.5,5000,15,0.5,1.7320508075688772,3.4641016151377544,1813,1702,1.0
