measurement,structure,problem,phi,eps,column,free_set_size,constant_column,n_evals,seed,defined,value,protected_index
m-2_overhang,registered_x01,zdt1_interval,lu,0.0,0,29,False,5000,11,True,3.096458147517026,2164
m-2_overhang,a5b_domination_argument,zdt1_interval,lu,0.0,0,29,False,5000,11,True,3.0146216630208027,2164
m-2_overhang,registered_x01,zdt1_interval,lu,0.0,1,29,False,5000,11,True,3.096458147517026,2164
m-2_overhang,a5b_domination_argument,zdt1_interval,lu,0.0,1,29,False,5000,11,True,3.0146216630208027,2164
m-2_overhang,registered_x01,zdt1_interval,lu,0.0,2,0,False,5000,11,True,0.0,20
m-2_overhang,a5b_domination_argument,zdt1_interval,lu,0.0,2,0,False,5000,11,True,0.0,20
m-2_overhang,registered_x01,zdt1_interval,lu,0.0,3,0,False,5000,11,True,0.0,20
m-2_overhang,a5b_domination_argument,zdt1_interval,lu,0.0,3,0,False,5000,11,True,0.0,20
m-2_overhang,registered_x01,zdt1_interval,lu,0.0,0,29,False,5000,12,True,3.1061167794419036,3436
m-2_overhang,a5b_domination_argument,zdt1_interval,lu,0.0,0,29,False,5000,12,True,3.10574062133444,3436
m-2_overhang,registered_x01,zdt1_interval,lu,0.0,1,29,False,5000,12,True,3.1061167794419036,3436
m-2_overhang,a5b_domination_argument,zdt1_interval,lu,0.0,1,29,False,5000,12,True,3.10574062133444,3436
m-2_overhang,registered_x01,zdt1_interval,lu,0.0,2,0,False,5000,12,True,0.0,3475
m-2_overhang,a5b_domination_argument,zdt1_interval,lu,0.0,2,0,False,5000,12,True,0.0,3475
m-2_overhang,registered_x01,zdt1_interval,lu,0.0,3,0,False,5000,12,True,0.0,3475
m-2_overhang,a5b_domination_argument,zdt1_interval,lu,0.0,3,0,False,5000,12,True,0.0,3475
m-2_overhang,registered_x01,zdt1_interval,lu,0.0,0,29,False,5000,13,True,3.3969978700080357,110
m-2_overhang,a5b_domination_argument,zdt1_interval,lu,0.0,0,29,False,5000,13,True,3.305222990985887,110
m-2_overhang,registered_x01,zdt1_interval,lu,0.0,1,29,False,5000,13,True,3.3969978700080357,110
m-2_overhang,a5b_domination_argument,zdt1_interval,lu,0.0,1,29,False,5000,13,True,3.305222990985887,110
m-2_overhang,registered_x01,zdt1_interval,lu,0.0,2,0,False,5000,13,True,0.0,3879
m-2_overhang,a5b_domination_argument,zdt1_interval,lu,0.0,2,0,False,5000,13,True,0.0,3879
m-2_overhang,registered_x01,zdt1_interval,lu,0.0,3,0,False,5000,13,True,0.0,3879
m-2_overhang,a5b_domination_argument,zdt1_interval,lu,0.0,3,0,False,5000,13,True,0.0,3879
m-2_overhang,registered_x01,zdt1_interval,lu,0.0,0,29,False,5000,14,True,3.081341345101482,3550
m-2_overhang,a5b_domination_argument,zdt1_interval,lu,0.0,0,29,False,5000,14,True,2.9248507337840453,3550
m-2_overhang,registered_x01,zdt1_interval,lu,0.0,1,29,False,5000,14,True,3.081341345101482,3550
m-2_overhang,a5b_domination_argument,zdt1_interval,lu,0.0,1,29,False,5000,14,True,2.9248507337840453,3550
m-2_overhang,registered_x01,zdt1_interval,lu,0.0,2,0,False,5000,14,True,0.0,1189
m-2_overhang,a5b_domination_argument,zdt1_interval,lu,0.0,2,0,False,5000,14,True,0.0,1189
m-2_overhang,registered_x01,zdt1_interval,lu,0.0,3,0,False,5000,14,True,0.0,1189
m-2_overhang,a5b_domination_argument,zdt1_interval,lu,0.0,3,0,False,5000,14,True,0.0,1189
m-2_overhang,registered_x01,zdt1_interval,lu,0.0,0,29,False,5000,15,True,3.246411769128465,1152
m-2_overhang,a5b_domination_argument,zdt1_interval,lu,0.0,0,29,False,5000,15,True,3.200961193103977,1152
m-2_overhang,registered_x01,zdt1_interval,lu,0.0,1,29,False,5000,15,True,3.246411769128465,1152
m-2_overhang,a5b_domination_argument,zdt1_interval,lu,0.0,1,29,False,5000,15,True,3.200961193103977,1152
m-2_overhang,registered_x01,zdt1_interval,lu,0.0,2,0,False,5000,15,True,0.0,1598
m-2_overhang,a5b_domination_argument,zdt1_interval,lu,0.0,2,0,False,5000,15,True,0.0,1598
m-2_overhang,registered_x01,zdt1_interval,lu,0.0,3,0,False,5000,15,True,0.0,1598
m-2_overhang,a5b_domination_argument,zdt1_interval,lu,0.0,3,0,False,5000,15,True,0.0,1598
m-2_overhang,registered_x01,zdt1_interval,lu,0.0,0,29,False,5000,16,True,2.854024774523449,3279
m-2_overhang,a5b_domination_argument,zdt1_interval,lu,0.0,0,29,False,5000,16,True,2.844712637115484,3279
m-2_overhang,registered_x01,zdt1_interval,lu,0.0,1,29,False,5000,16,True,2.854024774523449,3279
m-2_overhang,a5b_domination_argument,zdt1_interval,lu,0.0,1,29,False,5000,16,True,2.844712637115484,3279
m-2_overhang,registered_x01,zdt1_interval,lu,0.0,2,0,False,5000,16,True,0.0,6
m-2_overhang,a5b_domination_argument,zdt1_interval,lu,0.0,2,0,False,5000,16,True,0.0,6
m-2_overhang,registered_x01,zdt1_interval,lu,0.0,3,0,False,5000,16,True,0.0,6
m-2_overhang,a5b_domination_argument,zdt1_interval,lu,0.0,3,0,False,5000,16,True,0.0,6
m-2_overhang,registered_x01,zdt1_interval,lu,0.0,0,29,False,5000,17,True,3.396408084355473,2862
m-2_overhang,a5b_domination_argument,zdt1_interval,lu,0.0,0,29,False,5000,17,True,3.363676973739116,2862
m-2_overhang,registered_x01,zdt1_interval,lu,0.0,1,29,False,5000,17,True,3.396408084355473,2862
m-2_overhang,a5b_domination_argument,zdt1_interval,lu,0.0,1,29,False,5000,17,True,3.363676973739116,2862
m-2_overhang,registered_x01,zdt1_interval,lu,0.0,2,0,False,5000,17,True,0.0,90
m-2_overhang,a5b_domination_argument,zdt1_interval,lu,0.0,2,0,False,5000,17,True,0.0,90
m-2_overhang,registered_x01,zdt1_interval,lu,0.0,3,0,False,5000,17,True,0.0,90
m-2_overhang,a5b_domination_argument,zdt1_interval,lu,0.0,3,0,False,5000,17,True,0.0,90
m-2_overhang,registered_x01,zdt1_interval,lu,0.0,0,29,False,5000,18,True,2.8123117656989836,2146
m-2_overhang,a5b_domination_argument,zdt1_interval,lu,0.0,0,29,False,5000,18,True,2.7584563570519247,2146
m-2_overhang,registered_x01,zdt1_interval,lu,0.0,1,29,False,5000,18,True,2.8123117656989836,2146
m-2_overhang,a5b_domination_argument,zdt1_interval,lu,0.0,1,29,False,5000,18,True,2.7584563570519247,2146
m-2_overhang,registered_x01,zdt1_interval,lu,0.0,2,0,False,5000,18,True,0.0,2221
m-2_overhang,a5b_domination_argument,zdt1_interval,lu,0.0,2,0,False,5000,18,True,0.0,2221
m-2_overhang,registered_x01,zdt1_interval,lu,0.0,3,0,False,5000,18,True,0.0,2221
m-2_overhang,a5b_domination_argument,zdt1_interval,lu,0.0,3,0,False,5000,18,True,0.0,2221
m-2_overhang,registered_x01,zdt1_interval,lu,0.0,0,29,False,5000,19,True,3.0270651163824978,2777
m-2_overhang,a5b_domination_argument,zdt1_interval,lu,0.0,0,29,False,5000,19,True,3.006921571584808,2777
m-2_overhang,registered_x01,zdt1_interval,lu,0.0,1,29,False,5000,19,True,3.0270651163824978,2777
m-2_overhang,a5b_domination_argument,zdt1_interval,lu,0.0,1,29,False,5000,19,True,3.006921571584808,2777
m-2_overhang,registered_x01,zdt1_interval,lu,0.0,2,0,False,5000,19,True,0.0,1960
m-2_overhang,a5b_domination_argument,zdt1_interval,lu,0.0,2,0,False,5000,19,True,0.0,1960
m-2_overhang,registered_x01,zdt1_interval,lu,0.0,3,0,False,5000,19,True,0.0,1960
m-2_overhang,a5b_domination_argument,zdt1_interval,lu,0.0,3,0,False,5000,19,True,0.0,1960
m-2_overhang,registered_x01,zdt1_interval,lu,0.0,0,29,False,5000,20,True,3.2966010793470653,786
m-2_overhang,a5b_domination_argument,zdt1_interval,lu,0.0,0,29,False,5000,20,True,3.1885162807617644,786
m-2_overhang,registered_x01,zdt1_interval,lu,0.0,1,29,False,5000,20,True,3.2966010793470653,786
m-2_overhang,a5b_domination_argument,zdt1_interval,lu,0.0,1,29,False,5000,20,True,3.1885162807617644,786
m-2_overhang,registered_x01,zdt1_interval,lu,0.0,2,0,False,5000,20,True,0.0,1078
m-2_overhang,a5b_domination_argument,zdt1_interval,lu,0.0,2,0,False,5000,20,True,0.0,1078
m-2_overhang,registered_x01,zdt1_interval,lu,0.0,3,0,False,5000,20,True,0.0,1078
m-2_overhang,a5b_domination_argument,zdt1_interval,lu,0.0,3,0,False,5000,20,True,0.0,1078
m-2_overhang,registered_x01,zdt1_interval,lu,0.0,0,29,False,5000,21,True,2.9294719983545168,653
m-2_overhang,a5b_domination_argument,zdt1_interval,lu,0.0,0,29,False,5000,21,True,2.8474171110030184,653
m-2_overhang,registered_x01,zdt1_interval,lu,0.0,1,29,False,5000,21,True,2.9294719983545168,653
m-2_overhang,a5b_domination_argument,zdt1_interval,lu,0.0,1,29,False,5000,21,True,2.8474171110030184,653
m-2_overhang,registered_x01,zdt1_interval,lu,0.0,2,0,False,5000,21,True,0.0,4215
m-2_overhang,a5b_domination_argument,zdt1_interval,lu,0.0,2,0,False,5000,21,True,0.0,4215
m-2_overhang,registered_x01,zdt1_interval,lu,0.0,3,0,False,5000,21,True,0.0,4215
m-2_overhang,a5b_domination_argument,zdt1_interval,lu,0.0,3,0,False,5000,21,True,0.0,4215
m-2_overhang,registered_x01,zdt1_interval,lu,0.0,0,29,False,5000,22,True,2.6930155303457353,4068
m-2_overhang,a5b_domination_argument,zdt1_interval,lu,0.0,0,29,False,5000,22,True,2.6451319714066557,4068
m-2_overhang,registered_x01,zdt1_interval,lu,0.0,1,29,False,5000,22,True,2.6930155303457353,4068
m-2_overhang,a5b_domination_argument,zdt1_interval,lu,0.0,1,29,False,5000,22,True,2.6451319714066557,4068
m-2_overhang,registered_x01,zdt1_interval,lu,0.0,2,0,False,5000,22,True,0.0,160
m-2_overhang,a5b_domination_argument,zdt1_interval,lu,0.0,2,0,False,5000,22,True,0.0,160
m-2_overhang,registered_x01,zdt1_interval,lu,0.0,3,0,False,5000,22,True,0.0,160
m-2_overhang,a5b_domination_argument,zdt1_interval,lu,0.0,3,0,False,5000,22,True,0.0,160
m-2_overhang,registered_x01,zdt1_interval,lu,0.0,0,29,False,5000,23,True,2.7694960956437784,1252
m-2_overhang,a5b_domination_argument,zdt1_interval,lu,0.0,0,29,False,5000,23,True,2.735505511919363,1252
m-2_overhang,registered_x01,zdt1_interval,lu,0.0,1,29,False,5000,23,True,2.7694960956437784,1252
m-2_overhang,a5b_domination_argument,zdt1_interval,lu,0.0,1,29,False,5000,23,True,2.735505511919363,1252
m-2_overhang,registered_x01,zdt1_interval,lu,0.0,2,0,False,5000,23,True,0.0,3268
m-2_overhang,a5b_domination_argument,zdt1_interval,lu,0.0,2,0,False,5000,23,True,0.0,3268
m-2_overhang,registered_x01,zdt1_interval,lu,0.0,3,0,False,5000,23,True,0.0,3268
m-2_overhang,a5b_domination_argument,zdt1_interval,lu,0.0,3,0,False,5000,23,True,0.0,3268
m-2_overhang,registered_x01,zdt1_interval,lu,0.0,0,29,False,5000,24,True,2.887209476806517,3172
m-2_overhang,a5b_domination_argument,zdt1_interval,lu,0.0,0,29,False,5000,24,True,2.883452147676854,3172
m-2_overhang,registered_x01,zdt1_interval,lu,0.0,1,29,False,5000,24,True,2.887209476806517,3172
m-2_overhang,a5b_domination_argument,zdt1_interval,lu,0.0,1,29,False,5000,24,True,2.883452147676854,3172
m-2_overhang,registered_x01,zdt1_interval,lu,0.0,2,0,False,5000,24,True,0.0,2786
m-2_overhang,a5b_domination_argument,zdt1_interval,lu,0.0,2,0,False,5000,24,True,0.0,2786
m-2_overhang,registered_x01,zdt1_interval,lu,0.0,3,0,False,5000,24,True,0.0,2786
m-2_overhang,a5b_domination_argument,zdt1_interval,lu,0.0,3,0,False,5000,24,True,0.0,2786
m-2_overhang,registered_x01,zdt1_interval,lu,0.0,0,29,False,5000,25,True,3.188911076196734,3294
m-2_overhang,a5b_domination_argument,zdt1_interval,lu,0.0,0,29,False,5000,25,True,3.1428647564104977,3294
m-2_overhang,registered_x01,zdt1_interval,lu,0.0,1,29,False,5000,25,True,3.188911076196734,3294
m-2_overhang,a5b_domination_argument,zdt1_interval,lu,0.0,1,29,False,5000,25,True,3.1428647564104977,3294
m-2_overhang,registered_x01,zdt1_interval,lu,0.0,2,0,False,5000,25,True,0.0,2002
m-2_overhang,a5b_domination_argument,zdt1_interval,lu,0.0,2,0,False,5000,25,True,0.0,2002
m-2_overhang,registered_x01,zdt1_interval,lu,0.0,3,0,False,5000,25,True,0.0,2002
m-2_overhang,a5b_domination_argument,zdt1_interval,lu,0.0,3,0,False,5000,25,True,0.0,2002
m-2_overhang,registered_x01,zdt1_interval,lu,0.0,0,29,False,5000,26,True,3.098317379488493,4222
m-2_overhang,a5b_domination_argument,zdt1_interval,lu,0.0,0,29,False,5000,26,True,3.0808573978610707,4222
m-2_overhang,registered_x01,zdt1_interval,lu,0.0,1,29,False,5000,26,True,3.098317379488493,4222
m-2_overhang,a5b_domination_argument,zdt1_interval,lu,0.0,1,29,False,5000,26,True,3.0808573978610707,4222
m-2_overhang,registered_x01,zdt1_interval,lu,0.0,2,0,False,5000,26,True,0.0,96
m-2_overhang,a5b_domination_argument,zdt1_interval,lu,0.0,2,0,False,5000,26,True,0.0,96
m-2_overhang,registered_x01,zdt1_interval,lu,0.0,3,0,False,5000,26,True,0.0,96
m-2_overhang,a5b_domination_argument,zdt1_interval,lu,0.0,3,0,False,5000,26,True,0.0,96
m-2_overhang,registered_x01,zdt1_interval,lu,0.0,0,29,False,5000,27,True,3.2073845142980373,3291
m-2_overhang,a5b_domination_argument,zdt1_interval,lu,0.0,0,29,False,5000,27,True,3.1975068406909,3291
m-2_overhang,registered_x01,zdt1_interval,lu,0.0,1,29,False,5000,27,True,3.2073845142980373,3291
m-2_overhang,a5b_domination_argument,zdt1_interval,lu,0.0,1,29,False,5000,27,True,3.1975068406909,3291
m-2_overhang,registered_x01,zdt1_interval,lu,0.0,2,0,False,5000,27,True,0.0,1125
m-2_overhang,a5b_domination_argument,zdt1_interval,lu,0.0,2,0,False,5000,27,True,0.0,1125
m-2_overhang,registered_x01,zdt1_interval,lu,0.0,3,0,False,5000,27,True,0.0,1125
m-2_overhang,a5b_domination_argument,zdt1_interval,lu,0.0,3,0,False,5000,27,True,0.0,1125
m-2_overhang,registered_x01,zdt1_interval,lu,0.0,0,29,False,5000,28,True,3.091641798943974,3192
m-2_overhang,a5b_domination_argument,zdt1_interval,lu,0.0,0,29,False,5000,28,True,3.04212308497159,3192
m-2_overhang,registered_x01,zdt1_interval,lu,0.0,1,29,False,5000,28,True,3.091641798943974,3192
m-2_overhang,a5b_domination_argument,zdt1_interval,lu,0.0,1,29,False,5000,28,True,3.04212308497159,3192
m-2_overhang,registered_x01,zdt1_interval,lu,0.0,2,0,False,5000,28,True,0.0,3182
m-2_overhang,a5b_domination_argument,zdt1_interval,lu,0.0,2,0,False,5000,28,True,0.0,3182
m-2_overhang,registered_x01,zdt1_interval,lu,0.0,3,0,False,5000,28,True,0.0,3182
m-2_overhang,a5b_domination_argument,zdt1_interval,lu,0.0,3,0,False,5000,28,True,0.0,3182
m-2_overhang,registered_x01,zdt1_interval,lu,0.0,0,29,False,5000,29,True,3.1759467550190266,1593
m-2_overhang,a5b_domination_argument,zdt1_interval,lu,0.0,0,29,False,5000,29,True,3.114195108939494,1593
m-2_overhang,registered_x01,zdt1_interval,lu,0.0,1,29,False,5000,29,True,3.1759467550190266,1593
m-2_overhang,a5b_domination_argument,zdt1_interval,lu,0.0,1,29,False,5000,29,True,3.114195108939494,1593
m-2_overhang,registered_x01,zdt1_interval,lu,0.0,2,0,False,5000,29,True,0.0,2835
m-2_overhang,a5b_domination_argument,zdt1_interval,lu,0.0,2,0,False,5000,29,True,0.0,2835
m-2_overhang,registered_x01,zdt1_interval,lu,0.0,3,0,False,5000,29,True,0.0,2835
m-2_overhang,a5b_domination_argument,zdt1_interval,lu,0.0,3,0,False,5000,29,True,0.0,2835
m-2_overhang,registered_x01,zdt1_interval,lu,0.0,0,29,False,5000,30,True,3.0377499582996745,2445
m-2_overhang,a5b_domination_argument,zdt1_interval,lu,0.0,0,29,False,5000,30,True,2.9512904984683472,2445
m-2_overhang,registered_x01,zdt1_interval,lu,0.0,1,29,False,5000,30,True,3.0377499582996745,2445
m-2_overhang,a5b_domination_argument,zdt1_interval,lu,0.0,1,29,False,5000,30,True,2.9512904984683472,2445
m-2_overhang,registered_x01,zdt1_interval,lu,0.0,2,0,False,5000,30,True,0.0,1663
m-2_overhang,a5b_domination_argument,zdt1_interval,lu,0.0,2,0,False,5000,30,True,0.0,1663
m-2_overhang,registered_x01,zdt1_interval,lu,0.0,3,0,False,5000,30,True,0.0,1663
m-2_overhang,a5b_domination_argument,zdt1_interval,lu,0.0,3,0,False,5000,30,True,0.0,1663
m-2_overhang,registered_x01,zdt1_interval,ls,0.0,0,29,False,5000,11,True,3.096458147517026,2164
m-2_overhang,a5b_domination_argument,zdt1_interval,ls,0.0,0,29,False,5000,11,True,3.0146216630208027,2164
m-2_overhang,registered_x01,zdt1_interval,ls,0.0,1,30,True,5000,11,False,,
m-2_overhang,a5b_domination_argument,zdt1_interval,ls,0.0,1,30,True,5000,11,False,,
m-2_overhang,registered_x01,zdt1_interval,ls,0.0,2,0,False,5000,11,True,0.0,20
m-2_overhang,a5b_domination_argument,zdt1_interval,ls,0.0,2,0,False,5000,11,True,0.0,20
m-2_overhang,registered_x01,zdt1_interval,ls,0.0,3,30,True,5000,11,False,,
m-2_overhang,a5b_domination_argument,zdt1_interval,ls,0.0,3,30,True,5000,11,False,,
m-2_overhang,registered_x01,zdt1_interval,ls,0.0,0,29,False,5000,12,True,3.1061167794419036,3436
m-2_overhang,a5b_domination_argument,zdt1_interval,ls,0.0,0,29,False,5000,12,True,3.10574062133444,3436
m-2_overhang,registered_x01,zdt1_interval,ls,0.0,1,30,True,5000,12,False,,
m-2_overhang,a5b_domination_argument,zdt1_interval,ls,0.0,1,30,True,5000,12,False,,
m-2_overhang,registered_x01,zdt1_interval,ls,0.0,2,0,False,5000,12,True,0.0,3475
m-2_overhang,a5b_domination_argument,zdt1_interval,ls,0.0,2,0,False,5000,12,True,0.0,3475
m-2_overhang,registered_x01,zdt1_interval,ls,0.0,3,30,True,5000,12,False,,
m-2_overhang,a5b_domination_argument,zdt1_interval,ls,0.0,3,30,True,5000,12,False,,
m-2_overhang,registered_x01,zdt1_interval,ls,0.0,0,29,False,5000,13,True,3.3969978700080357,110
m-2_overhang,a5b_domination_argument,zdt1_interval,ls,0.0,0,29,False,5000,13,True,3.305222990985887,110
m-2_overhang,registered_x01,zdt1_interval,ls,0.0,1,30,True,5000,13,False,,
m-2_overhang,a5b_domination_argument,zdt1_interval,ls,0.0,1,30,True,5000,13,False,,
m-2_overhang,registered_x01,zdt1_interval,ls,0.0,2,0,False,5000,13,True,0.0,3879
m-2_overhang,a5b_domination_argument,zdt1_interval,ls,0.0,2,0,False,5000,13,True,0.0,3879
m-2_overhang,registered_x01,zdt1_interval,ls,0.0,3,30,True,5000,13,False,,
m-2_overhang,a5b_domination_argument,zdt1_interval,ls,0.0,3,30,True,5000,13,False,,
m-2_overhang,registered_x01,zdt1_interval,ls,0.0,0,29,False,5000,14,True,3.081341345101482,3550
m-2_overhang,a5b_domination_argument,zdt1_interval,ls,0.0,0,29,False,5000,14,True,2.9248507337840453,3550
m-2_overhang,registered_x01,zdt1_interval,ls,0.0,1,30,True,5000,14,False,,
m-2_overhang,a5b_domination_argument,zdt1_interval,ls,0.0,1,30,True,5000,14,False,,
m-2_overhang,registered_x01,zdt1_interval,ls,0.0,2,0,False,5000,14,True,0.0,1189
m-2_overhang,a5b_domination_argument,zdt1_interval,ls,0.0,2,0,False,5000,14,True,0.0,1189
m-2_overhang,registered_x01,zdt1_interval,ls,0.0,3,30,True,5000,14,False,,
m-2_overhang,a5b_domination_argument,zdt1_interval,ls,0.0,3,30,True,5000,14,False,,
m-2_overhang,registered_x01,zdt1_interval,ls,0.0,0,29,False,5000,15,True,3.246411769128465,1152
m-2_overhang,a5b_domination_argument,zdt1_interval,ls,0.0,0,29,False,5000,15,True,3.200961193103977,1152
m-2_overhang,registered_x01,zdt1_interval,ls,0.0,1,30,True,5000,15,False,,
m-2_overhang,a5b_domination_argument,zdt1_interval,ls,0.0,1,30,True,5000,15,False,,
m-2_overhang,registered_x01,zdt1_interval,ls,0.0,2,0,False,5000,15,True,0.0,1598
m-2_overhang,a5b_domination_argument,zdt1_interval,ls,0.0,2,0,False,5000,15,True,0.0,1598
m-2_overhang,registered_x01,zdt1_interval,ls,0.0,3,30,True,5000,15,False,,
m-2_overhang,a5b_domination_argument,zdt1_interval,ls,0.0,3,30,True,5000,15,False,,
m-2_overhang,registered_x01,zdt1_interval,ls,0.0,0,29,False,5000,16,True,2.854024774523449,3279
m-2_overhang,a5b_domination_argument,zdt1_interval,ls,0.0,0,29,False,5000,16,True,2.844712637115484,3279
m-2_overhang,registered_x01,zdt1_interval,ls,0.0,1,30,True,5000,16,False,,
m-2_overhang,a5b_domination_argument,zdt1_interval,ls,0.0,1,30,True,5000,16,False,,
m-2_overhang,registered_x01,zdt1_interval,ls,0.0,2,0,False,5000,16,True,0.0,6
m-2_overhang,a5b_domination_argument,zdt1_interval,ls,0.0,2,0,False,5000,16,True,0.0,6
m-2_overhang,registered_x01,zdt1_interval,ls,0.0,3,30,True,5000,16,False,,
m-2_overhang,a5b_domination_argument,zdt1_interval,ls,0.0,3,30,True,5000,16,False,,
m-2_overhang,registered_x01,zdt1_interval,ls,0.0,0,29,False,5000,17,True,3.396408084355473,2862
m-2_overhang,a5b_domination_argument,zdt1_interval,ls,0.0,0,29,False,5000,17,True,3.363676973739116,2862
m-2_overhang,registered_x01,zdt1_interval,ls,0.0,1,30,True,5000,17,False,,
m-2_overhang,a5b_domination_argument,zdt1_interval,ls,0.0,1,30,True,5000,17,False,,
m-2_overhang,registered_x01,zdt1_interval,ls,0.0,2,0,False,5000,17,True,0.0,90
m-2_overhang,a5b_domination_argument,zdt1_interval,ls,0.0,2,0,False,5000,17,True,0.0,90
m-2_overhang,registered_x01,zdt1_interval,ls,0.0,3,30,True,5000,17,False,,
m-2_overhang,a5b_domination_argument,zdt1_interval,ls,0.0,3,30,True,5000,17,False,,
m-2_overhang,registered_x01,zdt1_interval,ls,0.0,0,29,False,5000,18,True,2.8123117656989836,2146
m-2_overhang,a5b_domination_argument,zdt1_interval,ls,0.0,0,29,False,5000,18,True,2.7584563570519247,2146
m-2_overhang,registered_x01,zdt1_interval,ls,0.0,1,30,True,5000,18,False,,
m-2_overhang,a5b_domination_argument,zdt1_interval,ls,0.0,1,30,True,5000,18,False,,
m-2_overhang,registered_x01,zdt1_interval,ls,0.0,2,0,False,5000,18,True,0.0,2221
m-2_overhang,a5b_domination_argument,zdt1_interval,ls,0.0,2,0,False,5000,18,True,0.0,2221
m-2_overhang,registered_x01,zdt1_interval,ls,0.0,3,30,True,5000,18,False,,
m-2_overhang,a5b_domination_argument,zdt1_interval,ls,0.0,3,30,True,5000,18,False,,
m-2_overhang,registered_x01,zdt1_interval,ls,0.0,0,29,False,5000,19,True,3.0270651163824978,2777
m-2_overhang,a5b_domination_argument,zdt1_interval,ls,0.0,0,29,False,5000,19,True,3.006921571584808,2777
m-2_overhang,registered_x01,zdt1_interval,ls,0.0,1,30,True,5000,19,False,,
m-2_overhang,a5b_domination_argument,zdt1_interval,ls,0.0,1,30,True,5000,19,False,,
m-2_overhang,registered_x01,zdt1_interval,ls,0.0,2,0,False,5000,19,True,0.0,1960
m-2_overhang,a5b_domination_argument,zdt1_interval,ls,0.0,2,0,False,5000,19,True,0.0,1960
m-2_overhang,registered_x01,zdt1_interval,ls,0.0,3,30,True,5000,19,False,,
m-2_overhang,a5b_domination_argument,zdt1_interval,ls,0.0,3,30,True,5000,19,False,,
m-2_overhang,registered_x01,zdt1_interval,ls,0.0,0,29,False,5000,20,True,3.2966010793470653,786
m-2_overhang,a5b_domination_argument,zdt1_interval,ls,0.0,0,29,False,5000,20,True,3.1885162807617644,786
m-2_overhang,registered_x01,zdt1_interval,ls,0.0,1,30,True,5000,20,False,,
m-2_overhang,a5b_domination_argument,zdt1_interval,ls,0.0,1,30,True,5000,20,False,,
m-2_overhang,registered_x01,zdt1_interval,ls,0.0,2,0,False,5000,20,True,0.0,1078
m-2_overhang,a5b_domination_argument,zdt1_interval,ls,0.0,2,0,False,5000,20,True,0.0,1078
m-2_overhang,registered_x01,zdt1_interval,ls,0.0,3,30,True,5000,20,False,,
m-2_overhang,a5b_domination_argument,zdt1_interval,ls,0.0,3,30,True,5000,20,False,,
m-2_overhang,registered_x01,zdt1_interval,ls,0.0,0,29,False,5000,21,True,2.9294719983545168,653
m-2_overhang,a5b_domination_argument,zdt1_interval,ls,0.0,0,29,False,5000,21,True,2.8474171110030184,653
m-2_overhang,registered_x01,zdt1_interval,ls,0.0,1,30,True,5000,21,False,,
m-2_overhang,a5b_domination_argument,zdt1_interval,ls,0.0,1,30,True,5000,21,False,,
m-2_overhang,registered_x01,zdt1_interval,ls,0.0,2,0,False,5000,21,True,0.0,4215
m-2_overhang,a5b_domination_argument,zdt1_interval,ls,0.0,2,0,False,5000,21,True,0.0,4215
m-2_overhang,registered_x01,zdt1_interval,ls,0.0,3,30,True,5000,21,False,,
m-2_overhang,a5b_domination_argument,zdt1_interval,ls,0.0,3,30,True,5000,21,False,,
m-2_overhang,registered_x01,zdt1_interval,ls,0.0,0,29,False,5000,22,True,2.6930155303457353,4068
m-2_overhang,a5b_domination_argument,zdt1_interval,ls,0.0,0,29,False,5000,22,True,2.6451319714066557,4068
m-2_overhang,registered_x01,zdt1_interval,ls,0.0,1,30,True,5000,22,False,,
m-2_overhang,a5b_domination_argument,zdt1_interval,ls,0.0,1,30,True,5000,22,False,,
m-2_overhang,registered_x01,zdt1_interval,ls,0.0,2,0,False,5000,22,True,0.0,160
m-2_overhang,a5b_domination_argument,zdt1_interval,ls,0.0,2,0,False,5000,22,True,0.0,160
m-2_overhang,registered_x01,zdt1_interval,ls,0.0,3,30,True,5000,22,False,,
m-2_overhang,a5b_domination_argument,zdt1_interval,ls,0.0,3,30,True,5000,22,False,,
m-2_overhang,registered_x01,zdt1_interval,ls,0.0,0,29,False,5000,23,True,2.7694960956437784,1252
m-2_overhang,a5b_domination_argument,zdt1_interval,ls,0.0,0,29,False,5000,23,True,2.735505511919363,1252
m-2_overhang,registered_x01,zdt1_interval,ls,0.0,1,30,True,5000,23,False,,
m-2_overhang,a5b_domination_argument,zdt1_interval,ls,0.0,1,30,True,5000,23,False,,
m-2_overhang,registered_x01,zdt1_interval,ls,0.0,2,0,False,5000,23,True,0.0,3268
m-2_overhang,a5b_domination_argument,zdt1_interval,ls,0.0,2,0,False,5000,23,True,0.0,3268
m-2_overhang,registered_x01,zdt1_interval,ls,0.0,3,30,True,5000,23,False,,
m-2_overhang,a5b_domination_argument,zdt1_interval,ls,0.0,3,30,True,5000,23,False,,
m-2_overhang,registered_x01,zdt1_interval,ls,0.0,0,29,False,5000,24,True,2.887209476806517,3172
m-2_overhang,a5b_domination_argument,zdt1_interval,ls,0.0,0,29,False,5000,24,True,2.883452147676854,3172
m-2_overhang,registered_x01,zdt1_interval,ls,0.0,1,30,True,5000,24,False,,
m-2_overhang,a5b_domination_argument,zdt1_interval,ls,0.0,1,30,True,5000,24,False,,
m-2_overhang,registered_x01,zdt1_interval,ls,0.0,2,0,False,5000,24,True,0.0,2786
m-2_overhang,a5b_domination_argument,zdt1_interval,ls,0.0,2,0,False,5000,24,True,0.0,2786
m-2_overhang,registered_x01,zdt1_interval,ls,0.0,3,30,True,5000,24,False,,
m-2_overhang,a5b_domination_argument,zdt1_interval,ls,0.0,3,30,True,5000,24,False,,
m-2_overhang,registered_x01,zdt1_interval,ls,0.0,0,29,False,5000,25,True,3.188911076196734,3294
m-2_overhang,a5b_domination_argument,zdt1_interval,ls,0.0,0,29,False,5000,25,True,3.1428647564104977,3294
m-2_overhang,registered_x01,zdt1_interval,ls,0.0,1,30,True,5000,25,False,,
m-2_overhang,a5b_domination_argument,zdt1_interval,ls,0.0,1,30,True,5000,25,False,,
m-2_overhang,registered_x01,zdt1_interval,ls,0.0,2,0,False,5000,25,True,0.0,2002
m-2_overhang,a5b_domination_argument,zdt1_interval,ls,0.0,2,0,False,5000,25,True,0.0,2002
m-2_overhang,registered_x01,zdt1_interval,ls,0.0,3,30,True,5000,25,False,,
m-2_overhang,a5b_domination_argument,zdt1_interval,ls,0.0,3,30,True,5000,25,False,,
m-2_overhang,registered_x01,zdt1_interval,ls,0.0,0,29,False,5000,26,True,3.098317379488493,4222
m-2_overhang,a5b_domination_argument,zdt1_interval,ls,0.0,0,29,False,5000,26,True,3.0808573978610707,4222
m-2_overhang,registered_x01,zdt1_interval,ls,0.0,1,30,True,5000,26,False,,
m-2_overhang,a5b_domination_argument,zdt1_interval,ls,0.0,1,30,True,5000,26,False,,
m-2_overhang,registered_x01,zdt1_interval,ls,0.0,2,0,False,5000,26,True,0.0,96
m-2_overhang,a5b_domination_argument,zdt1_interval,ls,0.0,2,0,False,5000,26,True,0.0,96
m-2_overhang,registered_x01,zdt1_interval,ls,0.0,3,30,True,5000,26,False,,
m-2_overhang,a5b_domination_argument,zdt1_interval,ls,0.0,3,30,True,5000,26,False,,
m-2_overhang,registered_x01,zdt1_interval,ls,0.0,0,29,False,5000,27,True,3.2073845142980373,3291
m-2_overhang,a5b_domination_argument,zdt1_interval,ls,0.0,0,29,False,5000,27,True,3.1975068406909,3291
m-2_overhang,registered_x01,zdt1_interval,ls,0.0,1,30,True,5000,27,False,,
m-2_overhang,a5b_domination_argument,zdt1_interval,ls,0.0,1,30,True,5000,27,False,,
m-2_overhang,registered_x01,zdt1_interval,ls,0.0,2,0,False,5000,27,True,0.0,1125
m-2_overhang,a5b_domination_argument,zdt1_interval,ls,0.0,2,0,False,5000,27,True,0.0,1125
m-2_overhang,registered_x01,zdt1_interval,ls,0.0,3,30,True,5000,27,False,,
m-2_overhang,a5b_domination_argument,zdt1_interval,ls,0.0,3,30,True,5000,27,False,,
m-2_overhang,registered_x01,zdt1_interval,ls,0.0,0,29,False,5000,28,True,3.091641798943974,3192
m-2_overhang,a5b_domination_argument,zdt1_interval,ls,0.0,0,29,False,5000,28,True,3.04212308497159,3192
m-2_overhang,registered_x01,zdt1_interval,ls,0.0,1,30,True,5000,28,False,,
m-2_overhang,a5b_domination_argument,zdt1_interval,ls,0.0,1,30,True,5000,28,False,,
m-2_overhang,registered_x01,zdt1_interval,ls,0.0,2,0,False,5000,28,True,0.0,3182
m-2_overhang,a5b_domination_argument,zdt1_interval,ls,0.0,2,0,False,5000,28,True,0.0,3182
m-2_overhang,registered_x01,zdt1_interval,ls,0.0,3,30,True,5000,28,False,,
m-2_overhang,a5b_domination_argument,zdt1_interval,ls,0.0,3,30,True,5000,28,False,,
m-2_overhang,registered_x01,zdt1_interval,ls,0.0,0,29,False,5000,29,True,3.1759467550190266,1593
m-2_overhang,a5b_domination_argument,zdt1_interval,ls,0.0,0,29,False,5000,29,True,3.114195108939494,1593
m-2_overhang,registered_x01,zdt1_interval,ls,0.0,1,30,True,5000,29,False,,
m-2_overhang,a5b_domination_argument,zdt1_interval,ls,0.0,1,30,True,5000,29,False,,
m-2_overhang,registered_x01,zdt1_interval,ls,0.0,2,0,False,5000,29,True,0.0,2835
m-2_overhang,a5b_domination_argument,zdt1_interval,ls,0.0,2,0,False,5000,29,True,0.0,2835
m-2_overhang,registered_x01,zdt1_interval,ls,0.0,3,30,True,5000,29,False,,
m-2_overhang,a5b_domination_argument,zdt1_interval,ls,0.0,3,30,True,5000,29,False,,
m-2_overhang,registered_x01,zdt1_interval,ls,0.0,0,29,False,5000,30,True,3.0377499582996745,2445
m-2_overhang,a5b_domination_argument,zdt1_interval,ls,0.0,0,29,False,5000,30,True,2.9512904984683472,2445
m-2_overhang,registered_x01,zdt1_interval,ls,0.0,1,30,True,5000,30,False,,
m-2_overhang,a5b_domination_argument,zdt1_interval,ls,0.0,1,30,True,5000,30,False,,
m-2_overhang,registered_x01,zdt1_interval,ls,0.0,2,0,False,5000,30,True,0.0,1663
m-2_overhang,a5b_domination_argument,zdt1_interval,ls,0.0,2,0,False,5000,30,True,0.0,1663
m-2_overhang,registered_x01,zdt1_interval,ls,0.0,3,30,True,5000,30,False,,
m-2_overhang,a5b_domination_argument,zdt1_interval,ls,0.0,3,30,True,5000,30,False,,
m-2_overhang,registered_x01,zdt1_interval,cw,0.0,0,29,False,5000,11,True,3.096458147517026,2164
m-2_overhang,a5b_domination_argument,zdt1_interval,cw,0.0,0,29,False,5000,11,True,3.0146216630208027,2164
m-2_overhang,registered_x01,zdt1_interval,cw,0.0,1,30,True,5000,11,False,,
m-2_overhang,a5b_domination_argument,zdt1_interval,cw,0.0,1,30,True,5000,11,False,,
m-2_overhang,registered_x01,zdt1_interval,cw,0.0,2,0,False,5000,11,True,0.0,20
m-2_overhang,a5b_domination_argument,zdt1_interval,cw,0.0,2,0,False,5000,11,True,0.0,20
m-2_overhang,registered_x01,zdt1_interval,cw,0.0,3,30,True,5000,11,False,,
m-2_overhang,a5b_domination_argument,zdt1_interval,cw,0.0,3,30,True,5000,11,False,,
m-2_overhang,registered_x01,zdt1_interval,cw,0.0,0,29,False,5000,12,True,3.1061167794419036,3436
m-2_overhang,a5b_domination_argument,zdt1_interval,cw,0.0,0,29,False,5000,12,True,3.10574062133444,3436
m-2_overhang,registered_x01,zdt1_interval,cw,0.0,1,30,True,5000,12,False,,
m-2_overhang,a5b_domination_argument,zdt1_interval,cw,0.0,1,30,True,5000,12,False,,
m-2_overhang,registered_x01,zdt1_interval,cw,0.0,2,0,False,5000,12,True,0.0,3475
m-2_overhang,a5b_domination_argument,zdt1_interval,cw,0.0,2,0,False,5000,12,True,0.0,3475
m-2_overhang,registered_x01,zdt1_interval,cw,0.0,3,30,True,5000,12,False,,
m-2_overhang,a5b_domination_argument,zdt1_interval,cw,0.0,3,30,True,5000,12,False,,
m-2_overhang,registered_x01,zdt1_interval,cw,0.0,0,29,False,5000,13,True,3.3969978700080357,110
m-2_overhang,a5b_domination_argument,zdt1_interval,cw,0.0,0,29,False,5000,13,True,3.305222990985887,110
m-2_overhang,registered_x01,zdt1_interval,cw,0.0,1,30,True,5000,13,False,,
m-2_overhang,a5b_domination_argument,zdt1_interval,cw,0.0,1,30,True,5000,13,False,,
m-2_overhang,registered_x01,zdt1_interval,cw,0.0,2,0,False,5000,13,True,0.0,3879
m-2_overhang,a5b_domination_argument,zdt1_interval,cw,0.0,2,0,False,5000,13,True,0.0,3879
m-2_overhang,registered_x01,zdt1_interval,cw,0.0,3,30,True,5000,13,False,,
m-2_overhang,a5b_domination_argument,zdt1_interval,cw,0.0,3,30,True,5000,13,False,,
m-2_overhang,registered_x01,zdt1_interval,cw,0.0,0,29,False,5000,14,True,3.081341345101482,3550
m-2_overhang,a5b_domination_argument,zdt1_interval,cw,0.0,0,29,False,5000,14,True,2.9248507337840453,3550
m-2_overhang,registered_x01,zdt1_interval,cw,0.0,1,30,True,5000,14,False,,
m-2_overhang,a5b_domination_argument,zdt1_interval,cw,0.0,1,30,True,5000,14,False,,
m-2_overhang,registered_x01,zdt1_interval,cw,0.0,2,0,False,5000,14,True,0.0,1189
m-2_overhang,a5b_domination_argument,zdt1_interval,cw,0.0,2,0,False,5000,14,True,0.0,1189
m-2_overhang,registered_x01,zdt1_interval,cw,0.0,3,30,True,5000,14,False,,
m-2_overhang,a5b_domination_argument,zdt1_interval,cw,0.0,3,30,True,5000,14,False,,
m-2_overhang,registered_x01,zdt1_interval,cw,0.0,0,29,False,5000,15,True,3.246411769128465,1152
m-2_overhang,a5b_domination_argument,zdt1_interval,cw,0.0,0,29,False,5000,15,True,3.200961193103977,1152
m-2_overhang,registered_x01,zdt1_interval,cw,0.0,1,30,True,5000,15,False,,
m-2_overhang,a5b_domination_argument,zdt1_interval,cw,0.0,1,30,True,5000,15,False,,
m-2_overhang,registered_x01,zdt1_interval,cw,0.0,2,0,False,5000,15,True,0.0,1598
m-2_overhang,a5b_domination_argument,zdt1_interval,cw,0.0,2,0,False,5000,15,True,0.0,1598
m-2_overhang,registered_x01,zdt1_interval,cw,0.0,3,30,True,5000,15,False,,
m-2_overhang,a5b_domination_argument,zdt1_interval,cw,0.0,3,30,True,5000,15,False,,
m-2_overhang,registered_x01,zdt1_interval,cw,0.0,0,29,False,5000,16,True,2.854024774523449,3279
m-2_overhang,a5b_domination_argument,zdt1_interval,cw,0.0,0,29,False,5000,16,True,2.844712637115484,3279
m-2_overhang,registered_x01,zdt1_interval,cw,0.0,1,30,True,5000,16,False,,
m-2_overhang,a5b_domination_argument,zdt1_interval,cw,0.0,1,30,True,5000,16,False,,
m-2_overhang,registered_x01,zdt1_interval,cw,0.0,2,0,False,5000,16,True,0.0,6
m-2_overhang,a5b_domination_argument,zdt1_interval,cw,0.0,2,0,False,5000,16,True,0.0,6
m-2_overhang,registered_x01,zdt1_interval,cw,0.0,3,30,True,5000,16,False,,
m-2_overhang,a5b_domination_argument,zdt1_interval,cw,0.0,3,30,True,5000,16,False,,
m-2_overhang,registered_x01,zdt1_interval,cw,0.0,0,29,False,5000,17,True,3.396408084355473,2862
m-2_overhang,a5b_domination_argument,zdt1_interval,cw,0.0,0,29,False,5000,17,True,3.363676973739116,2862
m-2_overhang,registered_x01,zdt1_interval,cw,0.0,1,30,True,5000,17,False,,
m-2_overhang,a5b_domination_argument,zdt1_interval,cw,0.0,1,30,True,5000,17,False,,
m-2_overhang,registered_x01,zdt1_interval,cw,0.0,2,0,False,5000,17,True,0.0,90
m-2_overhang,a5b_domination_argument,zdt1_interval,cw,0.0,2,0,False,5000,17,True,0.0,90
m-2_overhang,registered_x01,zdt1_interval,cw,0.0,3,30,True,5000,17,False,,
m-2_overhang,a5b_domination_argument,zdt1_interval,cw,0.0,3,30,True,5000,17,False,,
m-2_overhang,registered_x01,zdt1_interval,cw,0.0,0,29,False,5000,18,True,2.8123117656989836,2146
m-2_overhang,a5b_domination_argument,zdt1_interval,cw,0.0,0,29,False,5000,18,True,2.7584563570519247,2146
m-2_overhang,registered_x01,zdt1_interval,cw,0.0,1,30,True,5000,18,False,,
m-2_overhang,a5b_domination_argument,zdt1_interval,cw,0.0,1,30,True,5000,18,False,,
m-2_overhang,registered_x01,zdt1_interval,cw,0.0,2,0,False,5000,18,True,0.0,2221
m-2_overhang,a5b_domination_argument,zdt1_interval,cw,0.0,2,0,False,5000,18,True,0.0,2221
m-2_overhang,registered_x01,zdt1_interval,cw,0.0,3,30,True,5000,18,False,,
m-2_overhang,a5b_domination_argument,zdt1_interval,cw,0.0,3,30,True,5000,18,False,,
m-2_overhang,registered_x01,zdt1_interval,cw,0.0,0,29,False,5000,19,True,3.0270651163824978,2777
m-2_overhang,a5b_domination_argument,zdt1_interval,cw,0.0,0,29,False,5000,19,True,3.006921571584808,2777
m-2_overhang,registered_x01,zdt1_interval,cw,0.0,1,30,True,5000,19,False,,
m-2_overhang,a5b_domination_argument,zdt1_interval,cw,0.0,1,30,True,5000,19,False,,
m-2_overhang,registered_x01,zdt1_interval,cw,0.0,2,0,False,5000,19,True,0.0,1960
m-2_overhang,a5b_domination_argument,zdt1_interval,cw,0.0,2,0,False,5000,19,True,0.0,1960
m-2_overhang,registered_x01,zdt1_interval,cw,0.0,3,30,True,5000,19,False,,
m-2_overhang,a5b_domination_argument,zdt1_interval,cw,0.0,3,30,True,5000,19,False,,
m-2_overhang,registered_x01,zdt1_interval,cw,0.0,0,29,False,5000,20,True,3.2966010793470653,786
m-2_overhang,a5b_domination_argument,zdt1_interval,cw,0.0,0,29,False,5000,20,True,3.1885162807617644,786
m-2_overhang,registered_x01,zdt1_interval,cw,0.0,1,30,True,5000,20,False,,
m-2_overhang,a5b_domination_argument,zdt1_interval,cw,0.0,1,30,True,5000,20,False,,
m-2_overhang,registered_x01,zdt1_interval,cw,0.0,2,0,False,5000,20,True,0.0,1078
m-2_overhang,a5b_domination_argument,zdt1_interval,cw,0.0,2,0,False,5000,20,True,0.0,1078
m-2_overhang,registered_x01,zdt1_interval,cw,0.0,3,30,True,5000,20,False,,
m-2_overhang,a5b_domination_argument,zdt1_interval,cw,0.0,3,30,True,5000,20,False,,
m-2_overhang,registered_x01,zdt1_interval,cw,0.0,0,29,False,5000,21,True,2.9294719983545168,653
m-2_overhang,a5b_domination_argument,zdt1_interval,cw,0.0,0,29,False,5000,21,True,2.8474171110030184,653
m-2_overhang,registered_x01,zdt1_interval,cw,0.0,1,30,True,5000,21,False,,
m-2_overhang,a5b_domination_argument,zdt1_interval,cw,0.0,1,30,True,5000,21,False,,
m-2_overhang,registered_x01,zdt1_interval,cw,0.0,2,0,False,5000,21,True,0.0,4215
m-2_overhang,a5b_domination_argument,zdt1_interval,cw,0.0,2,0,False,5000,21,True,0.0,4215
m-2_overhang,registered_x01,zdt1_interval,cw,0.0,3,30,True,5000,21,False,,
m-2_overhang,a5b_domination_argument,zdt1_interval,cw,0.0,3,30,True,5000,21,False,,
m-2_overhang,registered_x01,zdt1_interval,cw,0.0,0,29,False,5000,22,True,2.6930155303457353,4068
m-2_overhang,a5b_domination_argument,zdt1_interval,cw,0.0,0,29,False,5000,22,True,2.6451319714066557,4068
m-2_overhang,registered_x01,zdt1_interval,cw,0.0,1,30,True,5000,22,False,,
m-2_overhang,a5b_domination_argument,zdt1_interval,cw,0.0,1,30,True,5000,22,False,,
m-2_overhang,registered_x01,zdt1_interval,cw,0.0,2,0,False,5000,22,True,0.0,160
m-2_overhang,a5b_domination_argument,zdt1_interval,cw,0.0,2,0,False,5000,22,True,0.0,160
m-2_overhang,registered_x01,zdt1_interval,cw,0.0,3,30,True,5000,22,False,,
m-2_overhang,a5b_domination_argument,zdt1_interval,cw,0.0,3,30,True,5000,22,False,,
m-2_overhang,registered_x01,zdt1_interval,cw,0.0,0,29,False,5000,23,True,2.7694960956437784,1252
m-2_overhang,a5b_domination_argument,zdt1_interval,cw,0.0,0,29,False,5000,23,True,2.735505511919363,1252
m-2_overhang,registered_x01,zdt1_interval,cw,0.0,1,30,True,5000,23,False,,
m-2_overhang,a5b_domination_argument,zdt1_interval,cw,0.0,1,30,True,5000,23,False,,
m-2_overhang,registered_x01,zdt1_interval,cw,0.0,2,0,False,5000,23,True,0.0,3268
m-2_overhang,a5b_domination_argument,zdt1_interval,cw,0.0,2,0,False,5000,23,True,0.0,3268
m-2_overhang,registered_x01,zdt1_interval,cw,0.0,3,30,True,5000,23,False,,
m-2_overhang,a5b_domination_argument,zdt1_interval,cw,0.0,3,30,True,5000,23,False,,
m-2_overhang,registered_x01,zdt1_interval,cw,0.0,0,29,False,5000,24,True,2.887209476806517,3172
m-2_overhang,a5b_domination_argument,zdt1_interval,cw,0.0,0,29,False,5000,24,True,2.883452147676854,3172
m-2_overhang,registered_x01,zdt1_interval,cw,0.0,1,30,True,5000,24,False,,
m-2_overhang,a5b_domination_argument,zdt1_interval,cw,0.0,1,30,True,5000,24,False,,
m-2_overhang,registered_x01,zdt1_interval,cw,0.0,2,0,False,5000,24,True,0.0,2786
m-2_overhang,a5b_domination_argument,zdt1_interval,cw,0.0,2,0,False,5000,24,True,0.0,2786
m-2_overhang,registered_x01,zdt1_interval,cw,0.0,3,30,True,5000,24,False,,
m-2_overhang,a5b_domination_argument,zdt1_interval,cw,0.0,3,30,True,5000,24,False,,
m-2_overhang,registered_x01,zdt1_interval,cw,0.0,0,29,False,5000,25,True,3.188911076196734,3294
m-2_overhang,a5b_domination_argument,zdt1_interval,cw,0.0,0,29,False,5000,25,True,3.1428647564104977,3294
m-2_overhang,registered_x01,zdt1_interval,cw,0.0,1,30,True,5000,25,False,,
m-2_overhang,a5b_domination_argument,zdt1_interval,cw,0.0,1,30,True,5000,25,False,,
m-2_overhang,registered_x01,zdt1_interval,cw,0.0,2,0,False,5000,25,True,0.0,2002
m-2_overhang,a5b_domination_argument,zdt1_interval,cw,0.0,2,0,False,5000,25,True,0.0,2002
m-2_overhang,registered_x01,zdt1_interval,cw,0.0,3,30,True,5000,25,False,,
m-2_overhang,a5b_domination_argument,zdt1_interval,cw,0.0,3,30,True,5000,25,False,,
m-2_overhang,registered_x01,zdt1_interval,cw,0.0,0,29,False,5000,26,True,3.098317379488493,4222
m-2_overhang,a5b_domination_argument,zdt1_interval,cw,0.0,0,29,False,5000,26,True,3.0808573978610707,4222
m-2_overhang,registered_x01,zdt1_interval,cw,0.0,1,30,True,5000,26,False,,
m-2_overhang,a5b_domination_argument,zdt1_interval,cw,0.0,1,30,True,5000,26,False,,
m-2_overhang,registered_x01,zdt1_interval,cw,0.0,2,0,False,5000,26,True,0.0,96
m-2_overhang,a5b_domination_argument,zdt1_interval,cw,0.0,2,0,False,5000,26,True,0.0,96
m-2_overhang,registered_x01,zdt1_interval,cw,0.0,3,30,True,5000,26,False,,
m-2_overhang,a5b_domination_argument,zdt1_interval,cw,0.0,3,30,True,5000,26,False,,
m-2_overhang,registered_x01,zdt1_interval,cw,0.0,0,29,False,5000,27,True,3.2073845142980373,3291
m-2_overhang,a5b_domination_argument,zdt1_interval,cw,0.0,0,29,False,5000,27,True,3.1975068406909,3291
m-2_overhang,registered_x01,zdt1_interval,cw,0.0,1,30,True,5000,27,False,,
m-2_overhang,a5b_domination_argument,zdt1_interval,cw,0.0,1,30,True,5000,27,False,,
m-2_overhang,registered_x01,zdt1_interval,cw,0.0,2,0,False,5000,27,True,0.0,1125
m-2_overhang,a5b_domination_argument,zdt1_interval,cw,0.0,2,0,False,5000,27,True,0.0,1125
m-2_overhang,registered_x01,zdt1_interval,cw,0.0,3,30,True,5000,27,False,,
m-2_overhang,a5b_domination_argument,zdt1_interval,cw,0.0,3,30,True,5000,27,False,,
m-2_overhang,registered_x01,zdt1_interval,cw,0.0,0,29,False,5000,28,True,3.091641798943974,3192
m-2_overhang,a5b_domination_argument,zdt1_interval,cw,0.0,0,29,False,5000,28,True,3.04212308497159,3192
m-2_overhang,registered_x01,zdt1_interval,cw,0.0,1,30,True,5000,28,False,,
m-2_overhang,a5b_domination_argument,zdt1_interval,cw,0.0,1,30,True,5000,28,False,,
m-2_overhang,registered_x01,zdt1_interval,cw,0.0,2,0,False,5000,28,True,0.0,3182
m-2_overhang,a5b_domination_argument,zdt1_interval,cw,0.0,2,0,False,5000,28,True,0.0,3182
m-2_overhang,registered_x01,zdt1_interval,cw,0.0,3,30,True,5000,28,False,,
m-2_overhang,a5b_domination_argument,zdt1_interval,cw,0.0,3,30,True,5000,28,False,,
m-2_overhang,registered_x01,zdt1_interval,cw,0.0,0,29,False,5000,29,True,3.1759467550190266,1593
m-2_overhang,a5b_domination_argument,zdt1_interval,cw,0.0,0,29,False,5000,29,True,3.114195108939494,1593
m-2_overhang,registered_x01,zdt1_interval,cw,0.0,1,30,True,5000,29,False,,
m-2_overhang,a5b_domination_argument,zdt1_interval,cw,0.0,1,30,True,5000,29,False,,
m-2_overhang,registered_x01,zdt1_interval,cw,0.0,2,0,False,5000,29,True,0.0,2835
m-2_overhang,a5b_domination_argument,zdt1_interval,cw,0.0,2,0,False,5000,29,True,0.0,2835
m-2_overhang,registered_x01,zdt1_interval,cw,0.0,3,30,True,5000,29,False,,
m-2_overhang,a5b_domination_argument,zdt1_interval,cw,0.0,3,30,True,5000,29,False,,
m-2_overhang,registered_x01,zdt1_interval,cw,0.0,0,29,False,5000,30,True,3.0377499582996745,2445
m-2_overhang,a5b_domination_argument,zdt1_interval,cw,0.0,0,29,False,5000,30,True,2.9512904984683472,2445
m-2_overhang,registered_x01,zdt1_interval,cw,0.0,1,30,True,5000,30,False,,
m-2_overhang,a5b_domination_argument,zdt1_interval,cw,0.0,1,30,True,5000,30,False,,
m-2_overhang,registered_x01,zdt1_interval,cw,0.0,2,0,False,5000,30,True,0.0,1663
m-2_overhang,a5b_domination_argument,zdt1_interval,cw,0.0,2,0,False,5000,30,True,0.0,1663
m-2_overhang,registered_x01,zdt1_interval,cw,0.0,3,30,True,5000,30,False,,
m-2_overhang,a5b_domination_argument,zdt1_interval,cw,0.0,3,30,True,5000,30,False,,
m-2_overhang,registered_x01,zdt1_interval,lu,0.05,0,28,False,5000,11,True,2.9621986334435753,1519
m-2_overhang,a5b_domination_argument,zdt1_interval,lu,0.05,0,28,False,5000,11,True,2.868794930629019,1519
m-2_overhang,registered_x01,zdt1_interval,lu,0.05,1,28,False,5000,11,True,2.7973267314713635,283
m-2_overhang,a5b_domination_argument,zdt1_interval,lu,0.05,1,28,False,5000,11,True,2.6920523668105236,283
m-2_overhang,registered_x01,zdt1_interval,lu,0.05,2,0,False,5000,11,True,0.0,20
m-2_overhang,a5b_domination_argument,zdt1_interval,lu,0.05,2,0,False,5000,11,True,0.0,20
m-2_overhang,registered_x01,zdt1_interval,lu,0.05,3,0,False,5000,11,True,0.0,20
m-2_overhang,a5b_domination_argument,zdt1_interval,lu,0.05,3,0,False,5000,11,True,0.0,20
m-2_overhang,registered_x01,zdt1_interval,lu,0.05,0,28,False,5000,12,True,3.1061167794419036,3436
m-2_overhang,a5b_domination_argument,zdt1_interval,lu,0.05,0,28,False,5000,12,True,3.10574062133444,3436
m-2_overhang,registered_x01,zdt1_interval,lu,0.05,1,28,False,5000,12,True,2.9176633398364022,1396
m-2_overhang,a5b_domination_argument,zdt1_interval,lu,0.05,1,28,False,5000,12,True,2.8648706378565576,1396
m-2_overhang,registered_x01,zdt1_interval,lu,0.05,2,0,False,5000,12,True,0.0,3475
m-2_overhang,a5b_domination_argument,zdt1_interval,lu,0.05,2,0,False,5000,12,True,0.0,3475
m-2_overhang,registered_x01,zdt1_interval,lu,0.05,3,0,False,5000,12,True,0.0,3475
m-2_overhang,a5b_domination_argument,zdt1_interval,lu,0.05,3,0,False,5000,12,True,0.0,3475
m-2_overhang,registered_x01,zdt1_interval,lu,0.05,0,28,False,5000,13,True,3.3969978700080357,110
m-2_overhang,a5b_domination_argument,zdt1_interval,lu,0.05,0,28,False,5000,13,True,3.305222990985887,110
m-2_overhang,registered_x01,zdt1_interval,lu,0.05,1,28,False,5000,13,True,2.848831446686365,3366
m-2_overhang,a5b_domination_argument,zdt1_interval,lu,0.05,1,28,False,5000,13,True,2.8431351751428053,3366
m-2_overhang,registered_x01,zdt1_interval,lu,0.05,2,0,False,5000,13,True,0.0,3879
m-2_overhang,a5b_domination_argument,zdt1_interval,lu,0.05,2,0,False,5000,13,True,0.0,3879
m-2_overhang,registered_x01,zdt1_interval,lu,0.05,3,0,False,5000,13,True,0.0,3879
m-2_overhang,a5b_domination_argument,zdt1_interval,lu,0.05,3,0,False,5000,13,True,0.0,3879
m-2_overhang,registered_x01,zdt1_interval,lu,0.05,0,28,False,5000,14,True,3.183716140870294,995
m-2_overhang,a5b_domination_argument,zdt1_interval,lu,0.05,0,28,False,5000,14,True,3.1650361235793114,995
m-2_overhang,registered_x01,zdt1_interval,lu,0.05,1,28,False,5000,14,True,3.081341345101482,3550
m-2_overhang,a5b_domination_argument,zdt1_interval,lu,0.05,1,28,False,5000,14,True,2.9248507337840453,3550
m-2_overhang,registered_x01,zdt1_interval,lu,0.05,2,0,False,5000,14,True,0.0,1189
m-2_overhang,a5b_domination_argument,zdt1_interval,lu,0.05,2,0,False,5000,14,True,0.0,1189
m-2_overhang,registered_x01,zdt1_interval,lu,0.05,3,0,False,5000,14,True,0.0,1189
m-2_overhang,a5b_domination_argument,zdt1_interval,lu,0.05,3,0,False,5000,14,True,0.0,1189
m-2_overhang,registered_x01,zdt1_interval,lu,0.05,0,28,False,5000,15,True,3.0128350914806794,3389
m-2_overhang,a5b_domination_argument,zdt1_interval,lu,0.05,0,28,False,5000,15,True,3.0126300882512935,3389
m-2_overhang,registered_x01,zdt1_interval,lu,0.05,1,28,False,5000,15,True,3.281798634076877,326
m-2_overhang,a5b_domination_argument,zdt1_interval,lu,0.05,1,28,False,5000,15,True,3.1886128965436322,326
m-2_overhang,registered_x01,zdt1_interval,lu,0.05,2,0,False,5000,15,True,0.0,1598
m-2_overhang,a5b_domination_argument,zdt1_interval,lu,0.05,2,0,False,5000,15,True,0.0,1598
m-2_overhang,registered_x01,zdt1_interval,lu,0.05,3,0,False,5000,15,True,0.0,1598
m-2_overhang,a5b_domination_argument,zdt1_interval,lu,0.05,3,0,False,5000,15,True,0.0,1598
m-2_overhang,registered_x01,zdt1_interval,lu,0.05,0,28,False,5000,16,True,3.3906258223763928,2096
m-2_overhang,a5b_domination_argument,zdt1_interval,lu,0.05,0,28,False,5000,16,True,3.3214353029937156,2096
m-2_overhang,registered_x01,zdt1_interval,lu,0.05,1,28,False,5000,16,True,3.394118330423916,2119
m-2_overhang,a5b_domination_argument,zdt1_interval,lu,0.05,1,28,False,5000,16,True,3.393846085185174,2119
m-2_overhang,registered_x01,zdt1_interval,lu,0.05,2,0,False,5000,16,True,0.0,6
m-2_overhang,a5b_domination_argument,zdt1_interval,lu,0.05,2,0,False,5000,16,True,0.0,6
m-2_overhang,registered_x01,zdt1_interval,lu,0.05,3,0,False,5000,16,True,0.0,6
m-2_overhang,a5b_domination_argument,zdt1_interval,lu,0.05,3,0,False,5000,16,True,0.0,6
m-2_overhang,registered_x01,zdt1_interval,lu,0.05,0,28,False,5000,17,True,2.753632091129573,2846
m-2_overhang,a5b_domination_argument,zdt1_interval,lu,0.05,0,28,False,5000,17,True,2.6321101021911626,2846
m-2_overhang,registered_x01,zdt1_interval,lu,0.05,1,28,False,5000,17,True,2.545064502025791,3117
m-2_overhang,a5b_domination_argument,zdt1_interval,lu,0.05,1,28,False,5000,17,True,2.475131924257458,3117
m-2_overhang,registered_x01,zdt1_interval,lu,0.05,2,0,False,5000,17,True,0.0,90
m-2_overhang,a5b_domination_argument,zdt1_interval,lu,0.05,2,0,False,5000,17,True,0.0,90
m-2_overhang,registered_x01,zdt1_interval,lu,0.05,3,0,False,5000,17,True,0.0,90
m-2_overhang,a5b_domination_argument,zdt1_interval,lu,0.05,3,0,False,5000,17,True,0.0,90
m-2_overhang,registered_x01,zdt1_interval,lu,0.05,0,28,False,5000,18,True,2.7804643811099417,2815
m-2_overhang,a5b_domination_argument,zdt1_interval,lu,0.05,0,28,False,5000,18,True,2.777314341984138,2815
m-2_overhang,registered_x01,zdt1_interval,lu,0.05,1,28,False,5000,18,True,3.016967459594959,3097
m-2_overhang,a5b_domination_argument,zdt1_interval,lu,0.05,1,28,False,5000,18,True,2.9463804079942997,3097
m-2_overhang,registered_x01,zdt1_interval,lu,0.05,2,0,False,5000,18,True,0.0,2221
m-2_overhang,a5b_domination_argument,zdt1_interval,lu,0.05,2,0,False,5000,18,True,0.0,2221
m-2_overhang,registered_x01,zdt1_interval,lu,0.05,3,0,False,5000,18,True,0.0,2221
m-2_overhang,a5b_domination_argument,zdt1_interval,lu,0.05,3,0,False,5000,18,True,0.0,2221
m-2_overhang,registered_x01,zdt1_interval,lu,0.05,0,28,False,5000,19,True,3.201107916103373,4003
m-2_overhang,a5b_domination_argument,zdt1_interval,lu,0.05,0,28,False,5000,19,True,3.1912650146508943,4003
m-2_overhang,registered_x01,zdt1_interval,lu,0.05,1,28,False,5000,19,True,3.0921450325718327,3336
m-2_overhang,a5b_domination_argument,zdt1_interval,lu,0.05,1,28,False,5000,19,True,3.0477740786790846,3336
m-2_overhang,registered_x01,zdt1_interval,lu,0.05,2,0,False,5000,19,True,0.0,1960
m-2_overhang,a5b_domination_argument,zdt1_interval,lu,0.05,2,0,False,5000,19,True,0.0,1960
m-2_overhang,registered_x01,zdt1_interval,lu,0.05,3,0,False,5000,19,True,0.0,1960
m-2_overhang,a5b_domination_argument,zdt1_interval,lu,0.05,3,0,False,5000,19,True,0.0,1960
m-2_overhang,registered_x01,zdt1_interval,lu,0.05,0,28,False,5000,20,True,2.862841107253359,432
m-2_overhang,a5b_domination_argument,zdt1_interval,lu,0.05,0,28,False,5000,20,True,2.8559100633553047,432
m-2_overhang,registered_x01,zdt1_interval,lu,0.05,1,28,False,5000,20,True,3.2903455601680878,201
m-2_overhang,a5b_domination_argument,zdt1_interval,lu,0.05,1,28,False,5000,20,True,3.1768139153909294,201
m-2_overhang,registered_x01,zdt1_interval,lu,0.05,2,0,False,5000,20,True,0.0,1078
m-2_overhang,a5b_domination_argument,zdt1_interval,lu,0.05,2,0,False,5000,20,True,0.0,1078
m-2_overhang,registered_x01,zdt1_interval,lu,0.05,3,0,False,5000,20,True,0.0,1078
m-2_overhang,a5b_domination_argument,zdt1_interval,lu,0.05,3,0,False,5000,20,True,0.0,1078
m-2_overhang,registered_x01,zdt1_interval,lu,0.05,0,28,False,5000,21,True,3.2821521196367534,3214
m-2_overhang,a5b_domination_argument,zdt1_interval,lu,0.05,0,28,False,5000,21,True,3.1669175602182436,3214
m-2_overhang,registered_x01,zdt1_interval,lu,0.05,1,28,False,5000,21,True,2.670226506056193,98
m-2_overhang,a5b_domination_argument,zdt1_interval,lu,0.05,1,28,False,5000,21,True,2.6699844977151828,98
m-2_overhang,registered_x01,zdt1_interval,lu,0.05,2,0,False,5000,21,True,0.0,4215
m-2_overhang,a5b_domination_argument,zdt1_interval,lu,0.05,2,0,False,5000,21,True,0.0,4215
m-2_overhang,registered_x01,zdt1_interval,lu,0.05,3,0,False,5000,21,True,0.0,2435
m-2_overhang,a5b_domination_argument,zdt1_interval,lu,0.05,3,0,False,5000,21,True,0.0,2435
m-2_overhang,registered_x01,zdt1_interval,lu,0.05,0,28,False,5000,22,True,2.9526417814694197,1892
m-2_overhang,a5b_domination_argument,zdt1_interval,lu,0.05,0,28,False,5000,22,True,2.9525088864981335,1892
m-2_overhang,registered_x01,zdt1_interval,lu,0.05,1,28,False,5000,22,True,2.6930155303457353,4068
m-2_overhang,a5b_domination_argument,zdt1_interval,lu,0.05,1,28,False,5000,22,True,2.6451319714066557,4068
m-2_overhang,registered_x01,zdt1_interval,lu,0.05,2,0,False,5000,22,True,0.0,160
m-2_overhang,a5b_domination_argument,zdt1_interval,lu,0.05,2,0,False,5000,22,True,0.0,160
m-2_overhang,registered_x01,zdt1_interval,lu,0.05,3,0,False,5000,22,True,0.0,160
m-2_overhang,a5b_domination_argument,zdt1_interval,lu,0.05,3,0,False,5000,22,True,0.0,160
m-2_overhang,registered_x01,zdt1_interval,lu,0.05,0,28,False,5000,23,True,2.7694960956437784,1252
m-2_overhang,a5b_domination_argument,zdt1_interval,lu,0.05,0,28,False,5000,23,True,2.735505511919363,1252
m-2_overhang,registered_x01,zdt1_interval,lu,0.05,1,28,False,5000,23,True,3.1870836989456737,2485
m-2_overhang,a5b_domination_argument,zdt1_interval,lu,0.05,1,28,False,5000,23,True,3.1647222184004917,2485
m-2_overhang,registered_x01,zdt1_interval,lu,0.05,2,0,False,5000,23,True,0.0,3268
m-2_overhang,a5b_domination_argument,zdt1_interval,lu,0.05,2,0,False,5000,23,True,0.0,3268
m-2_overhang,registered_x01,zdt1_interval,lu,0.05,3,0,False,5000,23,True,0.0,3268
m-2_overhang,a5b_domination_argument,zdt1_interval,lu,0.05,3,0,False,5000,23,True,0.0,3268
m-2_overhang,registered_x01,zdt1_interval,lu,0.05,0,28,False,5000,24,True,2.9111157043350264,1969
m-2_overhang,a5b_domination_argument,zdt1_interval,lu,0.05,0,28,False,5000,24,True,2.8282309396524137,1969
m-2_overhang,registered_x01,zdt1_interval,lu,0.05,1,28,False,5000,24,True,2.8240750483884214,3500
m-2_overhang,a5b_domination_argument,zdt1_interval,lu,0.05,1,28,False,5000,24,True,2.8036598725504627,3500
m-2_overhang,registered_x01,zdt1_interval,lu,0.05,2,0,False,5000,24,True,0.0,2786
m-2_overhang,a5b_domination_argument,zdt1_interval,lu,0.05,2,0,False,5000,24,True,0.0,2786
m-2_overhang,registered_x01,zdt1_interval,lu,0.05,3,0,False,5000,24,True,0.0,2786
m-2_overhang,a5b_domination_argument,zdt1_interval,lu,0.05,3,0,False,5000,24,True,0.0,2786
m-2_overhang,registered_x01,zdt1_interval,lu,0.05,0,28,False,5000,25,True,2.91316359597524,2863
m-2_overhang,a5b_domination_argument,zdt1_interval,lu,0.05,0,28,False,5000,25,True,2.7931961446907208,2863
m-2_overhang,registered_x01,zdt1_interval,lu,0.05,1,28,False,5000,25,True,2.692300491752809,3216
m-2_overhang,a5b_domination_argument,zdt1_interval,lu,0.05,1,28,False,5000,25,True,2.6094609887791735,3216
m-2_overhang,registered_x01,zdt1_interval,lu,0.05,2,0,False,5000,25,True,0.0,2002
m-2_overhang,a5b_domination_argument,zdt1_interval,lu,0.05,2,0,False,5000,25,True,0.0,2002
m-2_overhang,registered_x01,zdt1_interval,lu,0.05,3,0,False,5000,25,True,0.0,2002
m-2_overhang,a5b_domination_argument,zdt1_interval,lu,0.05,3,0,False,5000,25,True,0.0,2002
m-2_overhang,registered_x01,zdt1_interval,lu,0.05,0,28,False,5000,26,True,3.1806034302701893,3746
m-2_overhang,a5b_domination_argument,zdt1_interval,lu,0.05,0,28,False,5000,26,True,3.178052174109996,3746
m-2_overhang,registered_x01,zdt1_interval,lu,0.05,1,28,False,5000,26,True,3.4887225041268164,2248
m-2_overhang,a5b_domination_argument,zdt1_interval,lu,0.05,1,28,False,5000,26,True,3.4195441566810962,2248
m-2_overhang,registered_x01,zdt1_interval,lu,0.05,2,0,False,5000,26,True,0.0,96
m-2_overhang,a5b_domination_argument,zdt1_interval,lu,0.05,2,0,False,5000,26,True,0.0,96
m-2_overhang,registered_x01,zdt1_interval,lu,0.05,3,0,False,5000,26,True,0.0,96
m-2_overhang,a5b_domination_argument,zdt1_interval,lu,0.05,3,0,False,5000,26,True,0.0,96
m-2_overhang,registered_x01,zdt1_interval,lu,0.05,0,28,False,5000,27,True,3.104644206264423,1873
m-2_overhang,a5b_domination_argument,zdt1_interval,lu,0.05,0,28,False,5000,27,True,3.0014836215466456,1873
m-2_overhang,registered_x01,zdt1_interval,lu,0.05,1,28,False,5000,27,True,3.2073845142980373,3291
m-2_overhang,a5b_domination_argument,zdt1_interval,lu,0.05,1,28,False,5000,27,True,3.1975068406909,3291
m-2_overhang,registered_x01,zdt1_interval,lu,0.05,2,0,False,5000,27,True,0.0,1125
m-2_overhang,a5b_domination_argument,zdt1_interval,lu,0.05,2,0,False,5000,27,True,0.0,1125
m-2_overhang,registered_x01,zdt1_interval,lu,0.05,3,0,False,5000,27,True,0.0,1125
m-2_overhang,a5b_domination_argument,zdt1_interval,lu,0.05,3,0,False,5000,27,True,0.0,1125
m-2_overhang,registered_x01,zdt1_interval,lu,0.05,0,28,False,5000,28,True,3.5332019191336563,2086
m-2_overhang,a5b_domination_argument,zdt1_interval,lu,0.05,0,28,False,5000,28,True,3.511777580364719,2086
m-2_overhang,registered_x01,zdt1_interval,lu,0.05,1,28,False,5000,28,True,2.947925642896735,3571
m-2_overhang,a5b_domination_argument,zdt1_interval,lu,0.05,1,28,False,5000,28,True,2.943226452582078,3571
m-2_overhang,registered_x01,zdt1_interval,lu,0.05,2,0,False,5000,28,True,0.0,3182
m-2_overhang,a5b_domination_argument,zdt1_interval,lu,0.05,2,0,False,5000,28,True,0.0,3182
m-2_overhang,registered_x01,zdt1_interval,lu,0.05,3,0,False,5000,28,True,0.0,3182
m-2_overhang,a5b_domination_argument,zdt1_interval,lu,0.05,3,0,False,5000,28,True,0.0,3182
m-2_overhang,registered_x01,zdt1_interval,lu,0.05,0,28,False,5000,29,True,2.8190026263045675,4998
m-2_overhang,a5b_domination_argument,zdt1_interval,lu,0.05,0,28,False,5000,29,True,2.760186793275044,4998
m-2_overhang,registered_x01,zdt1_interval,lu,0.05,1,28,False,5000,29,True,3.0491422549308878,1121
m-2_overhang,a5b_domination_argument,zdt1_interval,lu,0.05,1,28,False,5000,29,True,2.921054776399778,1121
m-2_overhang,registered_x01,zdt1_interval,lu,0.05,2,0,False,5000,29,True,0.0,2835
m-2_overhang,a5b_domination_argument,zdt1_interval,lu,0.05,2,0,False,5000,29,True,0.0,2835
m-2_overhang,registered_x01,zdt1_interval,lu,0.05,3,0,False,5000,29,True,0.0,3660
m-2_overhang,a5b_domination_argument,zdt1_interval,lu,0.05,3,0,False,5000,29,True,0.0,3660
m-2_overhang,registered_x01,zdt1_interval,lu,0.05,0,28,False,5000,30,True,2.9256509016888352,1655
m-2_overhang,a5b_domination_argument,zdt1_interval,lu,0.05,0,28,False,5000,30,True,2.8792242714856013,1655
m-2_overhang,registered_x01,zdt1_interval,lu,0.05,1,28,False,5000,30,True,3.0377499582996745,2445
m-2_overhang,a5b_domination_argument,zdt1_interval,lu,0.05,1,28,False,5000,30,True,2.9512904984683472,2445
m-2_overhang,registered_x01,zdt1_interval,lu,0.05,2,0,False,5000,30,True,0.0,1663
m-2_overhang,a5b_domination_argument,zdt1_interval,lu,0.05,2,0,False,5000,30,True,0.0,1663
m-2_overhang,registered_x01,zdt1_interval,lu,0.05,3,0,False,5000,30,True,0.0,1663
m-2_overhang,a5b_domination_argument,zdt1_interval,lu,0.05,3,0,False,5000,30,True,0.0,1663
m-2_overhang,registered_x01,zdt1_interval,ls,0.05,0,28,False,5000,11,True,2.9621986334435753,1519
m-2_overhang,a5b_domination_argument,zdt1_interval,ls,0.05,0,28,False,5000,11,True,2.868794930629019,1519
m-2_overhang,registered_x01,zdt1_interval,ls,0.05,1,29,False,5000,11,True,3.1043524082282867,2731
m-2_overhang,a5b_domination_argument,zdt1_interval,ls,0.05,1,29,False,5000,11,True,3.037047860186196,2731
m-2_overhang,registered_x01,zdt1_interval,ls,0.05,2,0,False,5000,11,True,0.0,20
m-2_overhang,a5b_domination_argument,zdt1_interval,ls,0.05,2,0,False,5000,11,True,0.0,20
m-2_overhang,registered_x01,zdt1_interval,ls,0.05,3,29,False,5000,11,True,3.2242431884982845,3859
m-2_overhang,a5b_domination_argument,zdt1_interval,ls,0.05,3,29,False,5000,11,True,3.2242431884982845,3859
m-2_overhang,registered_x01,zdt1_interval,ls,0.05,0,28,False,5000,12,True,3.1061167794419036,3436
m-2_overhang,a5b_domination_argument,zdt1_interval,ls,0.05,0,28,False,5000,12,True,3.10574062133444,3436
m-2_overhang,registered_x01,zdt1_interval,ls,0.05,1,29,False,5000,12,True,3.171789089468382,1006
m-2_overhang,a5b_domination_argument,zdt1_interval,ls,0.05,1,29,False,5000,12,True,3.1694794399924158,1006
m-2_overhang,registered_x01,zdt1_interval,ls,0.05,2,0,False,5000,12,True,0.0,3475
m-2_overhang,a5b_domination_argument,zdt1_interval,ls,0.05,2,0,False,5000,12,True,0.0,3475
m-2_overhang,registered_x01,zdt1_interval,ls,0.05,3,29,False,5000,12,True,3.310538237674815,127
m-2_overhang,a5b_domination_argument,zdt1_interval,ls,0.05,3,29,False,5000,12,True,3.310538237674815,127
m-2_overhang,registered_x01,zdt1_interval,ls,0.05,0,28,False,5000,13,True,3.3969978700080357,110
m-2_overhang,a5b_domination_argument,zdt1_interval,ls,0.05,0,28,False,5000,13,True,3.305222990985887,110
m-2_overhang,registered_x01,zdt1_interval,ls,0.05,1,29,False,5000,13,True,2.851510380088723,3878
m-2_overhang,a5b_domination_argument,zdt1_interval,ls,0.05,1,29,False,5000,13,True,2.755178443576768,3878
m-2_overhang,registered_x01,zdt1_interval,ls,0.05,2,0,False,5000,13,True,0.0,3879
m-2_overhang,a5b_domination_argument,zdt1_interval,ls,0.05,2,0,False,5000,13,True,0.0,3879
m-2_overhang,registered_x01,zdt1_interval,ls,0.05,3,29,False,5000,13,True,2.827864919121936,772
m-2_overhang,a5b_domination_argument,zdt1_interval,ls,0.05,3,29,False,5000,13,True,2.827864919121936,772
m-2_overhang,registered_x01,zdt1_interval,ls,0.05,0,28,False,5000,14,True,3.183716140870294,995
m-2_overhang,a5b_domination_argument,zdt1_interval,ls,0.05,0,28,False,5000,14,True,3.1650361235793114,995
m-2_overhang,registered_x01,zdt1_interval,ls,0.05,1,29,False,5000,14,True,2.7586838500052666,936
m-2_overhang,a5b_domination_argument,zdt1_interval,ls,0.05,1,29,False,5000,14,True,2.5714975581629385,936
m-2_overhang,registered_x01,zdt1_interval,ls,0.05,2,0,False,5000,14,True,0.0,1189
m-2_overhang,a5b_domination_argument,zdt1_interval,ls,0.05,2,0,False,5000,14,True,0.0,1189
m-2_overhang,registered_x01,zdt1_interval,ls,0.05,3,29,False,5000,14,True,2.983232030694651,2416
m-2_overhang,a5b_domination_argument,zdt1_interval,ls,0.05,3,29,False,5000,14,True,2.983232030694651,2416
m-2_overhang,registered_x01,zdt1_interval,ls,0.05,0,28,False,5000,15,True,3.0128350914806794,3389
m-2_overhang,a5b_domination_argument,zdt1_interval,ls,0.05,0,28,False,5000,15,True,3.0126300882512935,3389
m-2_overhang,registered_x01,zdt1_interval,ls,0.05,1,29,False,5000,15,True,3.4227590236392387,740
m-2_overhang,a5b_domination_argument,zdt1_interval,ls,0.05,1,29,False,5000,15,True,3.298096229152775,740
m-2_overhang,registered_x01,zdt1_interval,ls,0.05,2,0,False,5000,15,True,0.0,1598
m-2_overhang,a5b_domination_argument,zdt1_interval,ls,0.05,2,0,False,5000,15,True,0.0,1598
m-2_overhang,registered_x01,zdt1_interval,ls,0.05,3,29,False,5000,15,True,2.7054777657673226,1029
m-2_overhang,a5b_domination_argument,zdt1_interval,ls,0.05,3,29,False,5000,15,True,2.7054777657673226,1029
m-2_overhang,registered_x01,zdt1_interval,ls,0.05,0,28,False,5000,16,True,3.3906258223763928,2096
m-2_overhang,a5b_domination_argument,zdt1_interval,ls,0.05,0,28,False,5000,16,True,3.3214353029937156,2096
m-2_overhang,registered_x01,zdt1_interval,ls,0.05,1,29,False,5000,16,True,3.0376785057459035,416
m-2_overhang,a5b_domination_argument,zdt1_interval,ls,0.05,1,29,False,5000,16,True,2.932605583864436,416
m-2_overhang,registered_x01,zdt1_interval,ls,0.05,2,0,False,5000,16,True,0.0,6
m-2_overhang,a5b_domination_argument,zdt1_interval,ls,0.05,2,0,False,5000,16,True,0.0,6
m-2_overhang,registered_x01,zdt1_interval,ls,0.05,3,29,False,5000,16,True,3.3004177780309,3633
m-2_overhang,a5b_domination_argument,zdt1_interval,ls,0.05,3,29,False,5000,16,True,3.3004177780309,3633
m-2_overhang,registered_x01,zdt1_interval,ls,0.05,0,28,False,5000,17,True,2.753632091129573,2846
m-2_overhang,a5b_domination_argument,zdt1_interval,ls,0.05,0,28,False,5000,17,True,2.6321101021911626,2846
m-2_overhang,registered_x01,zdt1_interval,ls,0.05,1,29,False,5000,17,True,2.552068072201283,615
m-2_overhang,a5b_domination_argument,zdt1_interval,ls,0.05,1,29,False,5000,17,True,2.4779193209829997,615
m-2_overhang,registered_x01,zdt1_interval,ls,0.05,2,0,False,5000,17,True,0.0,90
m-2_overhang,a5b_domination_argument,zdt1_interval,ls,0.05,2,0,False,5000,17,True,0.0,90
m-2_overhang,registered_x01,zdt1_interval,ls,0.05,3,29,False,5000,17,True,2.5813003162571664,3699
m-2_overhang,a5b_domination_argument,zdt1_interval,ls,0.05,3,29,False,5000,17,True,2.5813003162571664,3699
m-2_overhang,registered_x01,zdt1_interval,ls,0.05,0,28,False,5000,18,True,2.7804643811099417,2815
m-2_overhang,a5b_domination_argument,zdt1_interval,ls,0.05,0,28,False,5000,18,True,2.777314341984138,2815
m-2_overhang,registered_x01,zdt1_interval,ls,0.05,1,29,False,5000,18,True,2.8416199150919508,3902
m-2_overhang,a5b_domination_argument,zdt1_interval,ls,0.05,1,29,False,5000,18,True,2.836879425511906,3902
m-2_overhang,registered_x01,zdt1_interval,ls,0.05,2,0,False,5000,18,True,0.0,2221
m-2_overhang,a5b_domination_argument,zdt1_interval,ls,0.05,2,0,False,5000,18,True,0.0,2221
m-2_overhang,registered_x01,zdt1_interval,ls,0.05,3,29,False,5000,18,True,2.878862006683207,137
m-2_overhang,a5b_domination_argument,zdt1_interval,ls,0.05,3,29,False,5000,18,True,2.878862006683207,137
m-2_overhang,registered_x01,zdt1_interval,ls,0.05,0,28,False,5000,19,True,3.201107916103373,4003
m-2_overhang,a5b_domination_argument,zdt1_interval,ls,0.05,0,28,False,5000,19,True,3.1912650146508943,4003
m-2_overhang,registered_x01,zdt1_interval,ls,0.05,1,29,False,5000,19,True,2.5876316583100887,3845
m-2_overhang,a5b_domination_argument,zdt1_interval,ls,0.05,1,29,False,5000,19,True,2.5706186892388914,3845
m-2_overhang,registered_x01,zdt1_interval,ls,0.05,2,0,False,5000,19,True,0.0,1960
m-2_overhang,a5b_domination_argument,zdt1_interval,ls,0.05,2,0,False,5000,19,True,0.0,1960
m-2_overhang,registered_x01,zdt1_interval,ls,0.05,3,29,False,5000,19,True,3.0999754638247845,87
m-2_overhang,a5b_domination_argument,zdt1_interval,ls,0.05,3,29,False,5000,19,True,3.0999754638247845,87
m-2_overhang,registered_x01,zdt1_interval,ls,0.05,0,28,False,5000,20,True,2.862841107253359,432
m-2_overhang,a5b_domination_argument,zdt1_interval,ls,0.05,0,28,False,5000,20,True,2.8559100633553047,432
m-2_overhang,registered_x01,zdt1_interval,ls,0.05,1,29,False,5000,20,True,2.864908841237005,1441
m-2_overhang,a5b_domination_argument,zdt1_interval,ls,0.05,1,29,False,5000,20,True,2.8589058549611943,1441
m-2_overhang,registered_x01,zdt1_interval,ls,0.05,2,0,False,5000,20,True,0.0,1078
m-2_overhang,a5b_domination_argument,zdt1_interval,ls,0.05,2,0,False,5000,20,True,0.0,1078
m-2_overhang,registered_x01,zdt1_interval,ls,0.05,3,29,False,5000,20,True,2.96100716712163,2578
m-2_overhang,a5b_domination_argument,zdt1_interval,ls,0.05,3,29,False,5000,20,True,2.96100716712163,2578
m-2_overhang,registered_x01,zdt1_interval,ls,0.05,0,28,False,5000,21,True,3.2821521196367534,3214
m-2_overhang,a5b_domination_argument,zdt1_interval,ls,0.05,0,28,False,5000,21,True,3.1669175602182436,3214
m-2_overhang,registered_x01,zdt1_interval,ls,0.05,1,29,False,5000,21,True,2.7180036818456252,4031
m-2_overhang,a5b_domination_argument,zdt1_interval,ls,0.05,1,29,False,5000,21,True,2.7178399952622954,4031
m-2_overhang,registered_x01,zdt1_interval,ls,0.05,2,0,False,5000,21,True,0.0,4215
m-2_overhang,a5b_domination_argument,zdt1_interval,ls,0.05,2,0,False,5000,21,True,0.0,4215
m-2_overhang,registered_x01,zdt1_interval,ls,0.05,3,29,False,5000,21,True,2.9458260587399185,1353
m-2_overhang,a5b_domination_argument,zdt1_interval,ls,0.05,3,29,False,5000,21,True,2.9458260587399185,1353
m-2_overhang,registered_x01,zdt1_interval,ls,0.05,0,28,False,5000,22,True,2.9526417814694197,1892
m-2_overhang,a5b_domination_argument,zdt1_interval,ls,0.05,0,28,False,5000,22,True,2.9525088864981335,1892
m-2_overhang,registered_x01,zdt1_interval,ls,0.05,1,29,False,5000,22,True,3.0336271840788385,253
m-2_overhang,a5b_domination_argument,zdt1_interval,ls,0.05,1,29,False,5000,22,True,2.904116478230803,253
m-2_overhang,registered_x01,zdt1_interval,ls,0.05,2,0,False,5000,22,True,0.0,160
m-2_overhang,a5b_domination_argument,zdt1_interval,ls,0.05,2,0,False,5000,22,True,0.0,160
m-2_overhang,registered_x01,zdt1_interval,ls,0.05,3,29,False,5000,22,True,2.9126700284634093,4631
m-2_overhang,a5b_domination_argument,zdt1_interval,ls,0.05,3,29,False,5000,22,True,2.9126700284634093,4631
m-2_overhang,registered_x01,zdt1_interval,ls,0.05,0,28,False,5000,23,True,2.7694960956437784,1252
m-2_overhang,a5b_domination_argument,zdt1_interval,ls,0.05,0,28,False,5000,23,True,2.735505511919363,1252
m-2_overhang,registered_x01,zdt1_interval,ls,0.05,1,29,False,5000,23,True,3.0970654676374085,960
m-2_overhang,a5b_domination_argument,zdt1_interval,ls,0.05,1,29,False,5000,23,True,2.9943761222554706,960
m-2_overhang,registered_x01,zdt1_interval,ls,0.05,2,0,False,5000,23,True,0.0,3268
m-2_overhang,a5b_domination_argument,zdt1_interval,ls,0.05,2,0,False,5000,23,True,0.0,3268
m-2_overhang,registered_x01,zdt1_interval,ls,0.05,3,29,False,5000,23,True,2.5593598226960577,1406
m-2_overhang,a5b_domination_argument,zdt1_interval,ls,0.05,3,29,False,5000,23,True,2.5593598226960577,1406
m-2_overhang,registered_x01,zdt1_interval,ls,0.05,0,28,False,5000,24,True,2.9111157043350264,1969
m-2_overhang,a5b_domination_argument,zdt1_interval,ls,0.05,0,28,False,5000,24,True,2.8282309396524137,1969
m-2_overhang,registered_x01,zdt1_interval,ls,0.05,1,29,False,5000,24,True,3.363490619671456,3748
m-2_overhang,a5b_domination_argument,zdt1_interval,ls,0.05,1,29,False,5000,24,True,3.312865969186214,3748
m-2_overhang,registered_x01,zdt1_interval,ls,0.05,2,0,False,5000,24,True,0.0,2786
m-2_overhang,a5b_domination_argument,zdt1_interval,ls,0.05,2,0,False,5000,24,True,0.0,2786
m-2_overhang,registered_x01,zdt1_interval,ls,0.05,3,29,False,5000,24,True,3.089305062170862,1016
m-2_overhang,a5b_domination_argument,zdt1_interval,ls,0.05,3,29,False,5000,24,True,3.089305062170862,1016
m-2_overhang,registered_x01,zdt1_interval,ls,0.05,0,28,False,5000,25,True,2.91316359597524,2863
m-2_overhang,a5b_domination_argument,zdt1_interval,ls,0.05,0,28,False,5000,25,True,2.7931961446907208,2863
m-2_overhang,registered_x01,zdt1_interval,ls,0.05,1,29,False,5000,25,True,3.052709211195147,634
m-2_overhang,a5b_domination_argument,zdt1_interval,ls,0.05,1,29,False,5000,25,True,3.052538352764063,634
m-2_overhang,registered_x01,zdt1_interval,ls,0.05,2,0,False,5000,25,True,0.0,2002
m-2_overhang,a5b_domination_argument,zdt1_interval,ls,0.05,2,0,False,5000,25,True,0.0,2002
m-2_overhang,registered_x01,zdt1_interval,ls,0.05,3,29,False,5000,25,True,3.2242956890507473,2788
m-2_overhang,a5b_domination_argument,zdt1_interval,ls,0.05,3,29,False,5000,25,True,3.2242956890507473,2788
m-2_overhang,registered_x01,zdt1_interval,ls,0.05,0,28,False,5000,26,True,3.1806034302701893,3746
m-2_overhang,a5b_domination_argument,zdt1_interval,ls,0.05,0,28,False,5000,26,True,3.178052174109996,3746
m-2_overhang,registered_x01,zdt1_interval,ls,0.05,1,29,False,5000,26,True,3.109198751898485,2642
m-2_overhang,a5b_domination_argument,zdt1_interval,ls,0.05,1,29,False,5000,26,True,3.1068830649617785,2642
m-2_overhang,registered_x01,zdt1_interval,ls,0.05,2,0,False,5000,26,True,0.0,96
m-2_overhang,a5b_domination_argument,zdt1_interval,ls,0.05,2,0,False,5000,26,True,0.0,96
m-2_overhang,registered_x01,zdt1_interval,ls,0.05,3,29,False,5000,26,True,3.12695762547891,2975
m-2_overhang,a5b_domination_argument,zdt1_interval,ls,0.05,3,29,False,5000,26,True,3.12695762547891,2975
m-2_overhang,registered_x01,zdt1_interval,ls,0.05,0,28,False,5000,27,True,3.104644206264423,1873
m-2_overhang,a5b_domination_argument,zdt1_interval,ls,0.05,0,28,False,5000,27,True,3.0014836215466456,1873
m-2_overhang,registered_x01,zdt1_interval,ls,0.05,1,29,False,5000,27,True,3.0708710402819617,396
m-2_overhang,a5b_domination_argument,zdt1_interval,ls,0.05,1,29,False,5000,27,True,3.0280597662549873,396
m-2_overhang,registered_x01,zdt1_interval,ls,0.05,2,0,False,5000,27,True,0.0,1125
m-2_overhang,a5b_domination_argument,zdt1_interval,ls,0.05,2,0,False,5000,27,True,0.0,1125
m-2_overhang,registered_x01,zdt1_interval,ls,0.05,3,29,False,5000,27,True,2.696371244289874,2334
m-2_overhang,a5b_domination_argument,zdt1_interval,ls,0.05,3,29,False,5000,27,True,2.696371244289874,2334
m-2_overhang,registered_x01,zdt1_interval,ls,0.05,0,28,False,5000,28,True,3.5332019191336563,2086
m-2_overhang,a5b_domination_argument,zdt1_interval,ls,0.05,0,28,False,5000,28,True,3.511777580364719,2086
m-2_overhang,registered_x01,zdt1_interval,ls,0.05,1,29,False,5000,28,True,3.1042329727424534,2088
m-2_overhang,a5b_domination_argument,zdt1_interval,ls,0.05,1,29,False,5000,28,True,3.072028114988059,2088
m-2_overhang,registered_x01,zdt1_interval,ls,0.05,2,0,False,5000,28,True,0.0,3182
m-2_overhang,a5b_domination_argument,zdt1_interval,ls,0.05,2,0,False,5000,28,True,0.0,3182
m-2_overhang,registered_x01,zdt1_interval,ls,0.05,3,29,False,5000,28,True,2.895253894291507,4876
m-2_overhang,a5b_domination_argument,zdt1_interval,ls,0.05,3,29,False,5000,28,True,2.895253894291507,4876
m-2_overhang,registered_x01,zdt1_interval,ls,0.05,0,28,False,5000,29,True,2.8190026263045675,4998
m-2_overhang,a5b_domination_argument,zdt1_interval,ls,0.05,0,28,False,5000,29,True,2.760186793275044,4998
m-2_overhang,registered_x01,zdt1_interval,ls,0.05,1,29,False,5000,29,True,3.4391747667030153,2948
m-2_overhang,a5b_domination_argument,zdt1_interval,ls,0.05,1,29,False,5000,29,True,3.349284766144753,2948
m-2_overhang,registered_x01,zdt1_interval,ls,0.05,2,0,False,5000,29,True,0.0,2835
m-2_overhang,a5b_domination_argument,zdt1_interval,ls,0.05,2,0,False,5000,29,True,0.0,2835
m-2_overhang,registered_x01,zdt1_interval,ls,0.05,3,29,False,5000,29,True,3.15547403252111,3395
m-2_overhang,a5b_domination_argument,zdt1_interval,ls,0.05,3,29,False,5000,29,True,3.15547403252111,3395
m-2_overhang,registered_x01,zdt1_interval,ls,0.05,0,28,False,5000,30,True,2.9256509016888352,1655
m-2_overhang,a5b_domination_argument,zdt1_interval,ls,0.05,0,28,False,5000,30,True,2.8792242714856013,1655
m-2_overhang,registered_x01,zdt1_interval,ls,0.05,1,29,False,5000,30,True,2.9182994893360363,2222
m-2_overhang,a5b_domination_argument,zdt1_interval,ls,0.05,1,29,False,5000,30,True,2.860604277665831,2222
m-2_overhang,registered_x01,zdt1_interval,ls,0.05,2,0,False,5000,30,True,0.0,1663
m-2_overhang,a5b_domination_argument,zdt1_interval,ls,0.05,2,0,False,5000,30,True,0.0,1663
m-2_overhang,registered_x01,zdt1_interval,ls,0.05,3,29,False,5000,30,True,3.1994399861588954,4706
m-2_overhang,a5b_domination_argument,zdt1_interval,ls,0.05,3,29,False,5000,30,True,3.1994399861588954,4706
m-2_overhang,registered_x01,zdt1_interval,cw,0.05,0,29,False,5000,11,True,3.096458147517026,2164
m-2_overhang,a5b_domination_argument,zdt1_interval,cw,0.05,0,29,False,5000,11,True,3.0146216630208027,2164
m-2_overhang,registered_x01,zdt1_interval,cw,0.05,1,29,False,5000,11,True,3.1043524082282867,2731
m-2_overhang,a5b_domination_argument,zdt1_interval,cw,0.05,1,29,False,5000,11,True,3.037047860186196,2731
m-2_overhang,registered_x01,zdt1_interval,cw,0.05,2,0,False,5000,11,True,0.0,20
m-2_overhang,a5b_domination_argument,zdt1_interval,cw,0.05,2,0,False,5000,11,True,0.0,20
m-2_overhang,registered_x01,zdt1_interval,cw,0.05,3,29,False,5000,11,True,3.2242431884982845,3859
m-2_overhang,a5b_domination_argument,zdt1_interval,cw,0.05,3,29,False,5000,11,True,3.2242431884982845,3859
m-2_overhang,registered_x01,zdt1_interval,cw,0.05,0,29,False,5000,12,True,3.1061167794419036,3436
m-2_overhang,a5b_domination_argument,zdt1_interval,cw,0.05,0,29,False,5000,12,True,3.10574062133444,3436
m-2_overhang,registered_x01,zdt1_interval,cw,0.05,1,29,False,5000,12,True,3.171789089468382,1006
m-2_overhang,a5b_domination_argument,zdt1_interval,cw,0.05,1,29,False,5000,12,True,3.1694794399924158,1006
m-2_overhang,registered_x01,zdt1_interval,cw,0.05,2,0,False,5000,12,True,0.0,3475
m-2_overhang,a5b_domination_argument,zdt1_interval,cw,0.05,2,0,False,5000,12,True,0.0,3475
m-2_overhang,registered_x01,zdt1_interval,cw,0.05,3,29,False,5000,12,True,3.310538237674815,127
m-2_overhang,a5b_domination_argument,zdt1_interval,cw,0.05,3,29,False,5000,12,True,3.310538237674815,127
m-2_overhang,registered_x01,zdt1_interval,cw,0.05,0,29,False,5000,13,True,3.3969978700080357,110
m-2_overhang,a5b_domination_argument,zdt1_interval,cw,0.05,0,29,False,5000,13,True,3.305222990985887,110
m-2_overhang,registered_x01,zdt1_interval,cw,0.05,1,29,False,5000,13,True,2.851510380088723,3878
m-2_overhang,a5b_domination_argument,zdt1_interval,cw,0.05,1,29,False,5000,13,True,2.755178443576768,3878
m-2_overhang,registered_x01,zdt1_interval,cw,0.05,2,0,False,5000,13,True,0.0,3879
m-2_overhang,a5b_domination_argument,zdt1_interval,cw,0.05,2,0,False,5000,13,True,0.0,3879
m-2_overhang,registered_x01,zdt1_interval,cw,0.05,3,29,False,5000,13,True,2.827864919121936,772
m-2_overhang,a5b_domination_argument,zdt1_interval,cw,0.05,3,29,False,5000,13,True,2.827864919121936,772
m-2_overhang,registered_x01,zdt1_interval,cw,0.05,0,29,False,5000,14,True,3.081341345101482,3550
m-2_overhang,a5b_domination_argument,zdt1_interval,cw,0.05,0,29,False,5000,14,True,2.9248507337840453,3550
m-2_overhang,registered_x01,zdt1_interval,cw,0.05,1,29,False,5000,14,True,2.7586838500052666,936
m-2_overhang,a5b_domination_argument,zdt1_interval,cw,0.05,1,29,False,5000,14,True,2.5714975581629385,936
m-2_overhang,registered_x01,zdt1_interval,cw,0.05,2,0,False,5000,14,True,0.0,1189
m-2_overhang,a5b_domination_argument,zdt1_interval,cw,0.05,2,0,False,5000,14,True,0.0,1189
m-2_overhang,registered_x01,zdt1_interval,cw,0.05,3,29,False,5000,14,True,2.983232030694651,2416
m-2_overhang,a5b_domination_argument,zdt1_interval,cw,0.05,3,29,False,5000,14,True,2.983232030694651,2416
m-2_overhang,registered_x01,zdt1_interval,cw,0.05,0,29,False,5000,15,True,3.246411769128465,1152
m-2_overhang,a5b_domination_argument,zdt1_interval,cw,0.05,0,29,False,5000,15,True,3.200961193103977,1152
m-2_overhang,registered_x01,zdt1_interval,cw,0.05,1,29,False,5000,15,True,3.4227590236392387,740
m-2_overhang,a5b_domination_argument,zdt1_interval,cw,0.05,1,29,False,5000,15,True,3.298096229152775,740
m-2_overhang,registered_x01,zdt1_interval,cw,0.05,2,0,False,5000,15,True,0.0,1598
m-2_overhang,a5b_domination_argument,zdt1_interval,cw,0.05,2,0,False,5000,15,True,0.0,1598
m-2_overhang,registered_x01,zdt1_interval,cw,0.05,3,29,False,5000,15,True,2.7054777657673226,1029
m-2_overhang,a5b_domination_argument,zdt1_interval,cw,0.05,3,29,False,5000,15,True,2.7054777657673226,1029
m-2_overhang,registered_x01,zdt1_interval,cw,0.05,0,29,False,5000,16,True,2.854024774523449,3279
m-2_overhang,a5b_domination_argument,zdt1_interval,cw,0.05,0,29,False,5000,16,True,2.844712637115484,3279
m-2_overhang,registered_x01,zdt1_interval,cw,0.05,1,29,False,5000,16,True,3.0376785057459035,416
m-2_overhang,a5b_domination_argument,zdt1_interval,cw,0.05,1,29,False,5000,16,True,2.932605583864436,416
m-2_overhang,registered_x01,zdt1_interval,cw,0.05,2,0,False,5000,16,True,0.0,6
m-2_overhang,a5b_domination_argument,zdt1_interval,cw,0.05,2,0,False,5000,16,True,0.0,6
m-2_overhang,registered_x01,zdt1_interval,cw,0.05,3,29,False,5000,16,True,3.3004177780309,3633
m-2_overhang,a5b_domination_argument,zdt1_interval,cw,0.05,3,29,False,5000,16,True,3.3004177780309,3633
m-2_overhang,registered_x01,zdt1_interval,cw,0.05,0,29,False,5000,17,True,3.396408084355473,2862
m-2_overhang,a5b_domination_argument,zdt1_interval,cw,0.05,0,29,False,5000,17,True,3.363676973739116,2862
m-2_overhang,registered_x01,zdt1_interval,cw,0.05,1,29,False,5000,17,True,2.552068072201283,615
m-2_overhang,a5b_domination_argument,zdt1_interval,cw,0.05,1,29,False,5000,17,True,2.4779193209829997,615
m-2_overhang,registered_x01,zdt1_interval,cw,0.05,2,0,False,5000,17,True,0.0,90
m-2_overhang,a5b_domination_argument,zdt1_interval,cw,0.05,2,0,False,5000,17,True,0.0,90
m-2_overhang,registered_x01,zdt1_interval,cw,0.05,3,29,False,5000,17,True,2.5813003162571664,3699
m-2_overhang,a5b_domination_argument,zdt1_interval,cw,0.05,3,29,False,5000,17,True,2.5813003162571664,3699
m-2_overhang,registered_x01,zdt1_interval,cw,0.05,0,29,False,5000,18,True,2.8123117656989836,2146
m-2_overhang,a5b_domination_argument,zdt1_interval,cw,0.05,0,29,False,5000,18,True,2.7584563570519247,2146
m-2_overhang,registered_x01,zdt1_interval,cw,0.05,1,29,False,5000,18,True,2.8416199150919508,3902
m-2_overhang,a5b_domination_argument,zdt1_interval,cw,0.05,1,29,False,5000,18,True,2.836879425511906,3902
m-2_overhang,registered_x01,zdt1_interval,cw,0.05,2,0,False,5000,18,True,0.0,2221
m-2_overhang,a5b_domination_argument,zdt1_interval,cw,0.05,2,0,False,5000,18,True,0.0,2221
m-2_overhang,registered_x01,zdt1_interval,cw,0.05,3,29,False,5000,18,True,2.878862006683207,137
m-2_overhang,a5b_domination_argument,zdt1_interval,cw,0.05,3,29,False,5000,18,True,2.878862006683207,137
m-2_overhang,registered_x01,zdt1_interval,cw,0.05,0,29,False,5000,19,True,3.0270651163824978,2777
m-2_overhang,a5b_domination_argument,zdt1_interval,cw,0.05,0,29,False,5000,19,True,3.006921571584808,2777
m-2_overhang,registered_x01,zdt1_interval,cw,0.05,1,29,False,5000,19,True,2.5876316583100887,3845
m-2_overhang,a5b_domination_argument,zdt1_interval,cw,0.05,1,29,False,5000,19,True,2.5706186892388914,3845
m-2_overhang,registered_x01,zdt1_interval,cw,0.05,2,0,False,5000,19,True,0.0,1960
m-2_overhang,a5b_domination_argument,zdt1_interval,cw,0.05,2,0,False,5000,19,True,0.0,1960
m-2_overhang,registered_x01,zdt1_interval,cw,0.05,3,29,False,5000,19,True,3.0999754638247845,87
m-2_overhang,a5b_domination_argument,zdt1_interval,cw,0.05,3,29,False,5000,19,True,3.0999754638247845,87
m-2_overhang,registered_x01,zdt1_interval,cw,0.05,0,29,False,5000,20,True,3.2966010793470653,786
m-2_overhang,a5b_domination_argument,zdt1_interval,cw,0.05,0,29,False,5000,20,True,3.1885162807617644,786
m-2_overhang,registered_x01,zdt1_interval,cw,0.05,1,29,False,5000,20,True,2.864908841237005,1441
m-2_overhang,a5b_domination_argument,zdt1_interval,cw,0.05,1,29,False,5000,20,True,2.8589058549611943,1441
m-2_overhang,registered_x01,zdt1_interval,cw,0.05,2,0,False,5000,20,True,0.0,1078
m-2_overhang,a5b_domination_argument,zdt1_interval,cw,0.05,2,0,False,5000,20,True,0.0,1078
m-2_overhang,registered_x01,zdt1_interval,cw,0.05,3,29,False,5000,20,True,2.96100716712163,2578
m-2_overhang,a5b_domination_argument,zdt1_interval,cw,0.05,3,29,False,5000,20,True,2.96100716712163,2578
m-2_overhang,registered_x01,zdt1_interval,cw,0.05,0,29,False,5000,21,True,2.9294719983545168,653
m-2_overhang,a5b_domination_argument,zdt1_interval,cw,0.05,0,29,False,5000,21,True,2.8474171110030184,653
m-2_overhang,registered_x01,zdt1_interval,cw,0.05,1,29,False,5000,21,True,2.7180036818456252,4031
m-2_overhang,a5b_domination_argument,zdt1_interval,cw,0.05,1,29,False,5000,21,True,2.7178399952622954,4031
m-2_overhang,registered_x01,zdt1_interval,cw,0.05,2,0,False,5000,21,True,0.0,4215
m-2_overhang,a5b_domination_argument,zdt1_interval,cw,0.05,2,0,False,5000,21,True,0.0,4215
m-2_overhang,registered_x01,zdt1_interval,cw,0.05,3,29,False,5000,21,True,2.9458260587399185,1353
m-2_overhang,a5b_domination_argument,zdt1_interval,cw,0.05,3,29,False,5000,21,True,2.9458260587399185,1353
m-2_overhang,registered_x01,zdt1_interval,cw,0.05,0,29,False,5000,22,True,2.6930155303457353,4068
m-2_overhang,a5b_domination_argument,zdt1_interval,cw,0.05,0,29,False,5000,22,True,2.6451319714066557,4068
m-2_overhang,registered_x01,zdt1_interval,cw,0.05,1,29,False,5000,22,True,3.0336271840788385,253
m-2_overhang,a5b_domination_argument,zdt1_interval,cw,0.05,1,29,False,5000,22,True,2.904116478230803,253
m-2_overhang,registered_x01,zdt1_interval,cw,0.05,2,0,False,5000,22,True,0.0,160
m-2_overhang,a5b_domination_argument,zdt1_interval,cw,0.05,2,0,False,5000,22,True,0.0,160
m-2_overhang,registered_x01,zdt1_interval,cw,0.05,3,29,False,5000,22,True,2.9126700284634093,4631
m-2_overhang,a5b_domination_argument,zdt1_interval,cw,0.05,3,29,False,5000,22,True,2.9126700284634093,4631
m-2_overhang,registered_x01,zdt1_interval,cw,0.05,0,29,False,5000,23,True,2.7694960956437784,1252
m-2_overhang,a5b_domination_argument,zdt1_interval,cw,0.05,0,29,False,5000,23,True,2.735505511919363,1252
m-2_overhang,registered_x01,zdt1_interval,cw,0.05,1,29,False,5000,23,True,3.0970654676374085,960
m-2_overhang,a5b_domination_argument,zdt1_interval,cw,0.05,1,29,False,5000,23,True,2.9943761222554706,960
m-2_overhang,registered_x01,zdt1_interval,cw,0.05,2,0,False,5000,23,True,0.0,3268
m-2_overhang,a5b_domination_argument,zdt1_interval,cw,0.05,2,0,False,5000,23,True,0.0,3268
m-2_overhang,registered_x01,zdt1_interval,cw,0.05,3,29,False,5000,23,True,2.5593598226960577,1406
m-2_overhang,a5b_domination_argument,zdt1_interval,cw,0.05,3,29,False,5000,23,True,2.5593598226960577,1406
m-2_overhang,registered_x01,zdt1_interval,cw,0.05,0,29,False,5000,24,True,2.887209476806517,3172
m-2_overhang,a5b_domination_argument,zdt1_interval,cw,0.05,0,29,False,5000,24,True,2.883452147676854,3172
m-2_overhang,registered_x01,zdt1_interval,cw,0.05,1,29,False,5000,24,True,3.363490619671456,3748
m-2_overhang,a5b_domination_argument,zdt1_interval,cw,0.05,1,29,False,5000,24,True,3.312865969186214,3748
m-2_overhang,registered_x01,zdt1_interval,cw,0.05,2,0,False,5000,24,True,0.0,2786
m-2_overhang,a5b_domination_argument,zdt1_interval,cw,0.05,2,0,False,5000,24,True,0.0,2786
m-2_overhang,registered_x01,zdt1_interval,cw,0.05,3,29,False,5000,24,True,3.089305062170862,1016
m-2_overhang,a5b_domination_argument,zdt1_interval,cw,0.05,3,29,False,5000,24,True,3.089305062170862,1016
m-2_overhang,registered_x01,zdt1_interval,cw,0.05,0,29,False,5000,25,True,3.188911076196734,3294
m-2_overhang,a5b_domination_argument,zdt1_interval,cw,0.05,0,29,False,5000,25,True,3.1428647564104977,3294
m-2_overhang,registered_x01,zdt1_interval,cw,0.05,1,29,False,5000,25,True,3.052709211195147,634
m-2_overhang,a5b_domination_argument,zdt1_interval,cw,0.05,1,29,False,5000,25,True,3.052538352764063,634
m-2_overhang,registered_x01,zdt1_interval,cw,0.05,2,0,False,5000,25,True,0.0,2002
m-2_overhang,a5b_domination_argument,zdt1_interval,cw,0.05,2,0,False,5000,25,True,0.0,2002
m-2_overhang,registered_x01,zdt1_interval,cw,0.05,3,29,False,5000,25,True,3.2242956890507473,2788
m-2_overhang,a5b_domination_argument,zdt1_interval,cw,0.05,3,29,False,5000,25,True,3.2242956890507473,2788
m-2_overhang,registered_x01,zdt1_interval,cw,0.05,0,29,False,5000,26,True,3.098317379488493,4222
m-2_overhang,a5b_domination_argument,zdt1_interval,cw,0.05,0,29,False,5000,26,True,3.0808573978610707,4222
m-2_overhang,registered_x01,zdt1_interval,cw,0.05,1,29,False,5000,26,True,3.109198751898485,2642
m-2_overhang,a5b_domination_argument,zdt1_interval,cw,0.05,1,29,False,5000,26,True,3.1068830649617785,2642
m-2_overhang,registered_x01,zdt1_interval,cw,0.05,2,0,False,5000,26,True,0.0,96
m-2_overhang,a5b_domination_argument,zdt1_interval,cw,0.05,2,0,False,5000,26,True,0.0,96
m-2_overhang,registered_x01,zdt1_interval,cw,0.05,3,29,False,5000,26,True,3.12695762547891,2975
m-2_overhang,a5b_domination_argument,zdt1_interval,cw,0.05,3,29,False,5000,26,True,3.12695762547891,2975
m-2_overhang,registered_x01,zdt1_interval,cw,0.05,0,29,False,5000,27,True,3.2073845142980373,3291
m-2_overhang,a5b_domination_argument,zdt1_interval,cw,0.05,0,29,False,5000,27,True,3.1975068406909,3291
m-2_overhang,registered_x01,zdt1_interval,cw,0.05,1,29,False,5000,27,True,3.0708710402819617,396
m-2_overhang,a5b_domination_argument,zdt1_interval,cw,0.05,1,29,False,5000,27,True,3.0280597662549873,396
m-2_overhang,registered_x01,zdt1_interval,cw,0.05,2,0,False,5000,27,True,0.0,1125
m-2_overhang,a5b_domination_argument,zdt1_interval,cw,0.05,2,0,False,5000,27,True,0.0,1125
m-2_overhang,registered_x01,zdt1_interval,cw,0.05,3,29,False,5000,27,True,2.696371244289874,2334
m-2_overhang,a5b_domination_argument,zdt1_interval,cw,0.05,3,29,False,5000,27,True,2.696371244289874,2334
m-2_overhang,registered_x01,zdt1_interval,cw,0.05,0,29,False,5000,28,True,3.091641798943974,3192
m-2_overhang,a5b_domination_argument,zdt1_interval,cw,0.05,0,29,False,5000,28,True,3.04212308497159,3192
m-2_overhang,registered_x01,zdt1_interval,cw,0.05,1,29,False,5000,28,True,3.1042329727424534,2088
m-2_overhang,a5b_domination_argument,zdt1_interval,cw,0.05,1,29,False,5000,28,True,3.072028114988059,2088
m-2_overhang,registered_x01,zdt1_interval,cw,0.05,2,0,False,5000,28,True,0.0,3182
m-2_overhang,a5b_domination_argument,zdt1_interval,cw,0.05,2,0,False,5000,28,True,0.0,3182
m-2_overhang,registered_x01,zdt1_interval,cw,0.05,3,29,False,5000,28,True,2.895253894291507,4876
m-2_overhang,a5b_domination_argument,zdt1_interval,cw,0.05,3,29,False,5000,28,True,2.895253894291507,4876
m-2_overhang,registered_x01,zdt1_interval,cw,0.05,0,29,False,5000,29,True,3.1759467550190266,1593
m-2_overhang,a5b_domination_argument,zdt1_interval,cw,0.05,0,29,False,5000,29,True,3.114195108939494,1593
m-2_overhang,registered_x01,zdt1_interval,cw,0.05,1,29,False,5000,29,True,3.4391747667030153,2948
m-2_overhang,a5b_domination_argument,zdt1_interval,cw,0.05,1,29,False,5000,29,True,3.349284766144753,2948
m-2_overhang,registered_x01,zdt1_interval,cw,0.05,2,0,False,5000,29,True,0.0,2835
m-2_overhang,a5b_domination_argument,zdt1_interval,cw,0.05,2,0,False,5000,29,True,0.0,2835
m-2_overhang,registered_x01,zdt1_interval,cw,0.05,3,29,False,5000,29,True,3.15547403252111,3395
m-2_overhang,a5b_domination_argument,zdt1_interval,cw,0.05,3,29,False,5000,29,True,3.15547403252111,3395
m-2_overhang,registered_x01,zdt1_interval,cw,0.05,0,29,False,5000,30,True,3.0377499582996745,2445
m-2_overhang,a5b_domination_argument,zdt1_interval,cw,0.05,0,29,False,5000,30,True,2.9512904984683472,2445
m-2_overhang,registered_x01,zdt1_interval,cw,0.05,1,29,False,5000,30,True,2.9182994893360363,2222
m-2_overhang,a5b_domination_argument,zdt1_interval,cw,0.05,1,29,False,5000,30,True,2.860604277665831,2222
m-2_overhang,registered_x01,zdt1_interval,cw,0.05,2,0,False,5000,30,True,0.0,1663
m-2_overhang,a5b_domination_argument,zdt1_interval,cw,0.05,2,0,False,5000,30,True,0.0,1663
m-2_overhang,registered_x01,zdt1_interval,cw,0.05,3,29,False,5000,30,True,3.1994399861588954,4706
m-2_overhang,a5b_domination_argument,zdt1_interval,cw,0.05,3,29,False,5000,30,True,3.1994399861588954,4706
m-2_overhang,registered_x01,zdt1_interval,lu,0.1,0,28,False,5000,11,True,2.9621986334435753,1519
m-2_overhang,a5b_domination_argument,zdt1_interval,lu,0.1,0,28,False,5000,11,True,2.868794930629019,1519
m-2_overhang,registered_x01,zdt1_interval,lu,0.1,1,28,False,5000,11,True,2.7973267314713635,283
m-2_overhang,a5b_domination_argument,zdt1_interval,lu,0.1,1,28,False,5000,11,True,2.6920523668105236,283
m-2_overhang,registered_x01,zdt1_interval,lu,0.1,2,0,False,5000,11,True,0.0,20
m-2_overhang,a5b_domination_argument,zdt1_interval,lu,0.1,2,0,False,5000,11,True,0.0,20
m-2_overhang,registered_x01,zdt1_interval,lu,0.1,3,0,False,5000,11,True,0.0,20
m-2_overhang,a5b_domination_argument,zdt1_interval,lu,0.1,3,0,False,5000,11,True,0.0,20
m-2_overhang,registered_x01,zdt1_interval,lu,0.1,0,28,False,5000,12,True,2.8102414655135597,4817
m-2_overhang,a5b_domination_argument,zdt1_interval,lu,0.1,0,28,False,5000,12,True,2.8101425843458863,4817
m-2_overhang,registered_x01,zdt1_interval,lu,0.1,1,28,False,5000,12,True,2.8227453461388814,4984
m-2_overhang,a5b_domination_argument,zdt1_interval,lu,0.1,1,28,False,5000,12,True,2.6783462925095787,4984
m-2_overhang,registered_x01,zdt1_interval,lu,0.1,2,0,False,5000,12,True,0.0,3475
m-2_overhang,a5b_domination_argument,zdt1_interval,lu,0.1,2,0,False,5000,12,True,0.0,3475
m-2_overhang,registered_x01,zdt1_interval,lu,0.1,3,0,False,5000,12,True,0.0,3475
m-2_overhang,a5b_domination_argument,zdt1_interval,lu,0.1,3,0,False,5000,12,True,0.0,3475
m-2_overhang,registered_x01,zdt1_interval,lu,0.1,0,28,False,5000,13,True,3.3969978700080357,110
m-2_overhang,a5b_domination_argument,zdt1_interval,lu,0.1,0,28,False,5000,13,True,3.305222990985887,110
m-2_overhang,registered_x01,zdt1_interval,lu,0.1,1,28,False,5000,13,True,2.848831446686365,3366
m-2_overhang,a5b_domination_argument,zdt1_interval,lu,0.1,1,28,False,5000,13,True,2.8431351751428053,3366
m-2_overhang,registered_x01,zdt1_interval,lu,0.1,2,0,False,5000,13,True,0.0,3879
m-2_overhang,a5b_domination_argument,zdt1_interval,lu,0.1,2,0,False,5000,13,True,0.0,3879
m-2_overhang,registered_x01,zdt1_interval,lu,0.1,3,0,False,5000,13,True,0.0,3879
m-2_overhang,a5b_domination_argument,zdt1_interval,lu,0.1,3,0,False,5000,13,True,0.0,3879
m-2_overhang,registered_x01,zdt1_interval,lu,0.1,0,28,False,5000,14,True,3.183716140870294,995
m-2_overhang,a5b_domination_argument,zdt1_interval,lu,0.1,0,28,False,5000,14,True,3.1650361235793114,995
m-2_overhang,registered_x01,zdt1_interval,lu,0.1,1,28,False,5000,14,True,3.081341345101482,3550
m-2_overhang,a5b_domination_argument,zdt1_interval,lu,0.1,1,28,False,5000,14,True,2.9248507337840453,3550
m-2_overhang,registered_x01,zdt1_interval,lu,0.1,2,0,False,5000,14,True,0.0,1189
m-2_overhang,a5b_domination_argument,zdt1_interval,lu,0.1,2,0,False,5000,14,True,0.0,1189
m-2_overhang,registered_x01,zdt1_interval,lu,0.1,3,0,False,5000,14,True,0.0,1189
m-2_overhang,a5b_domination_argument,zdt1_interval,lu,0.1,3,0,False,5000,14,True,0.0,1189
m-2_overhang,registered_x01,zdt1_interval,lu,0.1,0,28,False,5000,15,True,3.0128350914806794,3389
m-2_overhang,a5b_domination_argument,zdt1_interval,lu,0.1,0,28,False,5000,15,True,3.0126300882512935,3389
m-2_overhang,registered_x01,zdt1_interval,lu,0.1,1,28,False,5000,15,True,3.281798634076877,326
m-2_overhang,a5b_domination_argument,zdt1_interval,lu,0.1,1,28,False,5000,15,True,3.1886128965436322,326
m-2_overhang,registered_x01,zdt1_interval,lu,0.1,2,0,False,5000,15,True,0.0,1598
m-2_overhang,a5b_domination_argument,zdt1_interval,lu,0.1,2,0,False,5000,15,True,0.0,1598
m-2_overhang,registered_x01,zdt1_interval,lu,0.1,3,0,False,5000,15,True,0.0,4997
m-2_overhang,a5b_domination_argument,zdt1_interval,lu,0.1,3,0,False,5000,15,True,0.0,4997
m-2_overhang,registered_x01,zdt1_interval,lu,0.1,0,28,False,5000,16,True,3.3906258223763928,2096
m-2_overhang,a5b_domination_argument,zdt1_interval,lu,0.1,0,28,False,5000,16,True,3.3214353029937156,2096
m-2_overhang,registered_x01,zdt1_interval,lu,0.1,1,28,False,5000,16,True,3.394118330423916,2119
m-2_overhang,a5b_domination_argument,zdt1_interval,lu,0.1,1,28,False,5000,16,True,3.393846085185174,2119
m-2_overhang,registered_x01,zdt1_interval,lu,0.1,2,0,False,5000,16,True,0.0,6
m-2_overhang,a5b_domination_argument,zdt1_interval,lu,0.1,2,0,False,5000,16,True,0.0,6
m-2_overhang,registered_x01,zdt1_interval,lu,0.1,3,0,False,5000,16,True,0.0,6
m-2_overhang,a5b_domination_argument,zdt1_interval,lu,0.1,3,0,False,5000,16,True,0.0,6
m-2_overhang,registered_x01,zdt1_interval,lu,0.1,0,28,False,5000,17,True,2.753632091129573,2846
m-2_overhang,a5b_domination_argument,zdt1_interval,lu,0.1,0,28,False,5000,17,True,2.6321101021911626,2846
m-2_overhang,registered_x01,zdt1_interval,lu,0.1,1,28,False,5000,17,True,2.545064502025791,3117
m-2_overhang,a5b_domination_argument,zdt1_interval,lu,0.1,1,28,False,5000,17,True,2.475131924257458,3117
m-2_overhang,registered_x01,zdt1_interval,lu,0.1,2,0,False,5000,17,True,0.0,90
m-2_overhang,a5b_domination_argument,zdt1_interval,lu,0.1,2,0,False,5000,17,True,0.0,90
m-2_overhang,registered_x01,zdt1_interval,lu,0.1,3,0,False,5000,17,True,0.0,90
m-2_overhang,a5b_domination_argument,zdt1_interval,lu,0.1,3,0,False,5000,17,True,0.0,90
m-2_overhang,registered_x01,zdt1_interval,lu,0.1,0,28,False,5000,18,True,2.7804643811099417,2815
m-2_overhang,a5b_domination_argument,zdt1_interval,lu,0.1,0,28,False,5000,18,True,2.777314341984138,2815
m-2_overhang,registered_x01,zdt1_interval,lu,0.1,1,28,False,5000,18,True,3.016967459594959,3097
m-2_overhang,a5b_domination_argument,zdt1_interval,lu,0.1,1,28,False,5000,18,True,2.9463804079942997,3097
m-2_overhang,registered_x01,zdt1_interval,lu,0.1,2,0,False,5000,18,True,0.0,2221
m-2_overhang,a5b_domination_argument,zdt1_interval,lu,0.1,2,0,False,5000,18,True,0.0,2221
m-2_overhang,registered_x01,zdt1_interval,lu,0.1,3,0,False,5000,18,True,0.0,2221
m-2_overhang,a5b_domination_argument,zdt1_interval,lu,0.1,3,0,False,5000,18,True,0.0,2221
m-2_overhang,registered_x01,zdt1_interval,lu,0.1,0,28,False,5000,19,True,3.201107916103373,4003
m-2_overhang,a5b_domination_argument,zdt1_interval,lu,0.1,0,28,False,5000,19,True,3.1912650146508943,4003
m-2_overhang,registered_x01,zdt1_interval,lu,0.1,1,28,False,5000,19,True,3.3865639495584374,3799
m-2_overhang,a5b_domination_argument,zdt1_interval,lu,0.1,1,28,False,5000,19,True,3.241983774186555,3799
m-2_overhang,registered_x01,zdt1_interval,lu,0.1,2,0,False,5000,19,True,0.0,1960
m-2_overhang,a5b_domination_argument,zdt1_interval,lu,0.1,2,0,False,5000,19,True,0.0,1960
m-2_overhang,registered_x01,zdt1_interval,lu,0.1,3,0,False,5000,19,True,0.0,1960
m-2_overhang,a5b_domination_argument,zdt1_interval,lu,0.1,3,0,False,5000,19,True,0.0,1960
m-2_overhang,registered_x01,zdt1_interval,lu,0.1,0,28,False,5000,20,True,2.862841107253359,432
m-2_overhang,a5b_domination_argument,zdt1_interval,lu,0.1,0,28,False,5000,20,True,2.8559100633553047,432
m-2_overhang,registered_x01,zdt1_interval,lu,0.1,1,28,False,5000,20,True,3.2903455601680878,201
m-2_overhang,a5b_domination_argument,zdt1_interval,lu,0.1,1,28,False,5000,20,True,3.1768139153909294,201
m-2_overhang,registered_x01,zdt1_interval,lu,0.1,2,0,False,5000,20,True,0.0,1078
m-2_overhang,a5b_domination_argument,zdt1_interval,lu,0.1,2,0,False,5000,20,True,0.0,1078
m-2_overhang,registered_x01,zdt1_interval,lu,0.1,3,0,False,5000,20,True,0.0,1078
m-2_overhang,a5b_domination_argument,zdt1_interval,lu,0.1,3,0,False,5000,20,True,0.0,1078
m-2_overhang,registered_x01,zdt1_interval,lu,0.1,0,28,False,5000,21,True,3.2821521196367534,3214
m-2_overhang,a5b_domination_argument,zdt1_interval,lu,0.1,0,28,False,5000,21,True,3.1669175602182436,3214
m-2_overhang,registered_x01,zdt1_interval,lu,0.1,1,28,False,5000,21,True,2.670226506056193,98
m-2_overhang,a5b_domination_argument,zdt1_interval,lu,0.1,1,28,False,5000,21,True,2.6699844977151828,98
m-2_overhang,registered_x01,zdt1_interval,lu,0.1,2,0,False,5000,21,True,0.0,4215
m-2_overhang,a5b_domination_argument,zdt1_interval,lu,0.1,2,0,False,5000,21,True,0.0,4215
m-2_overhang,registered_x01,zdt1_interval,lu,0.1,3,0,False,5000,21,True,0.0,2435
m-2_overhang,a5b_domination_argument,zdt1_interval,lu,0.1,3,0,False,5000,21,True,0.0,2435
m-2_overhang,registered_x01,zdt1_interval,lu,0.1,0,28,False,5000,22,True,2.9526417814694197,1892
m-2_overhang,a5b_domination_argument,zdt1_interval,lu,0.1,0,28,False,5000,22,True,2.9525088864981335,1892
m-2_overhang,registered_x01,zdt1_interval,lu,0.1,1,28,False,5000,22,True,2.6930155303457353,4068
m-2_overhang,a5b_domination_argument,zdt1_interval,lu,0.1,1,28,False,5000,22,True,2.6451319714066557,4068
m-2_overhang,registered_x01,zdt1_interval,lu,0.1,2,0,False,5000,22,True,0.0,160
m-2_overhang,a5b_domination_argument,zdt1_interval,lu,0.1,2,0,False,5000,22,True,0.0,160
m-2_overhang,registered_x01,zdt1_interval,lu,0.1,3,0,False,5000,22,True,0.0,160
m-2_overhang,a5b_domination_argument,zdt1_interval,lu,0.1,3,0,False,5000,22,True,0.0,160
m-2_overhang,registered_x01,zdt1_interval,lu,0.1,0,28,False,5000,23,True,2.7694960956437784,1252
m-2_overhang,a5b_domination_argument,zdt1_interval,lu,0.1,0,28,False,5000,23,True,2.735505511919363,1252
m-2_overhang,registered_x01,zdt1_interval,lu,0.1,1,28,False,5000,23,True,3.1870836989456737,2485
m-2_overhang,a5b_domination_argument,zdt1_interval,lu,0.1,1,28,False,5000,23,True,3.1647222184004917,2485
m-2_overhang,registered_x01,zdt1_interval,lu,0.1,2,0,False,5000,23,True,0.0,3268
m-2_overhang,a5b_domination_argument,zdt1_interval,lu,0.1,2,0,False,5000,23,True,0.0,3268
m-2_overhang,registered_x01,zdt1_interval,lu,0.1,3,0,False,5000,23,True,0.0,3268
m-2_overhang,a5b_domination_argument,zdt1_interval,lu,0.1,3,0,False,5000,23,True,0.0,3268
m-2_overhang,registered_x01,zdt1_interval,lu,0.1,0,28,False,5000,24,True,3.4248522115602853,381
m-2_overhang,a5b_domination_argument,zdt1_interval,lu,0.1,0,28,False,5000,24,True,3.40191889928951,381
m-2_overhang,registered_x01,zdt1_interval,lu,0.1,1,28,False,5000,24,True,2.8240750483884214,3500
m-2_overhang,a5b_domination_argument,zdt1_interval,lu,0.1,1,28,False,5000,24,True,2.8036598725504627,3500
m-2_overhang,registered_x01,zdt1_interval,lu,0.1,2,0,False,5000,24,True,0.0,2786
m-2_overhang,a5b_domination_argument,zdt1_interval,lu,0.1,2,0,False,5000,24,True,0.0,2786
m-2_overhang,registered_x01,zdt1_interval,lu,0.1,3,0,False,5000,24,True,0.0,2786
m-2_overhang,a5b_domination_argument,zdt1_interval,lu,0.1,3,0,False,5000,24,True,0.0,2786
m-2_overhang,registered_x01,zdt1_interval,lu,0.1,0,28,False,5000,25,True,2.91316359597524,2863
m-2_overhang,a5b_domination_argument,zdt1_interval,lu,0.1,0,28,False,5000,25,True,2.7931961446907208,2863
m-2_overhang,registered_x01,zdt1_interval,lu,0.1,1,28,False,5000,25,True,2.692300491752809,3216
m-2_overhang,a5b_domination_argument,zdt1_interval,lu,0.1,1,28,False,5000,25,True,2.6094609887791735,3216
m-2_overhang,registered_x01,zdt1_interval,lu,0.1,2,0,False,5000,25,True,0.0,2002
m-2_overhang,a5b_domination_argument,zdt1_interval,lu,0.1,2,0,False,5000,25,True,0.0,2002
m-2_overhang,registered_x01,zdt1_interval,lu,0.1,3,0,False,5000,25,True,0.0,2002
m-2_overhang,a5b_domination_argument,zdt1_interval,lu,0.1,3,0,False,5000,25,True,0.0,2002
m-2_overhang,registered_x01,zdt1_interval,lu,0.1,0,28,False,5000,26,True,3.1806034302701893,3746
m-2_overhang,a5b_domination_argument,zdt1_interval,lu,0.1,0,28,False,5000,26,True,3.178052174109996,3746
m-2_overhang,registered_x01,zdt1_interval,lu,0.1,1,28,False,5000,26,True,3.4887225041268164,2248
m-2_overhang,a5b_domination_argument,zdt1_interval,lu,0.1,1,28,False,5000,26,True,3.4195441566810962,2248
m-2_overhang,registered_x01,zdt1_interval,lu,0.1,2,0,False,5000,26,True,0.0,96
m-2_overhang,a5b_domination_argument,zdt1_interval,lu,0.1,2,0,False,5000,26,True,0.0,96
m-2_overhang,registered_x01,zdt1_interval,lu,0.1,3,0,False,5000,26,True,0.0,96
m-2_overhang,a5b_domination_argument,zdt1_interval,lu,0.1,3,0,False,5000,26,True,0.0,96
m-2_overhang,registered_x01,zdt1_interval,lu,0.1,0,28,False,5000,27,True,3.104644206264423,1873
m-2_overhang,a5b_domination_argument,zdt1_interval,lu,0.1,0,28,False,5000,27,True,3.0014836215466456,1873
m-2_overhang,registered_x01,zdt1_interval,lu,0.1,1,28,False,5000,27,True,3.2073845142980373,3291
m-2_overhang,a5b_domination_argument,zdt1_interval,lu,0.1,1,28,False,5000,27,True,3.1975068406909,3291
m-2_overhang,registered_x01,zdt1_interval,lu,0.1,2,0,False,5000,27,True,0.0,1125
m-2_overhang,a5b_domination_argument,zdt1_interval,lu,0.1,2,0,False,5000,27,True,0.0,1125
m-2_overhang,registered_x01,zdt1_interval,lu,0.1,3,0,False,5000,27,True,0.0,1125
m-2_overhang,a5b_domination_argument,zdt1_interval,lu,0.1,3,0,False,5000,27,True,0.0,1125
m-2_overhang,registered_x01,zdt1_interval,lu,0.1,0,28,False,5000,28,True,3.129253839410145,4023
m-2_overhang,a5b_domination_argument,zdt1_interval,lu,0.1,0,28,False,5000,28,True,3.0901927581839135,4023
m-2_overhang,registered_x01,zdt1_interval,lu,0.1,1,28,False,5000,28,True,2.947925642896735,3571
m-2_overhang,a5b_domination_argument,zdt1_interval,lu,0.1,1,28,False,5000,28,True,2.943226452582078,3571
m-2_overhang,registered_x01,zdt1_interval,lu,0.1,2,0,False,5000,28,True,0.0,3182
m-2_overhang,a5b_domination_argument,zdt1_interval,lu,0.1,2,0,False,5000,28,True,0.0,3182
m-2_overhang,registered_x01,zdt1_interval,lu,0.1,3,0,False,5000,28,True,0.0,3182
m-2_overhang,a5b_domination_argument,zdt1_interval,lu,0.1,3,0,False,5000,28,True,0.0,3182
m-2_overhang,registered_x01,zdt1_interval,lu,0.1,0,28,False,5000,29,True,2.8190026263045675,4998
m-2_overhang,a5b_domination_argument,zdt1_interval,lu,0.1,0,28,False,5000,29,True,2.760186793275044,4998
m-2_overhang,registered_x01,zdt1_interval,lu,0.1,1,28,False,5000,29,True,3.0491422549308878,1121
m-2_overhang,a5b_domination_argument,zdt1_interval,lu,0.1,1,28,False,5000,29,True,2.921054776399778,1121
m-2_overhang,registered_x01,zdt1_interval,lu,0.1,2,0,False,5000,29,True,0.0,2835
m-2_overhang,a5b_domination_argument,zdt1_interval,lu,0.1,2,0,False,5000,29,True,0.0,2835
m-2_overhang,registered_x01,zdt1_interval,lu,0.1,3,0,False,5000,29,True,0.0,3660
m-2_overhang,a5b_domination_argument,zdt1_interval,lu,0.1,3,0,False,5000,29,True,0.0,3660
m-2_overhang,registered_x01,zdt1_interval,lu,0.1,0,28,False,5000,30,True,3.087805641796691,4125
m-2_overhang,a5b_domination_argument,zdt1_interval,lu,0.1,0,28,False,5000,30,True,3.0262602437751434,4125
m-2_overhang,registered_x01,zdt1_interval,lu,0.1,1,28,False,5000,30,True,3.0377499582996745,2445
m-2_overhang,a5b_domination_argument,zdt1_interval,lu,0.1,1,28,False,5000,30,True,2.9512904984683472,2445
m-2_overhang,registered_x01,zdt1_interval,lu,0.1,2,0,False,5000,30,True,0.0,1663
m-2_overhang,a5b_domination_argument,zdt1_interval,lu,0.1,2,0,False,5000,30,True,0.0,1663
m-2_overhang,registered_x01,zdt1_interval,lu,0.1,3,0,False,5000,30,True,0.0,1663
m-2_overhang,a5b_domination_argument,zdt1_interval,lu,0.1,3,0,False,5000,30,True,0.0,1663
m-2_overhang,registered_x01,zdt1_interval,ls,0.1,0,28,False,5000,11,True,2.9621986334435753,1519
m-2_overhang,a5b_domination_argument,zdt1_interval,ls,0.1,0,28,False,5000,11,True,2.868794930629019,1519
m-2_overhang,registered_x01,zdt1_interval,ls,0.1,1,29,False,5000,11,True,3.1043524082282867,2731
m-2_overhang,a5b_domination_argument,zdt1_interval,ls,0.1,1,29,False,5000,11,True,3.037047860186196,2731
m-2_overhang,registered_x01,zdt1_interval,ls,0.1,2,0,False,5000,11,True,0.0,20
m-2_overhang,a5b_domination_argument,zdt1_interval,ls,0.1,2,0,False,5000,11,True,0.0,20
m-2_overhang,registered_x01,zdt1_interval,ls,0.1,3,29,False,5000,11,True,3.2242431884982845,3859
m-2_overhang,a5b_domination_argument,zdt1_interval,ls,0.1,3,29,False,5000,11,True,3.2242431884982845,3859
m-2_overhang,registered_x01,zdt1_interval,ls,0.1,0,28,False,5000,12,True,2.8102414655135597,4817
m-2_overhang,a5b_domination_argument,zdt1_interval,ls,0.1,0,28,False,5000,12,True,2.8101425843458863,4817
m-2_overhang,registered_x01,zdt1_interval,ls,0.1,1,29,False,5000,12,True,3.171789089468382,1006
m-2_overhang,a5b_domination_argument,zdt1_interval,ls,0.1,1,29,False,5000,12,True,3.1694794399924158,1006
m-2_overhang,registered_x01,zdt1_interval,ls,0.1,2,0,False,5000,12,True,0.0,3475
m-2_overhang,a5b_domination_argument,zdt1_interval,ls,0.1,2,0,False,5000,12,True,0.0,3475
m-2_overhang,registered_x01,zdt1_interval,ls,0.1,3,29,False,5000,12,True,3.310538237674815,127
m-2_overhang,a5b_domination_argument,zdt1_interval,ls,0.1,3,29,False,5000,12,True,3.310538237674815,127
m-2_overhang,registered_x01,zdt1_interval,ls,0.1,0,28,False,5000,13,True,3.3969978700080357,110
m-2_overhang,a5b_domination_argument,zdt1_interval,ls,0.1,0,28,False,5000,13,True,3.305222990985887,110
m-2_overhang,registered_x01,zdt1_interval,ls,0.1,1,29,False,5000,13,True,2.851510380088723,3878
m-2_overhang,a5b_domination_argument,zdt1_interval,ls,0.1,1,29,False,5000,13,True,2.755178443576768,3878
m-2_overhang,registered_x01,zdt1_interval,ls,0.1,2,0,False,5000,13,True,0.0,3879
m-2_overhang,a5b_domination_argument,zdt1_interval,ls,0.1,2,0,False,5000,13,True,0.0,3879
m-2_overhang,registered_x01,zdt1_interval,ls,0.1,3,29,False,5000,13,True,2.827864919121936,772
m-2_overhang,a5b_domination_argument,zdt1_interval,ls,0.1,3,29,False,5000,13,True,2.827864919121936,772
m-2_overhang,registered_x01,zdt1_interval,ls,0.1,0,28,False,5000,14,True,3.183716140870294,995
m-2_overhang,a5b_domination_argument,zdt1_interval,ls,0.1,0,28,False,5000,14,True,3.1650361235793114,995
m-2_overhang,registered_x01,zdt1_interval,ls,0.1,1,29,False,5000,14,True,2.7586838500052666,936
m-2_overhang,a5b_domination_argument,zdt1_interval,ls,0.1,1,29,False,5000,14,True,2.5714975581629385,936
m-2_overhang,registered_x01,zdt1_interval,ls,0.1,2,0,False,5000,14,True,0.0,1189
m-2_overhang,a5b_domination_argument,zdt1_interval,ls,0.1,2,0,False,5000,14,True,0.0,1189
m-2_overhang,registered_x01,zdt1_interval,ls,0.1,3,29,False,5000,14,True,2.983232030694651,2416
m-2_overhang,a5b_domination_argument,zdt1_interval,ls,0.1,3,29,False,5000,14,True,2.983232030694651,2416
m-2_overhang,registered_x01,zdt1_interval,ls,0.1,0,28,False,5000,15,True,3.0128350914806794,3389
m-2_overhang,a5b_domination_argument,zdt1_interval,ls,0.1,0,28,False,5000,15,True,3.0126300882512935,3389
m-2_overhang,registered_x01,zdt1_interval,ls,0.1,1,29,False,5000,15,True,3.4227590236392387,740
m-2_overhang,a5b_domination_argument,zdt1_interval,ls,0.1,1,29,False,5000,15,True,3.298096229152775,740
m-2_overhang,registered_x01,zdt1_interval,ls,0.1,2,0,False,5000,15,True,0.0,1598
m-2_overhang,a5b_domination_argument,zdt1_interval,ls,0.1,2,0,False,5000,15,True,0.0,1598
m-2_overhang,registered_x01,zdt1_interval,ls,0.1,3,29,False,5000,15,True,2.7054777657673226,1029
m-2_overhang,a5b_domination_argument,zdt1_interval,ls,0.1,3,29,False,5000,15,True,2.7054777657673226,1029
m-2_overhang,registered_x01,zdt1_interval,ls,0.1,0,28,False,5000,16,True,3.3906258223763928,2096
m-2_overhang,a5b_domination_argument,zdt1_interval,ls,0.1,0,28,False,5000,16,True,3.3214353029937156,2096
m-2_overhang,registered_x01,zdt1_interval,ls,0.1,1,29,False,5000,16,True,3.0376785057459035,416
m-2_overhang,a5b_domination_argument,zdt1_interval,ls,0.1,1,29,False,5000,16,True,2.932605583864436,416
m-2_overhang,registered_x01,zdt1_interval,ls,0.1,2,0,False,5000,16,True,0.0,6
m-2_overhang,a5b_domination_argument,zdt1_interval,ls,0.1,2,0,False,5000,16,True,0.0,6
m-2_overhang,registered_x01,zdt1_interval,ls,0.1,3,29,False,5000,16,True,3.3004177780309,3633
m-2_overhang,a5b_domination_argument,zdt1_interval,ls,0.1,3,29,False,5000,16,True,3.3004177780309,3633
m-2_overhang,registered_x01,zdt1_interval,ls,0.1,0,28,False,5000,17,True,2.753632091129573,2846
m-2_overhang,a5b_domination_argument,zdt1_interval,ls,0.1,0,28,False,5000,17,True,2.6321101021911626,2846
m-2_overhang,registered_x01,zdt1_interval,ls,0.1,1,29,False,5000,17,True,2.552068072201283,615
m-2_overhang,a5b_domination_argument,zdt1_interval,ls,0.1,1,29,False,5000,17,True,2.4779193209829997,615
m-2_overhang,registered_x01,zdt1_interval,ls,0.1,2,0,False,5000,17,True,0.0,90
m-2_overhang,a5b_domination_argument,zdt1_interval,ls,0.1,2,0,False,5000,17,True,0.0,90
m-2_overhang,registered_x01,zdt1_interval,ls,0.1,3,29,False,5000,17,True,2.5813003162571664,3699
m-2_overhang,a5b_domination_argument,zdt1_interval,ls,0.1,3,29,False,5000,17,True,2.5813003162571664,3699
m-2_overhang,registered_x01,zdt1_interval,ls,0.1,0,28,False,5000,18,True,2.7804643811099417,2815
m-2_overhang,a5b_domination_argument,zdt1_interval,ls,0.1,0,28,False,5000,18,True,2.777314341984138,2815
m-2_overhang,registered_x01,zdt1_interval,ls,0.1,1,29,False,5000,18,True,2.8416199150919508,3902
m-2_overhang,a5b_domination_argument,zdt1_interval,ls,0.1,1,29,False,5000,18,True,2.836879425511906,3902
m-2_overhang,registered_x01,zdt1_interval,ls,0.1,2,0,False,5000,18,True,0.0,2221
m-2_overhang,a5b_domination_argument,zdt1_interval,ls,0.1,2,0,False,5000,18,True,0.0,2221
m-2_overhang,registered_x01,zdt1_interval,ls,0.1,3,29,False,5000,18,True,2.878862006683207,137
m-2_overhang,a5b_domination_argument,zdt1_interval,ls,0.1,3,29,False,5000,18,True,2.878862006683207,137
m-2_overhang,registered_x01,zdt1_interval,ls,0.1,0,28,False,5000,19,True,3.201107916103373,4003
m-2_overhang,a5b_domination_argument,zdt1_interval,ls,0.1,0,28,False,5000,19,True,3.1912650146508943,4003
m-2_overhang,registered_x01,zdt1_interval,ls,0.1,1,29,False,5000,19,True,2.5876316583100887,3845
m-2_overhang,a5b_domination_argument,zdt1_interval,ls,0.1,1,29,False,5000,19,True,2.5706186892388914,3845
m-2_overhang,registered_x01,zdt1_interval,ls,0.1,2,0,False,5000,19,True,0.0,1960
m-2_overhang,a5b_domination_argument,zdt1_interval,ls,0.1,2,0,False,5000,19,True,0.0,1960
m-2_overhang,registered_x01,zdt1_interval,ls,0.1,3,29,False,5000,19,True,3.0999754638247845,87
m-2_overhang,a5b_domination_argument,zdt1_interval,ls,0.1,3,29,False,5000,19,True,3.0999754638247845,87
m-2_overhang,registered_x01,zdt1_interval,ls,0.1,0,28,False,5000,20,True,2.862841107253359,432
m-2_overhang,a5b_domination_argument,zdt1_interval,ls,0.1,0,28,False,5000,20,True,2.8559100633553047,432
m-2_overhang,registered_x01,zdt1_interval,ls,0.1,1,29,False,5000,20,True,2.864908841237005,1441
m-2_overhang,a5b_domination_argument,zdt1_interval,ls,0.1,1,29,False,5000,20,True,2.8589058549611943,1441
m-2_overhang,registered_x01,zdt1_interval,ls,0.1,2,0,False,5000,20,True,0.0,1078
m-2_overhang,a5b_domination_argument,zdt1_interval,ls,0.1,2,0,False,5000,20,True,0.0,1078
m-2_overhang,registered_x01,zdt1_interval,ls,0.1,3,29,False,5000,20,True,2.96100716712163,2578
m-2_overhang,a5b_domination_argument,zdt1_interval,ls,0.1,3,29,False,5000,20,True,2.96100716712163,2578
m-2_overhang,registered_x01,zdt1_interval,ls,0.1,0,28,False,5000,21,True,3.2821521196367534,3214
m-2_overhang,a5b_domination_argument,zdt1_interval,ls,0.1,0,28,False,5000,21,True,3.1669175602182436,3214
m-2_overhang,registered_x01,zdt1_interval,ls,0.1,1,29,False,5000,21,True,2.7180036818456252,4031
m-2_overhang,a5b_domination_argument,zdt1_interval,ls,0.1,1,29,False,5000,21,True,2.7178399952622954,4031
m-2_overhang,registered_x01,zdt1_interval,ls,0.1,2,0,False,5000,21,True,0.0,4215
m-2_overhang,a5b_domination_argument,zdt1_interval,ls,0.1,2,0,False,5000,21,True,0.0,4215
m-2_overhang,registered_x01,zdt1_interval,ls,0.1,3,29,False,5000,21,True,2.9458260587399185,1353
m-2_overhang,a5b_domination_argument,zdt1_interval,ls,0.1,3,29,False,5000,21,True,2.9458260587399185,1353
m-2_overhang,registered_x01,zdt1_interval,ls,0.1,0,28,False,5000,22,True,2.9526417814694197,1892
m-2_overhang,a5b_domination_argument,zdt1_interval,ls,0.1,0,28,False,5000,22,True,2.9525088864981335,1892
m-2_overhang,registered_x01,zdt1_interval,ls,0.1,1,29,False,5000,22,True,3.0336271840788385,253
m-2_overhang,a5b_domination_argument,zdt1_interval,ls,0.1,1,29,False,5000,22,True,2.904116478230803,253
m-2_overhang,registered_x01,zdt1_interval,ls,0.1,2,0,False,5000,22,True,0.0,160
m-2_overhang,a5b_domination_argument,zdt1_interval,ls,0.1,2,0,False,5000,22,True,0.0,160
m-2_overhang,registered_x01,zdt1_interval,ls,0.1,3,29,False,5000,22,True,2.9126700284634093,4631
m-2_overhang,a5b_domination_argument,zdt1_interval,ls,0.1,3,29,False,5000,22,True,2.9126700284634093,4631
m-2_overhang,registered_x01,zdt1_interval,ls,0.1,0,28,False,5000,23,True,2.7694960956437784,1252
m-2_overhang,a5b_domination_argument,zdt1_interval,ls,0.1,0,28,False,5000,23,True,2.735505511919363,1252
m-2_overhang,registered_x01,zdt1_interval,ls,0.1,1,29,False,5000,23,True,3.0970654676374085,960
m-2_overhang,a5b_domination_argument,zdt1_interval,ls,0.1,1,29,False,5000,23,True,2.9943761222554706,960
m-2_overhang,registered_x01,zdt1_interval,ls,0.1,2,0,False,5000,23,True,0.0,3268
m-2_overhang,a5b_domination_argument,zdt1_interval,ls,0.1,2,0,False,5000,23,True,0.0,3268
m-2_overhang,registered_x01,zdt1_interval,ls,0.1,3,29,False,5000,23,True,2.5593598226960577,1406
m-2_overhang,a5b_domination_argument,zdt1_interval,ls,0.1,3,29,False,5000,23,True,2.5593598226960577,1406
m-2_overhang,registered_x01,zdt1_interval,ls,0.1,0,28,False,5000,24,True,3.4248522115602853,381
m-2_overhang,a5b_domination_argument,zdt1_interval,ls,0.1,0,28,False,5000,24,True,3.40191889928951,381
m-2_overhang,registered_x01,zdt1_interval,ls,0.1,1,29,False,5000,24,True,3.363490619671456,3748
m-2_overhang,a5b_domination_argument,zdt1_interval,ls,0.1,1,29,False,5000,24,True,3.312865969186214,3748
m-2_overhang,registered_x01,zdt1_interval,ls,0.1,2,0,False,5000,24,True,0.0,2786
m-2_overhang,a5b_domination_argument,zdt1_interval,ls,0.1,2,0,False,5000,24,True,0.0,2786
m-2_overhang,registered_x01,zdt1_interval,ls,0.1,3,29,False,5000,24,True,3.089305062170862,1016
m-2_overhang,a5b_domination_argument,zdt1_interval,ls,0.1,3,29,False,5000,24,True,3.089305062170862,1016
m-2_overhang,registered_x01,zdt1_interval,ls,0.1,0,28,False,5000,25,True,2.91316359597524,2863
m-2_overhang,a5b_domination_argument,zdt1_interval,ls,0.1,0,28,False,5000,25,True,2.7931961446907208,2863
m-2_overhang,registered_x01,zdt1_interval,ls,0.1,1,29,False,5000,25,True,3.052709211195147,634
m-2_overhang,a5b_domination_argument,zdt1_interval,ls,0.1,1,29,False,5000,25,True,3.052538352764063,634
m-2_overhang,registered_x01,zdt1_interval,ls,0.1,2,0,False,5000,25,True,0.0,2002
m-2_overhang,a5b_domination_argument,zdt1_interval,ls,0.1,2,0,False,5000,25,True,0.0,2002
m-2_overhang,registered_x01,zdt1_interval,ls,0.1,3,29,False,5000,25,True,3.2242956890507473,2788
m-2_overhang,a5b_domination_argument,zdt1_interval,ls,0.1,3,29,False,5000,25,True,3.2242956890507473,2788
m-2_overhang,registered_x01,zdt1_interval,ls,0.1,0,28,False,5000,26,True,3.1806034302701893,3746
m-2_overhang,a5b_domination_argument,zdt1_interval,ls,0.1,0,28,False,5000,26,True,3.178052174109996,3746
m-2_overhang,registered_x01,zdt1_interval,ls,0.1,1,29,False,5000,26,True,3.109198751898485,2642
m-2_overhang,a5b_domination_argument,zdt1_interval,ls,0.1,1,29,False,5000,26,True,3.1068830649617785,2642
m-2_overhang,registered_x01,zdt1_interval,ls,0.1,2,0,False,5000,26,True,0.0,96
m-2_overhang,a5b_domination_argument,zdt1_interval,ls,0.1,2,0,False,5000,26,True,0.0,96
m-2_overhang,registered_x01,zdt1_interval,ls,0.1,3,29,False,5000,26,True,3.12695762547891,2975
m-2_overhang,a5b_domination_argument,zdt1_interval,ls,0.1,3,29,False,5000,26,True,3.12695762547891,2975
m-2_overhang,registered_x01,zdt1_interval,ls,0.1,0,28,False,5000,27,True,3.104644206264423,1873
m-2_overhang,a5b_domination_argument,zdt1_interval,ls,0.1,0,28,False,5000,27,True,3.0014836215466456,1873
m-2_overhang,registered_x01,zdt1_interval,ls,0.1,1,29,False,5000,27,True,3.0708710402819617,396
m-2_overhang,a5b_domination_argument,zdt1_interval,ls,0.1,1,29,False,5000,27,True,3.0280597662549873,396
m-2_overhang,registered_x01,zdt1_interval,ls,0.1,2,0,False,5000,27,True,0.0,1125
m-2_overhang,a5b_domination_argument,zdt1_interval,ls,0.1,2,0,False,5000,27,True,0.0,1125
m-2_overhang,registered_x01,zdt1_interval,ls,0.1,3,29,False,5000,27,True,2.696371244289874,2334
m-2_overhang,a5b_domination_argument,zdt1_interval,ls,0.1,3,29,False,5000,27,True,2.696371244289874,2334
m-2_overhang,registered_x01,zdt1_interval,ls,0.1,0,28,False,5000,28,True,3.129253839410145,4023
m-2_overhang,a5b_domination_argument,zdt1_interval,ls,0.1,0,28,False,5000,28,True,3.0901927581839135,4023
m-2_overhang,registered_x01,zdt1_interval,ls,0.1,1,29,False,5000,28,True,3.1042329727424534,2088
m-2_overhang,a5b_domination_argument,zdt1_interval,ls,0.1,1,29,False,5000,28,True,3.072028114988059,2088
m-2_overhang,registered_x01,zdt1_interval,ls,0.1,2,0,False,5000,28,True,0.0,3182
m-2_overhang,a5b_domination_argument,zdt1_interval,ls,0.1,2,0,False,5000,28,True,0.0,3182
m-2_overhang,registered_x01,zdt1_interval,ls,0.1,3,29,False,5000,28,True,2.895253894291507,4876
m-2_overhang,a5b_domination_argument,zdt1_interval,ls,0.1,3,29,False,5000,28,True,2.895253894291507,4876
m-2_overhang,registered_x01,zdt1_interval,ls,0.1,0,28,False,5000,29,True,2.8190026263045675,4998
m-2_overhang,a5b_domination_argument,zdt1_interval,ls,0.1,0,28,False,5000,29,True,2.760186793275044,4998
m-2_overhang,registered_x01,zdt1_interval,ls,0.1,1,29,False,5000,29,True,3.4391747667030153,2948
m-2_overhang,a5b_domination_argument,zdt1_interval,ls,0.1,1,29,False,5000,29,True,3.349284766144753,2948
m-2_overhang,registered_x01,zdt1_interval,ls,0.1,2,0,False,5000,29,True,0.0,2835
m-2_overhang,a5b_domination_argument,zdt1_interval,ls,0.1,2,0,False,5000,29,True,0.0,2835
m-2_overhang,registered_x01,zdt1_interval,ls,0.1,3,29,False,5000,29,True,3.15547403252111,3395
m-2_overhang,a5b_domination_argument,zdt1_interval,ls,0.1,3,29,False,5000,29,True,3.15547403252111,3395
m-2_overhang,registered_x01,zdt1_interval,ls,0.1,0,28,False,5000,30,True,3.087805641796691,4125
m-2_overhang,a5b_domination_argument,zdt1_interval,ls,0.1,0,28,False,5000,30,True,3.0262602437751434,4125
m-2_overhang,registered_x01,zdt1_interval,ls,0.1,1,29,False,5000,30,True,2.9182994893360363,2222
m-2_overhang,a5b_domination_argument,zdt1_interval,ls,0.1,1,29,False,5000,30,True,2.860604277665831,2222
m-2_overhang,registered_x01,zdt1_interval,ls,0.1,2,0,False,5000,30,True,0.0,1663
m-2_overhang,a5b_domination_argument,zdt1_interval,ls,0.1,2,0,False,5000,30,True,0.0,1663
m-2_overhang,registered_x01,zdt1_interval,ls,0.1,3,29,False,5000,30,True,3.1994399861588954,4706
m-2_overhang,a5b_domination_argument,zdt1_interval,ls,0.1,3,29,False,5000,30,True,3.1994399861588954,4706
m-2_overhang,registered_x01,zdt1_interval,cw,0.1,0,29,False,5000,11,True,3.096458147517026,2164
m-2_overhang,a5b_domination_argument,zdt1_interval,cw,0.1,0,29,False,5000,11,True,3.0146216630208027,2164
m-2_overhang,registered_x01,zdt1_interval,cw,0.1,1,29,False,5000,11,True,3.1043524082282867,2731
m-2_overhang,a5b_domination_argument,zdt1_interval,cw,0.1,1,29,False,5000,11,True,3.037047860186196,2731
m-2_overhang,registered_x01,zdt1_interval,cw,0.1,2,0,False,5000,11,True,0.0,20
m-2_overhang,a5b_domination_argument,zdt1_interval,cw,0.1,2,0,False,5000,11,True,0.0,20
m-2_overhang,registered_x01,zdt1_interval,cw,0.1,3,29,False,5000,11,True,3.2242431884982845,3859
m-2_overhang,a5b_domination_argument,zdt1_interval,cw,0.1,3,29,False,5000,11,True,3.2242431884982845,3859
m-2_overhang,registered_x01,zdt1_interval,cw,0.1,0,29,False,5000,12,True,3.1061167794419036,3436
m-2_overhang,a5b_domination_argument,zdt1_interval,cw,0.1,0,29,False,5000,12,True,3.10574062133444,3436
m-2_overhang,registered_x01,zdt1_interval,cw,0.1,1,29,False,5000,12,True,3.171789089468382,1006
m-2_overhang,a5b_domination_argument,zdt1_interval,cw,0.1,1,29,False,5000,12,True,3.1694794399924158,1006
m-2_overhang,registered_x01,zdt1_interval,cw,0.1,2,0,False,5000,12,True,0.0,3475
m-2_overhang,a5b_domination_argument,zdt1_interval,cw,0.1,2,0,False,5000,12,True,0.0,3475
m-2_overhang,registered_x01,zdt1_interval,cw,0.1,3,29,False,5000,12,True,3.310538237674815,127
m-2_overhang,a5b_domination_argument,zdt1_interval,cw,0.1,3,29,False,5000,12,True,3.310538237674815,127
m-2_overhang,registered_x01,zdt1_interval,cw,0.1,0,29,False,5000,13,True,3.3969978700080357,110
m-2_overhang,a5b_domination_argument,zdt1_interval,cw,0.1,0,29,False,5000,13,True,3.305222990985887,110
m-2_overhang,registered_x01,zdt1_interval,cw,0.1,1,29,False,5000,13,True,2.851510380088723,3878
m-2_overhang,a5b_domination_argument,zdt1_interval,cw,0.1,1,29,False,5000,13,True,2.755178443576768,3878
m-2_overhang,registered_x01,zdt1_interval,cw,0.1,2,0,False,5000,13,True,0.0,3879
m-2_overhang,a5b_domination_argument,zdt1_interval,cw,0.1,2,0,False,5000,13,True,0.0,3879
m-2_overhang,registered_x01,zdt1_interval,cw,0.1,3,29,False,5000,13,True,2.827864919121936,772
m-2_overhang,a5b_domination_argument,zdt1_interval,cw,0.1,3,29,False,5000,13,True,2.827864919121936,772
m-2_overhang,registered_x01,zdt1_interval,cw,0.1,0,29,False,5000,14,True,3.081341345101482,3550
m-2_overhang,a5b_domination_argument,zdt1_interval,cw,0.1,0,29,False,5000,14,True,2.9248507337840453,3550
m-2_overhang,registered_x01,zdt1_interval,cw,0.1,1,29,False,5000,14,True,2.7586838500052666,936
m-2_overhang,a5b_domination_argument,zdt1_interval,cw,0.1,1,29,False,5000,14,True,2.5714975581629385,936
m-2_overhang,registered_x01,zdt1_interval,cw,0.1,2,0,False,5000,14,True,0.0,1189
m-2_overhang,a5b_domination_argument,zdt1_interval,cw,0.1,2,0,False,5000,14,True,0.0,1189
m-2_overhang,registered_x01,zdt1_interval,cw,0.1,3,29,False,5000,14,True,2.983232030694651,2416
m-2_overhang,a5b_domination_argument,zdt1_interval,cw,0.1,3,29,False,5000,14,True,2.983232030694651,2416
m-2_overhang,registered_x01,zdt1_interval,cw,0.1,0,29,False,5000,15,True,3.246411769128465,1152
m-2_overhang,a5b_domination_argument,zdt1_interval,cw,0.1,0,29,False,5000,15,True,3.200961193103977,1152
m-2_overhang,registered_x01,zdt1_interval,cw,0.1,1,29,False,5000,15,True,3.4227590236392387,740
m-2_overhang,a5b_domination_argument,zdt1_interval,cw,0.1,1,29,False,5000,15,True,3.298096229152775,740
m-2_overhang,registered_x01,zdt1_interval,cw,0.1,2,0,False,5000,15,True,0.0,1598
m-2_overhang,a5b_domination_argument,zdt1_interval,cw,0.1,2,0,False,5000,15,True,0.0,1598
m-2_overhang,registered_x01,zdt1_interval,cw,0.1,3,29,False,5000,15,True,2.7054777657673226,1029
m-2_overhang,a5b_domination_argument,zdt1_interval,cw,0.1,3,29,False,5000,15,True,2.7054777657673226,1029
m-2_overhang,registered_x01,zdt1_interval,cw,0.1,0,29,False,5000,16,True,2.854024774523449,3279
m-2_overhang,a5b_domination_argument,zdt1_interval,cw,0.1,0,29,False,5000,16,True,2.844712637115484,3279
m-2_overhang,registered_x01,zdt1_interval,cw,0.1,1,29,False,5000,16,True,3.0376785057459035,416
m-2_overhang,a5b_domination_argument,zdt1_interval,cw,0.1,1,29,False,5000,16,True,2.932605583864436,416
m-2_overhang,registered_x01,zdt1_interval,cw,0.1,2,0,False,5000,16,True,0.0,6
m-2_overhang,a5b_domination_argument,zdt1_interval,cw,0.1,2,0,False,5000,16,True,0.0,6
m-2_overhang,registered_x01,zdt1_interval,cw,0.1,3,29,False,5000,16,True,3.3004177780309,3633
m-2_overhang,a5b_domination_argument,zdt1_interval,cw,0.1,3,29,False,5000,16,True,3.3004177780309,3633
m-2_overhang,registered_x01,zdt1_interval,cw,0.1,0,29,False,5000,17,True,3.396408084355473,2862
m-2_overhang,a5b_domination_argument,zdt1_interval,cw,0.1,0,29,False,5000,17,True,3.363676973739116,2862
m-2_overhang,registered_x01,zdt1_interval,cw,0.1,1,29,False,5000,17,True,2.552068072201283,615
m-2_overhang,a5b_domination_argument,zdt1_interval,cw,0.1,1,29,False,5000,17,True,2.4779193209829997,615
m-2_overhang,registered_x01,zdt1_interval,cw,0.1,2,0,False,5000,17,True,0.0,90
m-2_overhang,a5b_domination_argument,zdt1_interval,cw,0.1,2,0,False,5000,17,True,0.0,90
m-2_overhang,registered_x01,zdt1_interval,cw,0.1,3,29,False,5000,17,True,2.5813003162571664,3699
m-2_overhang,a5b_domination_argument,zdt1_interval,cw,0.1,3,29,False,5000,17,True,2.5813003162571664,3699
m-2_overhang,registered_x01,zdt1_interval,cw,0.1,0,29,False,5000,18,True,2.8123117656989836,2146
m-2_overhang,a5b_domination_argument,zdt1_interval,cw,0.1,0,29,False,5000,18,True,2.7584563570519247,2146
m-2_overhang,registered_x01,zdt1_interval,cw,0.1,1,29,False,5000,18,True,2.8416199150919508,3902
m-2_overhang,a5b_domination_argument,zdt1_interval,cw,0.1,1,29,False,5000,18,True,2.836879425511906,3902
m-2_overhang,registered_x01,zdt1_interval,cw,0.1,2,0,False,5000,18,True,0.0,2221
m-2_overhang,a5b_domination_argument,zdt1_interval,cw,0.1,2,0,False,5000,18,True,0.0,2221
m-2_overhang,registered_x01,zdt1_interval,cw,0.1,3,29,False,5000,18,True,2.878862006683207,137
m-2_overhang,a5b_domination_argument,zdt1_interval,cw,0.1,3,29,False,5000,18,True,2.878862006683207,137
m-2_overhang,registered_x01,zdt1_interval,cw,0.1,0,29,False,5000,19,True,3.0270651163824978,2777
m-2_overhang,a5b_domination_argument,zdt1_interval,cw,0.1,0,29,False,5000,19,True,3.006921571584808,2777
m-2_overhang,registered_x01,zdt1_interval,cw,0.1,1,29,False,5000,19,True,2.5876316583100887,3845
m-2_overhang,a5b_domination_argument,zdt1_interval,cw,0.1,1,29,False,5000,19,True,2.5706186892388914,3845
m-2_overhang,registered_x01,zdt1_interval,cw,0.1,2,0,False,5000,19,True,0.0,1960
m-2_overhang,a5b_domination_argument,zdt1_interval,cw,0.1,2,0,False,5000,19,True,0.0,1960
m-2_overhang,registered_x01,zdt1_interval,cw,0.1,3,29,False,5000,19,True,3.0999754638247845,87
m-2_overhang,a5b_domination_argument,zdt1_interval,cw,0.1,3,29,False,5000,19,True,3.0999754638247845,87
m-2_overhang,registered_x01,zdt1_interval,cw,0.1,0,29,False,5000,20,True,3.2966010793470653,786
m-2_overhang,a5b_domination_argument,zdt1_interval,cw,0.1,0,29,False,5000,20,True,3.1885162807617644,786
m-2_overhang,registered_x01,zdt1_interval,cw,0.1,1,29,False,5000,20,True,2.864908841237005,1441
m-2_overhang,a5b_domination_argument,zdt1_interval,cw,0.1,1,29,False,5000,20,True,2.8589058549611943,1441
m-2_overhang,registered_x01,zdt1_interval,cw,0.1,2,0,False,5000,20,True,0.0,1078
m-2_overhang,a5b_domination_argument,zdt1_interval,cw,0.1,2,0,False,5000,20,True,0.0,1078
m-2_overhang,registered_x01,zdt1_interval,cw,0.1,3,29,False,5000,20,True,2.96100716712163,2578
m-2_overhang,a5b_domination_argument,zdt1_interval,cw,0.1,3,29,False,5000,20,True,2.96100716712163,2578
m-2_overhang,registered_x01,zdt1_interval,cw,0.1,0,29,False,5000,21,True,2.9294719983545168,653
m-2_overhang,a5b_domination_argument,zdt1_interval,cw,0.1,0,29,False,5000,21,True,2.8474171110030184,653
m-2_overhang,registered_x01,zdt1_interval,cw,0.1,1,29,False,5000,21,True,2.7180036818456252,4031
m-2_overhang,a5b_domination_argument,zdt1_interval,cw,0.1,1,29,False,5000,21,True,2.7178399952622954,4031
m-2_overhang,registered_x01,zdt1_interval,cw,0.1,2,0,False,5000,21,True,0.0,4215
m-2_overhang,a5b_domination_argument,zdt1_interval,cw,0.1,2,0,False,5000,21,True,0.0,4215
m-2_overhang,registered_x01,zdt1_interval,cw,0.1,3,29,False,5000,21,True,2.9458260587399185,1353
m-2_overhang,a5b_domination_argument,zdt1_interval,cw,0.1,3,29,False,5000,21,True,2.9458260587399185,1353
m-2_overhang,registered_x01,zdt1_interval,cw,0.1,0,29,False,5000,22,True,2.6930155303457353,4068
m-2_overhang,a5b_domination_argument,zdt1_interval,cw,0.1,0,29,False,5000,22,True,2.6451319714066557,4068
m-2_overhang,registered_x01,zdt1_interval,cw,0.1,1,29,False,5000,22,True,3.0336271840788385,253
m-2_overhang,a5b_domination_argument,zdt1_interval,cw,0.1,1,29,False,5000,22,True,2.904116478230803,253
m-2_overhang,registered_x01,zdt1_interval,cw,0.1,2,0,False,5000,22,True,0.0,160
m-2_overhang,a5b_domination_argument,zdt1_interval,cw,0.1,2,0,False,5000,22,True,0.0,160
m-2_overhang,registered_x01,zdt1_interval,cw,0.1,3,29,False,5000,22,True,2.9126700284634093,4631
m-2_overhang,a5b_domination_argument,zdt1_interval,cw,0.1,3,29,False,5000,22,True,2.9126700284634093,4631
m-2_overhang,registered_x01,zdt1_interval,cw,0.1,0,29,False,5000,23,True,2.7694960956437784,1252
m-2_overhang,a5b_domination_argument,zdt1_interval,cw,0.1,0,29,False,5000,23,True,2.735505511919363,1252
m-2_overhang,registered_x01,zdt1_interval,cw,0.1,1,29,False,5000,23,True,3.0970654676374085,960
m-2_overhang,a5b_domination_argument,zdt1_interval,cw,0.1,1,29,False,5000,23,True,2.9943761222554706,960
m-2_overhang,registered_x01,zdt1_interval,cw,0.1,2,0,False,5000,23,True,0.0,3268
m-2_overhang,a5b_domination_argument,zdt1_interval,cw,0.1,2,0,False,5000,23,True,0.0,3268
m-2_overhang,registered_x01,zdt1_interval,cw,0.1,3,29,False,5000,23,True,2.5593598226960577,1406
m-2_overhang,a5b_domination_argument,zdt1_interval,cw,0.1,3,29,False,5000,23,True,2.5593598226960577,1406
m-2_overhang,registered_x01,zdt1_interval,cw,0.1,0,29,False,5000,24,True,2.887209476806517,3172
m-2_overhang,a5b_domination_argument,zdt1_interval,cw,0.1,0,29,False,5000,24,True,2.883452147676854,3172
m-2_overhang,registered_x01,zdt1_interval,cw,0.1,1,29,False,5000,24,True,3.363490619671456,3748
m-2_overhang,a5b_domination_argument,zdt1_interval,cw,0.1,1,29,False,5000,24,True,3.312865969186214,3748
m-2_overhang,registered_x01,zdt1_interval,cw,0.1,2,0,False,5000,24,True,0.0,2786
m-2_overhang,a5b_domination_argument,zdt1_interval,cw,0.1,2,0,False,5000,24,True,0.0,2786
m-2_overhang,registered_x01,zdt1_interval,cw,0.1,3,29,False,5000,24,True,3.089305062170862,1016
m-2_overhang,a5b_domination_argument,zdt1_interval,cw,0.1,3,29,False,5000,24,True,3.089305062170862,1016
m-2_overhang,registered_x01,zdt1_interval,cw,0.1,0,29,False,5000,25,True,3.188911076196734,3294
m-2_overhang,a5b_domination_argument,zdt1_interval,cw,0.1,0,29,False,5000,25,True,3.1428647564104977,3294
m-2_overhang,registered_x01,zdt1_interval,cw,0.1,1,29,False,5000,25,True,3.052709211195147,634
m-2_overhang,a5b_domination_argument,zdt1_interval,cw,0.1,1,29,False,5000,25,True,3.052538352764063,634
m-2_overhang,registered_x01,zdt1_interval,cw,0.1,2,0,False,5000,25,True,0.0,2002
m-2_overhang,a5b_domination_argument,zdt1_interval,cw,0.1,2,0,False,5000,25,True,0.0,2002
m-2_overhang,registered_x01,zdt1_interval,cw,0.1,3,29,False,5000,25,True,3.2242956890507473,2788
m-2_overhang,a5b_domination_argument,zdt1_interval,cw,0.1,3,29,False,5000,25,True,3.2242956890507473,2788
m-2_overhang,registered_x01,zdt1_interval,cw,0.1,0,29,False,5000,26,True,3.098317379488493,4222
m-2_overhang,a5b_domination_argument,zdt1_interval,cw,0.1,0,29,False,5000,26,True,3.0808573978610707,4222
m-2_overhang,registered_x01,zdt1_interval,cw,0.1,1,29,False,5000,26,True,3.109198751898485,2642
m-2_overhang,a5b_domination_argument,zdt1_interval,cw,0.1,1,29,False,5000,26,True,3.1068830649617785,2642
m-2_overhang,registered_x01,zdt1_interval,cw,0.1,2,0,False,5000,26,True,0.0,96
m-2_overhang,a5b_domination_argument,zdt1_interval,cw,0.1,2,0,False,5000,26,True,0.0,96
m-2_overhang,registered_x01,zdt1_interval,cw,0.1,3,29,False,5000,26,True,3.12695762547891,2975
m-2_overhang,a5b_domination_argument,zdt1_interval,cw,0.1,3,29,False,5000,26,True,3.12695762547891,2975
m-2_overhang,registered_x01,zdt1_interval,cw,0.1,0,29,False,5000,27,True,3.2073845142980373,3291
m-2_overhang,a5b_domination_argument,zdt1_interval,cw,0.1,0,29,False,5000,27,True,3.1975068406909,3291
m-2_overhang,registered_x01,zdt1_interval,cw,0.1,1,29,False,5000,27,True,3.0708710402819617,396
m-2_overhang,a5b_domination_argument,zdt1_interval,cw,0.1,1,29,False,5000,27,True,3.0280597662549873,396
m-2_overhang,registered_x01,zdt1_interval,cw,0.1,2,0,False,5000,27,True,0.0,1125
m-2_overhang,a5b_domination_argument,zdt1_interval,cw,0.1,2,0,False,5000,27,True,0.0,1125
m-2_overhang,registered_x01,zdt1_interval,cw,0.1,3,29,False,5000,27,True,2.696371244289874,2334
m-2_overhang,a5b_domination_argument,zdt1_interval,cw,0.1,3,29,False,5000,27,True,2.696371244289874,2334
m-2_overhang,registered_x01,zdt1_interval,cw,0.1,0,29,False,5000,28,True,3.091641798943974,3192
m-2_overhang,a5b_domination_argument,zdt1_interval,cw,0.1,0,29,False,5000,28,True,3.04212308497159,3192
m-2_overhang,registered_x01,zdt1_interval,cw,0.1,1,29,False,5000,28,True,3.1042329727424534,2088
m-2_overhang,a5b_domination_argument,zdt1_interval,cw,0.1,1,29,False,5000,28,True,3.072028114988059,2088
m-2_overhang,registered_x01,zdt1_interval,cw,0.1,2,0,False,5000,28,True,0.0,3182
m-2_overhang,a5b_domination_argument,zdt1_interval,cw,0.1,2,0,False,5000,28,True,0.0,3182
m-2_overhang,registered_x01,zdt1_interval,cw,0.1,3,29,False,5000,28,True,2.895253894291507,4876
m-2_overhang,a5b_domination_argument,zdt1_interval,cw,0.1,3,29,False,5000,28,True,2.895253894291507,4876
m-2_overhang,registered_x01,zdt1_interval,cw,0.1,0,29,False,5000,29,True,3.1759467550190266,1593
m-2_overhang,a5b_domination_argument,zdt1_interval,cw,0.1,0,29,False,5000,29,True,3.114195108939494,1593
m-2_overhang,registered_x01,zdt1_interval,cw,0.1,1,29,False,5000,29,True,3.4391747667030153,2948
m-2_overhang,a5b_domination_argument,zdt1_interval,cw,0.1,1,29,False,5000,29,True,3.349284766144753,2948
m-2_overhang,registered_x01,zdt1_interval,cw,0.1,2,0,False,5000,29,True,0.0,2835
m-2_overhang,a5b_domination_argument,zdt1_interval,cw,0.1,2,0,False,5000,29,True,0.0,2835
m-2_overhang,registered_x01,zdt1_interval,cw,0.1,3,29,False,5000,29,True,3.15547403252111,3395
m-2_overhang,a5b_domination_argument,zdt1_interval,cw,0.1,3,29,False,5000,29,True,3.15547403252111,3395
m-2_overhang,registered_x01,zdt1_interval,cw,0.1,0,29,False,5000,30,True,3.0377499582996745,2445
m-2_overhang,a5b_domination_argument,zdt1_interval,cw,0.1,0,29,False,5000,30,True,2.9512904984683472,2445
m-2_overhang,registered_x01,zdt1_interval,cw,0.1,1,29,False,5000,30,True,2.9182994893360363,2222
m-2_overhang,a5b_domination_argument,zdt1_interval,cw,0.1,1,29,False,5000,30,True,2.860604277665831,2222
m-2_overhang,registered_x01,zdt1_interval,cw,0.1,2,0,False,5000,30,True,0.0,1663
m-2_overhang,a5b_domination_argument,zdt1_interval,cw,0.1,2,0,False,5000,30,True,0.0,1663
m-2_overhang,registered_x01,zdt1_interval,cw,0.1,3,29,False,5000,30,True,3.1994399861588954,4706
m-2_overhang,a5b_domination_argument,zdt1_interval,cw,0.1,3,29,False,5000,30,True,3.1994399861588954,4706
m-2_overhang,registered_x01,zdt1_interval,lu,0.25,0,28,False,5000,11,True,2.9621986334435753,1519
m-2_overhang,a5b_domination_argument,zdt1_interval,lu,0.25,0,28,False,5000,11,True,2.868794930629019,1519
m-2_overhang,registered_x01,zdt1_interval,lu,0.25,1,28,False,5000,11,True,2.9303097558423614,2335
m-2_overhang,a5b_domination_argument,zdt1_interval,lu,0.25,1,28,False,5000,11,True,2.9302882052627934,2335
m-2_overhang,registered_x01,zdt1_interval,lu,0.25,2,0,False,5000,11,True,0.0,20
m-2_overhang,a5b_domination_argument,zdt1_interval,lu,0.25,2,0,False,5000,11,True,0.0,20
m-2_overhang,registered_x01,zdt1_interval,lu,0.25,3,0,False,5000,11,True,0.0,20
m-2_overhang,a5b_domination_argument,zdt1_interval,lu,0.25,3,0,False,5000,11,True,0.0,20
m-2_overhang,registered_x01,zdt1_interval,lu,0.25,0,28,False,5000,12,True,3.3225213417898116,623
m-2_overhang,a5b_domination_argument,zdt1_interval,lu,0.25,0,28,False,5000,12,True,3.203434234370312,623
m-2_overhang,registered_x01,zdt1_interval,lu,0.25,1,28,False,5000,12,True,2.8227453461388814,4984
m-2_overhang,a5b_domination_argument,zdt1_interval,lu,0.25,1,28,False,5000,12,True,2.6783462925095787,4984
m-2_overhang,registered_x01,zdt1_interval,lu,0.25,2,0,False,5000,12,True,0.0,3475
m-2_overhang,a5b_domination_argument,zdt1_interval,lu,0.25,2,0,False,5000,12,True,0.0,3475
m-2_overhang,registered_x01,zdt1_interval,lu,0.25,3,0,False,5000,12,True,0.0,3475
m-2_overhang,a5b_domination_argument,zdt1_interval,lu,0.25,3,0,False,5000,12,True,0.0,3475
m-2_overhang,registered_x01,zdt1_interval,lu,0.25,0,28,False,5000,13,True,3.3969978700080357,110
m-2_overhang,a5b_domination_argument,zdt1_interval,lu,0.25,0,28,False,5000,13,True,3.305222990985887,110
m-2_overhang,registered_x01,zdt1_interval,lu,0.25,1,28,False,5000,13,True,2.848831446686365,3366
m-2_overhang,a5b_domination_argument,zdt1_interval,lu,0.25,1,28,False,5000,13,True,2.8431351751428053,3366
m-2_overhang,registered_x01,zdt1_interval,lu,0.25,2,0,False,5000,13,True,0.0,3879
m-2_overhang,a5b_domination_argument,zdt1_interval,lu,0.25,2,0,False,5000,13,True,0.0,3879
m-2_overhang,registered_x01,zdt1_interval,lu,0.25,3,0,False,5000,13,True,0.0,3879
m-2_overhang,a5b_domination_argument,zdt1_interval,lu,0.25,3,0,False,5000,13,True,0.0,3879
m-2_overhang,registered_x01,zdt1_interval,lu,0.25,0,28,False,5000,14,True,3.307857001414677,1145
m-2_overhang,a5b_domination_argument,zdt1_interval,lu,0.25,0,28,False,5000,14,True,3.2804067470650895,1145
m-2_overhang,registered_x01,zdt1_interval,lu,0.25,1,28,False,5000,14,True,3.081341345101482,3550
m-2_overhang,a5b_domination_argument,zdt1_interval,lu,0.25,1,28,False,5000,14,True,2.9248507337840453,3550
m-2_overhang,registered_x01,zdt1_interval,lu,0.25,2,0,False,5000,14,True,0.0,1189
m-2_overhang,a5b_domination_argument,zdt1_interval,lu,0.25,2,0,False,5000,14,True,0.0,1189
m-2_overhang,registered_x01,zdt1_interval,lu,0.25,3,0,False,5000,14,True,0.0,2229
m-2_overhang,a5b_domination_argument,zdt1_interval,lu,0.25,3,0,False,5000,14,True,0.0,2229
m-2_overhang,registered_x01,zdt1_interval,lu,0.25,0,28,False,5000,15,True,3.0128350914806794,3389
m-2_overhang,a5b_domination_argument,zdt1_interval,lu,0.25,0,28,False,5000,15,True,3.0126300882512935,3389
m-2_overhang,registered_x01,zdt1_interval,lu,0.25,1,28,False,5000,15,True,2.911043907546917,333
m-2_overhang,a5b_domination_argument,zdt1_interval,lu,0.25,1,28,False,5000,15,True,2.8627581819897645,333
m-2_overhang,registered_x01,zdt1_interval,lu,0.25,2,0,False,5000,15,True,0.0,1598
m-2_overhang,a5b_domination_argument,zdt1_interval,lu,0.25,2,0,False,5000,15,True,0.0,1598
m-2_overhang,registered_x01,zdt1_interval,lu,0.25,3,0,False,5000,15,True,0.0,4997
m-2_overhang,a5b_domination_argument,zdt1_interval,lu,0.25,3,0,False,5000,15,True,0.0,4997
m-2_overhang,registered_x01,zdt1_interval,lu,0.25,0,28,False,5000,16,True,3.1303573836284246,3755
m-2_overhang,a5b_domination_argument,zdt1_interval,lu,0.25,0,28,False,5000,16,True,3.0677446403764637,3755
m-2_overhang,registered_x01,zdt1_interval,lu,0.25,1,28,False,5000,16,True,3.394118330423916,2119
m-2_overhang,a5b_domination_argument,zdt1_interval,lu,0.25,1,28,False,5000,16,True,3.393846085185174,2119
m-2_overhang,registered_x01,zdt1_interval,lu,0.25,2,0,False,5000,16,True,0.0,6
m-2_overhang,a5b_domination_argument,zdt1_interval,lu,0.25,2,0,False,5000,16,True,0.0,6
m-2_overhang,registered_x01,zdt1_interval,lu,0.25,3,0,False,5000,16,True,0.0,6
m-2_overhang,a5b_domination_argument,zdt1_interval,lu,0.25,3,0,False,5000,16,True,0.0,6
m-2_overhang,registered_x01,zdt1_interval,lu,0.25,0,28,False,5000,17,True,2.753632091129573,2846
m-2_overhang,a5b_domination_argument,zdt1_interval,lu,0.25,0,28,False,5000,17,True,2.6321101021911626,2846
m-2_overhang,registered_x01,zdt1_interval,lu,0.25,1,28,False,5000,17,True,2.545064502025791,3117
m-2_overhang,a5b_domination_argument,zdt1_interval,lu,0.25,1,28,False,5000,17,True,2.475131924257458,3117
m-2_overhang,registered_x01,zdt1_interval,lu,0.25,2,0,False,5000,17,True,0.0,90
m-2_overhang,a5b_domination_argument,zdt1_interval,lu,0.25,2,0,False,5000,17,True,0.0,90
m-2_overhang,registered_x01,zdt1_interval,lu,0.25,3,0,False,5000,17,True,0.0,90
m-2_overhang,a5b_domination_argument,zdt1_interval,lu,0.25,3,0,False,5000,17,True,0.0,90
m-2_overhang,registered_x01,zdt1_interval,lu,0.25,0,28,False,5000,18,True,2.7804643811099417,2815
m-2_overhang,a5b_domination_argument,zdt1_interval,lu,0.25,0,28,False,5000,18,True,2.777314341984138,2815
m-2_overhang,registered_x01,zdt1_interval,lu,0.25,1,28,False,5000,18,True,3.0096971279147895,3317
m-2_overhang,a5b_domination_argument,zdt1_interval,lu,0.25,1,28,False,5000,18,True,2.869784627086773,3317
m-2_overhang,registered_x01,zdt1_interval,lu,0.25,2,0,False,5000,18,True,0.0,2221
m-2_overhang,a5b_domination_argument,zdt1_interval,lu,0.25,2,0,False,5000,18,True,0.0,2221
m-2_overhang,registered_x01,zdt1_interval,lu,0.25,3,0,False,5000,18,True,0.0,2221
m-2_overhang,a5b_domination_argument,zdt1_interval,lu,0.25,3,0,False,5000,18,True,0.0,2221
m-2_overhang,registered_x01,zdt1_interval,lu,0.25,0,28,False,5000,19,True,3.201107916103373,4003
m-2_overhang,a5b_domination_argument,zdt1_interval,lu,0.25,0,28,False,5000,19,True,3.1912650146508943,4003
m-2_overhang,registered_x01,zdt1_interval,lu,0.25,1,28,False,5000,19,True,3.3865639495584374,3799
m-2_overhang,a5b_domination_argument,zdt1_interval,lu,0.25,1,28,False,5000,19,True,3.241983774186555,3799
m-2_overhang,registered_x01,zdt1_interval,lu,0.25,2,0,False,5000,19,True,0.0,1960
m-2_overhang,a5b_domination_argument,zdt1_interval,lu,0.25,2,0,False,5000,19,True,0.0,1960
m-2_overhang,registered_x01,zdt1_interval,lu,0.25,3,0,False,5000,19,True,0.0,1960
m-2_overhang,a5b_domination_argument,zdt1_interval,lu,0.25,3,0,False,5000,19,True,0.0,1960
m-2_overhang,registered_x01,zdt1_interval,lu,0.25,0,28,False,5000,20,True,2.76415341968017,3926
m-2_overhang,a5b_domination_argument,zdt1_interval,lu,0.25,0,28,False,5000,20,True,2.7615947668184213,3926
m-2_overhang,registered_x01,zdt1_interval,lu,0.25,1,28,False,5000,20,True,3.2903455601680878,201
m-2_overhang,a5b_domination_argument,zdt1_interval,lu,0.25,1,28,False,5000,20,True,3.1768139153909294,201
m-2_overhang,registered_x01,zdt1_interval,lu,0.25,2,0,False,5000,20,True,0.0,1078
m-2_overhang,a5b_domination_argument,zdt1_interval,lu,0.25,2,0,False,5000,20,True,0.0,1078
m-2_overhang,registered_x01,zdt1_interval,lu,0.25,3,0,False,5000,20,True,0.0,1078
m-2_overhang,a5b_domination_argument,zdt1_interval,lu,0.25,3,0,False,5000,20,True,0.0,1078
m-2_overhang,registered_x01,zdt1_interval,lu,0.25,0,28,False,5000,21,True,3.1630512627339846,1478
m-2_overhang,a5b_domination_argument,zdt1_interval,lu,0.25,0,28,False,5000,21,True,3.134032084508349,1478
m-2_overhang,registered_x01,zdt1_interval,lu,0.25,1,28,False,5000,21,True,3.3182237359539406,3750
m-2_overhang,a5b_domination_argument,zdt1_interval,lu,0.25,1,28,False,5000,21,True,3.309422272444766,3750
m-2_overhang,registered_x01,zdt1_interval,lu,0.25,2,0,False,5000,21,True,0.0,4215
m-2_overhang,a5b_domination_argument,zdt1_interval,lu,0.25,2,0,False,5000,21,True,0.0,4215
m-2_overhang,registered_x01,zdt1_interval,lu,0.25,3,0,False,5000,21,True,0.0,2435
m-2_overhang,a5b_domination_argument,zdt1_interval,lu,0.25,3,0,False,5000,21,True,0.0,2435
m-2_overhang,registered_x01,zdt1_interval,lu,0.25,0,28,False,5000,22,True,3.0202667489547594,3440
m-2_overhang,a5b_domination_argument,zdt1_interval,lu,0.25,0,28,False,5000,22,True,3.020230791279815,3440
m-2_overhang,registered_x01,zdt1_interval,lu,0.25,1,28,False,5000,22,True,2.6930155303457353,4068
m-2_overhang,a5b_domination_argument,zdt1_interval,lu,0.25,1,28,False,5000,22,True,2.6451319714066557,4068
m-2_overhang,registered_x01,zdt1_interval,lu,0.25,2,0,False,5000,22,True,0.0,160
m-2_overhang,a5b_domination_argument,zdt1_interval,lu,0.25,2,0,False,5000,22,True,0.0,160
m-2_overhang,registered_x01,zdt1_interval,lu,0.25,3,0,False,5000,22,True,0.0,160
m-2_overhang,a5b_domination_argument,zdt1_interval,lu,0.25,3,0,False,5000,22,True,0.0,160
m-2_overhang,registered_x01,zdt1_interval,lu,0.25,0,28,False,5000,23,True,3.437817637540307,978
m-2_overhang,a5b_domination_argument,zdt1_interval,lu,0.25,0,28,False,5000,23,True,3.300253604537166,978
m-2_overhang,registered_x01,zdt1_interval,lu,0.25,1,28,False,5000,23,True,3.1870836989456737,2485
m-2_overhang,a5b_domination_argument,zdt1_interval,lu,0.25,1,28,False,5000,23,True,3.1647222184004917,2485
m-2_overhang,registered_x01,zdt1_interval,lu,0.25,2,0,False,5000,23,True,0.0,3268
m-2_overhang,a5b_domination_argument,zdt1_interval,lu,0.25,2,0,False,5000,23,True,0.0,3268
m-2_overhang,registered_x01,zdt1_interval,lu,0.25,3,0,False,5000,23,True,0.0,3268
m-2_overhang,a5b_domination_argument,zdt1_interval,lu,0.25,3,0,False,5000,23,True,0.0,3268
m-2_overhang,registered_x01,zdt1_interval,lu,0.25,0,28,False,5000,24,True,2.7911057297174025,3306
m-2_overhang,a5b_domination_argument,zdt1_interval,lu,0.25,0,28,False,5000,24,True,2.7905475960812045,3306
m-2_overhang,registered_x01,zdt1_interval,lu,0.25,1,28,False,5000,24,True,3.1644661661233418,2861
m-2_overhang,a5b_domination_argument,zdt1_interval,lu,0.25,1,28,False,5000,24,True,3.1094242364513254,2861
m-2_overhang,registered_x01,zdt1_interval,lu,0.25,2,0,False,5000,24,True,0.0,2786
m-2_overhang,a5b_domination_argument,zdt1_interval,lu,0.25,2,0,False,5000,24,True,0.0,2786
m-2_overhang,registered_x01,zdt1_interval,lu,0.25,3,0,False,5000,24,True,0.0,2786
m-2_overhang,a5b_domination_argument,zdt1_interval,lu,0.25,3,0,False,5000,24,True,0.0,2786
m-2_overhang,registered_x01,zdt1_interval,lu,0.25,0,28,False,5000,25,True,2.91316359597524,2863
m-2_overhang,a5b_domination_argument,zdt1_interval,lu,0.25,0,28,False,5000,25,True,2.7931961446907208,2863
m-2_overhang,registered_x01,zdt1_interval,lu,0.25,1,28,False,5000,25,True,2.692300491752809,3216
m-2_overhang,a5b_domination_argument,zdt1_interval,lu,0.25,1,28,False,5000,25,True,2.6094609887791735,3216
m-2_overhang,registered_x01,zdt1_interval,lu,0.25,2,0,False,5000,25,True,0.0,2002
m-2_overhang,a5b_domination_argument,zdt1_interval,lu,0.25,2,0,False,5000,25,True,0.0,2002
m-2_overhang,registered_x01,zdt1_interval,lu,0.25,3,0,False,5000,25,True,0.0,2002
m-2_overhang,a5b_domination_argument,zdt1_interval,lu,0.25,3,0,False,5000,25,True,0.0,2002
m-2_overhang,registered_x01,zdt1_interval,lu,0.25,0,28,False,5000,26,True,3.1806034302701893,3746
m-2_overhang,a5b_domination_argument,zdt1_interval,lu,0.25,0,28,False,5000,26,True,3.178052174109996,3746
m-2_overhang,registered_x01,zdt1_interval,lu,0.25,1,28,False,5000,26,True,3.4887225041268164,2248
m-2_overhang,a5b_domination_argument,zdt1_interval,lu,0.25,1,28,False,5000,26,True,3.4195441566810962,2248
m-2_overhang,registered_x01,zdt1_interval,lu,0.25,2,0,False,5000,26,True,0.0,96
m-2_overhang,a5b_domination_argument,zdt1_interval,lu,0.25,2,0,False,5000,26,True,0.0,96
m-2_overhang,registered_x01,zdt1_interval,lu,0.25,3,0,False,5000,26,True,0.0,96
m-2_overhang,a5b_domination_argument,zdt1_interval,lu,0.25,3,0,False,5000,26,True,0.0,96
m-2_overhang,registered_x01,zdt1_interval,lu,0.25,0,28,False,5000,27,True,3.104644206264423,1873
m-2_overhang,a5b_domination_argument,zdt1_interval,lu,0.25,0,28,False,5000,27,True,3.0014836215466456,1873
m-2_overhang,registered_x01,zdt1_interval,lu,0.25,1,28,False,5000,27,True,3.2073845142980373,3291
m-2_overhang,a5b_domination_argument,zdt1_interval,lu,0.25,1,28,False,5000,27,True,3.1975068406909,3291
m-2_overhang,registered_x01,zdt1_interval,lu,0.25,2,0,False,5000,27,True,0.0,1125
m-2_overhang,a5b_domination_argument,zdt1_interval,lu,0.25,2,0,False,5000,27,True,0.0,1125
m-2_overhang,registered_x01,zdt1_interval,lu,0.25,3,0,False,5000,27,True,0.0,1125
m-2_overhang,a5b_domination_argument,zdt1_interval,lu,0.25,3,0,False,5000,27,True,0.0,1125
m-2_overhang,registered_x01,zdt1_interval,lu,0.25,0,28,False,5000,28,True,3.129253839410145,4023
m-2_overhang,a5b_domination_argument,zdt1_interval,lu,0.25,0,28,False,5000,28,True,3.0901927581839135,4023
m-2_overhang,registered_x01,zdt1_interval,lu,0.25,1,28,False,5000,28,True,2.947925642896735,3571
m-2_overhang,a5b_domination_argument,zdt1_interval,lu,0.25,1,28,False,5000,28,True,2.943226452582078,3571
m-2_overhang,registered_x01,zdt1_interval,lu,0.25,2,0,False,5000,28,True,0.0,3182
m-2_overhang,a5b_domination_argument,zdt1_interval,lu,0.25,2,0,False,5000,28,True,0.0,3182
m-2_overhang,registered_x01,zdt1_interval,lu,0.25,3,0,False,5000,28,True,0.0,2765
m-2_overhang,a5b_domination_argument,zdt1_interval,lu,0.25,3,0,False,5000,28,True,0.0,2765
m-2_overhang,registered_x01,zdt1_interval,lu,0.25,0,28,False,5000,29,True,2.8190026263045675,4998
m-2_overhang,a5b_domination_argument,zdt1_interval,lu,0.25,0,28,False,5000,29,True,2.760186793275044,4998
m-2_overhang,registered_x01,zdt1_interval,lu,0.25,1,28,False,5000,29,True,2.702684840762998,4012
m-2_overhang,a5b_domination_argument,zdt1_interval,lu,0.25,1,28,False,5000,29,True,2.585156637509899,4012
m-2_overhang,registered_x01,zdt1_interval,lu,0.25,2,0,False,5000,29,True,0.0,2835
m-2_overhang,a5b_domination_argument,zdt1_interval,lu,0.25,2,0,False,5000,29,True,0.0,2835
m-2_overhang,registered_x01,zdt1_interval,lu,0.25,3,0,False,5000,29,True,0.0,3660
m-2_overhang,a5b_domination_argument,zdt1_interval,lu,0.25,3,0,False,5000,29,True,0.0,3660
m-2_overhang,registered_x01,zdt1_interval,lu,0.25,0,28,False,5000,30,True,3.087805641796691,4125
m-2_overhang,a5b_domination_argument,zdt1_interval,lu,0.25,0,28,False,5000,30,True,3.0262602437751434,4125
m-2_overhang,registered_x01,zdt1_interval,lu,0.25,1,28,False,5000,30,True,3.0377499582996745,2445
m-2_overhang,a5b_domination_argument,zdt1_interval,lu,0.25,1,28,False,5000,30,True,2.9512904984683472,2445
m-2_overhang,registered_x01,zdt1_interval,lu,0.25,2,0,False,5000,30,True,0.0,1663
m-2_overhang,a5b_domination_argument,zdt1_interval,lu,0.25,2,0,False,5000,30,True,0.0,1663
m-2_overhang,registered_x01,zdt1_interval,lu,0.25,3,0,False,5000,30,True,0.0,1663
m-2_overhang,a5b_domination_argument,zdt1_interval,lu,0.25,3,0,False,5000,30,True,0.0,1663
m-2_overhang,registered_x01,zdt1_interval,ls,0.25,0,28,False,5000,11,True,2.9621986334435753,1519
m-2_overhang,a5b_domination_argument,zdt1_interval,ls,0.25,0,28,False,5000,11,True,2.868794930629019,1519
m-2_overhang,registered_x01,zdt1_interval,ls,0.25,1,29,False,5000,11,True,3.1043524082282867,2731
m-2_overhang,a5b_domination_argument,zdt1_interval,ls,0.25,1,29,False,5000,11,True,3.037047860186196,2731
m-2_overhang,registered_x01,zdt1_interval,ls,0.25,2,0,False,5000,11,True,0.0,20
m-2_overhang,a5b_domination_argument,zdt1_interval,ls,0.25,2,0,False,5000,11,True,0.0,20
m-2_overhang,registered_x01,zdt1_interval,ls,0.25,3,29,False,5000,11,True,3.2242431884982845,3859
m-2_overhang,a5b_domination_argument,zdt1_interval,ls,0.25,3,29,False,5000,11,True,3.2242431884982845,3859
m-2_overhang,registered_x01,zdt1_interval,ls,0.25,0,28,False,5000,12,True,3.3225213417898116,623
m-2_overhang,a5b_domination_argument,zdt1_interval,ls,0.25,0,28,False,5000,12,True,3.203434234370312,623
m-2_overhang,registered_x01,zdt1_interval,ls,0.25,1,29,False,5000,12,True,3.171789089468382,1006
m-2_overhang,a5b_domination_argument,zdt1_interval,ls,0.25,1,29,False,5000,12,True,3.1694794399924158,1006
m-2_overhang,registered_x01,zdt1_interval,ls,0.25,2,0,False,5000,12,True,0.0,3475
m-2_overhang,a5b_domination_argument,zdt1_interval,ls,0.25,2,0,False,5000,12,True,0.0,3475
m-2_overhang,registered_x01,zdt1_interval,ls,0.25,3,29,False,5000,12,True,3.310538237674815,127
m-2_overhang,a5b_domination_argument,zdt1_interval,ls,0.25,3,29,False,5000,12,True,3.310538237674815,127
m-2_overhang,registered_x01,zdt1_interval,ls,0.25,0,28,False,5000,13,True,3.3969978700080357,110
m-2_overhang,a5b_domination_argument,zdt1_interval,ls,0.25,0,28,False,5000,13,True,3.305222990985887,110
m-2_overhang,registered_x01,zdt1_interval,ls,0.25,1,29,False,5000,13,True,2.851510380088723,3878
m-2_overhang,a5b_domination_argument,zdt1_interval,ls,0.25,1,29,False,5000,13,True,2.755178443576768,3878
m-2_overhang,registered_x01,zdt1_interval,ls,0.25,2,0,False,5000,13,True,0.0,3879
m-2_overhang,a5b_domination_argument,zdt1_interval,ls,0.25,2,0,False,5000,13,True,0.0,3879
m-2_overhang,registered_x01,zdt1_interval,ls,0.25,3,29,False,5000,13,True,2.827864919121936,772
m-2_overhang,a5b_domination_argument,zdt1_interval,ls,0.25,3,29,False,5000,13,True,2.827864919121936,772
m-2_overhang,registered_x01,zdt1_interval,ls,0.25,0,28,False,5000,14,True,3.307857001414677,1145
m-2_overhang,a5b_domination_argument,zdt1_interval,ls,0.25,0,28,False,5000,14,True,3.2804067470650895,1145
m-2_overhang,registered_x01,zdt1_interval,ls,0.25,1,29,False,5000,14,True,2.7586838500052666,936
m-2_overhang,a5b_domination_argument,zdt1_interval,ls,0.25,1,29,False,5000,14,True,2.5714975581629385,936
m-2_overhang,registered_x01,zdt1_interval,ls,0.25,2,0,False,5000,14,True,0.0,1189
m-2_overhang,a5b_domination_argument,zdt1_interval,ls,0.25,2,0,False,5000,14,True,0.0,1189
m-2_overhang,registered_x01,zdt1_interval,ls,0.25,3,29,False,5000,14,True,2.983232030694651,2416
m-2_overhang,a5b_domination_argument,zdt1_interval,ls,0.25,3,29,False,5000,14,True,2.983232030694651,2416
m-2_overhang,registered_x01,zdt1_interval,ls,0.25,0,28,False,5000,15,True,3.0128350914806794,3389
m-2_overhang,a5b_domination_argument,zdt1_interval,ls,0.25,0,28,False,5000,15,True,3.0126300882512935,3389
m-2_overhang,registered_x01,zdt1_interval,ls,0.25,1,29,False,5000,15,True,3.4227590236392387,740
m-2_overhang,a5b_domination_argument,zdt1_interval,ls,0.25,1,29,False,5000,15,True,3.298096229152775,740
m-2_overhang,registered_x01,zdt1_interval,ls,0.25,2,0,False,5000,15,True,0.0,1598
m-2_overhang,a5b_domination_argument,zdt1_interval,ls,0.25,2,0,False,5000,15,True,0.0,1598
m-2_overhang,registered_x01,zdt1_interval,ls,0.25,3,29,False,5000,15,True,2.7054777657673226,1029
m-2_overhang,a5b_domination_argument,zdt1_interval,ls,0.25,3,29,False,5000,15,True,2.7054777657673226,1029
m-2_overhang,registered_x01,zdt1_interval,ls,0.25,0,28,False,5000,16,True,3.1303573836284246,3755
m-2_overhang,a5b_domination_argument,zdt1_interval,ls,0.25,0,28,False,5000,16,True,3.0677446403764637,3755
m-2_overhang,registered_x01,zdt1_interval,ls,0.25,1,29,False,5000,16,True,3.0376785057459035,416
m-2_overhang,a5b_domination_argument,zdt1_interval,ls,0.25,1,29,False,5000,16,True,2.932605583864436,416
m-2_overhang,registered_x01,zdt1_interval,ls,0.25,2,0,False,5000,16,True,0.0,6
m-2_overhang,a5b_domination_argument,zdt1_interval,ls,0.25,2,0,False,5000,16,True,0.0,6
m-2_overhang,registered_x01,zdt1_interval,ls,0.25,3,29,False,5000,16,True,3.3004177780309,3633
m-2_overhang,a5b_domination_argument,zdt1_interval,ls,0.25,3,29,False,5000,16,True,3.3004177780309,3633
m-2_overhang,registered_x01,zdt1_interval,ls,0.25,0,28,False,5000,17,True,2.753632091129573,2846
m-2_overhang,a5b_domination_argument,zdt1_interval,ls,0.25,0,28,False,5000,17,True,2.6321101021911626,2846
m-2_overhang,registered_x01,zdt1_interval,ls,0.25,1,29,False,5000,17,True,2.552068072201283,615
m-2_overhang,a5b_domination_argument,zdt1_interval,ls,0.25,1,29,False,5000,17,True,2.4779193209829997,615
m-2_overhang,registered_x01,zdt1_interval,ls,0.25,2,0,False,5000,17,True,0.0,90
m-2_overhang,a5b_domination_argument,zdt1_interval,ls,0.25,2,0,False,5000,17,True,0.0,90
m-2_overhang,registered_x01,zdt1_interval,ls,0.25,3,29,False,5000,17,True,2.5813003162571664,3699
m-2_overhang,a5b_domination_argument,zdt1_interval,ls,0.25,3,29,False,5000,17,True,2.5813003162571664,3699
m-2_overhang,registered_x01,zdt1_interval,ls,0.25,0,28,False,5000,18,True,2.7804643811099417,2815
m-2_overhang,a5b_domination_argument,zdt1_interval,ls,0.25,0,28,False,5000,18,True,2.777314341984138,2815
m-2_overhang,registered_x01,zdt1_interval,ls,0.25,1,29,False,5000,18,True,2.8416199150919508,3902
m-2_overhang,a5b_domination_argument,zdt1_interval,ls,0.25,1,29,False,5000,18,True,2.836879425511906,3902
m-2_overhang,registered_x01,zdt1_interval,ls,0.25,2,0,False,5000,18,True,0.0,2221
m-2_overhang,a5b_domination_argument,zdt1_interval,ls,0.25,2,0,False,5000,18,True,0.0,2221
m-2_overhang,registered_x01,zdt1_interval,ls,0.25,3,29,False,5000,18,True,2.878862006683207,137
m-2_overhang,a5b_domination_argument,zdt1_interval,ls,0.25,3,29,False,5000,18,True,2.878862006683207,137
m-2_overhang,registered_x01,zdt1_interval,ls,0.25,0,28,False,5000,19,True,3.201107916103373,4003
m-2_overhang,a5b_domination_argument,zdt1_interval,ls,0.25,0,28,False,5000,19,True,3.1912650146508943,4003
m-2_overhang,registered_x01,zdt1_interval,ls,0.25,1,29,False,5000,19,True,2.5876316583100887,3845
m-2_overhang,a5b_domination_argument,zdt1_interval,ls,0.25,1,29,False,5000,19,True,2.5706186892388914,3845
m-2_overhang,registered_x01,zdt1_interval,ls,0.25,2,0,False,5000,19,True,0.0,1960
m-2_overhang,a5b_domination_argument,zdt1_interval,ls,0.25,2,0,False,5000,19,True,0.0,1960
m-2_overhang,registered_x01,zdt1_interval,ls,0.25,3,29,False,5000,19,True,3.0999754638247845,87
m-2_overhang,a5b_domination_argument,zdt1_interval,ls,0.25,3,29,False,5000,19,True,3.0999754638247845,87
m-2_overhang,registered_x01,zdt1_interval,ls,0.25,0,28,False,5000,20,True,2.76415341968017,3926
m-2_overhang,a5b_domination_argument,zdt1_interval,ls,0.25,0,28,False,5000,20,True,2.7615947668184213,3926
m-2_overhang,registered_x01,zdt1_interval,ls,0.25,1,29,False,5000,20,True,2.864908841237005,1441
m-2_overhang,a5b_domination_argument,zdt1_interval,ls,0.25,1,29,False,5000,20,True,2.8589058549611943,1441
m-2_overhang,registered_x01,zdt1_interval,ls,0.25,2,0,False,5000,20,True,0.0,1078
m-2_overhang,a5b_domination_argument,zdt1_interval,ls,0.25,2,0,False,5000,20,True,0.0,1078
m-2_overhang,registered_x01,zdt1_interval,ls,0.25,3,29,False,5000,20,True,2.96100716712163,2578
m-2_overhang,a5b_domination_argument,zdt1_interval,ls,0.25,3,29,False,5000,20,True,2.96100716712163,2578
m-2_overhang,registered_x01,zdt1_interval,ls,0.25,0,28,False,5000,21,True,3.1630512627339846,1478
m-2_overhang,a5b_domination_argument,zdt1_interval,ls,0.25,0,28,False,5000,21,True,3.134032084508349,1478
m-2_overhang,registered_x01,zdt1_interval,ls,0.25,1,29,False,5000,21,True,2.7180036818456252,4031
m-2_overhang,a5b_domination_argument,zdt1_interval,ls,0.25,1,29,False,5000,21,True,2.7178399952622954,4031
m-2_overhang,registered_x01,zdt1_interval,ls,0.25,2,0,False,5000,21,True,0.0,4215
m-2_overhang,a5b_domination_argument,zdt1_interval,ls,0.25,2,0,False,5000,21,True,0.0,4215
m-2_overhang,registered_x01,zdt1_interval,ls,0.25,3,29,False,5000,21,True,2.9458260587399185,1353
m-2_overhang,a5b_domination_argument,zdt1_interval,ls,0.25,3,29,False,5000,21,True,2.9458260587399185,1353
m-2_overhang,registered_x01,zdt1_interval,ls,0.25,0,28,False,5000,22,True,3.0202667489547594,3440
m-2_overhang,a5b_domination_argument,zdt1_interval,ls,0.25,0,28,False,5000,22,True,3.020230791279815,3440
m-2_overhang,registered_x01,zdt1_interval,ls,0.25,1,29,False,5000,22,True,3.0336271840788385,253
m-2_overhang,a5b_domination_argument,zdt1_interval,ls,0.25,1,29,False,5000,22,True,2.904116478230803,253
m-2_overhang,registered_x01,zdt1_interval,ls,0.25,2,0,False,5000,22,True,0.0,160
m-2_overhang,a5b_domination_argument,zdt1_interval,ls,0.25,2,0,False,5000,22,True,0.0,160
m-2_overhang,registered_x01,zdt1_interval,ls,0.25,3,29,False,5000,22,True,2.9126700284634093,4631
m-2_overhang,a5b_domination_argument,zdt1_interval,ls,0.25,3,29,False,5000,22,True,2.9126700284634093,4631
m-2_overhang,registered_x01,zdt1_interval,ls,0.25,0,28,False,5000,23,True,3.437817637540307,978
m-2_overhang,a5b_domination_argument,zdt1_interval,ls,0.25,0,28,False,5000,23,True,3.300253604537166,978
m-2_overhang,registered_x01,zdt1_interval,ls,0.25,1,29,False,5000,23,True,3.0970654676374085,960
m-2_overhang,a5b_domination_argument,zdt1_interval,ls,0.25,1,29,False,5000,23,True,2.9943761222554706,960
m-2_overhang,registered_x01,zdt1_interval,ls,0.25,2,0,False,5000,23,True,0.0,3268
m-2_overhang,a5b_domination_argument,zdt1_interval,ls,0.25,2,0,False,5000,23,True,0.0,3268
m-2_overhang,registered_x01,zdt1_interval,ls,0.25,3,29,False,5000,23,True,2.5593598226960577,1406
m-2_overhang,a5b_domination_argument,zdt1_interval,ls,0.25,3,29,False,5000,23,True,2.5593598226960577,1406
m-2_overhang,registered_x01,zdt1_interval,ls,0.25,0,28,False,5000,24,True,2.7911057297174025,3306
m-2_overhang,a5b_domination_argument,zdt1_interval,ls,0.25,0,28,False,5000,24,True,2.7905475960812045,3306
m-2_overhang,registered_x01,zdt1_interval,ls,0.25,1,29,False,5000,24,True,3.363490619671456,3748
m-2_overhang,a5b_domination_argument,zdt1_interval,ls,0.25,1,29,False,5000,24,True,3.312865969186214,3748
m-2_overhang,registered_x01,zdt1_interval,ls,0.25,2,0,False,5000,24,True,0.0,2786
m-2_overhang,a5b_domination_argument,zdt1_interval,ls,0.25,2,0,False,5000,24,True,0.0,2786
m-2_overhang,registered_x01,zdt1_interval,ls,0.25,3,29,False,5000,24,True,3.089305062170862,1016
m-2_overhang,a5b_domination_argument,zdt1_interval,ls,0.25,3,29,False,5000,24,True,3.089305062170862,1016
m-2_overhang,registered_x01,zdt1_interval,ls,0.25,0,28,False,5000,25,True,2.91316359597524,2863
m-2_overhang,a5b_domination_argument,zdt1_interval,ls,0.25,0,28,False,5000,25,True,2.7931961446907208,2863
m-2_overhang,registered_x01,zdt1_interval,ls,0.25,1,29,False,5000,25,True,3.052709211195147,634
m-2_overhang,a5b_domination_argument,zdt1_interval,ls,0.25,1,29,False,5000,25,True,3.052538352764063,634
m-2_overhang,registered_x01,zdt1_interval,ls,0.25,2,0,False,5000,25,True,0.0,2002
m-2_overhang,a5b_domination_argument,zdt1_interval,ls,0.25,2,0,False,5000,25,True,0.0,2002
m-2_overhang,registered_x01,zdt1_interval,ls,0.25,3,29,False,5000,25,True,3.2242956890507473,2788
m-2_overhang,a5b_domination_argument,zdt1_interval,ls,0.25,3,29,False,5000,25,True,3.2242956890507473,2788
m-2_overhang,registered_x01,zdt1_interval,ls,0.25,0,28,False,5000,26,True,3.1806034302701893,3746
m-2_overhang,a5b_domination_argument,zdt1_interval,ls,0.25,0,28,False,5000,26,True,3.178052174109996,3746
m-2_overhang,registered_x01,zdt1_interval,ls,0.25,1,29,False,5000,26,True,3.109198751898485,2642
m-2_overhang,a5b_domination_argument,zdt1_interval,ls,0.25,1,29,False,5000,26,True,3.1068830649617785,2642
m-2_overhang,registered_x01,zdt1_interval,ls,0.25,2,0,False,5000,26,True,0.0,96
m-2_overhang,a5b_domination_argument,zdt1_interval,ls,0.25,2,0,False,5000,26,True,0.0,96
m-2_overhang,registered_x01,zdt1_interval,ls,0.25,3,29,False,5000,26,True,3.12695762547891,2975
m-2_overhang,a5b_domination_argument,zdt1_interval,ls,0.25,3,29,False,5000,26,True,3.12695762547891,2975
m-2_overhang,registered_x01,zdt1_interval,ls,0.25,0,28,False,5000,27,True,3.104644206264423,1873
m-2_overhang,a5b_domination_argument,zdt1_interval,ls,0.25,0,28,False,5000,27,True,3.0014836215466456,1873
m-2_overhang,registered_x01,zdt1_interval,ls,0.25,1,29,False,5000,27,True,3.0708710402819617,396
m-2_overhang,a5b_domination_argument,zdt1_interval,ls,0.25,1,29,False,5000,27,True,3.0280597662549873,396
m-2_overhang,registered_x01,zdt1_interval,ls,0.25,2,0,False,5000,27,True,0.0,1125
m-2_overhang,a5b_domination_argument,zdt1_interval,ls,0.25,2,0,False,5000,27,True,0.0,1125
m-2_overhang,registered_x01,zdt1_interval,ls,0.25,3,29,False,5000,27,True,2.696371244289874,2334
m-2_overhang,a5b_domination_argument,zdt1_interval,ls,0.25,3,29,False,5000,27,True,2.696371244289874,2334
m-2_overhang,registered_x01,zdt1_interval,ls,0.25,0,28,False,5000,28,True,3.129253839410145,4023
m-2_overhang,a5b_domination_argument,zdt1_interval,ls,0.25,0,28,False,5000,28,True,3.0901927581839135,4023
m-2_overhang,registered_x01,zdt1_interval,ls,0.25,1,29,False,5000,28,True,3.1042329727424534,2088
m-2_overhang,a5b_domination_argument,zdt1_interval,ls,0.25,1,29,False,5000,28,True,3.072028114988059,2088
m-2_overhang,registered_x01,zdt1_interval,ls,0.25,2,0,False,5000,28,True,0.0,3182
m-2_overhang,a5b_domination_argument,zdt1_interval,ls,0.25,2,0,False,5000,28,True,0.0,3182
m-2_overhang,registered_x01,zdt1_interval,ls,0.25,3,29,False,5000,28,True,2.895253894291507,4876
m-2_overhang,a5b_domination_argument,zdt1_interval,ls,0.25,3,29,False,5000,28,True,2.895253894291507,4876
m-2_overhang,registered_x01,zdt1_interval,ls,0.25,0,28,False,5000,29,True,2.8190026263045675,4998
m-2_overhang,a5b_domination_argument,zdt1_interval,ls,0.25,0,28,False,5000,29,True,2.760186793275044,4998
m-2_overhang,registered_x01,zdt1_interval,ls,0.25,1,29,False,5000,29,True,3.4391747667030153,2948
m-2_overhang,a5b_domination_argument,zdt1_interval,ls,0.25,1,29,False,5000,29,True,3.349284766144753,2948
m-2_overhang,registered_x01,zdt1_interval,ls,0.25,2,0,False,5000,29,True,0.0,2835
m-2_overhang,a5b_domination_argument,zdt1_interval,ls,0.25,2,0,False,5000,29,True,0.0,2835
m-2_overhang,registered_x01,zdt1_interval,ls,0.25,3,29,False,5000,29,True,3.15547403252111,3395
m-2_overhang,a5b_domination_argument,zdt1_interval,ls,0.25,3,29,False,5000,29,True,3.15547403252111,3395
m-2_overhang,registered_x01,zdt1_interval,ls,0.25,0,28,False,5000,30,True,3.087805641796691,4125
m-2_overhang,a5b_domination_argument,zdt1_interval,ls,0.25,0,28,False,5000,30,True,3.0262602437751434,4125
m-2_overhang,registered_x01,zdt1_interval,ls,0.25,1,29,False,5000,30,True,2.9182994893360363,2222
m-2_overhang,a5b_domination_argument,zdt1_interval,ls,0.25,1,29,False,5000,30,True,2.860604277665831,2222
m-2_overhang,registered_x01,zdt1_interval,ls,0.25,2,0,False,5000,30,True,0.0,1663
m-2_overhang,a5b_domination_argument,zdt1_interval,ls,0.25,2,0,False,5000,30,True,0.0,1663
m-2_overhang,registered_x01,zdt1_interval,ls,0.25,3,29,False,5000,30,True,3.1994399861588954,4706
m-2_overhang,a5b_domination_argument,zdt1_interval,ls,0.25,3,29,False,5000,30,True,3.1994399861588954,4706
m-2_overhang,registered_x01,zdt1_interval,cw,0.25,0,29,False,5000,11,True,3.096458147517026,2164
m-2_overhang,a5b_domination_argument,zdt1_interval,cw,0.25,0,29,False,5000,11,True,3.0146216630208027,2164
m-2_overhang,registered_x01,zdt1_interval,cw,0.25,1,29,False,5000,11,True,3.1043524082282867,2731
m-2_overhang,a5b_domination_argument,zdt1_interval,cw,0.25,1,29,False,5000,11,True,3.037047860186196,2731
m-2_overhang,registered_x01,zdt1_interval,cw,0.25,2,0,False,5000,11,True,0.0,20
m-2_overhang,a5b_domination_argument,zdt1_interval,cw,0.25,2,0,False,5000,11,True,0.0,20
m-2_overhang,registered_x01,zdt1_interval,cw,0.25,3,29,False,5000,11,True,3.2242431884982845,3859
m-2_overhang,a5b_domination_argument,zdt1_interval,cw,0.25,3,29,False,5000,11,True,3.2242431884982845,3859
m-2_overhang,registered_x01,zdt1_interval,cw,0.25,0,29,False,5000,12,True,3.1061167794419036,3436
m-2_overhang,a5b_domination_argument,zdt1_interval,cw,0.25,0,29,False,5000,12,True,3.10574062133444,3436
m-2_overhang,registered_x01,zdt1_interval,cw,0.25,1,29,False,5000,12,True,3.171789089468382,1006
m-2_overhang,a5b_domination_argument,zdt1_interval,cw,0.25,1,29,False,5000,12,True,3.1694794399924158,1006
m-2_overhang,registered_x01,zdt1_interval,cw,0.25,2,0,False,5000,12,True,0.0,3475
m-2_overhang,a5b_domination_argument,zdt1_interval,cw,0.25,2,0,False,5000,12,True,0.0,3475
m-2_overhang,registered_x01,zdt1_interval,cw,0.25,3,29,False,5000,12,True,3.310538237674815,127
m-2_overhang,a5b_domination_argument,zdt1_interval,cw,0.25,3,29,False,5000,12,True,3.310538237674815,127
m-2_overhang,registered_x01,zdt1_interval,cw,0.25,0,29,False,5000,13,True,3.3969978700080357,110
m-2_overhang,a5b_domination_argument,zdt1_interval,cw,0.25,0,29,False,5000,13,True,3.305222990985887,110
m-2_overhang,registered_x01,zdt1_interval,cw,0.25,1,29,False,5000,13,True,2.851510380088723,3878
m-2_overhang,a5b_domination_argument,zdt1_interval,cw,0.25,1,29,False,5000,13,True,2.755178443576768,3878
m-2_overhang,registered_x01,zdt1_interval,cw,0.25,2,0,False,5000,13,True,0.0,3879
m-2_overhang,a5b_domination_argument,zdt1_interval,cw,0.25,2,0,False,5000,13,True,0.0,3879
m-2_overhang,registered_x01,zdt1_interval,cw,0.25,3,29,False,5000,13,True,2.827864919121936,772
m-2_overhang,a5b_domination_argument,zdt1_interval,cw,0.25,3,29,False,5000,13,True,2.827864919121936,772
m-2_overhang,registered_x01,zdt1_interval,cw,0.25,0,29,False,5000,14,True,3.081341345101482,3550
m-2_overhang,a5b_domination_argument,zdt1_interval,cw,0.25,0,29,False,5000,14,True,2.9248507337840453,3550
m-2_overhang,registered_x01,zdt1_interval,cw,0.25,1,29,False,5000,14,True,2.7586838500052666,936
m-2_overhang,a5b_domination_argument,zdt1_interval,cw,0.25,1,29,False,5000,14,True,2.5714975581629385,936
m-2_overhang,registered_x01,zdt1_interval,cw,0.25,2,0,False,5000,14,True,0.0,1189
m-2_overhang,a5b_domination_argument,zdt1_interval,cw,0.25,2,0,False,5000,14,True,0.0,1189
m-2_overhang,registered_x01,zdt1_interval,cw,0.25,3,29,False,5000,14,True,2.983232030694651,2416
m-2_overhang,a5b_domination_argument,zdt1_interval,cw,0.25,3,29,False,5000,14,True,2.983232030694651,2416
m-2_overhang,registered_x01,zdt1_interval,cw,0.25,0,29,False,5000,15,True,3.246411769128465,1152
m-2_overhang,a5b_domination_argument,zdt1_interval,cw,0.25,0,29,False,5000,15,True,3.200961193103977,1152
m-2_overhang,registered_x01,zdt1_interval,cw,0.25,1,29,False,5000,15,True,3.4227590236392387,740
m-2_overhang,a5b_domination_argument,zdt1_interval,cw,0.25,1,29,False,5000,15,True,3.298096229152775,740
m-2_overhang,registered_x01,zdt1_interval,cw,0.25,2,0,False,5000,15,True,0.0,1598
m-2_overhang,a5b_domination_argument,zdt1_interval,cw,0.25,2,0,False,5000,15,True,0.0,1598
m-2_overhang,registered_x01,zdt1_interval,cw,0.25,3,29,False,5000,15,True,2.7054777657673226,1029
m-2_overhang,a5b_domination_argument,zdt1_interval,cw,0.25,3,29,False,5000,15,True,2.7054777657673226,1029
m-2_overhang,registered_x01,zdt1_interval,cw,0.25,0,29,False,5000,16,True,2.854024774523449,3279
m-2_overhang,a5b_domination_argument,zdt1_interval,cw,0.25,0,29,False,5000,16,True,2.844712637115484,3279
m-2_overhang,registered_x01,zdt1_interval,cw,0.25,1,29,False,5000,16,True,3.0376785057459035,416
m-2_overhang,a5b_domination_argument,zdt1_interval,cw,0.25,1,29,False,5000,16,True,2.932605583864436,416
m-2_overhang,registered_x01,zdt1_interval,cw,0.25,2,0,False,5000,16,True,0.0,6
m-2_overhang,a5b_domination_argument,zdt1_interval,cw,0.25,2,0,False,5000,16,True,0.0,6
m-2_overhang,registered_x01,zdt1_interval,cw,0.25,3,29,False,5000,16,True,3.3004177780309,3633
m-2_overhang,a5b_domination_argument,zdt1_interval,cw,0.25,3,29,False,5000,16,True,3.3004177780309,3633
m-2_overhang,registered_x01,zdt1_interval,cw,0.25,0,29,False,5000,17,True,3.396408084355473,2862
m-2_overhang,a5b_domination_argument,zdt1_interval,cw,0.25,0,29,False,5000,17,True,3.363676973739116,2862
m-2_overhang,registered_x01,zdt1_interval,cw,0.25,1,29,False,5000,17,True,2.552068072201283,615
m-2_overhang,a5b_domination_argument,zdt1_interval,cw,0.25,1,29,False,5000,17,True,2.4779193209829997,615
m-2_overhang,registered_x01,zdt1_interval,cw,0.25,2,0,False,5000,17,True,0.0,90
m-2_overhang,a5b_domination_argument,zdt1_interval,cw,0.25,2,0,False,5000,17,True,0.0,90
m-2_overhang,registered_x01,zdt1_interval,cw,0.25,3,29,False,5000,17,True,2.5813003162571664,3699
m-2_overhang,a5b_domination_argument,zdt1_interval,cw,0.25,3,29,False,5000,17,True,2.5813003162571664,3699
m-2_overhang,registered_x01,zdt1_interval,cw,0.25,0,29,False,5000,18,True,2.8123117656989836,2146
m-2_overhang,a5b_domination_argument,zdt1_interval,cw,0.25,0,29,False,5000,18,True,2.7584563570519247,2146
m-2_overhang,registered_x01,zdt1_interval,cw,0.25,1,29,False,5000,18,True,2.8416199150919508,3902
m-2_overhang,a5b_domination_argument,zdt1_interval,cw,0.25,1,29,False,5000,18,True,2.836879425511906,3902
m-2_overhang,registered_x01,zdt1_interval,cw,0.25,2,0,False,5000,18,True,0.0,2221
m-2_overhang,a5b_domination_argument,zdt1_interval,cw,0.25,2,0,False,5000,18,True,0.0,2221
m-2_overhang,registered_x01,zdt1_interval,cw,0.25,3,29,False,5000,18,True,2.878862006683207,137
m-2_overhang,a5b_domination_argument,zdt1_interval,cw,0.25,3,29,False,5000,18,True,2.878862006683207,137
m-2_overhang,registered_x01,zdt1_interval,cw,0.25,0,29,False,5000,19,True,3.0270651163824978,2777
m-2_overhang,a5b_domination_argument,zdt1_interval,cw,0.25,0,29,False,5000,19,True,3.006921571584808,2777
m-2_overhang,registered_x01,zdt1_interval,cw,0.25,1,29,False,5000,19,True,2.5876316583100887,3845
m-2_overhang,a5b_domination_argument,zdt1_interval,cw,0.25,1,29,False,5000,19,True,2.5706186892388914,3845
m-2_overhang,registered_x01,zdt1_interval,cw,0.25,2,0,False,5000,19,True,0.0,1960
m-2_overhang,a5b_domination_argument,zdt1_interval,cw,0.25,2,0,False,5000,19,True,0.0,1960
m-2_overhang,registered_x01,zdt1_interval,cw,0.25,3,29,False,5000,19,True,3.0999754638247845,87
m-2_overhang,a5b_domination_argument,zdt1_interval,cw,0.25,3,29,False,5000,19,True,3.0999754638247845,87
m-2_overhang,registered_x01,zdt1_interval,cw,0.25,0,29,False,5000,20,True,3.2966010793470653,786
m-2_overhang,a5b_domination_argument,zdt1_interval,cw,0.25,0,29,False,5000,20,True,3.1885162807617644,786
m-2_overhang,registered_x01,zdt1_interval,cw,0.25,1,29,False,5000,20,True,2.864908841237005,1441
m-2_overhang,a5b_domination_argument,zdt1_interval,cw,0.25,1,29,False,5000,20,True,2.8589058549611943,1441
m-2_overhang,registered_x01,zdt1_interval,cw,0.25,2,0,False,5000,20,True,0.0,1078
m-2_overhang,a5b_domination_argument,zdt1_interval,cw,0.25,2,0,False,5000,20,True,0.0,1078
m-2_overhang,registered_x01,zdt1_interval,cw,0.25,3,29,False,5000,20,True,2.96100716712163,2578
m-2_overhang,a5b_domination_argument,zdt1_interval,cw,0.25,3,29,False,5000,20,True,2.96100716712163,2578
m-2_overhang,registered_x01,zdt1_interval,cw,0.25,0,29,False,5000,21,True,2.9294719983545168,653
m-2_overhang,a5b_domination_argument,zdt1_interval,cw,0.25,0,29,False,5000,21,True,2.8474171110030184,653
m-2_overhang,registered_x01,zdt1_interval,cw,0.25,1,29,False,5000,21,True,2.7180036818456252,4031
m-2_overhang,a5b_domination_argument,zdt1_interval,cw,0.25,1,29,False,5000,21,True,2.7178399952622954,4031
m-2_overhang,registered_x01,zdt1_interval,cw,0.25,2,0,False,5000,21,True,0.0,4215
m-2_overhang,a5b_domination_argument,zdt1_interval,cw,0.25,2,0,False,5000,21,True,0.0,4215
m-2_overhang,registered_x01,zdt1_interval,cw,0.25,3,29,False,5000,21,True,2.9458260587399185,1353
m-2_overhang,a5b_domination_argument,zdt1_interval,cw,0.25,3,29,False,5000,21,True,2.9458260587399185,1353
m-2_overhang,registered_x01,zdt1_interval,cw,0.25,0,29,False,5000,22,True,2.6930155303457353,4068
m-2_overhang,a5b_domination_argument,zdt1_interval,cw,0.25,0,29,False,5000,22,True,2.6451319714066557,4068
m-2_overhang,registered_x01,zdt1_interval,cw,0.25,1,29,False,5000,22,True,3.0336271840788385,253
m-2_overhang,a5b_domination_argument,zdt1_interval,cw,0.25,1,29,False,5000,22,True,2.904116478230803,253
m-2_overhang,registered_x01,zdt1_interval,cw,0.25,2,0,False,5000,22,True,0.0,160
m-2_overhang,a5b_domination_argument,zdt1_interval,cw,0.25,2,0,False,5000,22,True,0.0,160
m-2_overhang,registered_x01,zdt1_interval,cw,0.25,3,29,False,5000,22,True,2.9126700284634093,4631
m-2_overhang,a5b_domination_argument,zdt1_interval,cw,0.25,3,29,False,5000,22,True,2.9126700284634093,4631
m-2_overhang,registered_x01,zdt1_interval,cw,0.25,0,29,False,5000,23,True,2.7694960956437784,1252
m-2_overhang,a5b_domination_argument,zdt1_interval,cw,0.25,0,29,False,5000,23,True,2.735505511919363,1252
m-2_overhang,registered_x01,zdt1_interval,cw,0.25,1,29,False,5000,23,True,3.0970654676374085,960
m-2_overhang,a5b_domination_argument,zdt1_interval,cw,0.25,1,29,False,5000,23,True,2.9943761222554706,960
m-2_overhang,registered_x01,zdt1_interval,cw,0.25,2,0,False,5000,23,True,0.0,3268
m-2_overhang,a5b_domination_argument,zdt1_interval,cw,0.25,2,0,False,5000,23,True,0.0,3268
m-2_overhang,registered_x01,zdt1_interval,cw,0.25,3,29,False,5000,23,True,2.5593598226960577,1406
m-2_overhang,a5b_domination_argument,zdt1_interval,cw,0.25,3,29,False,5000,23,True,2.5593598226960577,1406
m-2_overhang,registered_x01,zdt1_interval,cw,0.25,0,29,False,5000,24,True,2.887209476806517,3172
m-2_overhang,a5b_domination_argument,zdt1_interval,cw,0.25,0,29,False,5000,24,True,2.883452147676854,3172
m-2_overhang,registered_x01,zdt1_interval,cw,0.25,1,29,False,5000,24,True,3.363490619671456,3748
m-2_overhang,a5b_domination_argument,zdt1_interval,cw,0.25,1,29,False,5000,24,True,3.312865969186214,3748
m-2_overhang,registered_x01,zdt1_interval,cw,0.25,2,0,False,5000,24,True,0.0,2786
m-2_overhang,a5b_domination_argument,zdt1_interval,cw,0.25,2,0,False,5000,24,True,0.0,2786
m-2_overhang,registered_x01,zdt1_interval,cw,0.25,3,29,False,5000,24,True,3.089305062170862,1016
m-2_overhang,a5b_domination_argument,zdt1_interval,cw,0.25,3,29,False,5000,24,True,3.089305062170862,1016
m-2_overhang,registered_x01,zdt1_interval,cw,0.25,0,29,False,5000,25,True,3.188911076196734,3294
m-2_overhang,a5b_domination_argument,zdt1_interval,cw,0.25,0,29,False,5000,25,True,3.1428647564104977,3294
m-2_overhang,registered_x01,zdt1_interval,cw,0.25,1,29,False,5000,25,True,3.052709211195147,634
m-2_overhang,a5b_domination_argument,zdt1_interval,cw,0.25,1,29,False,5000,25,True,3.052538352764063,634
m-2_overhang,registered_x01,zdt1_interval,cw,0.25,2,0,False,5000,25,True,0.0,2002
m-2_overhang,a5b_domination_argument,zdt1_interval,cw,0.25,2,0,False,5000,25,True,0.0,2002
m-2_overhang,registered_x01,zdt1_interval,cw,0.25,3,29,False,5000,25,True,3.2242956890507473,2788
m-2_overhang,a5b_domination_argument,zdt1_interval,cw,0.25,3,29,False,5000,25,True,3.2242956890507473,2788
m-2_overhang,registered_x01,zdt1_interval,cw,0.25,0,29,False,5000,26,True,3.098317379488493,4222
m-2_overhang,a5b_domination_argument,zdt1_interval,cw,0.25,0,29,False,5000,26,True,3.0808573978610707,4222
m-2_overhang,registered_x01,zdt1_interval,cw,0.25,1,29,False,5000,26,True,3.109198751898485,2642
m-2_overhang,a5b_domination_argument,zdt1_interval,cw,0.25,1,29,False,5000,26,True,3.1068830649617785,2642
m-2_overhang,registered_x01,zdt1_interval,cw,0.25,2,0,False,5000,26,True,0.0,96
m-2_overhang,a5b_domination_argument,zdt1_interval,cw,0.25,2,0,False,5000,26,True,0.0,96
m-2_overhang,registered_x01,zdt1_interval,cw,0.25,3,29,False,5000,26,True,3.12695762547891,2975
m-2_overhang,a5b_domination_argument,zdt1_interval,cw,0.25,3,29,False,5000,26,True,3.12695762547891,2975
m-2_overhang,registered_x01,zdt1_interval,cw,0.25,0,29,False,5000,27,True,3.2073845142980373,3291
m-2_overhang,a5b_domination_argument,zdt1_interval,cw,0.25,0,29,False,5000,27,True,3.1975068406909,3291
m-2_overhang,registered_x01,zdt1_interval,cw,0.25,1,29,False,5000,27,True,3.0708710402819617,396
m-2_overhang,a5b_domination_argument,zdt1_interval,cw,0.25,1,29,False,5000,27,True,3.0280597662549873,396
m-2_overhang,registered_x01,zdt1_interval,cw,0.25,2,0,False,5000,27,True,0.0,1125
m-2_overhang,a5b_domination_argument,zdt1_interval,cw,0.25,2,0,False,5000,27,True,0.0,1125
m-2_overhang,registered_x01,zdt1_interval,cw,0.25,3,29,False,5000,27,True,2.696371244289874,2334
m-2_overhang,a5b_domination_argument,zdt1_interval,cw,0.25,3,29,False,5000,27,True,2.696371244289874,2334
m-2_overhang,registered_x01,zdt1_interval,cw,0.25,0,29,False,5000,28,True,3.091641798943974,3192
m-2_overhang,a5b_domination_argument,zdt1_interval,cw,0.25,0,29,False,5000,28,True,3.04212308497159,3192
m-2_overhang,registered_x01,zdt1_interval,cw,0.25,1,29,False,5000,28,True,3.1042329727424534,2088
m-2_overhang,a5b_domination_argument,zdt1_interval,cw,0.25,1,29,False,5000,28,True,3.072028114988059,2088
m-2_overhang,registered_x01,zdt1_interval,cw,0.25,2,0,False,5000,28,True,0.0,3182
m-2_overhang,a5b_domination_argument,zdt1_interval,cw,0.25,2,0,False,5000,28,True,0.0,3182
m-2_overhang,registered_x01,zdt1_interval,cw,0.25,3,29,False,5000,28,True,2.895253894291507,4876
m-2_overhang,a5b_domination_argument,zdt1_interval,cw,0.25,3,29,False,5000,28,True,2.895253894291507,4876
m-2_overhang,registered_x01,zdt1_interval,cw,0.25,0,29,False,5000,29,True,3.1759467550190266,1593
m-2_overhang,a5b_domination_argument,zdt1_interval,cw,0.25,0,29,False,5000,29,True,3.114195108939494,1593
m-2_overhang,registered_x01,zdt1_interval,cw,0.25,1,29,False,5000,29,True,3.4391747667030153,2948
m-2_overhang,a5b_domination_argument,zdt1_interval,cw,0.25,1,29,False,5000,29,True,3.349284766144753,2948
m-2_overhang,registered_x01,zdt1_interval,cw,0.25,2,0,False,5000,29,True,0.0,2835
m-2_overhang,a5b_domination_argument,zdt1_interval,cw,0.25,2,0,False,5000,29,True,0.0,2835
m-2_overhang,registered_x01,zdt1_interval,cw,0.25,3,29,False,5000,29,True,3.15547403252111,3395
m-2_overhang,a5b_domination_argument,zdt1_interval,cw,0.25,3,29,False,5000,29,True,3.15547403252111,3395
m-2_overhang,registered_x01,zdt1_interval,cw,0.25,0,29,False,5000,30,True,3.0377499582996745,2445
m-2_overhang,a5b_domination_argument,zdt1_interval,cw,0.25,0,29,False,5000,30,True,2.9512904984683472,2445
m-2_overhang,registered_x01,zdt1_interval,cw,0.25,1,29,False,5000,30,True,2.9182994893360363,2222
m-2_overhang,a5b_domination_argument,zdt1_interval,cw,0.25,1,29,False,5000,30,True,2.860604277665831,2222
m-2_overhang,registered_x01,zdt1_interval,cw,0.25,2,0,False,5000,30,True,0.0,1663
m-2_overhang,a5b_domination_argument,zdt1_interval,cw,0.25,2,0,False,5000,30,True,0.0,1663
m-2_overhang,registered_x01,zdt1_interval,cw,0.25,3,29,False,5000,30,True,3.1994399861588954,4706
m-2_overhang,a5b_domination_argument,zdt1_interval,cw,0.25,3,29,False,5000,30,True,3.1994399861588954,4706
m-2_overhang,registered_x01,zdt1_interval,lu,0.5,0,28,False,5000,11,True,2.9621986334435753,1519
m-2_overhang,a5b_domination_argument,zdt1_interval,lu,0.5,0,28,False,5000,11,True,2.868794930629019,1519
m-2_overhang,registered_x01,zdt1_interval,lu,0.5,1,28,False,5000,11,True,2.9303097558423614,2335
m-2_overhang,a5b_domination_argument,zdt1_interval,lu,0.5,1,28,False,5000,11,True,2.9302882052627934,2335
m-2_overhang,registered_x01,zdt1_interval,lu,0.5,2,0,False,5000,11,True,0.0,1905
m-2_overhang,a5b_domination_argument,zdt1_interval,lu,0.5,2,0,False,5000,11,True,0.0,1905
m-2_overhang,registered_x01,zdt1_interval,lu,0.5,3,0,False,5000,11,True,0.0,20
m-2_overhang,a5b_domination_argument,zdt1_interval,lu,0.5,3,0,False,5000,11,True,0.0,20
m-2_overhang,registered_x01,zdt1_interval,lu,0.5,0,28,False,5000,12,True,3.3225213417898116,623
m-2_overhang,a5b_domination_argument,zdt1_interval,lu,0.5,0,28,False,5000,12,True,3.203434234370312,623
m-2_overhang,registered_x01,zdt1_interval,lu,0.5,1,28,False,5000,12,True,2.8227453461388814,4984
m-2_overhang,a5b_domination_argument,zdt1_interval,lu,0.5,1,28,False,5000,12,True,2.6783462925095787,4984
m-2_overhang,registered_x01,zdt1_interval,lu,0.5,2,0,False,5000,12,True,0.0,3475
m-2_overhang,a5b_domination_argument,zdt1_interval,lu,0.5,2,0,False,5000,12,True,0.0,3475
m-2_overhang,registered_x01,zdt1_interval,lu,0.5,3,0,False,5000,12,True,0.0,3475
m-2_overhang,a5b_domination_argument,zdt1_interval,lu,0.5,3,0,False,5000,12,True,0.0,3475
m-2_overhang,registered_x01,zdt1_interval,lu,0.5,0,28,False,5000,13,True,3.3969978700080357,110
m-2_overhang,a5b_domination_argument,zdt1_interval,lu,0.5,0,28,False,5000,13,True,3.305222990985887,110
m-2_overhang,registered_x01,zdt1_interval,lu,0.5,1,28,False,5000,13,True,2.848831446686365,3366
m-2_overhang,a5b_domination_argument,zdt1_interval,lu,0.5,1,28,False,5000,13,True,2.8431351751428053,3366
m-2_overhang,registered_x01,zdt1_interval,lu,0.5,2,0,False,5000,13,True,0.0,3879
m-2_overhang,a5b_domination_argument,zdt1_interval,lu,0.5,2,0,False,5000,13,True,0.0,3879
m-2_overhang,registered_x01,zdt1_interval,lu,0.5,3,0,False,5000,13,True,0.0,3879
m-2_overhang,a5b_domination_argument,zdt1_interval,lu,0.5,3,0,False,5000,13,True,0.0,3879
m-2_overhang,registered_x01,zdt1_interval,lu,0.5,0,28,False,5000,14,True,3.307857001414677,1145
m-2_overhang,a5b_domination_argument,zdt1_interval,lu,0.5,0,28,False,5000,14,True,3.2804067470650895,1145
m-2_overhang,registered_x01,zdt1_interval,lu,0.5,1,28,False,5000,14,True,3.081341345101482,3550
m-2_overhang,a5b_domination_argument,zdt1_interval,lu,0.5,1,28,False,5000,14,True,2.9248507337840453,3550
m-2_overhang,registered_x01,zdt1_interval,lu,0.5,2,0,False,5000,14,True,0.0,1189
m-2_overhang,a5b_domination_argument,zdt1_interval,lu,0.5,2,0,False,5000,14,True,0.0,1189
m-2_overhang,registered_x01,zdt1_interval,lu,0.5,3,0,False,5000,14,True,0.0,2229
m-2_overhang,a5b_domination_argument,zdt1_interval,lu,0.5,3,0,False,5000,14,True,0.0,2229
m-2_overhang,registered_x01,zdt1_interval,lu,0.5,0,28,False,5000,15,True,3.0128350914806794,3389
m-2_overhang,a5b_domination_argument,zdt1_interval,lu,0.5,0,28,False,5000,15,True,3.0126300882512935,3389
m-2_overhang,registered_x01,zdt1_interval,lu,0.5,1,28,False,5000,15,True,2.7837456139791734,3253
m-2_overhang,a5b_domination_argument,zdt1_interval,lu,0.5,1,28,False,5000,15,True,2.783701528231438,3253
m-2_overhang,registered_x01,zdt1_interval,lu,0.5,2,0,False,5000,15,True,0.0,1598
m-2_overhang,a5b_domination_argument,zdt1_interval,lu,0.5,2,0,False,5000,15,True,0.0,1598
m-2_overhang,registered_x01,zdt1_interval,lu,0.5,3,0,False,5000,15,True,0.0,4997
m-2_overhang,a5b_domination_argument,zdt1_interval,lu,0.5,3,0,False,5000,15,True,0.0,4997
m-2_overhang,registered_x01,zdt1_interval,lu,0.5,0,28,False,5000,16,True,3.1303573836284246,3755
m-2_overhang,a5b_domination_argument,zdt1_interval,lu,0.5,0,28,False,5000,16,True,3.0677446403764637,3755
m-2_overhang,registered_x01,zdt1_interval,lu,0.5,1,28,False,5000,16,True,3.394118330423916,2119
m-2_overhang,a5b_domination_argument,zdt1_interval,lu,0.5,1,28,False,5000,16,True,3.393846085185174,2119
m-2_overhang,registered_x01,zdt1_interval,lu,0.5,2,0,False,5000,16,True,0.0,6
m-2_overhang,a5b_domination_argument,zdt1_interval,lu,0.5,2,0,False,5000,16,True,0.0,6
m-2_overhang,registered_x01,zdt1_interval,lu,0.5,3,0,False,5000,16,True,0.0,6
m-2_overhang,a5b_domination_argument,zdt1_interval,lu,0.5,3,0,False,5000,16,True,0.0,6
m-2_overhang,registered_x01,zdt1_interval,lu,0.5,0,28,False,5000,17,True,2.753632091129573,2846
m-2_overhang,a5b_domination_argument,zdt1_interval,lu,0.5,0,28,False,5000,17,True,2.6321101021911626,2846
m-2_overhang,registered_x01,zdt1_interval,lu,0.5,1,28,False,5000,17,True,2.545064502025791,3117
m-2_overhang,a5b_domination_argument,zdt1_interval,lu,0.5,1,28,False,5000,17,True,2.475131924257458,3117
m-2_overhang,registered_x01,zdt1_interval,lu,0.5,2,0,False,5000,17,True,0.0,90
m-2_overhang,a5b_domination_argument,zdt1_interval,lu,0.5,2,0,False,5000,17,True,0.0,90
m-2_overhang,registered_x01,zdt1_interval,lu,0.5,3,0,False,5000,17,True,0.0,3385
m-2_overhang,a5b_domination_argument,zdt1_interval,lu,0.5,3,0,False,5000,17,True,0.0,3385
m-2_overhang,registered_x01,zdt1_interval,lu,0.5,0,28,False,5000,18,True,2.7804643811099417,2815
m-2_overhang,a5b_domination_argument,zdt1_interval,lu,0.5,0,28,False,5000,18,True,2.777314341984138,2815
m-2_overhang,registered_x01,zdt1_interval,lu,0.5,1,28,False,5000,18,True,3.0096971279147895,3317
m-2_overhang,a5b_domination_argument,zdt1_interval,lu,0.5,1,28,False,5000,18,True,2.869784627086773,3317
m-2_overhang,registered_x01,zdt1_interval,lu,0.5,2,0,False,5000,18,True,0.0,2221
m-2_overhang,a5b_domination_argument,zdt1_interval,lu,0.5,2,0,False,5000,18,True,0.0,2221
m-2_overhang,registered_x01,zdt1_interval,lu,0.5,3,0,False,5000,18,True,0.0,2221
m-2_overhang,a5b_domination_argument,zdt1_interval,lu,0.5,3,0,False,5000,18,True,0.0,2221
m-2_overhang,registered_x01,zdt1_interval,lu,0.5,0,28,False,5000,19,True,3.201107916103373,4003
m-2_overhang,a5b_domination_argument,zdt1_interval,lu,0.5,0,28,False,5000,19,True,3.1912650146508943,4003
m-2_overhang,registered_x01,zdt1_interval,lu,0.5,1,28,False,5000,19,True,3.3865639495584374,3799
m-2_overhang,a5b_domination_argument,zdt1_interval,lu,0.5,1,28,False,5000,19,True,3.241983774186555,3799
m-2_overhang,registered_x01,zdt1_interval,lu,0.5,2,0,False,5000,19,True,0.0,1960
m-2_overhang,a5b_domination_argument,zdt1_interval,lu,0.5,2,0,False,5000,19,True,0.0,1960
m-2_overhang,registered_x01,zdt1_interval,lu,0.5,3,0,False,5000,19,True,0.0,1960
m-2_overhang,a5b_domination_argument,zdt1_interval,lu,0.5,3,0,False,5000,19,True,0.0,1960
m-2_overhang,registered_x01,zdt1_interval,lu,0.5,0,28,False,5000,20,True,2.76415341968017,3926
m-2_overhang,a5b_domination_argument,zdt1_interval,lu,0.5,0,28,False,5000,20,True,2.7615947668184213,3926
m-2_overhang,registered_x01,zdt1_interval,lu,0.5,1,28,False,5000,20,True,3.1132037247220565,2584
m-2_overhang,a5b_domination_argument,zdt1_interval,lu,0.5,1,28,False,5000,20,True,2.9511901611789626,2584
m-2_overhang,registered_x01,zdt1_interval,lu,0.5,2,0,False,5000,20,True,0.0,1078
m-2_overhang,a5b_domination_argument,zdt1_interval,lu,0.5,2,0,False,5000,20,True,0.0,1078
m-2_overhang,registered_x01,zdt1_interval,lu,0.5,3,0,False,5000,20,True,0.0,1078
m-2_overhang,a5b_domination_argument,zdt1_interval,lu,0.5,3,0,False,5000,20,True,0.0,1078
m-2_overhang,registered_x01,zdt1_interval,lu,0.5,0,28,False,5000,21,True,3.1630512627339846,1478
m-2_overhang,a5b_domination_argument,zdt1_interval,lu,0.5,0,28,False,5000,21,True,3.134032084508349,1478
m-2_overhang,registered_x01,zdt1_interval,lu,0.5,1,28,False,5000,21,True,3.3182237359539406,3750
m-2_overhang,a5b_domination_argument,zdt1_interval,lu,0.5,1,28,False,5000,21,True,3.309422272444766,3750
m-2_overhang,registered_x01,zdt1_interval,lu,0.5,2,0,False,5000,21,True,0.0,4215
m-2_overhang,a5b_domination_argument,zdt1_interval,lu,0.5,2,0,False,5000,21,True,0.0,4215
m-2_overhang,registered_x01,zdt1_interval,lu,0.5,3,0,False,5000,21,True,0.0,1457
m-2_overhang,a5b_domination_argument,zdt1_interval,lu,0.5,3,0,False,5000,21,True,0.0,1457
m-2_overhang,registered_x01,zdt1_interval,lu,0.5,0,28,False,5000,22,True,3.0202667489547594,3440
m-2_overhang,a5b_domination_argument,zdt1_interval,lu,0.5,0,28,False,5000,22,True,3.020230791279815,3440
m-2_overhang,registered_x01,zdt1_interval,lu,0.5,1,28,False,5000,22,True,2.6930155303457353,4068
m-2_overhang,a5b_domination_argument,zdt1_interval,lu,0.5,1,28,False,5000,22,True,2.6451319714066557,4068
m-2_overhang,registered_x01,zdt1_interval,lu,0.5,2,0,False,5000,22,True,0.0,160
m-2_overhang,a5b_domination_argument,zdt1_interval,lu,0.5,2,0,False,5000,22,True,0.0,160
m-2_overhang,registered_x01,zdt1_interval,lu,0.5,3,0,False,5000,22,True,0.0,160
m-2_overhang,a5b_domination_argument,zdt1_interval,lu,0.5,3,0,False,5000,22,True,0.0,160
m-2_overhang,registered_x01,zdt1_interval,lu,0.5,0,28,False,5000,23,True,3.437817637540307,978
m-2_overhang,a5b_domination_argument,zdt1_interval,lu,0.5,0,28,False,5000,23,True,3.300253604537166,978
m-2_overhang,registered_x01,zdt1_interval,lu,0.5,1,28,False,5000,23,True,3.1870836989456737,2485
m-2_overhang,a5b_domination_argument,zdt1_interval,lu,0.5,1,28,False,5000,23,True,3.1647222184004917,2485
m-2_overhang,registered_x01,zdt1_interval,lu,0.5,2,0,False,5000,23,True,0.0,3268
m-2_overhang,a5b_domination_argument,zdt1_interval,lu,0.5,2,0,False,5000,23,True,0.0,3268
m-2_overhang,registered_x01,zdt1_interval,lu,0.5,3,0,False,5000,23,True,0.0,3268
m-2_overhang,a5b_domination_argument,zdt1_interval,lu,0.5,3,0,False,5000,23,True,0.0,3268
m-2_overhang,registered_x01,zdt1_interval,lu,0.5,0,28,False,5000,24,True,2.7911057297174025,3306
m-2_overhang,a5b_domination_argument,zdt1_interval,lu,0.5,0,28,False,5000,24,True,2.7905475960812045,3306
m-2_overhang,registered_x01,zdt1_interval,lu,0.5,1,28,False,5000,24,True,3.1644661661233418,2861
m-2_overhang,a5b_domination_argument,zdt1_interval,lu,0.5,1,28,False,5000,24,True,3.1094242364513254,2861
m-2_overhang,registered_x01,zdt1_interval,lu,0.5,2,0,False,5000,24,True,0.0,2786
m-2_overhang,a5b_domination_argument,zdt1_interval,lu,0.5,2,0,False,5000,24,True,0.0,2786
m-2_overhang,registered_x01,zdt1_interval,lu,0.5,3,0,False,5000,24,True,0.0,2786
m-2_overhang,a5b_domination_argument,zdt1_interval,lu,0.5,3,0,False,5000,24,True,0.0,2786
m-2_overhang,registered_x01,zdt1_interval,lu,0.5,0,28,False,5000,25,True,2.91316359597524,2863
m-2_overhang,a5b_domination_argument,zdt1_interval,lu,0.5,0,28,False,5000,25,True,2.7931961446907208,2863
m-2_overhang,registered_x01,zdt1_interval,lu,0.5,1,28,False,5000,25,True,2.692300491752809,3216
m-2_overhang,a5b_domination_argument,zdt1_interval,lu,0.5,1,28,False,5000,25,True,2.6094609887791735,3216
m-2_overhang,registered_x01,zdt1_interval,lu,0.5,2,0,False,5000,25,True,0.0,2002
m-2_overhang,a5b_domination_argument,zdt1_interval,lu,0.5,2,0,False,5000,25,True,0.0,2002
m-2_overhang,registered_x01,zdt1_interval,lu,0.5,3,0,False,5000,25,True,0.0,2002
m-2_overhang,a5b_domination_argument,zdt1_interval,lu,0.5,3,0,False,5000,25,True,0.0,2002
m-2_overhang,registered_x01,zdt1_interval,lu,0.5,0,28,False,5000,26,True,3.1806034302701893,3746
m-2_overhang,a5b_domination_argument,zdt1_interval,lu,0.5,0,28,False,5000,26,True,3.178052174109996,3746
m-2_overhang,registered_x01,zdt1_interval,lu,0.5,1,28,False,5000,26,True,3.4887225041268164,2248
m-2_overhang,a5b_domination_argument,zdt1_interval,lu,0.5,1,28,False,5000,26,True,3.4195441566810962,2248
m-2_overhang,registered_x01,zdt1_interval,lu,0.5,2,0,False,5000,26,True,0.0,3012
m-2_overhang,a5b_domination_argument,zdt1_interval,lu,0.5,2,0,False,5000,26,True,0.0,3012
m-2_overhang,registered_x01,zdt1_interval,lu,0.5,3,0,False,5000,26,True,0.0,96
m-2_overhang,a5b_domination_argument,zdt1_interval,lu,0.5,3,0,False,5000,26,True,0.0,96
m-2_overhang,registered_x01,zdt1_interval,lu,0.5,0,28,False,5000,27,True,2.9267003719586526,1408
m-2_overhang,a5b_domination_argument,zdt1_interval,lu,0.5,0,28,False,5000,27,True,2.9262421837771893,1408
m-2_overhang,registered_x01,zdt1_interval,lu,0.5,1,28,False,5000,27,True,3.2073845142980373,3291
m-2_overhang,a5b_domination_argument,zdt1_interval,lu,0.5,1,28,False,5000,27,True,3.1975068406909,3291
m-2_overhang,registered_x01,zdt1_interval,lu,0.5,2,0,False,5000,27,True,0.0,1125
m-2_overhang,a5b_domination_argument,zdt1_interval,lu,0.5,2,0,False,5000,27,True,0.0,1125
m-2_overhang,registered_x01,zdt1_interval,lu,0.5,3,0,False,5000,27,True,0.0,1125
m-2_overhang,a5b_domination_argument,zdt1_interval,lu,0.5,3,0,False,5000,27,True,0.0,1125
m-2_overhang,registered_x01,zdt1_interval,lu,0.5,0,28,False,5000,28,True,3.129253839410145,4023
m-2_overhang,a5b_domination_argument,zdt1_interval,lu,0.5,0,28,False,5000,28,True,3.0901927581839135,4023
m-2_overhang,registered_x01,zdt1_interval,lu,0.5,1,28,False,5000,28,True,2.947925642896735,3571
m-2_overhang,a5b_domination_argument,zdt1_interval,lu,0.5,1,28,False,5000,28,True,2.943226452582078,3571
m-2_overhang,registered_x01,zdt1_interval,lu,0.5,2,0,False,5000,28,True,0.0,3182
m-2_overhang,a5b_domination_argument,zdt1_interval,lu,0.5,2,0,False,5000,28,True,0.0,3182
m-2_overhang,registered_x01,zdt1_interval,lu,0.5,3,0,False,5000,28,True,0.0,2765
m-2_overhang,a5b_domination_argument,zdt1_interval,lu,0.5,3,0,False,5000,28,True,0.0,2765
m-2_overhang,registered_x01,zdt1_interval,lu,0.5,0,28,False,5000,29,True,2.8190026263045675,4998
m-2_overhang,a5b_domination_argument,zdt1_interval,lu,0.5,0,28,False,5000,29,True,2.760186793275044,4998
m-2_overhang,registered_x01,zdt1_interval,lu,0.5,1,28,False,5000,29,True,2.702684840762998,4012
m-2_overhang,a5b_domination_argument,zdt1_interval,lu,0.5,1,28,False,5000,29,True,2.585156637509899,4012
m-2_overhang,registered_x01,zdt1_interval,lu,0.5,2,0,False,5000,29,True,0.0,2835
m-2_overhang,a5b_domination_argument,zdt1_interval,lu,0.5,2,0,False,5000,29,True,0.0,2835
m-2_overhang,registered_x01,zdt1_interval,lu,0.5,3,0,False,5000,29,True,0.0,3660
m-2_overhang,a5b_domination_argument,zdt1_interval,lu,0.5,3,0,False,5000,29,True,0.0,3660
m-2_overhang,registered_x01,zdt1_interval,lu,0.5,0,28,False,5000,30,True,3.087805641796691,4125
m-2_overhang,a5b_domination_argument,zdt1_interval,lu,0.5,0,28,False,5000,30,True,3.0262602437751434,4125
m-2_overhang,registered_x01,zdt1_interval,lu,0.5,1,28,False,5000,30,True,3.0377499582996745,2445
m-2_overhang,a5b_domination_argument,zdt1_interval,lu,0.5,1,28,False,5000,30,True,2.9512904984683472,2445
m-2_overhang,registered_x01,zdt1_interval,lu,0.5,2,0,False,5000,30,True,0.0,1663
m-2_overhang,a5b_domination_argument,zdt1_interval,lu,0.5,2,0,False,5000,30,True,0.0,1663
m-2_overhang,registered_x01,zdt1_interval,lu,0.5,3,0,False,5000,30,True,0.0,1663
m-2_overhang,a5b_domination_argument,zdt1_interval,lu,0.5,3,0,False,5000,30,True,0.0,1663
m-2_overhang,registered_x01,zdt1_interval,ls,0.5,0,28,False,5000,11,True,2.9621986334435753,1519
m-2_overhang,a5b_domination_argument,zdt1_interval,ls,0.5,0,28,False,5000,11,True,2.868794930629019,1519
m-2_overhang,registered_x01,zdt1_interval,ls,0.5,1,29,False,5000,11,True,3.1043524082282867,2731
m-2_overhang,a5b_domination_argument,zdt1_interval,ls,0.5,1,29,False,5000,11,True,3.037047860186196,2731
m-2_overhang,registered_x01,zdt1_interval,ls,0.5,2,0,False,5000,11,True,0.0,1905
m-2_overhang,a5b_domination_argument,zdt1_interval,ls,0.5,2,0,False,5000,11,True,0.0,1905
m-2_overhang,registered_x01,zdt1_interval,ls,0.5,3,29,False,5000,11,True,3.2242431884982845,3859
m-2_overhang,a5b_domination_argument,zdt1_interval,ls,0.5,3,29,False,5000,11,True,3.2242431884982845,3859
m-2_overhang,registered_x01,zdt1_interval,ls,0.5,0,28,False,5000,12,True,3.3225213417898116,623
m-2_overhang,a5b_domination_argument,zdt1_interval,ls,0.5,0,28,False,5000,12,True,3.203434234370312,623
m-2_overhang,registered_x01,zdt1_interval,ls,0.5,1,29,False,5000,12,True,3.171789089468382,1006
m-2_overhang,a5b_domination_argument,zdt1_interval,ls,0.5,1,29,False,5000,12,True,3.1694794399924158,1006
m-2_overhang,registered_x01,zdt1_interval,ls,0.5,2,0,False,5000,12,True,0.0,3475
m-2_overhang,a5b_domination_argument,zdt1_interval,ls,0.5,2,0,False,5000,12,True,0.0,3475
m-2_overhang,registered_x01,zdt1_interval,ls,0.5,3,29,False,5000,12,True,3.310538237674815,127
m-2_overhang,a5b_domination_argument,zdt1_interval,ls,0.5,3,29,False,5000,12,True,3.310538237674815,127
m-2_overhang,registered_x01,zdt1_interval,ls,0.5,0,28,False,5000,13,True,3.3969978700080357,110
m-2_overhang,a5b_domination_argument,zdt1_interval,ls,0.5,0,28,False,5000,13,True,3.305222990985887,110
m-2_overhang,registered_x01,zdt1_interval,ls,0.5,1,29,False,5000,13,True,2.851510380088723,3878
m-2_overhang,a5b_domination_argument,zdt1_interval,ls,0.5,1,29,False,5000,13,True,2.755178443576768,3878
m-2_overhang,registered_x01,zdt1_interval,ls,0.5,2,0,False,5000,13,True,0.0,3879
m-2_overhang,a5b_domination_argument,zdt1_interval,ls,0.5,2,0,False,5000,13,True,0.0,3879
m-2_overhang,registered_x01,zdt1_interval,ls,0.5,3,29,False,5000,13,True,2.827864919121936,772
m-2_overhang,a5b_domination_argument,zdt1_interval,ls,0.5,3,29,False,5000,13,True,2.827864919121936,772
m-2_overhang,registered_x01,zdt1_interval,ls,0.5,0,28,False,5000,14,True,3.307857001414677,1145
m-2_overhang,a5b_domination_argument,zdt1_interval,ls,0.5,0,28,False,5000,14,True,3.2804067470650895,1145
m-2_overhang,registered_x01,zdt1_interval,ls,0.5,1,29,False,5000,14,True,2.7586838500052666,936
m-2_overhang,a5b_domination_argument,zdt1_interval,ls,0.5,1,29,False,5000,14,True,2.5714975581629385,936
m-2_overhang,registered_x01,zdt1_interval,ls,0.5,2,0,False,5000,14,True,0.0,1189
m-2_overhang,a5b_domination_argument,zdt1_interval,ls,0.5,2,0,False,5000,14,True,0.0,1189
m-2_overhang,registered_x01,zdt1_interval,ls,0.5,3,29,False,5000,14,True,2.983232030694651,2416
m-2_overhang,a5b_domination_argument,zdt1_interval,ls,0.5,3,29,False,5000,14,True,2.983232030694651,2416
m-2_overhang,registered_x01,zdt1_interval,ls,0.5,0,28,False,5000,15,True,3.0128350914806794,3389
m-2_overhang,a5b_domination_argument,zdt1_interval,ls,0.5,0,28,False,5000,15,True,3.0126300882512935,3389
m-2_overhang,registered_x01,zdt1_interval,ls,0.5,1,29,False,5000,15,True,3.4227590236392387,740
m-2_overhang,a5b_domination_argument,zdt1_interval,ls,0.5,1,29,False,5000,15,True,3.298096229152775,740
m-2_overhang,registered_x01,zdt1_interval,ls,0.5,2,0,False,5000,15,True,0.0,1598
m-2_overhang,a5b_domination_argument,zdt1_interval,ls,0.5,2,0,False,5000,15,True,0.0,1598
m-2_overhang,registered_x01,zdt1_interval,ls,0.5,3,29,False,5000,15,True,2.7054777657673226,1029
m-2_overhang,a5b_domination_argument,zdt1_interval,ls,0.5,3,29,False,5000,15,True,2.7054777657673226,1029
m-2_overhang,registered_x01,zdt1_interval,ls,0.5,0,28,False,5000,16,True,3.1303573836284246,3755
m-2_overhang,a5b_domination_argument,zdt1_interval,ls,0.5,0,28,False,5000,16,True,3.0677446403764637,3755
m-2_overhang,registered_x01,zdt1_interval,ls,0.5,1,29,False,5000,16,True,3.0376785057459035,416
m-2_overhang,a5b_domination_argument,zdt1_interval,ls,0.5,1,29,False,5000,16,True,2.932605583864436,416
m-2_overhang,registered_x01,zdt1_interval,ls,0.5,2,0,False,5000,16,True,0.0,6
m-2_overhang,a5b_domination_argument,zdt1_interval,ls,0.5,2,0,False,5000,16,True,0.0,6
m-2_overhang,registered_x01,zdt1_interval,ls,0.5,3,29,False,5000,16,True,3.3004177780309,3633
m-2_overhang,a5b_domination_argument,zdt1_interval,ls,0.5,3,29,False,5000,16,True,3.3004177780309,3633
m-2_overhang,registered_x01,zdt1_interval,ls,0.5,0,28,False,5000,17,True,2.753632091129573,2846
m-2_overhang,a5b_domination_argument,zdt1_interval,ls,0.5,0,28,False,5000,17,True,2.6321101021911626,2846
m-2_overhang,registered_x01,zdt1_interval,ls,0.5,1,29,False,5000,17,True,2.552068072201283,615
m-2_overhang,a5b_domination_argument,zdt1_interval,ls,0.5,1,29,False,5000,17,True,2.4779193209829997,615
m-2_overhang,registered_x01,zdt1_interval,ls,0.5,2,0,False,5000,17,True,0.0,90
m-2_overhang,a5b_domination_argument,zdt1_interval,ls,0.5,2,0,False,5000,17,True,0.0,90
m-2_overhang,registered_x01,zdt1_interval,ls,0.5,3,29,False,5000,17,True,2.5813003162571664,3699
m-2_overhang,a5b_domination_argument,zdt1_interval,ls,0.5,3,29,False,5000,17,True,2.5813003162571664,3699
m-2_overhang,registered_x01,zdt1_interval,ls,0.5,0,28,False,5000,18,True,2.7804643811099417,2815
m-2_overhang,a5b_domination_argument,zdt1_interval,ls,0.5,0,28,False,5000,18,True,2.777314341984138,2815
m-2_overhang,registered_x01,zdt1_interval,ls,0.5,1,29,False,5000,18,True,2.8416199150919508,3902
m-2_overhang,a5b_domination_argument,zdt1_interval,ls,0.5,1,29,False,5000,18,True,2.836879425511906,3902
m-2_overhang,registered_x01,zdt1_interval,ls,0.5,2,0,False,5000,18,True,0.0,2221
m-2_overhang,a5b_domination_argument,zdt1_interval,ls,0.5,2,0,False,5000,18,True,0.0,2221
m-2_overhang,registered_x01,zdt1_interval,ls,0.5,3,29,False,5000,18,True,2.878862006683207,137
m-2_overhang,a5b_domination_argument,zdt1_interval,ls,0.5,3,29,False,5000,18,True,2.878862006683207,137
m-2_overhang,registered_x01,zdt1_interval,ls,0.5,0,28,False,5000,19,True,3.201107916103373,4003
m-2_overhang,a5b_domination_argument,zdt1_interval,ls,0.5,0,28,False,5000,19,True,3.1912650146508943,4003
m-2_overhang,registered_x01,zdt1_interval,ls,0.5,1,29,False,5000,19,True,2.5876316583100887,3845
m-2_overhang,a5b_domination_argument,zdt1_interval,ls,0.5,1,29,False,5000,19,True,2.5706186892388914,3845
m-2_overhang,registered_x01,zdt1_interval,ls,0.5,2,0,False,5000,19,True,0.0,1960
m-2_overhang,a5b_domination_argument,zdt1_interval,ls,0.5,2,0,False,5000,19,True,0.0,1960
m-2_overhang,registered_x01,zdt1_interval,ls,0.5,3,29,False,5000,19,True,3.0999754638247845,87
m-2_overhang,a5b_domination_argument,zdt1_interval,ls,0.5,3,29,False,5000,19,True,3.0999754638247845,87
m-2_overhang,registered_x01,zdt1_interval,ls,0.5,0,28,False,5000,20,True,2.76415341968017,3926
m-2_overhang,a5b_domination_argument,zdt1_interval,ls,0.5,0,28,False,5000,20,True,2.7615947668184213,3926
m-2_overhang,registered_x01,zdt1_interval,ls,0.5,1,29,False,5000,20,True,2.864908841237005,1441
m-2_overhang,a5b_domination_argument,zdt1_interval,ls,0.5,1,29,False,5000,20,True,2.8589058549611943,1441
m-2_overhang,registered_x01,zdt1_interval,ls,0.5,2,0,False,5000,20,True,0.0,1078
m-2_overhang,a5b_domination_argument,zdt1_interval,ls,0.5,2,0,False,5000,20,True,0.0,1078
m-2_overhang,registered_x01,zdt1_interval,ls,0.5,3,29,False,5000,20,True,2.96100716712163,2578
m-2_overhang,a5b_domination_argument,zdt1_interval,ls,0.5,3,29,False,5000,20,True,2.96100716712163,2578
m-2_overhang,registered_x01,zdt1_interval,ls,0.5,0,28,False,5000,21,True,3.1630512627339846,1478
m-2_overhang,a5b_domination_argument,zdt1_interval,ls,0.5,0,28,False,5000,21,True,3.134032084508349,1478
m-2_overhang,registered_x01,zdt1_interval,ls,0.5,1,29,False,5000,21,True,2.7180036818456252,4031
m-2_overhang,a5b_domination_argument,zdt1_interval,ls,0.5,1,29,False,5000,21,True,2.7178399952622954,4031
m-2_overhang,registered_x01,zdt1_interval,ls,0.5,2,0,False,5000,21,True,0.0,4215
m-2_overhang,a5b_domination_argument,zdt1_interval,ls,0.5,2,0,False,5000,21,True,0.0,4215
m-2_overhang,registered_x01,zdt1_interval,ls,0.5,3,29,False,5000,21,True,2.9458260587399185,1353
m-2_overhang,a5b_domination_argument,zdt1_interval,ls,0.5,3,29,False,5000,21,True,2.9458260587399185,1353
m-2_overhang,registered_x01,zdt1_interval,ls,0.5,0,28,False,5000,22,True,3.0202667489547594,3440
m-2_overhang,a5b_domination_argument,zdt1_interval,ls,0.5,0,28,False,5000,22,True,3.020230791279815,3440
m-2_overhang,registered_x01,zdt1_interval,ls,0.5,1,29,False,5000,22,True,3.0336271840788385,253
m-2_overhang,a5b_domination_argument,zdt1_interval,ls,0.5,1,29,False,5000,22,True,2.904116478230803,253
m-2_overhang,registered_x01,zdt1_interval,ls,0.5,2,0,False,5000,22,True,0.0,160
m-2_overhang,a5b_domination_argument,zdt1_interval,ls,0.5,2,0,False,5000,22,True,0.0,160
m-2_overhang,registered_x01,zdt1_interval,ls,0.5,3,29,False,5000,22,True,2.9126700284634093,4631
m-2_overhang,a5b_domination_argument,zdt1_interval,ls,0.5,3,29,False,5000,22,True,2.9126700284634093,4631
m-2_overhang,registered_x01,zdt1_interval,ls,0.5,0,28,False,5000,23,True,3.437817637540307,978
m-2_overhang,a5b_domination_argument,zdt1_interval,ls,0.5,0,28,False,5000,23,True,3.300253604537166,978
m-2_overhang,registered_x01,zdt1_interval,ls,0.5,1,29,False,5000,23,True,3.0970654676374085,960
m-2_overhang,a5b_domination_argument,zdt1_interval,ls,0.5,1,29,False,5000,23,True,2.9943761222554706,960
m-2_overhang,registered_x01,zdt1_interval,ls,0.5,2,0,False,5000,23,True,0.0,3268
m-2_overhang,a5b_domination_argument,zdt1_interval,ls,0.5,2,0,False,5000,23,True,0.0,3268
m-2_overhang,registered_x01,zdt1_interval,ls,0.5,3,29,False,5000,23,True,2.5593598226960577,1406
m-2_overhang,a5b_domination_argument,zdt1_interval,ls,0.5,3,29,False,5000,23,True,2.5593598226960577,1406
m-2_overhang,registered_x01,zdt1_interval,ls,0.5,0,28,False,5000,24,True,2.7911057297174025,3306
m-2_overhang,a5b_domination_argument,zdt1_interval,ls,0.5,0,28,False,5000,24,True,2.7905475960812045,3306
m-2_overhang,registered_x01,zdt1_interval,ls,0.5,1,29,False,5000,24,True,3.363490619671456,3748
m-2_overhang,a5b_domination_argument,zdt1_interval,ls,0.5,1,29,False,5000,24,True,3.312865969186214,3748
m-2_overhang,registered_x01,zdt1_interval,ls,0.5,2,0,False,5000,24,True,0.0,2786
m-2_overhang,a5b_domination_argument,zdt1_interval,ls,0.5,2,0,False,5000,24,True,0.0,2786
m-2_overhang,registered_x01,zdt1_interval,ls,0.5,3,29,False,5000,24,True,3.089305062170862,1016
m-2_overhang,a5b_domination_argument,zdt1_interval,ls,0.5,3,29,False,5000,24,True,3.089305062170862,1016
m-2_overhang,registered_x01,zdt1_interval,ls,0.5,0,28,False,5000,25,True,2.91316359597524,2863
m-2_overhang,a5b_domination_argument,zdt1_interval,ls,0.5,0,28,False,5000,25,True,2.7931961446907208,2863
m-2_overhang,registered_x01,zdt1_interval,ls,0.5,1,29,False,5000,25,True,3.052709211195147,634
m-2_overhang,a5b_domination_argument,zdt1_interval,ls,0.5,1,29,False,5000,25,True,3.052538352764063,634
m-2_overhang,registered_x01,zdt1_interval,ls,0.5,2,0,False,5000,25,True,0.0,2002
m-2_overhang,a5b_domination_argument,zdt1_interval,ls,0.5,2,0,False,5000,25,True,0.0,2002
m-2_overhang,registered_x01,zdt1_interval,ls,0.5,3,29,False,5000,25,True,3.2242956890507473,2788
m-2_overhang,a5b_domination_argument,zdt1_interval,ls,0.5,3,29,False,5000,25,True,3.2242956890507473,2788
m-2_overhang,registered_x01,zdt1_interval,ls,0.5,0,28,False,5000,26,True,3.1806034302701893,3746
m-2_overhang,a5b_domination_argument,zdt1_interval,ls,0.5,0,28,False,5000,26,True,3.178052174109996,3746
m-2_overhang,registered_x01,zdt1_interval,ls,0.5,1,29,False,5000,26,True,3.109198751898485,2642
m-2_overhang,a5b_domination_argument,zdt1_interval,ls,0.5,1,29,False,5000,26,True,3.1068830649617785,2642
m-2_overhang,registered_x01,zdt1_interval,ls,0.5,2,0,False,5000,26,True,0.0,3012
m-2_overhang,a5b_domination_argument,zdt1_interval,ls,0.5,2,0,False,5000,26,True,0.0,3012
m-2_overhang,registered_x01,zdt1_interval,ls,0.5,3,29,False,5000,26,True,3.12695762547891,2975
m-2_overhang,a5b_domination_argument,zdt1_interval,ls,0.5,3,29,False,5000,26,True,3.12695762547891,2975
m-2_overhang,registered_x01,zdt1_interval,ls,0.5,0,28,False,5000,27,True,2.9267003719586526,1408
m-2_overhang,a5b_domination_argument,zdt1_interval,ls,0.5,0,28,False,5000,27,True,2.9262421837771893,1408
m-2_overhang,registered_x01,zdt1_interval,ls,0.5,1,29,False,5000,27,True,3.0708710402819617,396
m-2_overhang,a5b_domination_argument,zdt1_interval,ls,0.5,1,29,False,5000,27,True,3.0280597662549873,396
m-2_overhang,registered_x01,zdt1_interval,ls,0.5,2,0,False,5000,27,True,0.0,1125
m-2_overhang,a5b_domination_argument,zdt1_interval,ls,0.5,2,0,False,5000,27,True,0.0,1125
m-2_overhang,registered_x01,zdt1_interval,ls,0.5,3,29,False,5000,27,True,2.696371244289874,2334
m-2_overhang,a5b_domination_argument,zdt1_interval,ls,0.5,3,29,False,5000,27,True,2.696371244289874,2334
m-2_overhang,registered_x01,zdt1_interval,ls,0.5,0,28,False,5000,28,True,3.129253839410145,4023
m-2_overhang,a5b_domination_argument,zdt1_interval,ls,0.5,0,28,False,5000,28,True,3.0901927581839135,4023
m-2_overhang,registered_x01,zdt1_interval,ls,0.5,1,29,False,5000,28,True,3.1042329727424534,2088
m-2_overhang,a5b_domination_argument,zdt1_interval,ls,0.5,1,29,False,5000,28,True,3.072028114988059,2088
m-2_overhang,registered_x01,zdt1_interval,ls,0.5,2,0,False,5000,28,True,0.0,3182
m-2_overhang,a5b_domination_argument,zdt1_interval,ls,0.5,2,0,False,5000,28,True,0.0,3182
m-2_overhang,registered_x01,zdt1_interval,ls,0.5,3,29,False,5000,28,True,2.895253894291507,4876
m-2_overhang,a5b_domination_argument,zdt1_interval,ls,0.5,3,29,False,5000,28,True,2.895253894291507,4876
m-2_overhang,registered_x01,zdt1_interval,ls,0.5,0,28,False,5000,29,True,2.8190026263045675,4998
m-2_overhang,a5b_domination_argument,zdt1_interval,ls,0.5,0,28,False,5000,29,True,2.760186793275044,4998
m-2_overhang,registered_x01,zdt1_interval,ls,0.5,1,29,False,5000,29,True,3.4391747667030153,2948
m-2_overhang,a5b_domination_argument,zdt1_interval,ls,0.5,1,29,False,5000,29,True,3.349284766144753,2948
m-2_overhang,registered_x01,zdt1_interval,ls,0.5,2,0,False,5000,29,True,0.0,2835
m-2_overhang,a5b_domination_argument,zdt1_interval,ls,0.5,2,0,False,5000,29,True,0.0,2835
m-2_overhang,registered_x01,zdt1_interval,ls,0.5,3,29,False,5000,29,True,3.15547403252111,3395
m-2_overhang,a5b_domination_argument,zdt1_interval,ls,0.5,3,29,False,5000,29,True,3.15547403252111,3395
m-2_overhang,registered_x01,zdt1_interval,ls,0.5,0,28,False,5000,30,True,3.087805641796691,4125
m-2_overhang,a5b_domination_argument,zdt1_interval,ls,0.5,0,28,False,5000,30,True,3.0262602437751434,4125
m-2_overhang,registered_x01,zdt1_interval,ls,0.5,1,29,False,5000,30,True,2.9182994893360363,2222
m-2_overhang,a5b_domination_argument,zdt1_interval,ls,0.5,1,29,False,5000,30,True,2.860604277665831,2222
m-2_overhang,registered_x01,zdt1_interval,ls,0.5,2,0,False,5000,30,True,0.0,1663
m-2_overhang,a5b_domination_argument,zdt1_interval,ls,0.5,2,0,False,5000,30,True,0.0,1663
m-2_overhang,registered_x01,zdt1_interval,ls,0.5,3,29,False,5000,30,True,3.1994399861588954,4706
m-2_overhang,a5b_domination_argument,zdt1_interval,ls,0.5,3,29,False,5000,30,True,3.1994399861588954,4706
m-2_overhang,registered_x01,zdt1_interval,cw,0.5,0,29,False,5000,11,True,3.096458147517026,2164
m-2_overhang,a5b_domination_argument,zdt1_interval,cw,0.5,0,29,False,5000,11,True,3.0146216630208027,2164
m-2_overhang,registered_x01,zdt1_interval,cw,0.5,1,29,False,5000,11,True,3.1043524082282867,2731
m-2_overhang,a5b_domination_argument,zdt1_interval,cw,0.5,1,29,False,5000,11,True,3.037047860186196,2731
m-2_overhang,registered_x01,zdt1_interval,cw,0.5,2,0,False,5000,11,True,0.0,20
m-2_overhang,a5b_domination_argument,zdt1_interval,cw,0.5,2,0,False,5000,11,True,0.0,20
m-2_overhang,registered_x01,zdt1_interval,cw,0.5,3,29,False,5000,11,True,3.2242431884982845,3859
m-2_overhang,a5b_domination_argument,zdt1_interval,cw,0.5,3,29,False,5000,11,True,3.2242431884982845,3859
m-2_overhang,registered_x01,zdt1_interval,cw,0.5,0,29,False,5000,12,True,3.1061167794419036,3436
m-2_overhang,a5b_domination_argument,zdt1_interval,cw,0.5,0,29,False,5000,12,True,3.10574062133444,3436
m-2_overhang,registered_x01,zdt1_interval,cw,0.5,1,29,False,5000,12,True,3.171789089468382,1006
m-2_overhang,a5b_domination_argument,zdt1_interval,cw,0.5,1,29,False,5000,12,True,3.1694794399924158,1006
m-2_overhang,registered_x01,zdt1_interval,cw,0.5,2,0,False,5000,12,True,0.0,3475
m-2_overhang,a5b_domination_argument,zdt1_interval,cw,0.5,2,0,False,5000,12,True,0.0,3475
m-2_overhang,registered_x01,zdt1_interval,cw,0.5,3,29,False,5000,12,True,3.310538237674815,127
m-2_overhang,a5b_domination_argument,zdt1_interval,cw,0.5,3,29,False,5000,12,True,3.310538237674815,127
m-2_overhang,registered_x01,zdt1_interval,cw,0.5,0,29,False,5000,13,True,3.3969978700080357,110
m-2_overhang,a5b_domination_argument,zdt1_interval,cw,0.5,0,29,False,5000,13,True,3.305222990985887,110
m-2_overhang,registered_x01,zdt1_interval,cw,0.5,1,29,False,5000,13,True,2.851510380088723,3878
m-2_overhang,a5b_domination_argument,zdt1_interval,cw,0.5,1,29,False,5000,13,True,2.755178443576768,3878
m-2_overhang,registered_x01,zdt1_interval,cw,0.5,2,0,False,5000,13,True,0.0,3879
m-2_overhang,a5b_domination_argument,zdt1_interval,cw,0.5,2,0,False,5000,13,True,0.0,3879
m-2_overhang,registered_x01,zdt1_interval,cw,0.5,3,29,False,5000,13,True,2.827864919121936,772
m-2_overhang,a5b_domination_argument,zdt1_interval,cw,0.5,3,29,False,5000,13,True,2.827864919121936,772
m-2_overhang,registered_x01,zdt1_interval,cw,0.5,0,29,False,5000,14,True,3.081341345101482,3550
m-2_overhang,a5b_domination_argument,zdt1_interval,cw,0.5,0,29,False,5000,14,True,2.9248507337840453,3550
m-2_overhang,registered_x01,zdt1_interval,cw,0.5,1,29,False,5000,14,True,2.7586838500052666,936
m-2_overhang,a5b_domination_argument,zdt1_interval,cw,0.5,1,29,False,5000,14,True,2.5714975581629385,936
m-2_overhang,registered_x01,zdt1_interval,cw,0.5,2,0,False,5000,14,True,0.0,1189
m-2_overhang,a5b_domination_argument,zdt1_interval,cw,0.5,2,0,False,5000,14,True,0.0,1189
m-2_overhang,registered_x01,zdt1_interval,cw,0.5,3,29,False,5000,14,True,2.983232030694651,2416
m-2_overhang,a5b_domination_argument,zdt1_interval,cw,0.5,3,29,False,5000,14,True,2.983232030694651,2416
m-2_overhang,registered_x01,zdt1_interval,cw,0.5,0,29,False,5000,15,True,3.246411769128465,1152
m-2_overhang,a5b_domination_argument,zdt1_interval,cw,0.5,0,29,False,5000,15,True,3.200961193103977,1152
m-2_overhang,registered_x01,zdt1_interval,cw,0.5,1,29,False,5000,15,True,3.4227590236392387,740
m-2_overhang,a5b_domination_argument,zdt1_interval,cw,0.5,1,29,False,5000,15,True,3.298096229152775,740
m-2_overhang,registered_x01,zdt1_interval,cw,0.5,2,0,False,5000,15,True,0.0,1598
m-2_overhang,a5b_domination_argument,zdt1_interval,cw,0.5,2,0,False,5000,15,True,0.0,1598
m-2_overhang,registered_x01,zdt1_interval,cw,0.5,3,29,False,5000,15,True,2.7054777657673226,1029
m-2_overhang,a5b_domination_argument,zdt1_interval,cw,0.5,3,29,False,5000,15,True,2.7054777657673226,1029
m-2_overhang,registered_x01,zdt1_interval,cw,0.5,0,29,False,5000,16,True,2.854024774523449,3279
m-2_overhang,a5b_domination_argument,zdt1_interval,cw,0.5,0,29,False,5000,16,True,2.844712637115484,3279
m-2_overhang,registered_x01,zdt1_interval,cw,0.5,1,29,False,5000,16,True,3.0376785057459035,416
m-2_overhang,a5b_domination_argument,zdt1_interval,cw,0.5,1,29,False,5000,16,True,2.932605583864436,416
m-2_overhang,registered_x01,zdt1_interval,cw,0.5,2,0,False,5000,16,True,0.0,6
m-2_overhang,a5b_domination_argument,zdt1_interval,cw,0.5,2,0,False,5000,16,True,0.0,6
m-2_overhang,registered_x01,zdt1_interval,cw,0.5,3,29,False,5000,16,True,3.3004177780309,3633
m-2_overhang,a5b_domination_argument,zdt1_interval,cw,0.5,3,29,False,5000,16,True,3.3004177780309,3633
m-2_overhang,registered_x01,zdt1_interval,cw,0.5,0,29,False,5000,17,True,3.396408084355473,2862
m-2_overhang,a5b_domination_argument,zdt1_interval,cw,0.5,0,29,False,5000,17,True,3.363676973739116,2862
m-2_overhang,registered_x01,zdt1_interval,cw,0.5,1,29,False,5000,17,True,2.552068072201283,615
m-2_overhang,a5b_domination_argument,zdt1_interval,cw,0.5,1,29,False,5000,17,True,2.4779193209829997,615
m-2_overhang,registered_x01,zdt1_interval,cw,0.5,2,0,False,5000,17,True,0.0,90
m-2_overhang,a5b_domination_argument,zdt1_interval,cw,0.5,2,0,False,5000,17,True,0.0,90
m-2_overhang,registered_x01,zdt1_interval,cw,0.5,3,29,False,5000,17,True,2.5813003162571664,3699
m-2_overhang,a5b_domination_argument,zdt1_interval,cw,0.5,3,29,False,5000,17,True,2.5813003162571664,3699
m-2_overhang,registered_x01,zdt1_interval,cw,0.5,0,29,False,5000,18,True,2.8123117656989836,2146
m-2_overhang,a5b_domination_argument,zdt1_interval,cw,0.5,0,29,False,5000,18,True,2.7584563570519247,2146
m-2_overhang,registered_x01,zdt1_interval,cw,0.5,1,29,False,5000,18,True,2.8416199150919508,3902
m-2_overhang,a5b_domination_argument,zdt1_interval,cw,0.5,1,29,False,5000,18,True,2.836879425511906,3902
m-2_overhang,registered_x01,zdt1_interval,cw,0.5,2,0,False,5000,18,True,0.0,2221
m-2_overhang,a5b_domination_argument,zdt1_interval,cw,0.5,2,0,False,5000,18,True,0.0,2221
m-2_overhang,registered_x01,zdt1_interval,cw,0.5,3,29,False,5000,18,True,2.878862006683207,137
m-2_overhang,a5b_domination_argument,zdt1_interval,cw,0.5,3,29,False,5000,18,True,2.878862006683207,137
m-2_overhang,registered_x01,zdt1_interval,cw,0.5,0,29,False,5000,19,True,3.0270651163824978,2777
m-2_overhang,a5b_domination_argument,zdt1_interval,cw,0.5,0,29,False,5000,19,True,3.006921571584808,2777
m-2_overhang,registered_x01,zdt1_interval,cw,0.5,1,29,False,5000,19,True,2.5876316583100887,3845
m-2_overhang,a5b_domination_argument,zdt1_interval,cw,0.5,1,29,False,5000,19,True,2.5706186892388914,3845
m-2_overhang,registered_x01,zdt1_interval,cw,0.5,2,0,False,5000,19,True,0.0,1960
m-2_overhang,a5b_domination_argument,zdt1_interval,cw,0.5,2,0,False,5000,19,True,0.0,1960
m-2_overhang,registered_x01,zdt1_interval,cw,0.5,3,29,False,5000,19,True,3.0999754638247845,87
m-2_overhang,a5b_domination_argument,zdt1_interval,cw,0.5,3,29,False,5000,19,True,3.0999754638247845,87
m-2_overhang,registered_x01,zdt1_interval,cw,0.5,0,29,False,5000,20,True,3.2966010793470653,786
m-2_overhang,a5b_domination_argument,zdt1_interval,cw,0.5,0,29,False,5000,20,True,3.1885162807617644,786
m-2_overhang,registered_x01,zdt1_interval,cw,0.5,1,29,False,5000,20,True,2.864908841237005,1441
m-2_overhang,a5b_domination_argument,zdt1_interval,cw,0.5,1,29,False,5000,20,True,2.8589058549611943,1441
m-2_overhang,registered_x01,zdt1_interval,cw,0.5,2,0,False,5000,20,True,0.0,1078
m-2_overhang,a5b_domination_argument,zdt1_interval,cw,0.5,2,0,False,5000,20,True,0.0,1078
m-2_overhang,registered_x01,zdt1_interval,cw,0.5,3,29,False,5000,20,True,2.96100716712163,2578
m-2_overhang,a5b_domination_argument,zdt1_interval,cw,0.5,3,29,False,5000,20,True,2.96100716712163,2578
m-2_overhang,registered_x01,zdt1_interval,cw,0.5,0,29,False,5000,21,True,2.9294719983545168,653
m-2_overhang,a5b_domination_argument,zdt1_interval,cw,0.5,0,29,False,5000,21,True,2.8474171110030184,653
m-2_overhang,registered_x01,zdt1_interval,cw,0.5,1,29,False,5000,21,True,2.7180036818456252,4031
m-2_overhang,a5b_domination_argument,zdt1_interval,cw,0.5,1,29,False,5000,21,True,2.7178399952622954,4031
m-2_overhang,registered_x01,zdt1_interval,cw,0.5,2,0,False,5000,21,True,0.0,4215
m-2_overhang,a5b_domination_argument,zdt1_interval,cw,0.5,2,0,False,5000,21,True,0.0,4215
m-2_overhang,registered_x01,zdt1_interval,cw,0.5,3,29,False,5000,21,True,2.9458260587399185,1353
m-2_overhang,a5b_domination_argument,zdt1_interval,cw,0.5,3,29,False,5000,21,True,2.9458260587399185,1353
m-2_overhang,registered_x01,zdt1_interval,cw,0.5,0,29,False,5000,22,True,2.6930155303457353,4068
m-2_overhang,a5b_domination_argument,zdt1_interval,cw,0.5,0,29,False,5000,22,True,2.6451319714066557,4068
m-2_overhang,registered_x01,zdt1_interval,cw,0.5,1,29,False,5000,22,True,3.0336271840788385,253
m-2_overhang,a5b_domination_argument,zdt1_interval,cw,0.5,1,29,False,5000,22,True,2.904116478230803,253
m-2_overhang,registered_x01,zdt1_interval,cw,0.5,2,0,False,5000,22,True,0.0,160
m-2_overhang,a5b_domination_argument,zdt1_interval,cw,0.5,2,0,False,5000,22,True,0.0,160
m-2_overhang,registered_x01,zdt1_interval,cw,0.5,3,29,False,5000,22,True,2.9126700284634093,4631
m-2_overhang,a5b_domination_argument,zdt1_interval,cw,0.5,3,29,False,5000,22,True,2.9126700284634093,4631
m-2_overhang,registered_x01,zdt1_interval,cw,0.5,0,29,False,5000,23,True,2.7694960956437784,1252
m-2_overhang,a5b_domination_argument,zdt1_interval,cw,0.5,0,29,False,5000,23,True,2.735505511919363,1252
m-2_overhang,registered_x01,zdt1_interval,cw,0.5,1,29,False,5000,23,True,3.0970654676374085,960
m-2_overhang,a5b_domination_argument,zdt1_interval,cw,0.5,1,29,False,5000,23,True,2.9943761222554706,960
m-2_overhang,registered_x01,zdt1_interval,cw,0.5,2,0,False,5000,23,True,0.0,3268
m-2_overhang,a5b_domination_argument,zdt1_interval,cw,0.5,2,0,False,5000,23,True,0.0,3268
m-2_overhang,registered_x01,zdt1_interval,cw,0.5,3,29,False,5000,23,True,2.5593598226960577,1406
m-2_overhang,a5b_domination_argument,zdt1_interval,cw,0.5,3,29,False,5000,23,True,2.5593598226960577,1406
m-2_overhang,registered_x01,zdt1_interval,cw,0.5,0,29,False,5000,24,True,2.887209476806517,3172
m-2_overhang,a5b_domination_argument,zdt1_interval,cw,0.5,0,29,False,5000,24,True,2.883452147676854,3172
m-2_overhang,registered_x01,zdt1_interval,cw,0.5,1,29,False,5000,24,True,3.363490619671456,3748
m-2_overhang,a5b_domination_argument,zdt1_interval,cw,0.5,1,29,False,5000,24,True,3.312865969186214,3748
m-2_overhang,registered_x01,zdt1_interval,cw,0.5,2,0,False,5000,24,True,0.0,2786
m-2_overhang,a5b_domination_argument,zdt1_interval,cw,0.5,2,0,False,5000,24,True,0.0,2786
m-2_overhang,registered_x01,zdt1_interval,cw,0.5,3,29,False,5000,24,True,3.089305062170862,1016
m-2_overhang,a5b_domination_argument,zdt1_interval,cw,0.5,3,29,False,5000,24,True,3.089305062170862,1016
m-2_overhang,registered_x01,zdt1_interval,cw,0.5,0,29,False,5000,25,True,3.188911076196734,3294
m-2_overhang,a5b_domination_argument,zdt1_interval,cw,0.5,0,29,False,5000,25,True,3.1428647564104977,3294
m-2_overhang,registered_x01,zdt1_interval,cw,0.5,1,29,False,5000,25,True,3.052709211195147,634
m-2_overhang,a5b_domination_argument,zdt1_interval,cw,0.5,1,29,False,5000,25,True,3.052538352764063,634
m-2_overhang,registered_x01,zdt1_interval,cw,0.5,2,0,False,5000,25,True,0.0,2002
m-2_overhang,a5b_domination_argument,zdt1_interval,cw,0.5,2,0,False,5000,25,True,0.0,2002
m-2_overhang,registered_x01,zdt1_interval,cw,0.5,3,29,False,5000,25,True,3.2242956890507473,2788
m-2_overhang,a5b_domination_argument,zdt1_interval,cw,0.5,3,29,False,5000,25,True,3.2242956890507473,2788
m-2_overhang,registered_x01,zdt1_interval,cw,0.5,0,29,False,5000,26,True,3.098317379488493,4222
m-2_overhang,a5b_domination_argument,zdt1_interval,cw,0.5,0,29,False,5000,26,True,3.0808573978610707,4222
m-2_overhang,registered_x01,zdt1_interval,cw,0.5,1,29,False,5000,26,True,3.109198751898485,2642
m-2_overhang,a5b_domination_argument,zdt1_interval,cw,0.5,1,29,False,5000,26,True,3.1068830649617785,2642
m-2_overhang,registered_x01,zdt1_interval,cw,0.5,2,0,False,5000,26,True,0.0,96
m-2_overhang,a5b_domination_argument,zdt1_interval,cw,0.5,2,0,False,5000,26,True,0.0,96
m-2_overhang,registered_x01,zdt1_interval,cw,0.5,3,29,False,5000,26,True,3.12695762547891,2975
m-2_overhang,a5b_domination_argument,zdt1_interval,cw,0.5,3,29,False,5000,26,True,3.12695762547891,2975
m-2_overhang,registered_x01,zdt1_interval,cw,0.5,0,29,False,5000,27,True,3.2073845142980373,3291
m-2_overhang,a5b_domination_argument,zdt1_interval,cw,0.5,0,29,False,5000,27,True,3.1975068406909,3291
m-2_overhang,registered_x01,zdt1_interval,cw,0.5,1,29,False,5000,27,True,3.0708710402819617,396
m-2_overhang,a5b_domination_argument,zdt1_interval,cw,0.5,1,29,False,5000,27,True,3.0280597662549873,396
m-2_overhang,registered_x01,zdt1_interval,cw,0.5,2,0,False,5000,27,True,0.0,1125
m-2_overhang,a5b_domination_argument,zdt1_interval,cw,0.5,2,0,False,5000,27,True,0.0,1125
m-2_overhang,registered_x01,zdt1_interval,cw,0.5,3,29,False,5000,27,True,2.696371244289874,2334
m-2_overhang,a5b_domination_argument,zdt1_interval,cw,0.5,3,29,False,5000,27,True,2.696371244289874,2334
m-2_overhang,registered_x01,zdt1_interval,cw,0.5,0,29,False,5000,28,True,3.091641798943974,3192
m-2_overhang,a5b_domination_argument,zdt1_interval,cw,0.5,0,29,False,5000,28,True,3.04212308497159,3192
m-2_overhang,registered_x01,zdt1_interval,cw,0.5,1,29,False,5000,28,True,3.1042329727424534,2088
m-2_overhang,a5b_domination_argument,zdt1_interval,cw,0.5,1,29,False,5000,28,True,3.072028114988059,2088
m-2_overhang,registered_x01,zdt1_interval,cw,0.5,2,0,False,5000,28,True,0.0,3182
m-2_overhang,a5b_domination_argument,zdt1_interval,cw,0.5,2,0,False,5000,28,True,0.0,3182
m-2_overhang,registered_x01,zdt1_interval,cw,0.5,3,29,False,5000,28,True,2.895253894291507,4876
m-2_overhang,a5b_domination_argument,zdt1_interval,cw,0.5,3,29,False,5000,28,True,2.895253894291507,4876
m-2_overhang,registered_x01,zdt1_interval,cw,0.5,0,29,False,5000,29,True,3.1759467550190266,1593
m-2_overhang,a5b_domination_argument,zdt1_interval,cw,0.5,0,29,False,5000,29,True,3.114195108939494,1593
m-2_overhang,registered_x01,zdt1_interval,cw,0.5,1,29,False,5000,29,True,3.4391747667030153,2948
m-2_overhang,a5b_domination_argument,zdt1_interval,cw,0.5,1,29,False,5000,29,True,3.349284766144753,2948
m-2_overhang,registered_x01,zdt1_interval,cw,0.5,2,0,False,5000,29,True,0.0,2835
m-2_overhang,a5b_domination_argument,zdt1_interval,cw,0.5,2,0,False,5000,29,True,0.0,2835
m-2_overhang,registered_x01,zdt1_interval,cw,0.5,3,29,False,5000,29,True,3.15547403252111,3395
m-2_overhang,a5b_domination_argument,zdt1_interval,cw,0.5,3,29,False,5000,29,True,3.15547403252111,3395
m-2_overhang,registered_x01,zdt1_interval,cw,0.5,0,29,False,5000,30,True,3.0377499582996745,2445
m-2_overhang,a5b_domination_argument,zdt1_interval,cw,0.5,0,29,False,5000,30,True,2.9512904984683472,2445
m-2_overhang,registered_x01,zdt1_interval,cw,0.5,1,29,False,5000,30,True,2.9182994893360363,2222
m-2_overhang,a5b_domination_argument,zdt1_interval,cw,0.5,1,29,False,5000,30,True,2.860604277665831,2222
m-2_overhang,registered_x01,zdt1_interval,cw,0.5,2,0,False,5000,30,True,0.0,1663
m-2_overhang,a5b_domination_argument,zdt1_interval,cw,0.5,2,0,False,5000,30,True,0.0,1663
m-2_overhang,registered_x01,zdt1_interval,cw,0.5,3,29,False,5000,30,True,3.1994399861588954,4706
m-2_overhang,a5b_domination_argument,zdt1_interval,cw,0.5,3,29,False,5000,30,True,3.1994399861588954,4706
m-2_overhang,registered_x01,dtlz2_interval,lu,0.0,0,0,False,5000,11,True,0.0,4810
m-2_overhang,a5b_domination_argument,dtlz2_interval,lu,0.0,0,0,False,5000,11,True,0.0,4810
m-2_overhang,registered_x01,dtlz2_interval,lu,0.0,1,0,False,5000,11,True,0.0,4810
m-2_overhang,a5b_domination_argument,dtlz2_interval,lu,0.0,1,0,False,5000,11,True,0.0,4810
m-2_overhang,registered_x01,dtlz2_interval,lu,0.0,2,0,False,5000,11,True,0.0,4507
m-2_overhang,a5b_domination_argument,dtlz2_interval,lu,0.0,2,0,False,5000,11,True,0.0,4507
m-2_overhang,registered_x01,dtlz2_interval,lu,0.0,3,0,False,5000,11,True,0.0,4507
m-2_overhang,a5b_domination_argument,dtlz2_interval,lu,0.0,3,0,False,5000,11,True,0.0,4507
m-2_overhang,registered_x01,dtlz2_interval,lu,0.0,4,1,False,5000,11,True,0.0,4455
m-2_overhang,a5b_domination_argument,dtlz2_interval,lu,0.0,4,1,False,5000,11,True,0.0,4455
m-2_overhang,registered_x01,dtlz2_interval,lu,0.0,5,1,False,5000,11,True,0.0,4455
m-2_overhang,a5b_domination_argument,dtlz2_interval,lu,0.0,5,1,False,5000,11,True,0.0,4455
m-2_overhang,registered_x01,dtlz2_interval,lu,0.0,0,0,False,5000,12,True,0.0,4880
m-2_overhang,a5b_domination_argument,dtlz2_interval,lu,0.0,0,0,False,5000,12,True,0.0,4880
m-2_overhang,registered_x01,dtlz2_interval,lu,0.0,1,0,False,5000,12,True,0.0,4880
m-2_overhang,a5b_domination_argument,dtlz2_interval,lu,0.0,1,0,False,5000,12,True,0.0,4880
m-2_overhang,registered_x01,dtlz2_interval,lu,0.0,2,0,False,5000,12,True,0.0,822
m-2_overhang,a5b_domination_argument,dtlz2_interval,lu,0.0,2,0,False,5000,12,True,0.0,822
m-2_overhang,registered_x01,dtlz2_interval,lu,0.0,3,0,False,5000,12,True,0.0,822
m-2_overhang,a5b_domination_argument,dtlz2_interval,lu,0.0,3,0,False,5000,12,True,0.0,822
m-2_overhang,registered_x01,dtlz2_interval,lu,0.0,4,1,False,5000,12,True,0.0,649
m-2_overhang,a5b_domination_argument,dtlz2_interval,lu,0.0,4,1,False,5000,12,True,0.0,649
m-2_overhang,registered_x01,dtlz2_interval,lu,0.0,5,1,False,5000,12,True,0.0,649
m-2_overhang,a5b_domination_argument,dtlz2_interval,lu,0.0,5,1,False,5000,12,True,0.0,649
m-2_overhang,registered_x01,dtlz2_interval,lu,0.0,0,0,False,5000,13,True,0.0,4644
m-2_overhang,a5b_domination_argument,dtlz2_interval,lu,0.0,0,0,False,5000,13,True,0.0,4644
m-2_overhang,registered_x01,dtlz2_interval,lu,0.0,1,0,False,5000,13,True,0.0,4644
m-2_overhang,a5b_domination_argument,dtlz2_interval,lu,0.0,1,0,False,5000,13,True,0.0,4644
m-2_overhang,registered_x01,dtlz2_interval,lu,0.0,2,0,False,5000,13,True,0.0,340
m-2_overhang,a5b_domination_argument,dtlz2_interval,lu,0.0,2,0,False,5000,13,True,0.0,340
m-2_overhang,registered_x01,dtlz2_interval,lu,0.0,3,0,False,5000,13,True,0.0,340
m-2_overhang,a5b_domination_argument,dtlz2_interval,lu,0.0,3,0,False,5000,13,True,0.0,340
m-2_overhang,registered_x01,dtlz2_interval,lu,0.0,4,1,False,5000,13,True,0.0,4318
m-2_overhang,a5b_domination_argument,dtlz2_interval,lu,0.0,4,1,False,5000,13,True,0.0,4318
m-2_overhang,registered_x01,dtlz2_interval,lu,0.0,5,1,False,5000,13,True,0.0,4318
m-2_overhang,a5b_domination_argument,dtlz2_interval,lu,0.0,5,1,False,5000,13,True,0.0,4318
m-2_overhang,registered_x01,dtlz2_interval,lu,0.0,0,0,False,5000,14,True,0.0,248
m-2_overhang,a5b_domination_argument,dtlz2_interval,lu,0.0,0,0,False,5000,14,True,0.0,248
m-2_overhang,registered_x01,dtlz2_interval,lu,0.0,1,0,False,5000,14,True,0.0,248
m-2_overhang,a5b_domination_argument,dtlz2_interval,lu,0.0,1,0,False,5000,14,True,0.0,248
m-2_overhang,registered_x01,dtlz2_interval,lu,0.0,2,0,False,5000,14,True,0.0,4943
m-2_overhang,a5b_domination_argument,dtlz2_interval,lu,0.0,2,0,False,5000,14,True,0.0,4943
m-2_overhang,registered_x01,dtlz2_interval,lu,0.0,3,0,False,5000,14,True,0.0,4943
m-2_overhang,a5b_domination_argument,dtlz2_interval,lu,0.0,3,0,False,5000,14,True,0.0,4943
m-2_overhang,registered_x01,dtlz2_interval,lu,0.0,4,1,False,5000,14,True,0.0,2282
m-2_overhang,a5b_domination_argument,dtlz2_interval,lu,0.0,4,1,False,5000,14,True,0.0,2282
m-2_overhang,registered_x01,dtlz2_interval,lu,0.0,5,1,False,5000,14,True,0.0,2282
m-2_overhang,a5b_domination_argument,dtlz2_interval,lu,0.0,5,1,False,5000,14,True,0.0,2282
m-2_overhang,registered_x01,dtlz2_interval,lu,0.0,0,0,False,5000,15,True,0.0,4652
m-2_overhang,a5b_domination_argument,dtlz2_interval,lu,0.0,0,0,False,5000,15,True,0.0,4652
m-2_overhang,registered_x01,dtlz2_interval,lu,0.0,1,0,False,5000,15,True,0.0,4652
m-2_overhang,a5b_domination_argument,dtlz2_interval,lu,0.0,1,0,False,5000,15,True,0.0,4652
m-2_overhang,registered_x01,dtlz2_interval,lu,0.0,2,0,False,5000,15,True,0.0,1502
m-2_overhang,a5b_domination_argument,dtlz2_interval,lu,0.0,2,0,False,5000,15,True,0.0,1502
m-2_overhang,registered_x01,dtlz2_interval,lu,0.0,3,0,False,5000,15,True,0.0,1502
m-2_overhang,a5b_domination_argument,dtlz2_interval,lu,0.0,3,0,False,5000,15,True,0.0,1502
m-2_overhang,registered_x01,dtlz2_interval,lu,0.0,4,1,False,5000,15,True,0.0,2880
m-2_overhang,a5b_domination_argument,dtlz2_interval,lu,0.0,4,1,False,5000,15,True,0.0,2880
m-2_overhang,registered_x01,dtlz2_interval,lu,0.0,5,1,False,5000,15,True,0.0,2880
m-2_overhang,a5b_domination_argument,dtlz2_interval,lu,0.0,5,1,False,5000,15,True,0.0,2880
m-2_overhang,registered_x01,dtlz2_interval,lu,0.0,0,0,False,5000,16,True,0.0,1076
m-2_overhang,a5b_domination_argument,dtlz2_interval,lu,0.0,0,0,False,5000,16,True,0.0,1076
m-2_overhang,registered_x01,dtlz2_interval,lu,0.0,1,0,False,5000,16,True,0.0,1076
m-2_overhang,a5b_domination_argument,dtlz2_interval,lu,0.0,1,0,False,5000,16,True,0.0,1076
m-2_overhang,registered_x01,dtlz2_interval,lu,0.0,2,0,False,5000,16,True,0.0,4375
m-2_overhang,a5b_domination_argument,dtlz2_interval,lu,0.0,2,0,False,5000,16,True,0.0,4375
m-2_overhang,registered_x01,dtlz2_interval,lu,0.0,3,0,False,5000,16,True,0.0,4375
m-2_overhang,a5b_domination_argument,dtlz2_interval,lu,0.0,3,0,False,5000,16,True,0.0,4375
m-2_overhang,registered_x01,dtlz2_interval,lu,0.0,4,1,False,5000,16,True,0.0,849
m-2_overhang,a5b_domination_argument,dtlz2_interval,lu,0.0,4,1,False,5000,16,True,0.0,849
m-2_overhang,registered_x01,dtlz2_interval,lu,0.0,5,1,False,5000,16,True,0.0,849
m-2_overhang,a5b_domination_argument,dtlz2_interval,lu,0.0,5,1,False,5000,16,True,0.0,849
m-2_overhang,registered_x01,dtlz2_interval,lu,0.0,0,0,False,5000,17,True,0.0,4534
m-2_overhang,a5b_domination_argument,dtlz2_interval,lu,0.0,0,0,False,5000,17,True,0.0,4534
m-2_overhang,registered_x01,dtlz2_interval,lu,0.0,1,0,False,5000,17,True,0.0,4534
m-2_overhang,a5b_domination_argument,dtlz2_interval,lu,0.0,1,0,False,5000,17,True,0.0,4534
m-2_overhang,registered_x01,dtlz2_interval,lu,0.0,2,0,False,5000,17,True,0.0,2163
m-2_overhang,a5b_domination_argument,dtlz2_interval,lu,0.0,2,0,False,5000,17,True,0.0,2163
m-2_overhang,registered_x01,dtlz2_interval,lu,0.0,3,0,False,5000,17,True,0.0,2163
m-2_overhang,a5b_domination_argument,dtlz2_interval,lu,0.0,3,0,False,5000,17,True,0.0,2163
m-2_overhang,registered_x01,dtlz2_interval,lu,0.0,4,1,False,5000,17,True,0.0,1867
m-2_overhang,a5b_domination_argument,dtlz2_interval,lu,0.0,4,1,False,5000,17,True,0.0,1867
m-2_overhang,registered_x01,dtlz2_interval,lu,0.0,5,1,False,5000,17,True,0.0,1867
m-2_overhang,a5b_domination_argument,dtlz2_interval,lu,0.0,5,1,False,5000,17,True,0.0,1867
m-2_overhang,registered_x01,dtlz2_interval,lu,0.0,0,0,False,5000,18,True,0.0,69
m-2_overhang,a5b_domination_argument,dtlz2_interval,lu,0.0,0,0,False,5000,18,True,0.0,69
m-2_overhang,registered_x01,dtlz2_interval,lu,0.0,1,0,False,5000,18,True,0.0,69
m-2_overhang,a5b_domination_argument,dtlz2_interval,lu,0.0,1,0,False,5000,18,True,0.0,69
m-2_overhang,registered_x01,dtlz2_interval,lu,0.0,2,0,False,5000,18,True,0.0,2864
m-2_overhang,a5b_domination_argument,dtlz2_interval,lu,0.0,2,0,False,5000,18,True,0.0,2864
m-2_overhang,registered_x01,dtlz2_interval,lu,0.0,3,0,False,5000,18,True,0.0,2864
m-2_overhang,a5b_domination_argument,dtlz2_interval,lu,0.0,3,0,False,5000,18,True,0.0,2864
m-2_overhang,registered_x01,dtlz2_interval,lu,0.0,4,1,False,5000,18,True,0.0,4594
m-2_overhang,a5b_domination_argument,dtlz2_interval,lu,0.0,4,1,False,5000,18,True,0.0,4594
m-2_overhang,registered_x01,dtlz2_interval,lu,0.0,5,1,False,5000,18,True,0.0,4594
m-2_overhang,a5b_domination_argument,dtlz2_interval,lu,0.0,5,1,False,5000,18,True,0.0,4594
m-2_overhang,registered_x01,dtlz2_interval,lu,0.0,0,0,False,5000,19,True,0.0,3010
m-2_overhang,a5b_domination_argument,dtlz2_interval,lu,0.0,0,0,False,5000,19,True,0.0,3010
m-2_overhang,registered_x01,dtlz2_interval,lu,0.0,1,0,False,5000,19,True,0.0,3010
m-2_overhang,a5b_domination_argument,dtlz2_interval,lu,0.0,1,0,False,5000,19,True,0.0,3010
m-2_overhang,registered_x01,dtlz2_interval,lu,0.0,2,0,False,5000,19,True,0.0,174
m-2_overhang,a5b_domination_argument,dtlz2_interval,lu,0.0,2,0,False,5000,19,True,0.0,174
m-2_overhang,registered_x01,dtlz2_interval,lu,0.0,3,0,False,5000,19,True,0.0,174
m-2_overhang,a5b_domination_argument,dtlz2_interval,lu,0.0,3,0,False,5000,19,True,0.0,174
m-2_overhang,registered_x01,dtlz2_interval,lu,0.0,4,1,False,5000,19,True,0.0,4938
m-2_overhang,a5b_domination_argument,dtlz2_interval,lu,0.0,4,1,False,5000,19,True,0.0,4938
m-2_overhang,registered_x01,dtlz2_interval,lu,0.0,5,1,False,5000,19,True,0.0,4938
m-2_overhang,a5b_domination_argument,dtlz2_interval,lu,0.0,5,1,False,5000,19,True,0.0,4938
m-2_overhang,registered_x01,dtlz2_interval,lu,0.0,0,0,False,5000,20,True,0.0,2152
m-2_overhang,a5b_domination_argument,dtlz2_interval,lu,0.0,0,0,False,5000,20,True,0.0,2152
m-2_overhang,registered_x01,dtlz2_interval,lu,0.0,1,0,False,5000,20,True,0.0,2152
m-2_overhang,a5b_domination_argument,dtlz2_interval,lu,0.0,1,0,False,5000,20,True,0.0,2152
m-2_overhang,registered_x01,dtlz2_interval,lu,0.0,2,0,False,5000,20,True,0.0,3212
m-2_overhang,a5b_domination_argument,dtlz2_interval,lu,0.0,2,0,False,5000,20,True,0.0,3212
m-2_overhang,registered_x01,dtlz2_interval,lu,0.0,3,0,False,5000,20,True,0.0,3212
m-2_overhang,a5b_domination_argument,dtlz2_interval,lu,0.0,3,0,False,5000,20,True,0.0,3212
m-2_overhang,registered_x01,dtlz2_interval,lu,0.0,4,1,False,5000,20,True,0.0,1965
m-2_overhang,a5b_domination_argument,dtlz2_interval,lu,0.0,4,1,False,5000,20,True,0.0,1965
m-2_overhang,registered_x01,dtlz2_interval,lu,0.0,5,1,False,5000,20,True,0.0,1965
m-2_overhang,a5b_domination_argument,dtlz2_interval,lu,0.0,5,1,False,5000,20,True,0.0,1965
m-2_overhang,registered_x01,dtlz2_interval,lu,0.0,0,0,False,5000,21,True,0.0,906
m-2_overhang,a5b_domination_argument,dtlz2_interval,lu,0.0,0,0,False,5000,21,True,0.0,906
m-2_overhang,registered_x01,dtlz2_interval,lu,0.0,1,0,False,5000,21,True,0.0,906
m-2_overhang,a5b_domination_argument,dtlz2_interval,lu,0.0,1,0,False,5000,21,True,0.0,906
m-2_overhang,registered_x01,dtlz2_interval,lu,0.0,2,0,False,5000,21,True,0.0,1027
m-2_overhang,a5b_domination_argument,dtlz2_interval,lu,0.0,2,0,False,5000,21,True,0.0,1027
m-2_overhang,registered_x01,dtlz2_interval,lu,0.0,3,0,False,5000,21,True,0.0,1027
m-2_overhang,a5b_domination_argument,dtlz2_interval,lu,0.0,3,0,False,5000,21,True,0.0,1027
m-2_overhang,registered_x01,dtlz2_interval,lu,0.0,4,1,False,5000,21,True,0.0,1733
m-2_overhang,a5b_domination_argument,dtlz2_interval,lu,0.0,4,1,False,5000,21,True,0.0,1733
m-2_overhang,registered_x01,dtlz2_interval,lu,0.0,5,1,False,5000,21,True,0.0,1733
m-2_overhang,a5b_domination_argument,dtlz2_interval,lu,0.0,5,1,False,5000,21,True,0.0,1733
m-2_overhang,registered_x01,dtlz2_interval,lu,0.0,0,0,False,5000,22,True,0.0,785
m-2_overhang,a5b_domination_argument,dtlz2_interval,lu,0.0,0,0,False,5000,22,True,0.0,785
m-2_overhang,registered_x01,dtlz2_interval,lu,0.0,1,0,False,5000,22,True,0.0,785
m-2_overhang,a5b_domination_argument,dtlz2_interval,lu,0.0,1,0,False,5000,22,True,0.0,785
m-2_overhang,registered_x01,dtlz2_interval,lu,0.0,2,0,False,5000,22,True,0.0,3887
m-2_overhang,a5b_domination_argument,dtlz2_interval,lu,0.0,2,0,False,5000,22,True,0.0,3887
m-2_overhang,registered_x01,dtlz2_interval,lu,0.0,3,0,False,5000,22,True,0.0,3887
m-2_overhang,a5b_domination_argument,dtlz2_interval,lu,0.0,3,0,False,5000,22,True,0.0,3887
m-2_overhang,registered_x01,dtlz2_interval,lu,0.0,4,1,False,5000,22,True,0.0,3302
m-2_overhang,a5b_domination_argument,dtlz2_interval,lu,0.0,4,1,False,5000,22,True,0.0,3302
m-2_overhang,registered_x01,dtlz2_interval,lu,0.0,5,1,False,5000,22,True,0.0,3302
m-2_overhang,a5b_domination_argument,dtlz2_interval,lu,0.0,5,1,False,5000,22,True,0.0,3302
m-2_overhang,registered_x01,dtlz2_interval,lu,0.0,0,0,False,5000,23,True,0.0,1038
m-2_overhang,a5b_domination_argument,dtlz2_interval,lu,0.0,0,0,False,5000,23,True,0.0,1038
m-2_overhang,registered_x01,dtlz2_interval,lu,0.0,1,0,False,5000,23,True,0.0,1038
m-2_overhang,a5b_domination_argument,dtlz2_interval,lu,0.0,1,0,False,5000,23,True,0.0,1038
m-2_overhang,registered_x01,dtlz2_interval,lu,0.0,2,0,False,5000,23,True,0.0,1973
m-2_overhang,a5b_domination_argument,dtlz2_interval,lu,0.0,2,0,False,5000,23,True,0.0,1973
m-2_overhang,registered_x01,dtlz2_interval,lu,0.0,3,0,False,5000,23,True,0.0,1973
m-2_overhang,a5b_domination_argument,dtlz2_interval,lu,0.0,3,0,False,5000,23,True,0.0,1973
m-2_overhang,registered_x01,dtlz2_interval,lu,0.0,4,1,False,5000,23,True,0.0,1498
m-2_overhang,a5b_domination_argument,dtlz2_interval,lu,0.0,4,1,False,5000,23,True,0.0,1498
m-2_overhang,registered_x01,dtlz2_interval,lu,0.0,5,1,False,5000,23,True,0.0,1498
m-2_overhang,a5b_domination_argument,dtlz2_interval,lu,0.0,5,1,False,5000,23,True,0.0,1498
m-2_overhang,registered_x01,dtlz2_interval,lu,0.0,0,0,False,5000,24,True,0.0,4115
m-2_overhang,a5b_domination_argument,dtlz2_interval,lu,0.0,0,0,False,5000,24,True,0.0,4115
m-2_overhang,registered_x01,dtlz2_interval,lu,0.0,1,0,False,5000,24,True,0.0,4115
m-2_overhang,a5b_domination_argument,dtlz2_interval,lu,0.0,1,0,False,5000,24,True,0.0,4115
m-2_overhang,registered_x01,dtlz2_interval,lu,0.0,2,0,False,5000,24,True,0.0,4115
m-2_overhang,a5b_domination_argument,dtlz2_interval,lu,0.0,2,0,False,5000,24,True,0.0,4115
m-2_overhang,registered_x01,dtlz2_interval,lu,0.0,3,0,False,5000,24,True,0.0,4115
m-2_overhang,a5b_domination_argument,dtlz2_interval,lu,0.0,3,0,False,5000,24,True,0.0,4115
m-2_overhang,registered_x01,dtlz2_interval,lu,0.0,4,1,False,5000,24,True,0.0,107
m-2_overhang,a5b_domination_argument,dtlz2_interval,lu,0.0,4,1,False,5000,24,True,0.0,107
m-2_overhang,registered_x01,dtlz2_interval,lu,0.0,5,1,False,5000,24,True,0.0,107
m-2_overhang,a5b_domination_argument,dtlz2_interval,lu,0.0,5,1,False,5000,24,True,0.0,107
m-2_overhang,registered_x01,dtlz2_interval,lu,0.0,0,0,False,5000,25,True,0.0,4066
m-2_overhang,a5b_domination_argument,dtlz2_interval,lu,0.0,0,0,False,5000,25,True,0.0,4066
m-2_overhang,registered_x01,dtlz2_interval,lu,0.0,1,0,False,5000,25,True,0.0,4066
m-2_overhang,a5b_domination_argument,dtlz2_interval,lu,0.0,1,0,False,5000,25,True,0.0,4066
m-2_overhang,registered_x01,dtlz2_interval,lu,0.0,2,0,False,5000,25,True,0.0,4066
m-2_overhang,a5b_domination_argument,dtlz2_interval,lu,0.0,2,0,False,5000,25,True,0.0,4066
m-2_overhang,registered_x01,dtlz2_interval,lu,0.0,3,0,False,5000,25,True,0.0,4066
m-2_overhang,a5b_domination_argument,dtlz2_interval,lu,0.0,3,0,False,5000,25,True,0.0,4066
m-2_overhang,registered_x01,dtlz2_interval,lu,0.0,4,1,False,5000,25,True,0.0,1928
m-2_overhang,a5b_domination_argument,dtlz2_interval,lu,0.0,4,1,False,5000,25,True,0.0,1928
m-2_overhang,registered_x01,dtlz2_interval,lu,0.0,5,1,False,5000,25,True,0.0,1928
m-2_overhang,a5b_domination_argument,dtlz2_interval,lu,0.0,5,1,False,5000,25,True,0.0,1928
m-2_overhang,registered_x01,dtlz2_interval,lu,0.0,0,0,False,5000,26,True,0.0,4298
m-2_overhang,a5b_domination_argument,dtlz2_interval,lu,0.0,0,0,False,5000,26,True,0.0,4298
m-2_overhang,registered_x01,dtlz2_interval,lu,0.0,1,0,False,5000,26,True,0.0,4298
m-2_overhang,a5b_domination_argument,dtlz2_interval,lu,0.0,1,0,False,5000,26,True,0.0,4298
m-2_overhang,registered_x01,dtlz2_interval,lu,0.0,2,0,False,5000,26,True,0.0,1086
m-2_overhang,a5b_domination_argument,dtlz2_interval,lu,0.0,2,0,False,5000,26,True,0.0,1086
m-2_overhang,registered_x01,dtlz2_interval,lu,0.0,3,0,False,5000,26,True,0.0,1086
m-2_overhang,a5b_domination_argument,dtlz2_interval,lu,0.0,3,0,False,5000,26,True,0.0,1086
m-2_overhang,registered_x01,dtlz2_interval,lu,0.0,4,1,False,5000,26,True,0.0,4060
m-2_overhang,a5b_domination_argument,dtlz2_interval,lu,0.0,4,1,False,5000,26,True,0.0,4060
m-2_overhang,registered_x01,dtlz2_interval,lu,0.0,5,1,False,5000,26,True,0.0,4060
m-2_overhang,a5b_domination_argument,dtlz2_interval,lu,0.0,5,1,False,5000,26,True,0.0,4060
m-2_overhang,registered_x01,dtlz2_interval,lu,0.0,0,0,False,5000,27,True,0.0,2648
m-2_overhang,a5b_domination_argument,dtlz2_interval,lu,0.0,0,0,False,5000,27,True,0.0,2648
m-2_overhang,registered_x01,dtlz2_interval,lu,0.0,1,0,False,5000,27,True,0.0,2648
m-2_overhang,a5b_domination_argument,dtlz2_interval,lu,0.0,1,0,False,5000,27,True,0.0,2648
m-2_overhang,registered_x01,dtlz2_interval,lu,0.0,2,0,False,5000,27,True,0.0,3081
m-2_overhang,a5b_domination_argument,dtlz2_interval,lu,0.0,2,0,False,5000,27,True,0.0,3081
m-2_overhang,registered_x01,dtlz2_interval,lu,0.0,3,0,False,5000,27,True,0.0,3081
m-2_overhang,a5b_domination_argument,dtlz2_interval,lu,0.0,3,0,False,5000,27,True,0.0,3081
m-2_overhang,registered_x01,dtlz2_interval,lu,0.0,4,1,False,5000,27,True,0.0,4781
m-2_overhang,a5b_domination_argument,dtlz2_interval,lu,0.0,4,1,False,5000,27,True,0.0,4781
m-2_overhang,registered_x01,dtlz2_interval,lu,0.0,5,1,False,5000,27,True,0.0,4781
m-2_overhang,a5b_domination_argument,dtlz2_interval,lu,0.0,5,1,False,5000,27,True,0.0,4781
m-2_overhang,registered_x01,dtlz2_interval,lu,0.0,0,0,False,5000,28,True,0.0,724
m-2_overhang,a5b_domination_argument,dtlz2_interval,lu,0.0,0,0,False,5000,28,True,0.0,724
m-2_overhang,registered_x01,dtlz2_interval,lu,0.0,1,0,False,5000,28,True,0.0,724
m-2_overhang,a5b_domination_argument,dtlz2_interval,lu,0.0,1,0,False,5000,28,True,0.0,724
m-2_overhang,registered_x01,dtlz2_interval,lu,0.0,2,0,False,5000,28,True,0.0,1985
m-2_overhang,a5b_domination_argument,dtlz2_interval,lu,0.0,2,0,False,5000,28,True,0.0,1985
m-2_overhang,registered_x01,dtlz2_interval,lu,0.0,3,0,False,5000,28,True,0.0,1985
m-2_overhang,a5b_domination_argument,dtlz2_interval,lu,0.0,3,0,False,5000,28,True,0.0,1985
m-2_overhang,registered_x01,dtlz2_interval,lu,0.0,4,1,False,5000,28,True,0.0,4579
m-2_overhang,a5b_domination_argument,dtlz2_interval,lu,0.0,4,1,False,5000,28,True,0.0,4579
m-2_overhang,registered_x01,dtlz2_interval,lu,0.0,5,1,False,5000,28,True,0.0,4579
m-2_overhang,a5b_domination_argument,dtlz2_interval,lu,0.0,5,1,False,5000,28,True,0.0,4579
m-2_overhang,registered_x01,dtlz2_interval,lu,0.0,0,0,False,5000,29,True,0.0,138
m-2_overhang,a5b_domination_argument,dtlz2_interval,lu,0.0,0,0,False,5000,29,True,0.0,138
m-2_overhang,registered_x01,dtlz2_interval,lu,0.0,1,0,False,5000,29,True,0.0,138
m-2_overhang,a5b_domination_argument,dtlz2_interval,lu,0.0,1,0,False,5000,29,True,0.0,138
m-2_overhang,registered_x01,dtlz2_interval,lu,0.0,2,0,False,5000,29,True,0.0,1761
m-2_overhang,a5b_domination_argument,dtlz2_interval,lu,0.0,2,0,False,5000,29,True,0.0,1761
m-2_overhang,registered_x01,dtlz2_interval,lu,0.0,3,0,False,5000,29,True,0.0,1761
m-2_overhang,a5b_domination_argument,dtlz2_interval,lu,0.0,3,0,False,5000,29,True,0.0,1761
m-2_overhang,registered_x01,dtlz2_interval,lu,0.0,4,1,False,5000,29,True,0.0,653
m-2_overhang,a5b_domination_argument,dtlz2_interval,lu,0.0,4,1,False,5000,29,True,0.0,653
m-2_overhang,registered_x01,dtlz2_interval,lu,0.0,5,1,False,5000,29,True,0.0,653
m-2_overhang,a5b_domination_argument,dtlz2_interval,lu,0.0,5,1,False,5000,29,True,0.0,653
m-2_overhang,registered_x01,dtlz2_interval,lu,0.0,0,0,False,5000,30,True,0.0,2747
m-2_overhang,a5b_domination_argument,dtlz2_interval,lu,0.0,0,0,False,5000,30,True,0.0,2747
m-2_overhang,registered_x01,dtlz2_interval,lu,0.0,1,0,False,5000,30,True,0.0,2747
m-2_overhang,a5b_domination_argument,dtlz2_interval,lu,0.0,1,0,False,5000,30,True,0.0,2747
m-2_overhang,registered_x01,dtlz2_interval,lu,0.0,2,0,False,5000,30,True,0.0,4832
m-2_overhang,a5b_domination_argument,dtlz2_interval,lu,0.0,2,0,False,5000,30,True,0.0,4832
m-2_overhang,registered_x01,dtlz2_interval,lu,0.0,3,0,False,5000,30,True,0.0,4832
m-2_overhang,a5b_domination_argument,dtlz2_interval,lu,0.0,3,0,False,5000,30,True,0.0,4832
m-2_overhang,registered_x01,dtlz2_interval,lu,0.0,4,1,False,5000,30,True,0.0,1019
m-2_overhang,a5b_domination_argument,dtlz2_interval,lu,0.0,4,1,False,5000,30,True,0.0,1019
m-2_overhang,registered_x01,dtlz2_interval,lu,0.0,5,1,False,5000,30,True,0.0,1019
m-2_overhang,a5b_domination_argument,dtlz2_interval,lu,0.0,5,1,False,5000,30,True,0.0,1019
m-2_overhang,registered_x01,dtlz2_interval,ls,0.0,0,0,False,5000,11,True,0.0,4810
m-2_overhang,a5b_domination_argument,dtlz2_interval,ls,0.0,0,0,False,5000,11,True,0.0,4810
m-2_overhang,registered_x01,dtlz2_interval,ls,0.0,1,12,True,5000,11,False,,
m-2_overhang,a5b_domination_argument,dtlz2_interval,ls,0.0,1,12,True,5000,11,False,,
m-2_overhang,registered_x01,dtlz2_interval,ls,0.0,2,0,False,5000,11,True,0.0,4507
m-2_overhang,a5b_domination_argument,dtlz2_interval,ls,0.0,2,0,False,5000,11,True,0.0,4507
m-2_overhang,registered_x01,dtlz2_interval,ls,0.0,3,12,True,5000,11,False,,
m-2_overhang,a5b_domination_argument,dtlz2_interval,ls,0.0,3,12,True,5000,11,False,,
m-2_overhang,registered_x01,dtlz2_interval,ls,0.0,4,1,False,5000,11,True,0.0,4455
m-2_overhang,a5b_domination_argument,dtlz2_interval,ls,0.0,4,1,False,5000,11,True,0.0,4455
m-2_overhang,registered_x01,dtlz2_interval,ls,0.0,5,12,True,5000,11,False,,
m-2_overhang,a5b_domination_argument,dtlz2_interval,ls,0.0,5,12,True,5000,11,False,,
m-2_overhang,registered_x01,dtlz2_interval,ls,0.0,0,0,False,5000,12,True,0.0,4880
m-2_overhang,a5b_domination_argument,dtlz2_interval,ls,0.0,0,0,False,5000,12,True,0.0,4880
m-2_overhang,registered_x01,dtlz2_interval,ls,0.0,1,12,True,5000,12,False,,
m-2_overhang,a5b_domination_argument,dtlz2_interval,ls,0.0,1,12,True,5000,12,False,,
m-2_overhang,registered_x01,dtlz2_interval,ls,0.0,2,0,False,5000,12,True,0.0,822
m-2_overhang,a5b_domination_argument,dtlz2_interval,ls,0.0,2,0,False,5000,12,True,0.0,822
m-2_overhang,registered_x01,dtlz2_interval,ls,0.0,3,12,True,5000,12,False,,
m-2_overhang,a5b_domination_argument,dtlz2_interval,ls,0.0,3,12,True,5000,12,False,,
m-2_overhang,registered_x01,dtlz2_interval,ls,0.0,4,1,False,5000,12,True,0.0,649
m-2_overhang,a5b_domination_argument,dtlz2_interval,ls,0.0,4,1,False,5000,12,True,0.0,649
m-2_overhang,registered_x01,dtlz2_interval,ls,0.0,5,12,True,5000,12,False,,
m-2_overhang,a5b_domination_argument,dtlz2_interval,ls,0.0,5,12,True,5000,12,False,,
m-2_overhang,registered_x01,dtlz2_interval,ls,0.0,0,0,False,5000,13,True,0.0,4644
m-2_overhang,a5b_domination_argument,dtlz2_interval,ls,0.0,0,0,False,5000,13,True,0.0,4644
m-2_overhang,registered_x01,dtlz2_interval,ls,0.0,1,12,True,5000,13,False,,
m-2_overhang,a5b_domination_argument,dtlz2_interval,ls,0.0,1,12,True,5000,13,False,,
m-2_overhang,registered_x01,dtlz2_interval,ls,0.0,2,0,False,5000,13,True,0.0,340
m-2_overhang,a5b_domination_argument,dtlz2_interval,ls,0.0,2,0,False,5000,13,True,0.0,340
m-2_overhang,registered_x01,dtlz2_interval,ls,0.0,3,12,True,5000,13,False,,
m-2_overhang,a5b_domination_argument,dtlz2_interval,ls,0.0,3,12,True,5000,13,False,,
m-2_overhang,registered_x01,dtlz2_interval,ls,0.0,4,1,False,5000,13,True,0.0,4318
m-2_overhang,a5b_domination_argument,dtlz2_interval,ls,0.0,4,1,False,5000,13,True,0.0,4318
m-2_overhang,registered_x01,dtlz2_interval,ls,0.0,5,12,True,5000,13,False,,
m-2_overhang,a5b_domination_argument,dtlz2_interval,ls,0.0,5,12,True,5000,13,False,,
m-2_overhang,registered_x01,dtlz2_interval,ls,0.0,0,0,False,5000,14,True,0.0,248
m-2_overhang,a5b_domination_argument,dtlz2_interval,ls,0.0,0,0,False,5000,14,True,0.0,248
m-2_overhang,registered_x01,dtlz2_interval,ls,0.0,1,12,True,5000,14,False,,
m-2_overhang,a5b_domination_argument,dtlz2_interval,ls,0.0,1,12,True,5000,14,False,,
m-2_overhang,registered_x01,dtlz2_interval,ls,0.0,2,0,False,5000,14,True,0.0,4943
m-2_overhang,a5b_domination_argument,dtlz2_interval,ls,0.0,2,0,False,5000,14,True,0.0,4943
m-2_overhang,registered_x01,dtlz2_interval,ls,0.0,3,12,True,5000,14,False,,
m-2_overhang,a5b_domination_argument,dtlz2_interval,ls,0.0,3,12,True,5000,14,False,,
m-2_overhang,registered_x01,dtlz2_interval,ls,0.0,4,1,False,5000,14,True,0.0,2282
m-2_overhang,a5b_domination_argument,dtlz2_interval,ls,0.0,4,1,False,5000,14,True,0.0,2282
m-2_overhang,registered_x01,dtlz2_interval,ls,0.0,5,12,True,5000,14,False,,
m-2_overhang,a5b_domination_argument,dtlz2_interval,ls,0.0,5,12,True,5000,14,False,,
m-2_overhang,registered_x01,dtlz2_interval,ls,0.0,0,0,False,5000,15,True,0.0,4652
m-2_overhang,a5b_domination_argument,dtlz2_interval,ls,0.0,0,0,False,5000,15,True,0.0,4652
m-2_overhang,registered_x01,dtlz2_interval,ls,0.0,1,12,True,5000,15,False,,
m-2_overhang,a5b_domination_argument,dtlz2_interval,ls,0.0,1,12,True,5000,15,False,,
m-2_overhang,registered_x01,dtlz2_interval,ls,0.0,2,0,False,5000,15,True,0.0,1502
m-2_overhang,a5b_domination_argument,dtlz2_interval,ls,0.0,2,0,False,5000,15,True,0.0,1502
m-2_overhang,registered_x01,dtlz2_interval,ls,0.0,3,12,True,5000,15,False,,
m-2_overhang,a5b_domination_argument,dtlz2_interval,ls,0.0,3,12,True,5000,15,False,,
m-2_overhang,registered_x01,dtlz2_interval,ls,0.0,4,1,False,5000,15,True,0.0,2880
m-2_overhang,a5b_domination_argument,dtlz2_interval,ls,0.0,4,1,False,5000,15,True,0.0,2880
m-2_overhang,registered_x01,dtlz2_interval,ls,0.0,5,12,True,5000,15,False,,
m-2_overhang,a5b_domination_argument,dtlz2_interval,ls,0.0,5,12,True,5000,15,False,,
m-2_overhang,registered_x01,dtlz2_interval,ls,0.0,0,0,False,5000,16,True,0.0,1076
m-2_overhang,a5b_domination_argument,dtlz2_interval,ls,0.0,0,0,False,5000,16,True,0.0,1076
m-2_overhang,registered_x01,dtlz2_interval,ls,0.0,1,12,True,5000,16,False,,
m-2_overhang,a5b_domination_argument,dtlz2_interval,ls,0.0,1,12,True,5000,16,False,,
m-2_overhang,registered_x01,dtlz2_interval,ls,0.0,2,0,False,5000,16,True,0.0,4375
m-2_overhang,a5b_domination_argument,dtlz2_interval,ls,0.0,2,0,False,5000,16,True,0.0,4375
m-2_overhang,registered_x01,dtlz2_interval,ls,0.0,3,12,True,5000,16,False,,
m-2_overhang,a5b_domination_argument,dtlz2_interval,ls,0.0,3,12,True,5000,16,False,,
m-2_overhang,registered_x01,dtlz2_interval,ls,0.0,4,1,False,5000,16,True,0.0,849
m-2_overhang,a5b_domination_argument,dtlz2_interval,ls,0.0,4,1,False,5000,16,True,0.0,849
m-2_overhang,registered_x01,dtlz2_interval,ls,0.0,5,12,True,5000,16,False,,
m-2_overhang,a5b_domination_argument,dtlz2_interval,ls,0.0,5,12,True,5000,16,False,,
m-2_overhang,registered_x01,dtlz2_interval,ls,0.0,0,0,False,5000,17,True,0.0,4534
m-2_overhang,a5b_domination_argument,dtlz2_interval,ls,0.0,0,0,False,5000,17,True,0.0,4534
m-2_overhang,registered_x01,dtlz2_interval,ls,0.0,1,12,True,5000,17,False,,
m-2_overhang,a5b_domination_argument,dtlz2_interval,ls,0.0,1,12,True,5000,17,False,,
m-2_overhang,registered_x01,dtlz2_interval,ls,0.0,2,0,False,5000,17,True,0.0,2163
m-2_overhang,a5b_domination_argument,dtlz2_interval,ls,0.0,2,0,False,5000,17,True,0.0,2163
m-2_overhang,registered_x01,dtlz2_interval,ls,0.0,3,12,True,5000,17,False,,
m-2_overhang,a5b_domination_argument,dtlz2_interval,ls,0.0,3,12,True,5000,17,False,,
m-2_overhang,registered_x01,dtlz2_interval,ls,0.0,4,1,False,5000,17,True,0.0,1867
m-2_overhang,a5b_domination_argument,dtlz2_interval,ls,0.0,4,1,False,5000,17,True,0.0,1867
m-2_overhang,registered_x01,dtlz2_interval,ls,0.0,5,12,True,5000,17,False,,
m-2_overhang,a5b_domination_argument,dtlz2_interval,ls,0.0,5,12,True,5000,17,False,,
m-2_overhang,registered_x01,dtlz2_interval,ls,0.0,0,0,False,5000,18,True,0.0,69
m-2_overhang,a5b_domination_argument,dtlz2_interval,ls,0.0,0,0,False,5000,18,True,0.0,69
m-2_overhang,registered_x01,dtlz2_interval,ls,0.0,1,12,True,5000,18,False,,
m-2_overhang,a5b_domination_argument,dtlz2_interval,ls,0.0,1,12,True,5000,18,False,,
m-2_overhang,registered_x01,dtlz2_interval,ls,0.0,2,0,False,5000,18,True,0.0,2864
m-2_overhang,a5b_domination_argument,dtlz2_interval,ls,0.0,2,0,False,5000,18,True,0.0,2864
m-2_overhang,registered_x01,dtlz2_interval,ls,0.0,3,12,True,5000,18,False,,
m-2_overhang,a5b_domination_argument,dtlz2_interval,ls,0.0,3,12,True,5000,18,False,,
m-2_overhang,registered_x01,dtlz2_interval,ls,0.0,4,1,False,5000,18,True,0.0,4594
m-2_overhang,a5b_domination_argument,dtlz2_interval,ls,0.0,4,1,False,5000,18,True,0.0,4594
m-2_overhang,registered_x01,dtlz2_interval,ls,0.0,5,12,True,5000,18,False,,
m-2_overhang,a5b_domination_argument,dtlz2_interval,ls,0.0,5,12,True,5000,18,False,,
m-2_overhang,registered_x01,dtlz2_interval,ls,0.0,0,0,False,5000,19,True,0.0,3010
m-2_overhang,a5b_domination_argument,dtlz2_interval,ls,0.0,0,0,False,5000,19,True,0.0,3010
m-2_overhang,registered_x01,dtlz2_interval,ls,0.0,1,12,True,5000,19,False,,
m-2_overhang,a5b_domination_argument,dtlz2_interval,ls,0.0,1,12,True,5000,19,False,,
m-2_overhang,registered_x01,dtlz2_interval,ls,0.0,2,0,False,5000,19,True,0.0,174
m-2_overhang,a5b_domination_argument,dtlz2_interval,ls,0.0,2,0,False,5000,19,True,0.0,174
m-2_overhang,registered_x01,dtlz2_interval,ls,0.0,3,12,True,5000,19,False,,
m-2_overhang,a5b_domination_argument,dtlz2_interval,ls,0.0,3,12,True,5000,19,False,,
m-2_overhang,registered_x01,dtlz2_interval,ls,0.0,4,1,False,5000,19,True,0.0,4938
m-2_overhang,a5b_domination_argument,dtlz2_interval,ls,0.0,4,1,False,5000,19,True,0.0,4938
m-2_overhang,registered_x01,dtlz2_interval,ls,0.0,5,12,True,5000,19,False,,
m-2_overhang,a5b_domination_argument,dtlz2_interval,ls,0.0,5,12,True,5000,19,False,,
m-2_overhang,registered_x01,dtlz2_interval,ls,0.0,0,0,False,5000,20,True,0.0,2152
m-2_overhang,a5b_domination_argument,dtlz2_interval,ls,0.0,0,0,False,5000,20,True,0.0,2152
m-2_overhang,registered_x01,dtlz2_interval,ls,0.0,1,12,True,5000,20,False,,
m-2_overhang,a5b_domination_argument,dtlz2_interval,ls,0.0,1,12,True,5000,20,False,,
m-2_overhang,registered_x01,dtlz2_interval,ls,0.0,2,0,False,5000,20,True,0.0,3212
m-2_overhang,a5b_domination_argument,dtlz2_interval,ls,0.0,2,0,False,5000,20,True,0.0,3212
m-2_overhang,registered_x01,dtlz2_interval,ls,0.0,3,12,True,5000,20,False,,
m-2_overhang,a5b_domination_argument,dtlz2_interval,ls,0.0,3,12,True,5000,20,False,,
m-2_overhang,registered_x01,dtlz2_interval,ls,0.0,4,1,False,5000,20,True,0.0,1965
m-2_overhang,a5b_domination_argument,dtlz2_interval,ls,0.0,4,1,False,5000,20,True,0.0,1965
m-2_overhang,registered_x01,dtlz2_interval,ls,0.0,5,12,True,5000,20,False,,
m-2_overhang,a5b_domination_argument,dtlz2_interval,ls,0.0,5,12,True,5000,20,False,,
m-2_overhang,registered_x01,dtlz2_interval,ls,0.0,0,0,False,5000,21,True,0.0,906
m-2_overhang,a5b_domination_argument,dtlz2_interval,ls,0.0,0,0,False,5000,21,True,0.0,906
m-2_overhang,registered_x01,dtlz2_interval,ls,0.0,1,12,True,5000,21,False,,
m-2_overhang,a5b_domination_argument,dtlz2_interval,ls,0.0,1,12,True,5000,21,False,,
m-2_overhang,registered_x01,dtlz2_interval,ls,0.0,2,0,False,5000,21,True,0.0,1027
m-2_overhang,a5b_domination_argument,dtlz2_interval,ls,0.0,2,0,False,5000,21,True,0.0,1027
m-2_overhang,registered_x01,dtlz2_interval,ls,0.0,3,12,True,5000,21,False,,
m-2_overhang,a5b_domination_argument,dtlz2_interval,ls,0.0,3,12,True,5000,21,False,,
m-2_overhang,registered_x01,dtlz2_interval,ls,0.0,4,1,False,5000,21,True,0.0,1733
m-2_overhang,a5b_domination_argument,dtlz2_interval,ls,0.0,4,1,False,5000,21,True,0.0,1733
m-2_overhang,registered_x01,dtlz2_interval,ls,0.0,5,12,True,5000,21,False,,
m-2_overhang,a5b_domination_argument,dtlz2_interval,ls,0.0,5,12,True,5000,21,False,,
m-2_overhang,registered_x01,dtlz2_interval,ls,0.0,0,0,False,5000,22,True,0.0,785
m-2_overhang,a5b_domination_argument,dtlz2_interval,ls,0.0,0,0,False,5000,22,True,0.0,785
m-2_overhang,registered_x01,dtlz2_interval,ls,0.0,1,12,True,5000,22,False,,
m-2_overhang,a5b_domination_argument,dtlz2_interval,ls,0.0,1,12,True,5000,22,False,,
m-2_overhang,registered_x01,dtlz2_interval,ls,0.0,2,0,False,5000,22,True,0.0,3887
m-2_overhang,a5b_domination_argument,dtlz2_interval,ls,0.0,2,0,False,5000,22,True,0.0,3887
m-2_overhang,registered_x01,dtlz2_interval,ls,0.0,3,12,True,5000,22,False,,
m-2_overhang,a5b_domination_argument,dtlz2_interval,ls,0.0,3,12,True,5000,22,False,,
m-2_overhang,registered_x01,dtlz2_interval,ls,0.0,4,1,False,5000,22,True,0.0,3302
m-2_overhang,a5b_domination_argument,dtlz2_interval,ls,0.0,4,1,False,5000,22,True,0.0,3302
m-2_overhang,registered_x01,dtlz2_interval,ls,0.0,5,12,True,5000,22,False,,
m-2_overhang,a5b_domination_argument,dtlz2_interval,ls,0.0,5,12,True,5000,22,False,,
m-2_overhang,registered_x01,dtlz2_interval,ls,0.0,0,0,False,5000,23,True,0.0,1038
m-2_overhang,a5b_domination_argument,dtlz2_interval,ls,0.0,0,0,False,5000,23,True,0.0,1038
m-2_overhang,registered_x01,dtlz2_interval,ls,0.0,1,12,True,5000,23,False,,
m-2_overhang,a5b_domination_argument,dtlz2_interval,ls,0.0,1,12,True,5000,23,False,,
m-2_overhang,registered_x01,dtlz2_interval,ls,0.0,2,0,False,5000,23,True,0.0,1973
m-2_overhang,a5b_domination_argument,dtlz2_interval,ls,0.0,2,0,False,5000,23,True,0.0,1973
m-2_overhang,registered_x01,dtlz2_interval,ls,0.0,3,12,True,5000,23,False,,
m-2_overhang,a5b_domination_argument,dtlz2_interval,ls,0.0,3,12,True,5000,23,False,,
m-2_overhang,registered_x01,dtlz2_interval,ls,0.0,4,1,False,5000,23,True,0.0,1498
m-2_overhang,a5b_domination_argument,dtlz2_interval,ls,0.0,4,1,False,5000,23,True,0.0,1498
m-2_overhang,registered_x01,dtlz2_interval,ls,0.0,5,12,True,5000,23,False,,
m-2_overhang,a5b_domination_argument,dtlz2_interval,ls,0.0,5,12,True,5000,23,False,,
m-2_overhang,registered_x01,dtlz2_interval,ls,0.0,0,0,False,5000,24,True,0.0,4115
m-2_overhang,a5b_domination_argument,dtlz2_interval,ls,0.0,0,0,False,5000,24,True,0.0,4115
m-2_overhang,registered_x01,dtlz2_interval,ls,0.0,1,12,True,5000,24,False,,
m-2_overhang,a5b_domination_argument,dtlz2_interval,ls,0.0,1,12,True,5000,24,False,,
m-2_overhang,registered_x01,dtlz2_interval,ls,0.0,2,0,False,5000,24,True,0.0,4115
m-2_overhang,a5b_domination_argument,dtlz2_interval,ls,0.0,2,0,False,5000,24,True,0.0,4115
m-2_overhang,registered_x01,dtlz2_interval,ls,0.0,3,12,True,5000,24,False,,
m-2_overhang,a5b_domination_argument,dtlz2_interval,ls,0.0,3,12,True,5000,24,False,,
m-2_overhang,registered_x01,dtlz2_interval,ls,0.0,4,1,False,5000,24,True,0.0,107
m-2_overhang,a5b_domination_argument,dtlz2_interval,ls,0.0,4,1,False,5000,24,True,0.0,107
m-2_overhang,registered_x01,dtlz2_interval,ls,0.0,5,12,True,5000,24,False,,
m-2_overhang,a5b_domination_argument,dtlz2_interval,ls,0.0,5,12,True,5000,24,False,,
m-2_overhang,registered_x01,dtlz2_interval,ls,0.0,0,0,False,5000,25,True,0.0,4066
m-2_overhang,a5b_domination_argument,dtlz2_interval,ls,0.0,0,0,False,5000,25,True,0.0,4066
m-2_overhang,registered_x01,dtlz2_interval,ls,0.0,1,12,True,5000,25,False,,
m-2_overhang,a5b_domination_argument,dtlz2_interval,ls,0.0,1,12,True,5000,25,False,,
m-2_overhang,registered_x01,dtlz2_interval,ls,0.0,2,0,False,5000,25,True,0.0,4066
m-2_overhang,a5b_domination_argument,dtlz2_interval,ls,0.0,2,0,False,5000,25,True,0.0,4066
m-2_overhang,registered_x01,dtlz2_interval,ls,0.0,3,12,True,5000,25,False,,
m-2_overhang,a5b_domination_argument,dtlz2_interval,ls,0.0,3,12,True,5000,25,False,,
m-2_overhang,registered_x01,dtlz2_interval,ls,0.0,4,1,False,5000,25,True,0.0,1928
m-2_overhang,a5b_domination_argument,dtlz2_interval,ls,0.0,4,1,False,5000,25,True,0.0,1928
m-2_overhang,registered_x01,dtlz2_interval,ls,0.0,5,12,True,5000,25,False,,
m-2_overhang,a5b_domination_argument,dtlz2_interval,ls,0.0,5,12,True,5000,25,False,,
m-2_overhang,registered_x01,dtlz2_interval,ls,0.0,0,0,False,5000,26,True,0.0,4298
m-2_overhang,a5b_domination_argument,dtlz2_interval,ls,0.0,0,0,False,5000,26,True,0.0,4298
m-2_overhang,registered_x01,dtlz2_interval,ls,0.0,1,12,True,5000,26,False,,
m-2_overhang,a5b_domination_argument,dtlz2_interval,ls,0.0,1,12,True,5000,26,False,,
m-2_overhang,registered_x01,dtlz2_interval,ls,0.0,2,0,False,5000,26,True,0.0,1086
m-2_overhang,a5b_domination_argument,dtlz2_interval,ls,0.0,2,0,False,5000,26,True,0.0,1086
m-2_overhang,registered_x01,dtlz2_interval,ls,0.0,3,12,True,5000,26,False,,
m-2_overhang,a5b_domination_argument,dtlz2_interval,ls,0.0,3,12,True,5000,26,False,,
m-2_overhang,registered_x01,dtlz2_interval,ls,0.0,4,1,False,5000,26,True,0.0,4060
m-2_overhang,a5b_domination_argument,dtlz2_interval,ls,0.0,4,1,False,5000,26,True,0.0,4060
m-2_overhang,registered_x01,dtlz2_interval,ls,0.0,5,12,True,5000,26,False,,
m-2_overhang,a5b_domination_argument,dtlz2_interval,ls,0.0,5,12,True,5000,26,False,,
m-2_overhang,registered_x01,dtlz2_interval,ls,0.0,0,0,False,5000,27,True,0.0,2648
m-2_overhang,a5b_domination_argument,dtlz2_interval,ls,0.0,0,0,False,5000,27,True,0.0,2648
m-2_overhang,registered_x01,dtlz2_interval,ls,0.0,1,12,True,5000,27,False,,
m-2_overhang,a5b_domination_argument,dtlz2_interval,ls,0.0,1,12,True,5000,27,False,,
m-2_overhang,registered_x01,dtlz2_interval,ls,0.0,2,0,False,5000,27,True,0.0,3081
m-2_overhang,a5b_domination_argument,dtlz2_interval,ls,0.0,2,0,False,5000,27,True,0.0,3081
m-2_overhang,registered_x01,dtlz2_interval,ls,0.0,3,12,True,5000,27,False,,
m-2_overhang,a5b_domination_argument,dtlz2_interval,ls,0.0,3,12,True,5000,27,False,,
m-2_overhang,registered_x01,dtlz2_interval,ls,0.0,4,1,False,5000,27,True,0.0,4781
m-2_overhang,a5b_domination_argument,dtlz2_interval,ls,0.0,4,1,False,5000,27,True,0.0,4781
m-2_overhang,registered_x01,dtlz2_interval,ls,0.0,5,12,True,5000,27,False,,
m-2_overhang,a5b_domination_argument,dtlz2_interval,ls,0.0,5,12,True,5000,27,False,,
m-2_overhang,registered_x01,dtlz2_interval,ls,0.0,0,0,False,5000,28,True,0.0,724
m-2_overhang,a5b_domination_argument,dtlz2_interval,ls,0.0,0,0,False,5000,28,True,0.0,724
m-2_overhang,registered_x01,dtlz2_interval,ls,0.0,1,12,True,5000,28,False,,
m-2_overhang,a5b_domination_argument,dtlz2_interval,ls,0.0,1,12,True,5000,28,False,,
m-2_overhang,registered_x01,dtlz2_interval,ls,0.0,2,0,False,5000,28,True,0.0,1985
m-2_overhang,a5b_domination_argument,dtlz2_interval,ls,0.0,2,0,False,5000,28,True,0.0,1985
m-2_overhang,registered_x01,dtlz2_interval,ls,0.0,3,12,True,5000,28,False,,
m-2_overhang,a5b_domination_argument,dtlz2_interval,ls,0.0,3,12,True,5000,28,False,,
m-2_overhang,registered_x01,dtlz2_interval,ls,0.0,4,1,False,5000,28,True,0.0,4579
m-2_overhang,a5b_domination_argument,dtlz2_interval,ls,0.0,4,1,False,5000,28,True,0.0,4579
m-2_overhang,registered_x01,dtlz2_interval,ls,0.0,5,12,True,5000,28,False,,
m-2_overhang,a5b_domination_argument,dtlz2_interval,ls,0.0,5,12,True,5000,28,False,,
m-2_overhang,registered_x01,dtlz2_interval,ls,0.0,0,0,False,5000,29,True,0.0,138
m-2_overhang,a5b_domination_argument,dtlz2_interval,ls,0.0,0,0,False,5000,29,True,0.0,138
m-2_overhang,registered_x01,dtlz2_interval,ls,0.0,1,12,True,5000,29,False,,
m-2_overhang,a5b_domination_argument,dtlz2_interval,ls,0.0,1,12,True,5000,29,False,,
m-2_overhang,registered_x01,dtlz2_interval,ls,0.0,2,0,False,5000,29,True,0.0,1761
m-2_overhang,a5b_domination_argument,dtlz2_interval,ls,0.0,2,0,False,5000,29,True,0.0,1761
m-2_overhang,registered_x01,dtlz2_interval,ls,0.0,3,12,True,5000,29,False,,
m-2_overhang,a5b_domination_argument,dtlz2_interval,ls,0.0,3,12,True,5000,29,False,,
m-2_overhang,registered_x01,dtlz2_interval,ls,0.0,4,1,False,5000,29,True,0.0,653
m-2_overhang,a5b_domination_argument,dtlz2_interval,ls,0.0,4,1,False,5000,29,True,0.0,653
m-2_overhang,registered_x01,dtlz2_interval,ls,0.0,5,12,True,5000,29,False,,
m-2_overhang,a5b_domination_argument,dtlz2_interval,ls,0.0,5,12,True,5000,29,False,,
m-2_overhang,registered_x01,dtlz2_interval,ls,0.0,0,0,False,5000,30,True,0.0,2747
m-2_overhang,a5b_domination_argument,dtlz2_interval,ls,0.0,0,0,False,5000,30,True,0.0,2747
m-2_overhang,registered_x01,dtlz2_interval,ls,0.0,1,12,True,5000,30,False,,
m-2_overhang,a5b_domination_argument,dtlz2_interval,ls,0.0,1,12,True,5000,30,False,,
m-2_overhang,registered_x01,dtlz2_interval,ls,0.0,2,0,False,5000,30,True,0.0,4832
m-2_overhang,a5b_domination_argument,dtlz2_interval,ls,0.0,2,0,False,5000,30,True,0.0,4832
m-2_overhang,registered_x01,dtlz2_interval,ls,0.0,3,12,True,5000,30,False,,
m-2_overhang,a5b_domination_argument,dtlz2_interval,ls,0.0,3,12,True,5000,30,False,,
m-2_overhang,registered_x01,dtlz2_interval,ls,0.0,4,1,False,5000,30,True,0.0,1019
m-2_overhang,a5b_domination_argument,dtlz2_interval,ls,0.0,4,1,False,5000,30,True,0.0,1019
m-2_overhang,registered_x01,dtlz2_interval,ls,0.0,5,12,True,5000,30,False,,
m-2_overhang,a5b_domination_argument,dtlz2_interval,ls,0.0,5,12,True,5000,30,False,,
m-2_overhang,registered_x01,dtlz2_interval,cw,0.0,0,0,False,5000,11,True,0.0,4810
m-2_overhang,a5b_domination_argument,dtlz2_interval,cw,0.0,0,0,False,5000,11,True,0.0,4810
m-2_overhang,registered_x01,dtlz2_interval,cw,0.0,1,12,True,5000,11,False,,
m-2_overhang,a5b_domination_argument,dtlz2_interval,cw,0.0,1,12,True,5000,11,False,,
m-2_overhang,registered_x01,dtlz2_interval,cw,0.0,2,0,False,5000,11,True,0.0,4507
m-2_overhang,a5b_domination_argument,dtlz2_interval,cw,0.0,2,0,False,5000,11,True,0.0,4507
m-2_overhang,registered_x01,dtlz2_interval,cw,0.0,3,12,True,5000,11,False,,
m-2_overhang,a5b_domination_argument,dtlz2_interval,cw,0.0,3,12,True,5000,11,False,,
m-2_overhang,registered_x01,dtlz2_interval,cw,0.0,4,1,False,5000,11,True,0.0,4455
m-2_overhang,a5b_domination_argument,dtlz2_interval,cw,0.0,4,1,False,5000,11,True,0.0,4455
m-2_overhang,registered_x01,dtlz2_interval,cw,0.0,5,12,True,5000,11,False,,
m-2_overhang,a5b_domination_argument,dtlz2_interval,cw,0.0,5,12,True,5000,11,False,,
m-2_overhang,registered_x01,dtlz2_interval,cw,0.0,0,0,False,5000,12,True,0.0,4880
m-2_overhang,a5b_domination_argument,dtlz2_interval,cw,0.0,0,0,False,5000,12,True,0.0,4880
m-2_overhang,registered_x01,dtlz2_interval,cw,0.0,1,12,True,5000,12,False,,
m-2_overhang,a5b_domination_argument,dtlz2_interval,cw,0.0,1,12,True,5000,12,False,,
m-2_overhang,registered_x01,dtlz2_interval,cw,0.0,2,0,False,5000,12,True,0.0,822
m-2_overhang,a5b_domination_argument,dtlz2_interval,cw,0.0,2,0,False,5000,12,True,0.0,822
m-2_overhang,registered_x01,dtlz2_interval,cw,0.0,3,12,True,5000,12,False,,
m-2_overhang,a5b_domination_argument,dtlz2_interval,cw,0.0,3,12,True,5000,12,False,,
m-2_overhang,registered_x01,dtlz2_interval,cw,0.0,4,1,False,5000,12,True,0.0,649
m-2_overhang,a5b_domination_argument,dtlz2_interval,cw,0.0,4,1,False,5000,12,True,0.0,649
m-2_overhang,registered_x01,dtlz2_interval,cw,0.0,5,12,True,5000,12,False,,
m-2_overhang,a5b_domination_argument,dtlz2_interval,cw,0.0,5,12,True,5000,12,False,,
m-2_overhang,registered_x01,dtlz2_interval,cw,0.0,0,0,False,5000,13,True,0.0,4644
m-2_overhang,a5b_domination_argument,dtlz2_interval,cw,0.0,0,0,False,5000,13,True,0.0,4644
m-2_overhang,registered_x01,dtlz2_interval,cw,0.0,1,12,True,5000,13,False,,
m-2_overhang,a5b_domination_argument,dtlz2_interval,cw,0.0,1,12,True,5000,13,False,,
m-2_overhang,registered_x01,dtlz2_interval,cw,0.0,2,0,False,5000,13,True,0.0,340
m-2_overhang,a5b_domination_argument,dtlz2_interval,cw,0.0,2,0,False,5000,13,True,0.0,340
m-2_overhang,registered_x01,dtlz2_interval,cw,0.0,3,12,True,5000,13,False,,
m-2_overhang,a5b_domination_argument,dtlz2_interval,cw,0.0,3,12,True,5000,13,False,,
m-2_overhang,registered_x01,dtlz2_interval,cw,0.0,4,1,False,5000,13,True,0.0,4318
m-2_overhang,a5b_domination_argument,dtlz2_interval,cw,0.0,4,1,False,5000,13,True,0.0,4318
m-2_overhang,registered_x01,dtlz2_interval,cw,0.0,5,12,True,5000,13,False,,
m-2_overhang,a5b_domination_argument,dtlz2_interval,cw,0.0,5,12,True,5000,13,False,,
m-2_overhang,registered_x01,dtlz2_interval,cw,0.0,0,0,False,5000,14,True,0.0,248
m-2_overhang,a5b_domination_argument,dtlz2_interval,cw,0.0,0,0,False,5000,14,True,0.0,248
m-2_overhang,registered_x01,dtlz2_interval,cw,0.0,1,12,True,5000,14,False,,
m-2_overhang,a5b_domination_argument,dtlz2_interval,cw,0.0,1,12,True,5000,14,False,,
m-2_overhang,registered_x01,dtlz2_interval,cw,0.0,2,0,False,5000,14,True,0.0,4943
m-2_overhang,a5b_domination_argument,dtlz2_interval,cw,0.0,2,0,False,5000,14,True,0.0,4943
m-2_overhang,registered_x01,dtlz2_interval,cw,0.0,3,12,True,5000,14,False,,
m-2_overhang,a5b_domination_argument,dtlz2_interval,cw,0.0,3,12,True,5000,14,False,,
m-2_overhang,registered_x01,dtlz2_interval,cw,0.0,4,1,False,5000,14,True,0.0,2282
m-2_overhang,a5b_domination_argument,dtlz2_interval,cw,0.0,4,1,False,5000,14,True,0.0,2282
m-2_overhang,registered_x01,dtlz2_interval,cw,0.0,5,12,True,5000,14,False,,
m-2_overhang,a5b_domination_argument,dtlz2_interval,cw,0.0,5,12,True,5000,14,False,,
m-2_overhang,registered_x01,dtlz2_interval,cw,0.0,0,0,False,5000,15,True,0.0,4652
m-2_overhang,a5b_domination_argument,dtlz2_interval,cw,0.0,0,0,False,5000,15,True,0.0,4652
m-2_overhang,registered_x01,dtlz2_interval,cw,0.0,1,12,True,5000,15,False,,
m-2_overhang,a5b_domination_argument,dtlz2_interval,cw,0.0,1,12,True,5000,15,False,,
m-2_overhang,registered_x01,dtlz2_interval,cw,0.0,2,0,False,5000,15,True,0.0,1502
m-2_overhang,a5b_domination_argument,dtlz2_interval,cw,0.0,2,0,False,5000,15,True,0.0,1502
m-2_overhang,registered_x01,dtlz2_interval,cw,0.0,3,12,True,5000,15,False,,
m-2_overhang,a5b_domination_argument,dtlz2_interval,cw,0.0,3,12,True,5000,15,False,,
m-2_overhang,registered_x01,dtlz2_interval,cw,0.0,4,1,False,5000,15,True,0.0,2880
m-2_overhang,a5b_domination_argument,dtlz2_interval,cw,0.0,4,1,False,5000,15,True,0.0,2880
m-2_overhang,registered_x01,dtlz2_interval,cw,0.0,5,12,True,5000,15,False,,
m-2_overhang,a5b_domination_argument,dtlz2_interval,cw,0.0,5,12,True,5000,15,False,,
m-2_overhang,registered_x01,dtlz2_interval,cw,0.0,0,0,False,5000,16,True,0.0,1076
m-2_overhang,a5b_domination_argument,dtlz2_interval,cw,0.0,0,0,False,5000,16,True,0.0,1076
m-2_overhang,registered_x01,dtlz2_interval,cw,0.0,1,12,True,5000,16,False,,
m-2_overhang,a5b_domination_argument,dtlz2_interval,cw,0.0,1,12,True,5000,16,False,,
m-2_overhang,registered_x01,dtlz2_interval,cw,0.0,2,0,False,5000,16,True,0.0,4375
m-2_overhang,a5b_domination_argument,dtlz2_interval,cw,0.0,2,0,False,5000,16,True,0.0,4375
m-2_overhang,registered_x01,dtlz2_interval,cw,0.0,3,12,True,5000,16,False,,
m-2_overhang,a5b_domination_argument,dtlz2_interval,cw,0.0,3,12,True,5000,16,False,,
m-2_overhang,registered_x01,dtlz2_interval,cw,0.0,4,1,False,5000,16,True,0.0,849
m-2_overhang,a5b_domination_argument,dtlz2_interval,cw,0.0,4,1,False,5000,16,True,0.0,849
m-2_overhang,registered_x01,dtlz2_interval,cw,0.0,5,12,True,5000,16,False,,
m-2_overhang,a5b_domination_argument,dtlz2_interval,cw,0.0,5,12,True,5000,16,False,,
m-2_overhang,registered_x01,dtlz2_interval,cw,0.0,0,0,False,5000,17,True,0.0,4534
m-2_overhang,a5b_domination_argument,dtlz2_interval,cw,0.0,0,0,False,5000,17,True,0.0,4534
m-2_overhang,registered_x01,dtlz2_interval,cw,0.0,1,12,True,5000,17,False,,
m-2_overhang,a5b_domination_argument,dtlz2_interval,cw,0.0,1,12,True,5000,17,False,,
m-2_overhang,registered_x01,dtlz2_interval,cw,0.0,2,0,False,5000,17,True,0.0,2163
m-2_overhang,a5b_domination_argument,dtlz2_interval,cw,0.0,2,0,False,5000,17,True,0.0,2163
m-2_overhang,registered_x01,dtlz2_interval,cw,0.0,3,12,True,5000,17,False,,
m-2_overhang,a5b_domination_argument,dtlz2_interval,cw,0.0,3,12,True,5000,17,False,,
m-2_overhang,registered_x01,dtlz2_interval,cw,0.0,4,1,False,5000,17,True,0.0,1867
m-2_overhang,a5b_domination_argument,dtlz2_interval,cw,0.0,4,1,False,5000,17,True,0.0,1867
m-2_overhang,registered_x01,dtlz2_interval,cw,0.0,5,12,True,5000,17,False,,
m-2_overhang,a5b_domination_argument,dtlz2_interval,cw,0.0,5,12,True,5000,17,False,,
m-2_overhang,registered_x01,dtlz2_interval,cw,0.0,0,0,False,5000,18,True,0.0,69
m-2_overhang,a5b_domination_argument,dtlz2_interval,cw,0.0,0,0,False,5000,18,True,0.0,69
m-2_overhang,registered_x01,dtlz2_interval,cw,0.0,1,12,True,5000,18,False,,
m-2_overhang,a5b_domination_argument,dtlz2_interval,cw,0.0,1,12,True,5000,18,False,,
m-2_overhang,registered_x01,dtlz2_interval,cw,0.0,2,0,False,5000,18,True,0.0,2864
m-2_overhang,a5b_domination_argument,dtlz2_interval,cw,0.0,2,0,False,5000,18,True,0.0,2864
m-2_overhang,registered_x01,dtlz2_interval,cw,0.0,3,12,True,5000,18,False,,
m-2_overhang,a5b_domination_argument,dtlz2_interval,cw,0.0,3,12,True,5000,18,False,,
m-2_overhang,registered_x01,dtlz2_interval,cw,0.0,4,1,False,5000,18,True,0.0,4594
m-2_overhang,a5b_domination_argument,dtlz2_interval,cw,0.0,4,1,False,5000,18,True,0.0,4594
m-2_overhang,registered_x01,dtlz2_interval,cw,0.0,5,12,True,5000,18,False,,
m-2_overhang,a5b_domination_argument,dtlz2_interval,cw,0.0,5,12,True,5000,18,False,,
m-2_overhang,registered_x01,dtlz2_interval,cw,0.0,0,0,False,5000,19,True,0.0,3010
m-2_overhang,a5b_domination_argument,dtlz2_interval,cw,0.0,0,0,False,5000,19,True,0.0,3010
m-2_overhang,registered_x01,dtlz2_interval,cw,0.0,1,12,True,5000,19,False,,
m-2_overhang,a5b_domination_argument,dtlz2_interval,cw,0.0,1,12,True,5000,19,False,,
m-2_overhang,registered_x01,dtlz2_interval,cw,0.0,2,0,False,5000,19,True,0.0,174
m-2_overhang,a5b_domination_argument,dtlz2_interval,cw,0.0,2,0,False,5000,19,True,0.0,174
m-2_overhang,registered_x01,dtlz2_interval,cw,0.0,3,12,True,5000,19,False,,
m-2_overhang,a5b_domination_argument,dtlz2_interval,cw,0.0,3,12,True,5000,19,False,,
m-2_overhang,registered_x01,dtlz2_interval,cw,0.0,4,1,False,5000,19,True,0.0,4938
m-2_overhang,a5b_domination_argument,dtlz2_interval,cw,0.0,4,1,False,5000,19,True,0.0,4938
m-2_overhang,registered_x01,dtlz2_interval,cw,0.0,5,12,True,5000,19,False,,
m-2_overhang,a5b_domination_argument,dtlz2_interval,cw,0.0,5,12,True,5000,19,False,,
m-2_overhang,registered_x01,dtlz2_interval,cw,0.0,0,0,False,5000,20,True,0.0,2152
m-2_overhang,a5b_domination_argument,dtlz2_interval,cw,0.0,0,0,False,5000,20,True,0.0,2152
m-2_overhang,registered_x01,dtlz2_interval,cw,0.0,1,12,True,5000,20,False,,
m-2_overhang,a5b_domination_argument,dtlz2_interval,cw,0.0,1,12,True,5000,20,False,,
m-2_overhang,registered_x01,dtlz2_interval,cw,0.0,2,0,False,5000,20,True,0.0,3212
m-2_overhang,a5b_domination_argument,dtlz2_interval,cw,0.0,2,0,False,5000,20,True,0.0,3212
m-2_overhang,registered_x01,dtlz2_interval,cw,0.0,3,12,True,5000,20,False,,
m-2_overhang,a5b_domination_argument,dtlz2_interval,cw,0.0,3,12,True,5000,20,False,,
m-2_overhang,registered_x01,dtlz2_interval,cw,0.0,4,1,False,5000,20,True,0.0,1965
m-2_overhang,a5b_domination_argument,dtlz2_interval,cw,0.0,4,1,False,5000,20,True,0.0,1965
m-2_overhang,registered_x01,dtlz2_interval,cw,0.0,5,12,True,5000,20,False,,
m-2_overhang,a5b_domination_argument,dtlz2_interval,cw,0.0,5,12,True,5000,20,False,,
m-2_overhang,registered_x01,dtlz2_interval,cw,0.0,0,0,False,5000,21,True,0.0,906
m-2_overhang,a5b_domination_argument,dtlz2_interval,cw,0.0,0,0,False,5000,21,True,0.0,906
m-2_overhang,registered_x01,dtlz2_interval,cw,0.0,1,12,True,5000,21,False,,
m-2_overhang,a5b_domination_argument,dtlz2_interval,cw,0.0,1,12,True,5000,21,False,,
m-2_overhang,registered_x01,dtlz2_interval,cw,0.0,2,0,False,5000,21,True,0.0,1027
m-2_overhang,a5b_domination_argument,dtlz2_interval,cw,0.0,2,0,False,5000,21,True,0.0,1027
m-2_overhang,registered_x01,dtlz2_interval,cw,0.0,3,12,True,5000,21,False,,
m-2_overhang,a5b_domination_argument,dtlz2_interval,cw,0.0,3,12,True,5000,21,False,,
m-2_overhang,registered_x01,dtlz2_interval,cw,0.0,4,1,False,5000,21,True,0.0,1733
m-2_overhang,a5b_domination_argument,dtlz2_interval,cw,0.0,4,1,False,5000,21,True,0.0,1733
m-2_overhang,registered_x01,dtlz2_interval,cw,0.0,5,12,True,5000,21,False,,
m-2_overhang,a5b_domination_argument,dtlz2_interval,cw,0.0,5,12,True,5000,21,False,,
m-2_overhang,registered_x01,dtlz2_interval,cw,0.0,0,0,False,5000,22,True,0.0,785
m-2_overhang,a5b_domination_argument,dtlz2_interval,cw,0.0,0,0,False,5000,22,True,0.0,785
m-2_overhang,registered_x01,dtlz2_interval,cw,0.0,1,12,True,5000,22,False,,
m-2_overhang,a5b_domination_argument,dtlz2_interval,cw,0.0,1,12,True,5000,22,False,,
m-2_overhang,registered_x01,dtlz2_interval,cw,0.0,2,0,False,5000,22,True,0.0,3887
m-2_overhang,a5b_domination_argument,dtlz2_interval,cw,0.0,2,0,False,5000,22,True,0.0,3887
m-2_overhang,registered_x01,dtlz2_interval,cw,0.0,3,12,True,5000,22,False,,
m-2_overhang,a5b_domination_argument,dtlz2_interval,cw,0.0,3,12,True,5000,22,False,,
m-2_overhang,registered_x01,dtlz2_interval,cw,0.0,4,1,False,5000,22,True,0.0,3302
m-2_overhang,a5b_domination_argument,dtlz2_interval,cw,0.0,4,1,False,5000,22,True,0.0,3302
m-2_overhang,registered_x01,dtlz2_interval,cw,0.0,5,12,True,5000,22,False,,
m-2_overhang,a5b_domination_argument,dtlz2_interval,cw,0.0,5,12,True,5000,22,False,,
m-2_overhang,registered_x01,dtlz2_interval,cw,0.0,0,0,False,5000,23,True,0.0,1038
m-2_overhang,a5b_domination_argument,dtlz2_interval,cw,0.0,0,0,False,5000,23,True,0.0,1038
m-2_overhang,registered_x01,dtlz2_interval,cw,0.0,1,12,True,5000,23,False,,
m-2_overhang,a5b_domination_argument,dtlz2_interval,cw,0.0,1,12,True,5000,23,False,,
m-2_overhang,registered_x01,dtlz2_interval,cw,0.0,2,0,False,5000,23,True,0.0,1973
m-2_overhang,a5b_domination_argument,dtlz2_interval,cw,0.0,2,0,False,5000,23,True,0.0,1973
m-2_overhang,registered_x01,dtlz2_interval,cw,0.0,3,12,True,5000,23,False,,
m-2_overhang,a5b_domination_argument,dtlz2_interval,cw,0.0,3,12,True,5000,23,False,,
m-2_overhang,registered_x01,dtlz2_interval,cw,0.0,4,1,False,5000,23,True,0.0,1498
m-2_overhang,a5b_domination_argument,dtlz2_interval,cw,0.0,4,1,False,5000,23,True,0.0,1498
m-2_overhang,registered_x01,dtlz2_interval,cw,0.0,5,12,True,5000,23,False,,
m-2_overhang,a5b_domination_argument,dtlz2_interval,cw,0.0,5,12,True,5000,23,False,,
m-2_overhang,registered_x01,dtlz2_interval,cw,0.0,0,0,False,5000,24,True,0.0,4115
m-2_overhang,a5b_domination_argument,dtlz2_interval,cw,0.0,0,0,False,5000,24,True,0.0,4115
m-2_overhang,registered_x01,dtlz2_interval,cw,0.0,1,12,True,5000,24,False,,
m-2_overhang,a5b_domination_argument,dtlz2_interval,cw,0.0,1,12,True,5000,24,False,,
m-2_overhang,registered_x01,dtlz2_interval,cw,0.0,2,0,False,5000,24,True,0.0,4115
m-2_overhang,a5b_domination_argument,dtlz2_interval,cw,0.0,2,0,False,5000,24,True,0.0,4115
m-2_overhang,registered_x01,dtlz2_interval,cw,0.0,3,12,True,5000,24,False,,
m-2_overhang,a5b_domination_argument,dtlz2_interval,cw,0.0,3,12,True,5000,24,False,,
m-2_overhang,registered_x01,dtlz2_interval,cw,0.0,4,1,False,5000,24,True,0.0,107
m-2_overhang,a5b_domination_argument,dtlz2_interval,cw,0.0,4,1,False,5000,24,True,0.0,107
m-2_overhang,registered_x01,dtlz2_interval,cw,0.0,5,12,True,5000,24,False,,
m-2_overhang,a5b_domination_argument,dtlz2_interval,cw,0.0,5,12,True,5000,24,False,,
m-2_overhang,registered_x01,dtlz2_interval,cw,0.0,0,0,False,5000,25,True,0.0,4066
m-2_overhang,a5b_domination_argument,dtlz2_interval,cw,0.0,0,0,False,5000,25,True,0.0,4066
m-2_overhang,registered_x01,dtlz2_interval,cw,0.0,1,12,True,5000,25,False,,
m-2_overhang,a5b_domination_argument,dtlz2_interval,cw,0.0,1,12,True,5000,25,False,,
m-2_overhang,registered_x01,dtlz2_interval,cw,0.0,2,0,False,5000,25,True,0.0,4066
m-2_overhang,a5b_domination_argument,dtlz2_interval,cw,0.0,2,0,False,5000,25,True,0.0,4066
m-2_overhang,registered_x01,dtlz2_interval,cw,0.0,3,12,True,5000,25,False,,
m-2_overhang,a5b_domination_argument,dtlz2_interval,cw,0.0,3,12,True,5000,25,False,,
m-2_overhang,registered_x01,dtlz2_interval,cw,0.0,4,1,False,5000,25,True,0.0,1928
m-2_overhang,a5b_domination_argument,dtlz2_interval,cw,0.0,4,1,False,5000,25,True,0.0,1928
m-2_overhang,registered_x01,dtlz2_interval,cw,0.0,5,12,True,5000,25,False,,
m-2_overhang,a5b_domination_argument,dtlz2_interval,cw,0.0,5,12,True,5000,25,False,,
m-2_overhang,registered_x01,dtlz2_interval,cw,0.0,0,0,False,5000,26,True,0.0,4298
m-2_overhang,a5b_domination_argument,dtlz2_interval,cw,0.0,0,0,False,5000,26,True,0.0,4298
m-2_overhang,registered_x01,dtlz2_interval,cw,0.0,1,12,True,5000,26,False,,
m-2_overhang,a5b_domination_argument,dtlz2_interval,cw,0.0,1,12,True,5000,26,False,,
m-2_overhang,registered_x01,dtlz2_interval,cw,0.0,2,0,False,5000,26,True,0.0,1086
m-2_overhang,a5b_domination_argument,dtlz2_interval,cw,0.0,2,0,False,5000,26,True,0.0,1086
m-2_overhang,registered_x01,dtlz2_interval,cw,0.0,3,12,True,5000,26,False,,
m-2_overhang,a5b_domination_argument,dtlz2_interval,cw,0.0,3,12,True,5000,26,False,,
m-2_overhang,registered_x01,dtlz2_interval,cw,0.0,4,1,False,5000,26,True,0.0,4060
m-2_overhang,a5b_domination_argument,dtlz2_interval,cw,0.0,4,1,False,5000,26,True,0.0,4060
m-2_overhang,registered_x01,dtlz2_interval,cw,0.0,5,12,True,5000,26,False,,
m-2_overhang,a5b_domination_argument,dtlz2_interval,cw,0.0,5,12,True,5000,26,False,,
m-2_overhang,registered_x01,dtlz2_interval,cw,0.0,0,0,False,5000,27,True,0.0,2648
m-2_overhang,a5b_domination_argument,dtlz2_interval,cw,0.0,0,0,False,5000,27,True,0.0,2648
m-2_overhang,registered_x01,dtlz2_interval,cw,0.0,1,12,True,5000,27,False,,
m-2_overhang,a5b_domination_argument,dtlz2_interval,cw,0.0,1,12,True,5000,27,False,,
m-2_overhang,registered_x01,dtlz2_interval,cw,0.0,2,0,False,5000,27,True,0.0,3081
m-2_overhang,a5b_domination_argument,dtlz2_interval,cw,0.0,2,0,False,5000,27,True,0.0,3081
m-2_overhang,registered_x01,dtlz2_interval,cw,0.0,3,12,True,5000,27,False,,
m-2_overhang,a5b_domination_argument,dtlz2_interval,cw,0.0,3,12,True,5000,27,False,,
m-2_overhang,registered_x01,dtlz2_interval,cw,0.0,4,1,False,5000,27,True,0.0,4781
m-2_overhang,a5b_domination_argument,dtlz2_interval,cw,0.0,4,1,False,5000,27,True,0.0,4781
m-2_overhang,registered_x01,dtlz2_interval,cw,0.0,5,12,True,5000,27,False,,
m-2_overhang,a5b_domination_argument,dtlz2_interval,cw,0.0,5,12,True,5000,27,False,,
m-2_overhang,registered_x01,dtlz2_interval,cw,0.0,0,0,False,5000,28,True,0.0,724
m-2_overhang,a5b_domination_argument,dtlz2_interval,cw,0.0,0,0,False,5000,28,True,0.0,724
m-2_overhang,registered_x01,dtlz2_interval,cw,0.0,1,12,True,5000,28,False,,
m-2_overhang,a5b_domination_argument,dtlz2_interval,cw,0.0,1,12,True,5000,28,False,,
m-2_overhang,registered_x01,dtlz2_interval,cw,0.0,2,0,False,5000,28,True,0.0,1985
m-2_overhang,a5b_domination_argument,dtlz2_interval,cw,0.0,2,0,False,5000,28,True,0.0,1985
m-2_overhang,registered_x01,dtlz2_interval,cw,0.0,3,12,True,5000,28,False,,
m-2_overhang,a5b_domination_argument,dtlz2_interval,cw,0.0,3,12,True,5000,28,False,,
m-2_overhang,registered_x01,dtlz2_interval,cw,0.0,4,1,False,5000,28,True,0.0,4579
m-2_overhang,a5b_domination_argument,dtlz2_interval,cw,0.0,4,1,False,5000,28,True,0.0,4579
m-2_overhang,registered_x01,dtlz2_interval,cw,0.0,5,12,True,5000,28,False,,
m-2_overhang,a5b_domination_argument,dtlz2_interval,cw,0.0,5,12,True,5000,28,False,,
m-2_overhang,registered_x01,dtlz2_interval,cw,0.0,0,0,False,5000,29,True,0.0,138
m-2_overhang,a5b_domination_argument,dtlz2_interval,cw,0.0,0,0,False,5000,29,True,0.0,138
m-2_overhang,registered_x01,dtlz2_interval,cw,0.0,1,12,True,5000,29,False,,
m-2_overhang,a5b_domination_argument,dtlz2_interval,cw,0.0,1,12,True,5000,29,False,,
m-2_overhang,registered_x01,dtlz2_interval,cw,0.0,2,0,False,5000,29,True,0.0,1761
m-2_overhang,a5b_domination_argument,dtlz2_interval,cw,0.0,2,0,False,5000,29,True,0.0,1761
m-2_overhang,registered_x01,dtlz2_interval,cw,0.0,3,12,True,5000,29,False,,
m-2_overhang,a5b_domination_argument,dtlz2_interval,cw,0.0,3,12,True,5000,29,False,,
m-2_overhang,registered_x01,dtlz2_interval,cw,0.0,4,1,False,5000,29,True,0.0,653
m-2_overhang,a5b_domination_argument,dtlz2_interval,cw,0.0,4,1,False,5000,29,True,0.0,653
m-2_overhang,registered_x01,dtlz2_interval,cw,0.0,5,12,True,5000,29,False,,
m-2_overhang,a5b_domination_argument,dtlz2_interval,cw,0.0,5,12,True,5000,29,False,,
m-2_overhang,registered_x01,dtlz2_interval,cw,0.0,0,0,False,5000,30,True,0.0,2747
m-2_overhang,a5b_domination_argument,dtlz2_interval,cw,0.0,0,0,False,5000,30,True,0.0,2747
m-2_overhang,registered_x01,dtlz2_interval,cw,0.0,1,12,True,5000,30,False,,
m-2_overhang,a5b_domination_argument,dtlz2_interval,cw,0.0,1,12,True,5000,30,False,,
m-2_overhang,registered_x01,dtlz2_interval,cw,0.0,2,0,False,5000,30,True,0.0,4832
m-2_overhang,a5b_domination_argument,dtlz2_interval,cw,0.0,2,0,False,5000,30,True,0.0,4832
m-2_overhang,registered_x01,dtlz2_interval,cw,0.0,3,12,True,5000,30,False,,
m-2_overhang,a5b_domination_argument,dtlz2_interval,cw,0.0,3,12,True,5000,30,False,,
m-2_overhang,registered_x01,dtlz2_interval,cw,0.0,4,1,False,5000,30,True,0.0,1019
m-2_overhang,a5b_domination_argument,dtlz2_interval,cw,0.0,4,1,False,5000,30,True,0.0,1019
m-2_overhang,registered_x01,dtlz2_interval,cw,0.0,5,12,True,5000,30,False,,
m-2_overhang,a5b_domination_argument,dtlz2_interval,cw,0.0,5,12,True,5000,30,False,,
m-2_overhang,registered_x01,dtlz2_interval,lu,0.05,0,0,False,5000,11,True,0.0,3906
m-2_overhang,a5b_domination_argument,dtlz2_interval,lu,0.05,0,0,False,5000,11,True,0.0,3906
m-2_overhang,registered_x01,dtlz2_interval,lu,0.05,1,0,False,5000,11,True,0.0,2799
m-2_overhang,a5b_domination_argument,dtlz2_interval,lu,0.05,1,0,False,5000,11,True,0.0,2799
m-2_overhang,registered_x01,dtlz2_interval,lu,0.05,2,0,False,5000,11,True,0.0,691
m-2_overhang,a5b_domination_argument,dtlz2_interval,lu,0.05,2,0,False,5000,11,True,0.0,691
m-2_overhang,registered_x01,dtlz2_interval,lu,0.05,3,0,False,5000,11,True,0.0,2819
m-2_overhang,a5b_domination_argument,dtlz2_interval,lu,0.05,3,0,False,5000,11,True,0.0,2819
m-2_overhang,registered_x01,dtlz2_interval,lu,0.05,4,1,False,5000,11,True,0.0,1388
m-2_overhang,a5b_domination_argument,dtlz2_interval,lu,0.05,4,1,False,5000,11,True,0.0,1388
m-2_overhang,registered_x01,dtlz2_interval,lu,0.05,5,1,False,5000,11,True,0.0,4750
m-2_overhang,a5b_domination_argument,dtlz2_interval,lu,0.05,5,1,False,5000,11,True,0.0,4750
m-2_overhang,registered_x01,dtlz2_interval,lu,0.05,0,0,False,5000,12,True,0.0,3619
m-2_overhang,a5b_domination_argument,dtlz2_interval,lu,0.05,0,0,False,5000,12,True,0.0,3619
m-2_overhang,registered_x01,dtlz2_interval,lu,0.05,1,0,False,5000,12,True,0.0,2141
m-2_overhang,a5b_domination_argument,dtlz2_interval,lu,0.05,1,0,False,5000,12,True,0.0,2141
m-2_overhang,registered_x01,dtlz2_interval,lu,0.05,2,0,False,5000,12,True,0.0,4611
m-2_overhang,a5b_domination_argument,dtlz2_interval,lu,0.05,2,0,False,5000,12,True,0.0,4611
m-2_overhang,registered_x01,dtlz2_interval,lu,0.05,3,0,False,5000,12,True,0.0,4285
m-2_overhang,a5b_domination_argument,dtlz2_interval,lu,0.05,3,0,False,5000,12,True,0.0,4285
m-2_overhang,registered_x01,dtlz2_interval,lu,0.05,4,1,False,5000,12,True,0.0,3490
m-2_overhang,a5b_domination_argument,dtlz2_interval,lu,0.05,4,1,False,5000,12,True,0.0,3490
m-2_overhang,registered_x01,dtlz2_interval,lu,0.05,5,1,False,5000,12,True,0.0,3108
m-2_overhang,a5b_domination_argument,dtlz2_interval,lu,0.05,5,1,False,5000,12,True,0.0,3108
m-2_overhang,registered_x01,dtlz2_interval,lu,0.05,0,0,False,5000,13,True,0.0,3638
m-2_overhang,a5b_domination_argument,dtlz2_interval,lu,0.05,0,0,False,5000,13,True,0.0,3638
m-2_overhang,registered_x01,dtlz2_interval,lu,0.05,1,0,False,5000,13,True,0.0,3457
m-2_overhang,a5b_domination_argument,dtlz2_interval,lu,0.05,1,0,False,5000,13,True,0.0,3457
m-2_overhang,registered_x01,dtlz2_interval,lu,0.05,2,0,False,5000,13,True,0.0,3786
m-2_overhang,a5b_domination_argument,dtlz2_interval,lu,0.05,2,0,False,5000,13,True,0.0,3786
m-2_overhang,registered_x01,dtlz2_interval,lu,0.05,3,0,False,5000,13,True,0.0,3094
m-2_overhang,a5b_domination_argument,dtlz2_interval,lu,0.05,3,0,False,5000,13,True,0.0,3094
m-2_overhang,registered_x01,dtlz2_interval,lu,0.05,4,1,False,5000,13,True,0.0,275
m-2_overhang,a5b_domination_argument,dtlz2_interval,lu,0.05,4,1,False,5000,13,True,0.0,275
m-2_overhang,registered_x01,dtlz2_interval,lu,0.05,5,1,False,5000,13,True,0.0,4318
m-2_overhang,a5b_domination_argument,dtlz2_interval,lu,0.05,5,1,False,5000,13,True,0.0,4318
m-2_overhang,registered_x01,dtlz2_interval,lu,0.05,0,0,False,5000,14,True,0.0,3779
m-2_overhang,a5b_domination_argument,dtlz2_interval,lu,0.05,0,0,False,5000,14,True,0.0,3779
m-2_overhang,registered_x01,dtlz2_interval,lu,0.05,1,0,False,5000,14,True,0.0,4050
m-2_overhang,a5b_domination_argument,dtlz2_interval,lu,0.05,1,0,False,5000,14,True,0.0,4050
m-2_overhang,registered_x01,dtlz2_interval,lu,0.05,2,0,False,5000,14,True,0.0,3735
m-2_overhang,a5b_domination_argument,dtlz2_interval,lu,0.05,2,0,False,5000,14,True,0.0,3735
m-2_overhang,registered_x01,dtlz2_interval,lu,0.05,3,0,False,5000,14,True,0.0,3632
m-2_overhang,a5b_domination_argument,dtlz2_interval,lu,0.05,3,0,False,5000,14,True,0.0,3632
m-2_overhang,registered_x01,dtlz2_interval,lu,0.05,4,1,False,5000,14,True,0.0,2282
m-2_overhang,a5b_domination_argument,dtlz2_interval,lu,0.05,4,1,False,5000,14,True,0.0,2282
m-2_overhang,registered_x01,dtlz2_interval,lu,0.05,5,1,False,5000,14,True,0.0,1033
m-2_overhang,a5b_domination_argument,dtlz2_interval,lu,0.05,5,1,False,5000,14,True,0.0,1033
m-2_overhang,registered_x01,dtlz2_interval,lu,0.05,0,0,False,5000,15,True,0.0,3543
m-2_overhang,a5b_domination_argument,dtlz2_interval,lu,0.05,0,0,False,5000,15,True,0.0,3543
m-2_overhang,registered_x01,dtlz2_interval,lu,0.05,1,0,False,5000,15,True,0.0,3671
m-2_overhang,a5b_domination_argument,dtlz2_interval,lu,0.05,1,0,False,5000,15,True,0.0,3671
m-2_overhang,registered_x01,dtlz2_interval,lu,0.05,2,0,False,5000,15,True,0.0,484
m-2_overhang,a5b_domination_argument,dtlz2_interval,lu,0.05,2,0,False,5000,15,True,0.0,484
m-2_overhang,registered_x01,dtlz2_interval,lu,0.05,3,0,False,5000,15,True,0.0,365
m-2_overhang,a5b_domination_argument,dtlz2_interval,lu,0.05,3,0,False,5000,15,True,0.0,365
m-2_overhang,registered_x01,dtlz2_interval,lu,0.05,4,1,False,5000,15,True,0.0,834
m-2_overhang,a5b_domination_argument,dtlz2_interval,lu,0.05,4,1,False,5000,15,True,0.0,834
m-2_overhang,registered_x01,dtlz2_interval,lu,0.05,5,1,False,5000,15,True,0.0,815
m-2_overhang,a5b_domination_argument,dtlz2_interval,lu,0.05,5,1,False,5000,15,True,0.0,815
m-2_overhang,registered_x01,dtlz2_interval,lu,0.05,0,0,False,5000,16,True,0.0,2013
m-2_overhang,a5b_domination_argument,dtlz2_interval,lu,0.05,0,0,False,5000,16,True,0.0,2013
m-2_overhang,registered_x01,dtlz2_interval,lu,0.05,1,0,False,5000,16,True,0.0,1199
m-2_overhang,a5b_domination_argument,dtlz2_interval,lu,0.05,1,0,False,5000,16,True,0.0,1199
m-2_overhang,registered_x01,dtlz2_interval,lu,0.05,2,0,False,5000,16,True,0.0,2602
m-2_overhang,a5b_domination_argument,dtlz2_interval,lu,0.05,2,0,False,5000,16,True,0.0,2602
m-2_overhang,registered_x01,dtlz2_interval,lu,0.05,3,0,False,5000,16,True,0.0,1570
m-2_overhang,a5b_domination_argument,dtlz2_interval,lu,0.05,3,0,False,5000,16,True,0.0,1570
m-2_overhang,registered_x01,dtlz2_interval,lu,0.05,4,1,False,5000,16,True,0.0,1748
m-2_overhang,a5b_domination_argument,dtlz2_interval,lu,0.05,4,1,False,5000,16,True,0.0,1748
m-2_overhang,registered_x01,dtlz2_interval,lu,0.05,5,1,False,5000,16,True,0.0,238
m-2_overhang,a5b_domination_argument,dtlz2_interval,lu,0.05,5,1,False,5000,16,True,0.0,238
m-2_overhang,registered_x01,dtlz2_interval,lu,0.05,0,0,False,5000,17,True,0.0,219
m-2_overhang,a5b_domination_argument,dtlz2_interval,lu,0.05,0,0,False,5000,17,True,0.0,219
m-2_overhang,registered_x01,dtlz2_interval,lu,0.05,1,0,False,5000,17,True,0.0,3211
m-2_overhang,a5b_domination_argument,dtlz2_interval,lu,0.05,1,0,False,5000,17,True,0.0,3211
m-2_overhang,registered_x01,dtlz2_interval,lu,0.05,2,0,False,5000,17,True,0.0,2394
m-2_overhang,a5b_domination_argument,dtlz2_interval,lu,0.05,2,0,False,5000,17,True,0.0,2394
m-2_overhang,registered_x01,dtlz2_interval,lu,0.05,3,0,False,5000,17,True,0.0,1329
m-2_overhang,a5b_domination_argument,dtlz2_interval,lu,0.05,3,0,False,5000,17,True,0.0,1329
m-2_overhang,registered_x01,dtlz2_interval,lu,0.05,4,1,False,5000,17,True,0.0,4074
m-2_overhang,a5b_domination_argument,dtlz2_interval,lu,0.05,4,1,False,5000,17,True,0.0,4074
m-2_overhang,registered_x01,dtlz2_interval,lu,0.05,5,1,False,5000,17,True,0.0,41
m-2_overhang,a5b_domination_argument,dtlz2_interval,lu,0.05,5,1,False,5000,17,True,0.0,41
m-2_overhang,registered_x01,dtlz2_interval,lu,0.05,0,0,False,5000,18,True,0.0,4592
m-2_overhang,a5b_domination_argument,dtlz2_interval,lu,0.05,0,0,False,5000,18,True,0.0,4592
m-2_overhang,registered_x01,dtlz2_interval,lu,0.05,1,0,False,5000,18,True,0.0,4095
m-2_overhang,a5b_domination_argument,dtlz2_interval,lu,0.05,1,0,False,5000,18,True,0.0,4095
m-2_overhang,registered_x01,dtlz2_interval,lu,0.05,2,0,False,5000,18,True,0.0,2184
m-2_overhang,a5b_domination_argument,dtlz2_interval,lu,0.05,2,0,False,5000,18,True,0.0,2184
m-2_overhang,registered_x01,dtlz2_interval,lu,0.05,3,0,False,5000,18,True,0.0,4668
m-2_overhang,a5b_domination_argument,dtlz2_interval,lu,0.05,3,0,False,5000,18,True,0.0,4668
m-2_overhang,registered_x01,dtlz2_interval,lu,0.05,4,1,False,5000,18,True,0.0,3396
m-2_overhang,a5b_domination_argument,dtlz2_interval,lu,0.05,4,1,False,5000,18,True,0.0,3396
m-2_overhang,registered_x01,dtlz2_interval,lu,0.05,5,1,False,5000,18,True,0.0,4594
m-2_overhang,a5b_domination_argument,dtlz2_interval,lu,0.05,5,1,False,5000,18,True,0.0,4594
m-2_overhang,registered_x01,dtlz2_interval,lu,0.05,0,0,False,5000,19,True,0.0,2342
m-2_overhang,a5b_domination_argument,dtlz2_interval,lu,0.05,0,0,False,5000,19,True,0.0,2342
m-2_overhang,registered_x01,dtlz2_interval,lu,0.05,1,0,False,5000,19,True,0.0,4163
m-2_overhang,a5b_domination_argument,dtlz2_interval,lu,0.05,1,0,False,5000,19,True,0.0,4163
m-2_overhang,registered_x01,dtlz2_interval,lu,0.05,2,0,False,5000,19,True,0.0,2193
m-2_overhang,a5b_domination_argument,dtlz2_interval,lu,0.05,2,0,False,5000,19,True,0.0,2193
m-2_overhang,registered_x01,dtlz2_interval,lu,0.05,3,0,False,5000,19,True,0.0,3841
m-2_overhang,a5b_domination_argument,dtlz2_interval,lu,0.05,3,0,False,5000,19,True,0.0,3841
m-2_overhang,registered_x01,dtlz2_interval,lu,0.05,4,1,False,5000,19,True,0.0,2281
m-2_overhang,a5b_domination_argument,dtlz2_interval,lu,0.05,4,1,False,5000,19,True,0.0,2281
m-2_overhang,registered_x01,dtlz2_interval,lu,0.05,5,1,False,5000,19,True,0.0,4938
m-2_overhang,a5b_domination_argument,dtlz2_interval,lu,0.05,5,1,False,5000,19,True,0.0,4938
m-2_overhang,registered_x01,dtlz2_interval,lu,0.05,0,0,False,5000,20,True,0.0,2152
m-2_overhang,a5b_domination_argument,dtlz2_interval,lu,0.05,0,0,False,5000,20,True,0.0,2152
m-2_overhang,registered_x01,dtlz2_interval,lu,0.05,1,0,False,5000,20,True,0.0,3961
m-2_overhang,a5b_domination_argument,dtlz2_interval,lu,0.05,1,0,False,5000,20,True,0.0,3961
m-2_overhang,registered_x01,dtlz2_interval,lu,0.05,2,0,False,5000,20,True,0.0,1958
m-2_overhang,a5b_domination_argument,dtlz2_interval,lu,0.05,2,0,False,5000,20,True,0.0,1958
m-2_overhang,registered_x01,dtlz2_interval,lu,0.05,3,0,False,5000,20,True,0.0,2324
m-2_overhang,a5b_domination_argument,dtlz2_interval,lu,0.05,3,0,False,5000,20,True,0.0,2324
m-2_overhang,registered_x01,dtlz2_interval,lu,0.05,4,1,False,5000,20,True,0.0,3397
m-2_overhang,a5b_domination_argument,dtlz2_interval,lu,0.05,4,1,False,5000,20,True,0.0,3397
m-2_overhang,registered_x01,dtlz2_interval,lu,0.05,5,1,False,5000,20,True,0.0,1965
m-2_overhang,a5b_domination_argument,dtlz2_interval,lu,0.05,5,1,False,5000,20,True,0.0,1965
m-2_overhang,registered_x01,dtlz2_interval,lu,0.05,0,0,False,5000,21,True,0.0,234
m-2_overhang,a5b_domination_argument,dtlz2_interval,lu,0.05,0,0,False,5000,21,True,0.0,234
m-2_overhang,registered_x01,dtlz2_interval,lu,0.05,1,0,False,5000,21,True,0.0,906
m-2_overhang,a5b_domination_argument,dtlz2_interval,lu,0.05,1,0,False,5000,21,True,0.0,906
m-2_overhang,registered_x01,dtlz2_interval,lu,0.05,2,0,False,5000,21,True,0.0,1721
m-2_overhang,a5b_domination_argument,dtlz2_interval,lu,0.05,2,0,False,5000,21,True,0.0,1721
m-2_overhang,registered_x01,dtlz2_interval,lu,0.05,3,0,False,5000,21,True,0.0,1158
m-2_overhang,a5b_domination_argument,dtlz2_interval,lu,0.05,3,0,False,5000,21,True,0.0,1158
m-2_overhang,registered_x01,dtlz2_interval,lu,0.05,4,1,False,5000,21,True,0.0,245
m-2_overhang,a5b_domination_argument,dtlz2_interval,lu,0.05,4,1,False,5000,21,True,0.0,245
m-2_overhang,registered_x01,dtlz2_interval,lu,0.05,5,1,False,5000,21,True,0.0,1257
m-2_overhang,a5b_domination_argument,dtlz2_interval,lu,0.05,5,1,False,5000,21,True,0.0,1257
m-2_overhang,registered_x01,dtlz2_interval,lu,0.05,0,0,False,5000,22,True,0.0,4225
m-2_overhang,a5b_domination_argument,dtlz2_interval,lu,0.05,0,0,False,5000,22,True,0.0,4225
m-2_overhang,registered_x01,dtlz2_interval,lu,0.05,1,0,False,5000,22,True,0.0,285
m-2_overhang,a5b_domination_argument,dtlz2_interval,lu,0.05,1,0,False,5000,22,True,0.0,285
m-2_overhang,registered_x01,dtlz2_interval,lu,0.05,2,0,False,5000,22,True,0.0,4635
m-2_overhang,a5b_domination_argument,dtlz2_interval,lu,0.05,2,0,False,5000,22,True,0.0,4635
m-2_overhang,registered_x01,dtlz2_interval,lu,0.05,3,0,False,5000,22,True,0.0,402
m-2_overhang,a5b_domination_argument,dtlz2_interval,lu,0.05,3,0,False,5000,22,True,0.0,402
m-2_overhang,registered_x01,dtlz2_interval,lu,0.05,4,1,False,5000,22,True,0.0,2681
m-2_overhang,a5b_domination_argument,dtlz2_interval,lu,0.05,4,1,False,5000,22,True,0.0,2681
m-2_overhang,registered_x01,dtlz2_interval,lu,0.05,5,1,False,5000,22,True,0.0,2196
m-2_overhang,a5b_domination_argument,dtlz2_interval,lu,0.05,5,1,False,5000,22,True,0.0,2196
m-2_overhang,registered_x01,dtlz2_interval,lu,0.05,0,0,False,5000,23,True,0.0,3957
m-2_overhang,a5b_domination_argument,dtlz2_interval,lu,0.05,0,0,False,5000,23,True,0.0,3957
m-2_overhang,registered_x01,dtlz2_interval,lu,0.05,1,0,False,5000,23,True,0.0,153
m-2_overhang,a5b_domination_argument,dtlz2_interval,lu,0.05,1,0,False,5000,23,True,0.0,153
m-2_overhang,registered_x01,dtlz2_interval,lu,0.05,2,0,False,5000,23,True,0.0,688
m-2_overhang,a5b_domination_argument,dtlz2_interval,lu,0.05,2,0,False,5000,23,True,0.0,688
m-2_overhang,registered_x01,dtlz2_interval,lu,0.05,3,0,False,5000,23,True,0.0,1494
m-2_overhang,a5b_domination_argument,dtlz2_interval,lu,0.05,3,0,False,5000,23,True,0.0,1494
m-2_overhang,registered_x01,dtlz2_interval,lu,0.05,4,1,False,5000,23,True,0.0,228
m-2_overhang,a5b_domination_argument,dtlz2_interval,lu,0.05,4,1,False,5000,23,True,0.0,228
m-2_overhang,registered_x01,dtlz2_interval,lu,0.05,5,1,False,5000,23,True,0.0,746
m-2_overhang,a5b_domination_argument,dtlz2_interval,lu,0.05,5,1,False,5000,23,True,0.0,746
m-2_overhang,registered_x01,dtlz2_interval,lu,0.05,0,0,False,5000,24,True,0.0,3920
m-2_overhang,a5b_domination_argument,dtlz2_interval,lu,0.05,0,0,False,5000,24,True,0.0,3920
m-2_overhang,registered_x01,dtlz2_interval,lu,0.05,1,0,False,5000,24,True,0.0,4679
m-2_overhang,a5b_domination_argument,dtlz2_interval,lu,0.05,1,0,False,5000,24,True,0.0,4679
m-2_overhang,registered_x01,dtlz2_interval,lu,0.05,2,0,False,5000,24,True,0.0,2178
m-2_overhang,a5b_domination_argument,dtlz2_interval,lu,0.05,2,0,False,5000,24,True,0.0,2178
m-2_overhang,registered_x01,dtlz2_interval,lu,0.05,3,0,False,5000,24,True,0.0,4938
m-2_overhang,a5b_domination_argument,dtlz2_interval,lu,0.05,3,0,False,5000,24,True,0.0,4938
m-2_overhang,registered_x01,dtlz2_interval,lu,0.05,4,1,False,5000,24,True,0.0,107
m-2_overhang,a5b_domination_argument,dtlz2_interval,lu,0.05,4,1,False,5000,24,True,0.0,107
m-2_overhang,registered_x01,dtlz2_interval,lu,0.05,5,1,False,5000,24,True,0.0,714
m-2_overhang,a5b_domination_argument,dtlz2_interval,lu,0.05,5,1,False,5000,24,True,0.0,714
m-2_overhang,registered_x01,dtlz2_interval,lu,0.05,0,0,False,5000,25,True,0.0,3908
m-2_overhang,a5b_domination_argument,dtlz2_interval,lu,0.05,0,0,False,5000,25,True,0.0,3908
m-2_overhang,registered_x01,dtlz2_interval,lu,0.05,1,0,False,5000,25,True,0.0,1984
m-2_overhang,a5b_domination_argument,dtlz2_interval,lu,0.05,1,0,False,5000,25,True,0.0,1984
m-2_overhang,registered_x01,dtlz2_interval,lu,0.05,2,0,False,5000,25,True,0.0,1105
m-2_overhang,a5b_domination_argument,dtlz2_interval,lu,0.05,2,0,False,5000,25,True,0.0,1105
m-2_overhang,registered_x01,dtlz2_interval,lu,0.05,3,0,False,5000,25,True,0.0,1863
m-2_overhang,a5b_domination_argument,dtlz2_interval,lu,0.05,3,0,False,5000,25,True,0.0,1863
m-2_overhang,registered_x01,dtlz2_interval,lu,0.05,4,1,False,5000,25,True,0.0,4807
m-2_overhang,a5b_domination_argument,dtlz2_interval,lu,0.05,4,1,False,5000,25,True,0.0,4807
m-2_overhang,registered_x01,dtlz2_interval,lu,0.05,5,1,False,5000,25,True,0.0,1818
m-2_overhang,a5b_domination_argument,dtlz2_interval,lu,0.05,5,1,False,5000,25,True,0.0,1818
m-2_overhang,registered_x01,dtlz2_interval,lu,0.05,0,0,False,5000,26,True,0.0,977
m-2_overhang,a5b_domination_argument,dtlz2_interval,lu,0.05,0,0,False,5000,26,True,0.0,977
m-2_overhang,registered_x01,dtlz2_interval,lu,0.05,1,0,False,5000,26,True,0.0,1424
m-2_overhang,a5b_domination_argument,dtlz2_interval,lu,0.05,1,0,False,5000,26,True,0.0,1424
m-2_overhang,registered_x01,dtlz2_interval,lu,0.05,2,0,False,5000,26,True,0.0,1086
m-2_overhang,a5b_domination_argument,dtlz2_interval,lu,0.05,2,0,False,5000,26,True,0.0,1086
m-2_overhang,registered_x01,dtlz2_interval,lu,0.05,3,0,False,5000,26,True,0.0,3689
m-2_overhang,a5b_domination_argument,dtlz2_interval,lu,0.05,3,0,False,5000,26,True,0.0,3689
m-2_overhang,registered_x01,dtlz2_interval,lu,0.05,4,1,False,5000,26,True,0.0,4060
m-2_overhang,a5b_domination_argument,dtlz2_interval,lu,0.05,4,1,False,5000,26,True,0.0,4060
m-2_overhang,registered_x01,dtlz2_interval,lu,0.05,5,1,False,5000,26,True,0.0,4739
m-2_overhang,a5b_domination_argument,dtlz2_interval,lu,0.05,5,1,False,5000,26,True,0.0,4739
m-2_overhang,registered_x01,dtlz2_interval,lu,0.05,0,0,False,5000,27,True,0.0,4438
m-2_overhang,a5b_domination_argument,dtlz2_interval,lu,0.05,0,0,False,5000,27,True,0.0,4438
m-2_overhang,registered_x01,dtlz2_interval,lu,0.05,1,0,False,5000,27,True,0.0,4777
m-2_overhang,a5b_domination_argument,dtlz2_interval,lu,0.05,1,0,False,5000,27,True,0.0,4777
m-2_overhang,registered_x01,dtlz2_interval,lu,0.05,2,0,False,5000,27,True,0.0,3685
m-2_overhang,a5b_domination_argument,dtlz2_interval,lu,0.05,2,0,False,5000,27,True,0.0,3685
m-2_overhang,registered_x01,dtlz2_interval,lu,0.05,3,0,False,5000,27,True,0.0,2713
m-2_overhang,a5b_domination_argument,dtlz2_interval,lu,0.05,3,0,False,5000,27,True,0.0,2713
m-2_overhang,registered_x01,dtlz2_interval,lu,0.05,4,1,False,5000,27,True,0.0,444
m-2_overhang,a5b_domination_argument,dtlz2_interval,lu,0.05,4,1,False,5000,27,True,0.0,444
m-2_overhang,registered_x01,dtlz2_interval,lu,0.05,5,1,False,5000,27,True,0.0,3305
m-2_overhang,a5b_domination_argument,dtlz2_interval,lu,0.05,5,1,False,5000,27,True,0.0,3305
m-2_overhang,registered_x01,dtlz2_interval,lu,0.05,0,0,False,5000,28,True,0.0,1985
m-2_overhang,a5b_domination_argument,dtlz2_interval,lu,0.05,0,0,False,5000,28,True,0.0,1985
m-2_overhang,registered_x01,dtlz2_interval,lu,0.05,1,0,False,5000,28,True,0.0,3421
m-2_overhang,a5b_domination_argument,dtlz2_interval,lu,0.05,1,0,False,5000,28,True,0.0,3421
m-2_overhang,registered_x01,dtlz2_interval,lu,0.05,2,0,False,5000,28,True,0.0,3014
m-2_overhang,a5b_domination_argument,dtlz2_interval,lu,0.05,2,0,False,5000,28,True,0.0,3014
m-2_overhang,registered_x01,dtlz2_interval,lu,0.05,3,0,False,5000,28,True,0.0,2602
m-2_overhang,a5b_domination_argument,dtlz2_interval,lu,0.05,3,0,False,5000,28,True,0.0,2602
m-2_overhang,registered_x01,dtlz2_interval,lu,0.05,4,1,False,5000,28,True,0.0,1397
m-2_overhang,a5b_domination_argument,dtlz2_interval,lu,0.05,4,1,False,5000,28,True,0.0,1397
m-2_overhang,registered_x01,dtlz2_interval,lu,0.05,5,1,False,5000,28,True,0.0,2999
m-2_overhang,a5b_domination_argument,dtlz2_interval,lu,0.05,5,1,False,5000,28,True,0.0,2999
m-2_overhang,registered_x01,dtlz2_interval,lu,0.05,0,0,False,5000,29,True,0.0,2151
m-2_overhang,a5b_domination_argument,dtlz2_interval,lu,0.05,0,0,False,5000,29,True,0.0,2151
m-2_overhang,registered_x01,dtlz2_interval,lu,0.05,1,0,False,5000,29,True,0.0,2806
m-2_overhang,a5b_domination_argument,dtlz2_interval,lu,0.05,1,0,False,5000,29,True,0.0,2806
m-2_overhang,registered_x01,dtlz2_interval,lu,0.05,2,0,False,5000,29,True,0.0,2805
m-2_overhang,a5b_domination_argument,dtlz2_interval,lu,0.05,2,0,False,5000,29,True,0.0,2805
m-2_overhang,registered_x01,dtlz2_interval,lu,0.05,3,0,False,5000,29,True,0.0,3472
m-2_overhang,a5b_domination_argument,dtlz2_interval,lu,0.05,3,0,False,5000,29,True,0.0,3472
m-2_overhang,registered_x01,dtlz2_interval,lu,0.05,4,1,False,5000,29,True,0.0,653
m-2_overhang,a5b_domination_argument,dtlz2_interval,lu,0.05,4,1,False,5000,29,True,0.0,653
m-2_overhang,registered_x01,dtlz2_interval,lu,0.05,5,1,False,5000,29,True,0.0,3658
m-2_overhang,a5b_domination_argument,dtlz2_interval,lu,0.05,5,1,False,5000,29,True,0.0,3658
m-2_overhang,registered_x01,dtlz2_interval,lu,0.05,0,0,False,5000,30,True,0.0,2735
m-2_overhang,a5b_domination_argument,dtlz2_interval,lu,0.05,0,0,False,5000,30,True,0.0,2735
m-2_overhang,registered_x01,dtlz2_interval,lu,0.05,1,0,False,5000,30,True,0.0,3700
m-2_overhang,a5b_domination_argument,dtlz2_interval,lu,0.05,1,0,False,5000,30,True,0.0,3700
m-2_overhang,registered_x01,dtlz2_interval,lu,0.05,2,0,False,5000,30,True,0.0,2762
m-2_overhang,a5b_domination_argument,dtlz2_interval,lu,0.05,2,0,False,5000,30,True,0.0,2762
m-2_overhang,registered_x01,dtlz2_interval,lu,0.05,3,0,False,5000,30,True,0.0,3039
m-2_overhang,a5b_domination_argument,dtlz2_interval,lu,0.05,3,0,False,5000,30,True,0.0,3039
m-2_overhang,registered_x01,dtlz2_interval,lu,0.05,4,1,False,5000,30,True,0.0,2336
m-2_overhang,a5b_domination_argument,dtlz2_interval,lu,0.05,4,1,False,5000,30,True,0.0,2336
m-2_overhang,registered_x01,dtlz2_interval,lu,0.05,5,1,False,5000,30,True,0.0,353
m-2_overhang,a5b_domination_argument,dtlz2_interval,lu,0.05,5,1,False,5000,30,True,0.0,353
m-2_overhang,registered_x01,dtlz2_interval,ls,0.05,0,0,False,5000,11,True,0.0,3906
m-2_overhang,a5b_domination_argument,dtlz2_interval,ls,0.05,0,0,False,5000,11,True,0.0,3906
m-2_overhang,registered_x01,dtlz2_interval,ls,0.05,1,11,False,5000,11,True,0.7011742254435525,1001
m-2_overhang,a5b_domination_argument,dtlz2_interval,ls,0.05,1,11,False,5000,11,True,0.5680159661743416,1001
m-2_overhang,registered_x01,dtlz2_interval,ls,0.05,2,0,False,5000,11,True,0.0,691
m-2_overhang,a5b_domination_argument,dtlz2_interval,ls,0.05,2,0,False,5000,11,True,0.0,691
m-2_overhang,registered_x01,dtlz2_interval,ls,0.05,3,11,False,5000,11,True,0.8570940819195144,4783
m-2_overhang,a5b_domination_argument,dtlz2_interval,ls,0.05,3,11,False,5000,11,True,0.8507460864880665,4783
m-2_overhang,registered_x01,dtlz2_interval,ls,0.05,4,1,False,5000,11,True,0.0,1388
m-2_overhang,a5b_domination_argument,dtlz2_interval,ls,0.05,4,1,False,5000,11,True,0.0,1388
m-2_overhang,registered_x01,dtlz2_interval,ls,0.05,5,11,False,5000,11,True,0.9564749584500807,1088
m-2_overhang,a5b_domination_argument,dtlz2_interval,ls,0.05,5,11,False,5000,11,True,0.9290498298895404,1088
m-2_overhang,registered_x01,dtlz2_interval,ls,0.05,0,0,False,5000,12,True,0.0,3619
m-2_overhang,a5b_domination_argument,dtlz2_interval,ls,0.05,0,0,False,5000,12,True,0.0,3619
m-2_overhang,registered_x01,dtlz2_interval,ls,0.05,1,11,False,5000,12,True,0.7410036919133441,4691
m-2_overhang,a5b_domination_argument,dtlz2_interval,ls,0.05,1,11,False,5000,12,True,0.7284287371207337,4691
m-2_overhang,registered_x01,dtlz2_interval,ls,0.05,2,0,False,5000,12,True,0.0,4611
m-2_overhang,a5b_domination_argument,dtlz2_interval,ls,0.05,2,0,False,5000,12,True,0.0,4611
m-2_overhang,registered_x01,dtlz2_interval,ls,0.05,3,11,False,5000,12,True,0.8246616691859471,2043
m-2_overhang,a5b_domination_argument,dtlz2_interval,ls,0.05,3,11,False,5000,12,True,0.7666299190501987,2043
m-2_overhang,registered_x01,dtlz2_interval,ls,0.05,4,1,False,5000,12,True,0.0,3490
m-2_overhang,a5b_domination_argument,dtlz2_interval,ls,0.05,4,1,False,5000,12,True,0.0,3490
m-2_overhang,registered_x01,dtlz2_interval,ls,0.05,5,11,False,5000,12,True,0.7360658199159732,3909
m-2_overhang,a5b_domination_argument,dtlz2_interval,ls,0.05,5,11,False,5000,12,True,0.6861644145671846,3909
m-2_overhang,registered_x01,dtlz2_interval,ls,0.05,0,0,False,5000,13,True,0.0,3638
m-2_overhang,a5b_domination_argument,dtlz2_interval,ls,0.05,0,0,False,5000,13,True,0.0,3638
m-2_overhang,registered_x01,dtlz2_interval,ls,0.05,1,11,False,5000,13,True,0.9283198908418778,1652
m-2_overhang,a5b_domination_argument,dtlz2_interval,ls,0.05,1,11,False,5000,13,True,0.7082491365710535,1652
m-2_overhang,registered_x01,dtlz2_interval,ls,0.05,2,0,False,5000,13,True,0.0,3786
m-2_overhang,a5b_domination_argument,dtlz2_interval,ls,0.05,2,0,False,5000,13,True,0.0,3786
m-2_overhang,registered_x01,dtlz2_interval,ls,0.05,3,11,False,5000,13,True,0.7982598595090424,3011
m-2_overhang,a5b_domination_argument,dtlz2_interval,ls,0.05,3,11,False,5000,13,True,0.7904405376792903,3011
m-2_overhang,registered_x01,dtlz2_interval,ls,0.05,4,1,False,5000,13,True,0.0,275
m-2_overhang,a5b_domination_argument,dtlz2_interval,ls,0.05,4,1,False,5000,13,True,0.0,275
m-2_overhang,registered_x01,dtlz2_interval,ls,0.05,5,11,False,5000,13,True,0.792287012561412,3330
m-2_overhang,a5b_domination_argument,dtlz2_interval,ls,0.05,5,11,False,5000,13,True,0.777037109117466,3330
m-2_overhang,registered_x01,dtlz2_interval,ls,0.05,0,0,False,5000,14,True,0.0,3779
m-2_overhang,a5b_domination_argument,dtlz2_interval,ls,0.05,0,0,False,5000,14,True,0.0,3779
m-2_overhang,registered_x01,dtlz2_interval,ls,0.05,1,11,False,5000,14,True,0.848155207603304,4187
m-2_overhang,a5b_domination_argument,dtlz2_interval,ls,0.05,1,11,False,5000,14,True,0.8340922334952999,4187
m-2_overhang,registered_x01,dtlz2_interval,ls,0.05,2,0,False,5000,14,True,0.0,3735
m-2_overhang,a5b_domination_argument,dtlz2_interval,ls,0.05,2,0,False,5000,14,True,0.0,3735
m-2_overhang,registered_x01,dtlz2_interval,ls,0.05,3,11,False,5000,14,True,0.7883892508311481,3153
m-2_overhang,a5b_domination_argument,dtlz2_interval,ls,0.05,3,11,False,5000,14,True,0.788226590001525,3153
m-2_overhang,registered_x01,dtlz2_interval,ls,0.05,4,1,False,5000,14,True,0.0,2282
m-2_overhang,a5b_domination_argument,dtlz2_interval,ls,0.05,4,1,False,5000,14,True,0.0,2282
m-2_overhang,registered_x01,dtlz2_interval,ls,0.05,5,11,False,5000,14,True,0.6197486520849799,1944
m-2_overhang,a5b_domination_argument,dtlz2_interval,ls,0.05,5,11,False,5000,14,True,0.6173162888420538,1944
m-2_overhang,registered_x01,dtlz2_interval,ls,0.05,0,0,False,5000,15,True,0.0,3543
m-2_overhang,a5b_domination_argument,dtlz2_interval,ls,0.05,0,0,False,5000,15,True,0.0,3543
m-2_overhang,registered_x01,dtlz2_interval,ls,0.05,1,11,False,5000,15,True,0.8510709121112792,2871
m-2_overhang,a5b_domination_argument,dtlz2_interval,ls,0.05,1,11,False,5000,15,True,0.7622666429354146,2871
m-2_overhang,registered_x01,dtlz2_interval,ls,0.05,2,0,False,5000,15,True,0.0,484
m-2_overhang,a5b_domination_argument,dtlz2_interval,ls,0.05,2,0,False,5000,15,True,0.0,484
m-2_overhang,registered_x01,dtlz2_interval,ls,0.05,3,11,False,5000,15,True,0.7440319537680538,4324
m-2_overhang,a5b_domination_argument,dtlz2_interval,ls,0.05,3,11,False,5000,15,True,0.6193368167240819,4324
m-2_overhang,registered_x01,dtlz2_interval,ls,0.05,4,1,False,5000,15,True,0.0,834
m-2_overhang,a5b_domination_argument,dtlz2_interval,ls,0.05,4,1,False,5000,15,True,0.0,834
m-2_overhang,registered_x01,dtlz2_interval,ls,0.05,5,11,False,5000,15,True,0.7961107828553797,1596
m-2_overhang,a5b_domination_argument,dtlz2_interval,ls,0.05,5,11,False,5000,15,True,0.6858266855212186,1596
m-2_overhang,registered_x01,dtlz2_interval,ls,0.05,0,0,False,5000,16,True,0.0,2013
m-2_overhang,a5b_domination_argument,dtlz2_interval,ls,0.05,0,0,False,5000,16,True,0.0,2013
m-2_overhang,registered_x01,dtlz2_interval,ls,0.05,1,11,False,5000,16,True,0.6886044108427936,1623
m-2_overhang,a5b_domination_argument,dtlz2_interval,ls,0.05,1,11,False,5000,16,True,0.5017808260650071,1623
m-2_overhang,registered_x01,dtlz2_interval,ls,0.05,2,0,False,5000,16,True,0.0,2602
m-2_overhang,a5b_domination_argument,dtlz2_interval,ls,0.05,2,0,False,5000,16,True,0.0,2602
m-2_overhang,registered_x01,dtlz2_interval,ls,0.05,3,11,False,5000,16,True,0.750196488030427,3479
m-2_overhang,a5b_domination_argument,dtlz2_interval,ls,0.05,3,11,False,5000,16,True,0.7427461829403692,3479
m-2_overhang,registered_x01,dtlz2_interval,ls,0.05,4,1,False,5000,16,True,0.0,1748
m-2_overhang,a5b_domination_argument,dtlz2_interval,ls,0.05,4,1,False,5000,16,True,0.0,1748
m-2_overhang,registered_x01,dtlz2_interval,ls,0.05,5,11,False,5000,16,True,0.877991193161898,3855
m-2_overhang,a5b_domination_argument,dtlz2_interval,ls,0.05,5,11,False,5000,16,True,0.7956233435328768,3855
m-2_overhang,registered_x01,dtlz2_interval,ls,0.05,0,0,False,5000,17,True,0.0,219
m-2_overhang,a5b_domination_argument,dtlz2_interval,ls,0.05,0,0,False,5000,17,True,0.0,219
m-2_overhang,registered_x01,dtlz2_interval,ls,0.05,1,11,False,5000,17,True,0.837781036764612,1156
m-2_overhang,a5b_domination_argument,dtlz2_interval,ls,0.05,1,11,False,5000,17,True,0.6285407333320052,1156
m-2_overhang,registered_x01,dtlz2_interval,ls,0.05,2,0,False,5000,17,True,0.0,2394
m-2_overhang,a5b_domination_argument,dtlz2_interval,ls,0.05,2,0,False,5000,17,True,0.0,2394
m-2_overhang,registered_x01,dtlz2_interval,ls,0.05,3,11,False,5000,17,True,0.8772584350369866,264
m-2_overhang,a5b_domination_argument,dtlz2_interval,ls,0.05,3,11,False,5000,17,True,0.7920382310738412,264
m-2_overhang,registered_x01,dtlz2_interval,ls,0.05,4,1,False,5000,17,True,0.0,4074
m-2_overhang,a5b_domination_argument,dtlz2_interval,ls,0.05,4,1,False,5000,17,True,0.0,4074
m-2_overhang,registered_x01,dtlz2_interval,ls,0.05,5,11,False,5000,17,True,0.725560805117221,4624
m-2_overhang,a5b_domination_argument,dtlz2_interval,ls,0.05,5,11,False,5000,17,True,0.6398121104868595,4624
m-2_overhang,registered_x01,dtlz2_interval,ls,0.05,0,0,False,5000,18,True,0.0,4592
m-2_overhang,a5b_domination_argument,dtlz2_interval,ls,0.05,0,0,False,5000,18,True,0.0,4592
m-2_overhang,registered_x01,dtlz2_interval,ls,0.05,1,11,False,5000,18,True,0.8590486673178142,1381
m-2_overhang,a5b_domination_argument,dtlz2_interval,ls,0.05,1,11,False,5000,18,True,0.7630132780239708,1381
m-2_overhang,registered_x01,dtlz2_interval,ls,0.05,2,0,False,5000,18,True,0.0,2184
m-2_overhang,a5b_domination_argument,dtlz2_interval,ls,0.05,2,0,False,5000,18,True,0.0,2184
m-2_overhang,registered_x01,dtlz2_interval,ls,0.05,3,11,False,5000,18,True,0.8939481199711548,646
m-2_overhang,a5b_domination_argument,dtlz2_interval,ls,0.05,3,11,False,5000,18,True,0.7978348968788517,646
m-2_overhang,registered_x01,dtlz2_interval,ls,0.05,4,1,False,5000,18,True,0.0,3396
m-2_overhang,a5b_domination_argument,dtlz2_interval,ls,0.05,4,1,False,5000,18,True,0.0,3396
m-2_overhang,registered_x01,dtlz2_interval,ls,0.05,5,11,False,5000,18,True,0.6607735748032175,4360
m-2_overhang,a5b_domination_argument,dtlz2_interval,ls,0.05,5,11,False,5000,18,True,0.6160962700081032,4360
m-2_overhang,registered_x01,dtlz2_interval,ls,0.05,0,0,False,5000,19,True,0.0,2342
m-2_overhang,a5b_domination_argument,dtlz2_interval,ls,0.05,0,0,False,5000,19,True,0.0,2342
m-2_overhang,registered_x01,dtlz2_interval,ls,0.05,1,11,False,5000,19,True,0.9529248311222105,2358
m-2_overhang,a5b_domination_argument,dtlz2_interval,ls,0.05,1,11,False,5000,19,True,0.9040522476219736,2358
m-2_overhang,registered_x01,dtlz2_interval,ls,0.05,2,0,False,5000,19,True,0.0,2193
m-2_overhang,a5b_domination_argument,dtlz2_interval,ls,0.05,2,0,False,5000,19,True,0.0,2193
m-2_overhang,registered_x01,dtlz2_interval,ls,0.05,3,11,False,5000,19,True,1.0234402629378825,4932
m-2_overhang,a5b_domination_argument,dtlz2_interval,ls,0.05,3,11,False,5000,19,True,0.9059506548909978,4932
m-2_overhang,registered_x01,dtlz2_interval,ls,0.05,4,1,False,5000,19,True,0.0,2281
m-2_overhang,a5b_domination_argument,dtlz2_interval,ls,0.05,4,1,False,5000,19,True,0.0,2281
m-2_overhang,registered_x01,dtlz2_interval,ls,0.05,5,11,False,5000,19,True,0.8034551410146896,4538
m-2_overhang,a5b_domination_argument,dtlz2_interval,ls,0.05,5,11,False,5000,19,True,0.787613676971034,4538
m-2_overhang,registered_x01,dtlz2_interval,ls,0.05,0,0,False,5000,20,True,0.0,2152
m-2_overhang,a5b_domination_argument,dtlz2_interval,ls,0.05,0,0,False,5000,20,True,0.0,2152
m-2_overhang,registered_x01,dtlz2_interval,ls,0.05,1,11,False,5000,20,True,0.8297393114997533,3364
m-2_overhang,a5b_domination_argument,dtlz2_interval,ls,0.05,1,11,False,5000,20,True,0.7064114341351895,3364
m-2_overhang,registered_x01,dtlz2_interval,ls,0.05,2,0,False,5000,20,True,0.0,1958
m-2_overhang,a5b_domination_argument,dtlz2_interval,ls,0.05,2,0,False,5000,20,True,0.0,1958
m-2_overhang,registered_x01,dtlz2_interval,ls,0.05,3,11,False,5000,20,True,0.8016604407593988,680
m-2_overhang,a5b_domination_argument,dtlz2_interval,ls,0.05,3,11,False,5000,20,True,0.680929178636058,680
m-2_overhang,registered_x01,dtlz2_interval,ls,0.05,4,1,False,5000,20,True,0.0,3397
m-2_overhang,a5b_domination_argument,dtlz2_interval,ls,0.05,4,1,False,5000,20,True,0.0,3397
m-2_overhang,registered_x01,dtlz2_interval,ls,0.05,5,11,False,5000,20,True,0.9483939246172977,368
m-2_overhang,a5b_domination_argument,dtlz2_interval,ls,0.05,5,11,False,5000,20,True,0.9330832931517489,368
m-2_overhang,registered_x01,dtlz2_interval,ls,0.05,0,0,False,5000,21,True,0.0,234
m-2_overhang,a5b_domination_argument,dtlz2_interval,ls,0.05,0,0,False,5000,21,True,0.0,234
m-2_overhang,registered_x01,dtlz2_interval,ls,0.05,1,11,False,5000,21,True,0.7776222925304932,1
m-2_overhang,a5b_domination_argument,dtlz2_interval,ls,0.05,1,11,False,5000,21,True,0.7594532939978198,1
m-2_overhang,registered_x01,dtlz2_interval,ls,0.05,2,0,False,5000,21,True,0.0,1721
m-2_overhang,a5b_domination_argument,dtlz2_interval,ls,0.05,2,0,False,5000,21,True,0.0,1721
m-2_overhang,registered_x01,dtlz2_interval,ls,0.05,3,11,False,5000,21,True,0.5376677948895031,779
m-2_overhang,a5b_domination_argument,dtlz2_interval,ls,0.05,3,11,False,5000,21,True,0.5030203484931145,779
m-2_overhang,registered_x01,dtlz2_interval,ls,0.05,4,1,False,5000,21,True,0.0,245
m-2_overhang,a5b_domination_argument,dtlz2_interval,ls,0.05,4,1,False,5000,21,True,0.0,245
m-2_overhang,registered_x01,dtlz2_interval,ls,0.05,5,11,False,5000,21,True,0.9250637457536257,528
m-2_overhang,a5b_domination_argument,dtlz2_interval,ls,0.05,5,11,False,5000,21,True,0.807657413866437,528
m-2_overhang,registered_x01,dtlz2_interval,ls,0.05,0,0,False,5000,22,True,0.0,4225
m-2_overhang,a5b_domination_argument,dtlz2_interval,ls,0.05,0,0,False,5000,22,True,0.0,4225
m-2_overhang,registered_x01,dtlz2_interval,ls,0.05,1,11,False,5000,22,True,1.1075358610178303,2388
m-2_overhang,a5b_domination_argument,dtlz2_interval,ls,0.05,1,11,False,5000,22,True,1.0708728374356817,2388
m-2_overhang,registered_x01,dtlz2_interval,ls,0.05,2,0,False,5000,22,True,0.0,4635
m-2_overhang,a5b_domination_argument,dtlz2_interval,ls,0.05,2,0,False,5000,22,True,0.0,4635
m-2_overhang,registered_x01,dtlz2_interval,ls,0.05,3,11,False,5000,22,True,0.799159773538719,2445
m-2_overhang,a5b_domination_argument,dtlz2_interval,ls,0.05,3,11,False,5000,22,True,0.7299482374050704,2445
m-2_overhang,registered_x01,dtlz2_interval,ls,0.05,4,1,False,5000,22,True,0.0,2681
m-2_overhang,a5b_domination_argument,dtlz2_interval,ls,0.05,4,1,False,5000,22,True,0.0,2681
m-2_overhang,registered_x01,dtlz2_interval,ls,0.05,5,11,False,5000,22,True,0.9285665004499704,1231
m-2_overhang,a5b_domination_argument,dtlz2_interval,ls,0.05,5,11,False,5000,22,True,0.9140076241491634,1231
m-2_overhang,registered_x01,dtlz2_interval,ls,0.05,0,0,False,5000,23,True,0.0,3957
m-2_overhang,a5b_domination_argument,dtlz2_interval,ls,0.05,0,0,False,5000,23,True,0.0,3957
m-2_overhang,registered_x01,dtlz2_interval,ls,0.05,1,11,False,5000,23,True,1.039751052445765,4716
m-2_overhang,a5b_domination_argument,dtlz2_interval,ls,0.05,1,11,False,5000,23,True,0.9687866335826176,4716
m-2_overhang,registered_x01,dtlz2_interval,ls,0.05,2,0,False,5000,23,True,0.0,688
m-2_overhang,a5b_domination_argument,dtlz2_interval,ls,0.05,2,0,False,5000,23,True,0.0,688
m-2_overhang,registered_x01,dtlz2_interval,ls,0.05,3,11,False,5000,23,True,0.8529625047020408,1138
m-2_overhang,a5b_domination_argument,dtlz2_interval,ls,0.05,3,11,False,5000,23,True,0.7366778850363673,1138
m-2_overhang,registered_x01,dtlz2_interval,ls,0.05,4,1,False,5000,23,True,0.0,228
m-2_overhang,a5b_domination_argument,dtlz2_interval,ls,0.05,4,1,False,5000,23,True,0.0,228
m-2_overhang,registered_x01,dtlz2_interval,ls,0.05,5,11,False,5000,23,True,0.8555170760335772,343
m-2_overhang,a5b_domination_argument,dtlz2_interval,ls,0.05,5,11,False,5000,23,True,0.7259322902286917,343
m-2_overhang,registered_x01,dtlz2_interval,ls,0.05,0,0,False,5000,24,True,0.0,3920
m-2_overhang,a5b_domination_argument,dtlz2_interval,ls,0.05,0,0,False,5000,24,True,0.0,3920
m-2_overhang,registered_x01,dtlz2_interval,ls,0.05,1,11,False,5000,24,True,0.7912400423005992,3553
m-2_overhang,a5b_domination_argument,dtlz2_interval,ls,0.05,1,11,False,5000,24,True,0.6069476359965956,3553
m-2_overhang,registered_x01,dtlz2_interval,ls,0.05,2,0,False,5000,24,True,0.0,2178
m-2_overhang,a5b_domination_argument,dtlz2_interval,ls,0.05,2,0,False,5000,24,True,0.0,2178
m-2_overhang,registered_x01,dtlz2_interval,ls,0.05,3,11,False,5000,24,True,0.7039783223007611,3833
m-2_overhang,a5b_domination_argument,dtlz2_interval,ls,0.05,3,11,False,5000,24,True,0.6877487749775472,3833
m-2_overhang,registered_x01,dtlz2_interval,ls,0.05,4,1,False,5000,24,True,0.0,107
m-2_overhang,a5b_domination_argument,dtlz2_interval,ls,0.05,4,1,False,5000,24,True,0.0,107
m-2_overhang,registered_x01,dtlz2_interval,ls,0.05,5,11,False,5000,24,True,0.6393355489576467,1482
m-2_overhang,a5b_domination_argument,dtlz2_interval,ls,0.05,5,11,False,5000,24,True,0.5054080151002015,1482
m-2_overhang,registered_x01,dtlz2_interval,ls,0.05,0,0,False,5000,25,True,0.0,3908
m-2_overhang,a5b_domination_argument,dtlz2_interval,ls,0.05,0,0,False,5000,25,True,0.0,3908
m-2_overhang,registered_x01,dtlz2_interval,ls,0.05,1,11,False,5000,25,True,0.8189165170497774,3911
m-2_overhang,a5b_domination_argument,dtlz2_interval,ls,0.05,1,11,False,5000,25,True,0.8110389314710423,3911
m-2_overhang,registered_x01,dtlz2_interval,ls,0.05,2,0,False,5000,25,True,0.0,1105
m-2_overhang,a5b_domination_argument,dtlz2_interval,ls,0.05,2,0,False,5000,25,True,0.0,1105
m-2_overhang,registered_x01,dtlz2_interval,ls,0.05,3,11,False,5000,25,True,0.804986981676591,2916
m-2_overhang,a5b_domination_argument,dtlz2_interval,ls,0.05,3,11,False,5000,25,True,0.7709459513291147,2916
m-2_overhang,registered_x01,dtlz2_interval,ls,0.05,4,1,False,5000,25,True,0.0,4807
m-2_overhang,a5b_domination_argument,dtlz2_interval,ls,0.05,4,1,False,5000,25,True,0.0,4807
m-2_overhang,registered_x01,dtlz2_interval,ls,0.05,5,11,False,5000,25,True,0.7736980397296475,2857
m-2_overhang,a5b_domination_argument,dtlz2_interval,ls,0.05,5,11,False,5000,25,True,0.7481548838433186,2857
m-2_overhang,registered_x01,dtlz2_interval,ls,0.05,0,0,False,5000,26,True,0.0,977
m-2_overhang,a5b_domination_argument,dtlz2_interval,ls,0.05,0,0,False,5000,26,True,0.0,977
m-2_overhang,registered_x01,dtlz2_interval,ls,0.05,1,11,False,5000,26,True,1.1077189830365444,3873
m-2_overhang,a5b_domination_argument,dtlz2_interval,ls,0.05,1,11,False,5000,26,True,0.9668648225241283,3873
m-2_overhang,registered_x01,dtlz2_interval,ls,0.05,2,0,False,5000,26,True,0.0,1086
m-2_overhang,a5b_domination_argument,dtlz2_interval,ls,0.05,2,0,False,5000,26,True,0.0,1086
m-2_overhang,registered_x01,dtlz2_interval,ls,0.05,3,11,False,5000,26,True,0.8822081348149096,163
m-2_overhang,a5b_domination_argument,dtlz2_interval,ls,0.05,3,11,False,5000,26,True,0.8484961404246893,163
m-2_overhang,registered_x01,dtlz2_interval,ls,0.05,4,1,False,5000,26,True,0.0,4060
m-2_overhang,a5b_domination_argument,dtlz2_interval,ls,0.05,4,1,False,5000,26,True,0.0,4060
m-2_overhang,registered_x01,dtlz2_interval,ls,0.05,5,11,False,5000,26,True,0.6121067984862167,2171
m-2_overhang,a5b_domination_argument,dtlz2_interval,ls,0.05,5,11,False,5000,26,True,0.6055955262101029,2171
m-2_overhang,registered_x01,dtlz2_interval,ls,0.05,0,0,False,5000,27,True,0.0,4438
m-2_overhang,a5b_domination_argument,dtlz2_interval,ls,0.05,0,0,False,5000,27,True,0.0,4438
m-2_overhang,registered_x01,dtlz2_interval,ls,0.05,1,11,False,5000,27,True,1.079250854475289,1315
m-2_overhang,a5b_domination_argument,dtlz2_interval,ls,0.05,1,11,False,5000,27,True,0.9318097917741843,1315
m-2_overhang,registered_x01,dtlz2_interval,ls,0.05,2,0,False,5000,27,True,0.0,3685
m-2_overhang,a5b_domination_argument,dtlz2_interval,ls,0.05,2,0,False,5000,27,True,0.0,3685
m-2_overhang,registered_x01,dtlz2_interval,ls,0.05,3,11,False,5000,27,True,0.7828909410914601,4586
m-2_overhang,a5b_domination_argument,dtlz2_interval,ls,0.05,3,11,False,5000,27,True,0.7355822261100737,4586
m-2_overhang,registered_x01,dtlz2_interval,ls,0.05,4,1,False,5000,27,True,0.0,444
m-2_overhang,a5b_domination_argument,dtlz2_interval,ls,0.05,4,1,False,5000,27,True,0.0,444
m-2_overhang,registered_x01,dtlz2_interval,ls,0.05,5,11,False,5000,27,True,0.7926237589528443,4427
m-2_overhang,a5b_domination_argument,dtlz2_interval,ls,0.05,5,11,False,5000,27,True,0.7767668322589716,4427
m-2_overhang,registered_x01,dtlz2_interval,ls,0.05,0,0,False,5000,28,True,0.0,1985
m-2_overhang,a5b_domination_argument,dtlz2_interval,ls,0.05,0,0,False,5000,28,True,0.0,1985
m-2_overhang,registered_x01,dtlz2_interval,ls,0.05,1,11,False,5000,28,True,0.822286508844209,3421
m-2_overhang,a5b_domination_argument,dtlz2_interval,ls,0.05,1,11,False,5000,28,True,0.6161087857699429,3421
m-2_overhang,registered_x01,dtlz2_interval,ls,0.05,2,0,False,5000,28,True,0.0,3014
m-2_overhang,a5b_domination_argument,dtlz2_interval,ls,0.05,2,0,False,5000,28,True,0.0,3014
m-2_overhang,registered_x01,dtlz2_interval,ls,0.05,3,11,False,5000,28,True,0.9209315665347304,1483
m-2_overhang,a5b_domination_argument,dtlz2_interval,ls,0.05,3,11,False,5000,28,True,0.840607563591031,1483
m-2_overhang,registered_x01,dtlz2_interval,ls,0.05,4,1,False,5000,28,True,0.0,1397
m-2_overhang,a5b_domination_argument,dtlz2_interval,ls,0.05,4,1,False,5000,28,True,0.0,1397
m-2_overhang,registered_x01,dtlz2_interval,ls,0.05,5,11,False,5000,28,True,0.8566438655941201,3096
m-2_overhang,a5b_domination_argument,dtlz2_interval,ls,0.05,5,11,False,5000,28,True,0.8550035913525317,3096
m-2_overhang,registered_x01,dtlz2_interval,ls,0.05,0,0,False,5000,29,True,0.0,2151
m-2_overhang,a5b_domination_argument,dtlz2_interval,ls,0.05,0,0,False,5000,29,True,0.0,2151
m-2_overhang,registered_x01,dtlz2_interval,ls,0.05,1,11,False,5000,29,True,0.8337238455800154,1086
m-2_overhang,a5b_domination_argument,dtlz2_interval,ls,0.05,1,11,False,5000,29,True,0.679663576535068,1086
m-2_overhang,registered_x01,dtlz2_interval,ls,0.05,2,0,False,5000,29,True,0.0,2805
m-2_overhang,a5b_domination_argument,dtlz2_interval,ls,0.05,2,0,False,5000,29,True,0.0,2805
m-2_overhang,registered_x01,dtlz2_interval,ls,0.05,3,11,False,5000,29,True,0.859904809292976,690
m-2_overhang,a5b_domination_argument,dtlz2_interval,ls,0.05,3,11,False,5000,29,True,0.8062985465486355,690
m-2_overhang,registered_x01,dtlz2_interval,ls,0.05,4,1,False,5000,29,True,0.0,653
m-2_overhang,a5b_domination_argument,dtlz2_interval,ls,0.05,4,1,False,5000,29,True,0.0,653
m-2_overhang,registered_x01,dtlz2_interval,ls,0.05,5,11,False,5000,29,True,0.7492279865779223,769
m-2_overhang,a5b_domination_argument,dtlz2_interval,ls,0.05,5,11,False,5000,29,True,0.7196812319228754,769
m-2_overhang,registered_x01,dtlz2_interval,ls,0.05,0,0,False,5000,30,True,0.0,2735
m-2_overhang,a5b_domination_argument,dtlz2_interval,ls,0.05,0,0,False,5000,30,True,0.0,2735
m-2_overhang,registered_x01,dtlz2_interval,ls,0.05,1,11,False,5000,30,True,0.900657120583021,2978
m-2_overhang,a5b_domination_argument,dtlz2_interval,ls,0.05,1,11,False,5000,30,True,0.7914046962356995,2978
m-2_overhang,registered_x01,dtlz2_interval,ls,0.05,2,0,False,5000,30,True,0.0,2762
m-2_overhang,a5b_domination_argument,dtlz2_interval,ls,0.05,2,0,False,5000,30,True,0.0,2762
m-2_overhang,registered_x01,dtlz2_interval,ls,0.05,3,11,False,5000,30,True,0.9081841733248469,3898
m-2_overhang,a5b_domination_argument,dtlz2_interval,ls,0.05,3,11,False,5000,30,True,0.9078644002297094,3898
m-2_overhang,registered_x01,dtlz2_interval,ls,0.05,4,1,False,5000,30,True,0.0,2336
m-2_overhang,a5b_domination_argument,dtlz2_interval,ls,0.05,4,1,False,5000,30,True,0.0,2336
m-2_overhang,registered_x01,dtlz2_interval,ls,0.05,5,11,False,5000,30,True,0.5658498107502269,1558
m-2_overhang,a5b_domination_argument,dtlz2_interval,ls,0.05,5,11,False,5000,30,True,0.5493094342050974,1558
m-2_overhang,registered_x01,dtlz2_interval,cw,0.05,0,0,False,5000,11,True,0.0,4810
m-2_overhang,a5b_domination_argument,dtlz2_interval,cw,0.05,0,0,False,5000,11,True,0.0,4810
m-2_overhang,registered_x01,dtlz2_interval,cw,0.05,1,11,False,5000,11,True,0.7011742254435525,1001
m-2_overhang,a5b_domination_argument,dtlz2_interval,cw,0.05,1,11,False,5000,11,True,0.5680159661743416,1001
m-2_overhang,registered_x01,dtlz2_interval,cw,0.05,2,0,False,5000,11,True,0.0,4507
m-2_overhang,a5b_domination_argument,dtlz2_interval,cw,0.05,2,0,False,5000,11,True,0.0,4507
m-2_overhang,registered_x01,dtlz2_interval,cw,0.05,3,11,False,5000,11,True,0.8570940819195144,4783
m-2_overhang,a5b_domination_argument,dtlz2_interval,cw,0.05,3,11,False,5000,11,True,0.8507460864880665,4783
m-2_overhang,registered_x01,dtlz2_interval,cw,0.05,4,1,False,5000,11,True,0.0,4455
m-2_overhang,a5b_domination_argument,dtlz2_interval,cw,0.05,4,1,False,5000,11,True,0.0,4455
m-2_overhang,registered_x01,dtlz2_interval,cw,0.05,5,11,False,5000,11,True,0.9564749584500807,1088
m-2_overhang,a5b_domination_argument,dtlz2_interval,cw,0.05,5,11,False,5000,11,True,0.9290498298895404,1088
m-2_overhang,registered_x01,dtlz2_interval,cw,0.05,0,0,False,5000,12,True,0.0,4880
m-2_overhang,a5b_domination_argument,dtlz2_interval,cw,0.05,0,0,False,5000,12,True,0.0,4880
m-2_overhang,registered_x01,dtlz2_interval,cw,0.05,1,11,False,5000,12,True,0.7410036919133441,4691
m-2_overhang,a5b_domination_argument,dtlz2_interval,cw,0.05,1,11,False,5000,12,True,0.7284287371207337,4691
m-2_overhang,registered_x01,dtlz2_interval,cw,0.05,2,0,False,5000,12,True,0.0,822
m-2_overhang,a5b_domination_argument,dtlz2_interval,cw,0.05,2,0,False,5000,12,True,0.0,822
m-2_overhang,registered_x01,dtlz2_interval,cw,0.05,3,11,False,5000,12,True,0.8246616691859471,2043
m-2_overhang,a5b_domination_argument,dtlz2_interval,cw,0.05,3,11,False,5000,12,True,0.7666299190501987,2043
m-2_overhang,registered_x01,dtlz2_interval,cw,0.05,4,1,False,5000,12,True,0.0,649
m-2_overhang,a5b_domination_argument,dtlz2_interval,cw,0.05,4,1,False,5000,12,True,0.0,649
m-2_overhang,registered_x01,dtlz2_interval,cw,0.05,5,11,False,5000,12,True,0.7360658199159732,3909
m-2_overhang,a5b_domination_argument,dtlz2_interval,cw,0.05,5,11,False,5000,12,True,0.6861644145671846,3909
m-2_overhang,registered_x01,dtlz2_interval,cw,0.05,0,0,False,5000,13,True,0.0,4644
m-2_overhang,a5b_domination_argument,dtlz2_interval,cw,0.05,0,0,False,5000,13,True,0.0,4644
m-2_overhang,registered_x01,dtlz2_interval,cw,0.05,1,11,False,5000,13,True,0.9283198908418778,1652
m-2_overhang,a5b_domination_argument,dtlz2_interval,cw,0.05,1,11,False,5000,13,True,0.7082491365710535,1652
m-2_overhang,registered_x01,dtlz2_interval,cw,0.05,2,0,False,5000,13,True,0.0,340
m-2_overhang,a5b_domination_argument,dtlz2_interval,cw,0.05,2,0,False,5000,13,True,0.0,340
m-2_overhang,registered_x01,dtlz2_interval,cw,0.05,3,11,False,5000,13,True,0.7982598595090424,3011
m-2_overhang,a5b_domination_argument,dtlz2_interval,cw,0.05,3,11,False,5000,13,True,0.7904405376792903,3011
m-2_overhang,registered_x01,dtlz2_interval,cw,0.05,4,1,False,5000,13,True,0.0,4318
m-2_overhang,a5b_domination_argument,dtlz2_interval,cw,0.05,4,1,False,5000,13,True,0.0,4318
m-2_overhang,registered_x01,dtlz2_interval,cw,0.05,5,11,False,5000,13,True,0.792287012561412,3330
m-2_overhang,a5b_domination_argument,dtlz2_interval,cw,0.05,5,11,False,5000,13,True,0.777037109117466,3330
m-2_overhang,registered_x01,dtlz2_interval,cw,0.05,0,0,False,5000,14,True,0.0,248
m-2_overhang,a5b_domination_argument,dtlz2_interval,cw,0.05,0,0,False,5000,14,True,0.0,248
m-2_overhang,registered_x01,dtlz2_interval,cw,0.05,1,11,False,5000,14,True,0.848155207603304,4187
m-2_overhang,a5b_domination_argument,dtlz2_interval,cw,0.05,1,11,False,5000,14,True,0.8340922334952999,4187
m-2_overhang,registered_x01,dtlz2_interval,cw,0.05,2,0,False,5000,14,True,0.0,4943
m-2_overhang,a5b_domination_argument,dtlz2_interval,cw,0.05,2,0,False,5000,14,True,0.0,4943
m-2_overhang,registered_x01,dtlz2_interval,cw,0.05,3,11,False,5000,14,True,0.7883892508311481,3153
m-2_overhang,a5b_domination_argument,dtlz2_interval,cw,0.05,3,11,False,5000,14,True,0.788226590001525,3153
m-2_overhang,registered_x01,dtlz2_interval,cw,0.05,4,1,False,5000,14,True,0.0,2282
m-2_overhang,a5b_domination_argument,dtlz2_interval,cw,0.05,4,1,False,5000,14,True,0.0,2282
m-2_overhang,registered_x01,dtlz2_interval,cw,0.05,5,11,False,5000,14,True,0.6197486520849799,1944
m-2_overhang,a5b_domination_argument,dtlz2_interval,cw,0.05,5,11,False,5000,14,True,0.6173162888420538,1944
m-2_overhang,registered_x01,dtlz2_interval,cw,0.05,0,0,False,5000,15,True,0.0,4652
m-2_overhang,a5b_domination_argument,dtlz2_interval,cw,0.05,0,0,False,5000,15,True,0.0,4652
m-2_overhang,registered_x01,dtlz2_interval,cw,0.05,1,11,False,5000,15,True,0.8510709121112792,2871
m-2_overhang,a5b_domination_argument,dtlz2_interval,cw,0.05,1,11,False,5000,15,True,0.7622666429354146,2871
m-2_overhang,registered_x01,dtlz2_interval,cw,0.05,2,0,False,5000,15,True,0.0,1502
m-2_overhang,a5b_domination_argument,dtlz2_interval,cw,0.05,2,0,False,5000,15,True,0.0,1502
m-2_overhang,registered_x01,dtlz2_interval,cw,0.05,3,11,False,5000,15,True,0.7440319537680538,4324
m-2_overhang,a5b_domination_argument,dtlz2_interval,cw,0.05,3,11,False,5000,15,True,0.6193368167240819,4324
m-2_overhang,registered_x01,dtlz2_interval,cw,0.05,4,1,False,5000,15,True,0.0,2880
m-2_overhang,a5b_domination_argument,dtlz2_interval,cw,0.05,4,1,False,5000,15,True,0.0,2880
m-2_overhang,registered_x01,dtlz2_interval,cw,0.05,5,11,False,5000,15,True,0.7961107828553797,1596
m-2_overhang,a5b_domination_argument,dtlz2_interval,cw,0.05,5,11,False,5000,15,True,0.6858266855212186,1596
m-2_overhang,registered_x01,dtlz2_interval,cw,0.05,0,0,False,5000,16,True,0.0,1076
m-2_overhang,a5b_domination_argument,dtlz2_interval,cw,0.05,0,0,False,5000,16,True,0.0,1076
m-2_overhang,registered_x01,dtlz2_interval,cw,0.05,1,11,False,5000,16,True,0.6886044108427936,1623
m-2_overhang,a5b_domination_argument,dtlz2_interval,cw,0.05,1,11,False,5000,16,True,0.5017808260650071,1623
m-2_overhang,registered_x01,dtlz2_interval,cw,0.05,2,0,False,5000,16,True,0.0,4375
m-2_overhang,a5b_domination_argument,dtlz2_interval,cw,0.05,2,0,False,5000,16,True,0.0,4375
m-2_overhang,registered_x01,dtlz2_interval,cw,0.05,3,11,False,5000,16,True,0.750196488030427,3479
m-2_overhang,a5b_domination_argument,dtlz2_interval,cw,0.05,3,11,False,5000,16,True,0.7427461829403692,3479
m-2_overhang,registered_x01,dtlz2_interval,cw,0.05,4,1,False,5000,16,True,0.0,849
m-2_overhang,a5b_domination_argument,dtlz2_interval,cw,0.05,4,1,False,5000,16,True,0.0,849
m-2_overhang,registered_x01,dtlz2_interval,cw,0.05,5,11,False,5000,16,True,0.877991193161898,3855
m-2_overhang,a5b_domination_argument,dtlz2_interval,cw,0.05,5,11,False,5000,16,True,0.7956233435328768,3855
m-2_overhang,registered_x01,dtlz2_interval,cw,0.05,0,0,False,5000,17,True,0.0,4534
m-2_overhang,a5b_domination_argument,dtlz2_interval,cw,0.05,0,0,False,5000,17,True,0.0,4534
m-2_overhang,registered_x01,dtlz2_interval,cw,0.05,1,11,False,5000,17,True,0.837781036764612,1156
m-2_overhang,a5b_domination_argument,dtlz2_interval,cw,0.05,1,11,False,5000,17,True,0.6285407333320052,1156
m-2_overhang,registered_x01,dtlz2_interval,cw,0.05,2,0,False,5000,17,True,0.0,2163
m-2_overhang,a5b_domination_argument,dtlz2_interval,cw,0.05,2,0,False,5000,17,True,0.0,2163
m-2_overhang,registered_x01,dtlz2_interval,cw,0.05,3,11,False,5000,17,True,0.8772584350369866,264
m-2_overhang,a5b_domination_argument,dtlz2_interval,cw,0.05,3,11,False,5000,17,True,0.7920382310738412,264
m-2_overhang,registered_x01,dtlz2_interval,cw,0.05,4,1,False,5000,17,True,0.0,1867
m-2_overhang,a5b_domination_argument,dtlz2_interval,cw,0.05,4,1,False,5000,17,True,0.0,1867
m-2_overhang,registered_x01,dtlz2_interval,cw,0.05,5,11,False,5000,17,True,0.725560805117221,4624
m-2_overhang,a5b_domination_argument,dtlz2_interval,cw,0.05,5,11,False,5000,17,True,0.6398121104868595,4624
m-2_overhang,registered_x01,dtlz2_interval,cw,0.05,0,0,False,5000,18,True,0.0,69
m-2_overhang,a5b_domination_argument,dtlz2_interval,cw,0.05,0,0,False,5000,18,True,0.0,69
m-2_overhang,registered_x01,dtlz2_interval,cw,0.05,1,11,False,5000,18,True,0.8590486673178142,1381
m-2_overhang,a5b_domination_argument,dtlz2_interval,cw,0.05,1,11,False,5000,18,True,0.7630132780239708,1381
m-2_overhang,registered_x01,dtlz2_interval,cw,0.05,2,0,False,5000,18,True,0.0,2864
m-2_overhang,a5b_domination_argument,dtlz2_interval,cw,0.05,2,0,False,5000,18,True,0.0,2864
m-2_overhang,registered_x01,dtlz2_interval,cw,0.05,3,11,False,5000,18,True,0.8939481199711548,646
m-2_overhang,a5b_domination_argument,dtlz2_interval,cw,0.05,3,11,False,5000,18,True,0.7978348968788517,646
m-2_overhang,registered_x01,dtlz2_interval,cw,0.05,4,1,False,5000,18,True,0.0,4594
m-2_overhang,a5b_domination_argument,dtlz2_interval,cw,0.05,4,1,False,5000,18,True,0.0,4594
m-2_overhang,registered_x01,dtlz2_interval,cw,0.05,5,11,False,5000,18,True,0.6607735748032175,4360
m-2_overhang,a5b_domination_argument,dtlz2_interval,cw,0.05,5,11,False,5000,18,True,0.6160962700081032,4360
m-2_overhang,registered_x01,dtlz2_interval,cw,0.05,0,0,False,5000,19,True,0.0,3010
m-2_overhang,a5b_domination_argument,dtlz2_interval,cw,0.05,0,0,False,5000,19,True,0.0,3010
m-2_overhang,registered_x01,dtlz2_interval,cw,0.05,1,11,False,5000,19,True,0.9529248311222105,2358
m-2_overhang,a5b_domination_argument,dtlz2_interval,cw,0.05,1,11,False,5000,19,True,0.9040522476219736,2358
m-2_overhang,registered_x01,dtlz2_interval,cw,0.05,2,0,False,5000,19,True,0.0,174
m-2_overhang,a5b_domination_argument,dtlz2_interval,cw,0.05,2,0,False,5000,19,True,0.0,174
m-2_overhang,registered_x01,dtlz2_interval,cw,0.05,3,11,False,5000,19,True,1.0234402629378825,4932
m-2_overhang,a5b_domination_argument,dtlz2_interval,cw,0.05,3,11,False,5000,19,True,0.9059506548909978,4932
m-2_overhang,registered_x01,dtlz2_interval,cw,0.05,4,1,False,5000,19,True,0.0,4938
m-2_overhang,a5b_domination_argument,dtlz2_interval,cw,0.05,4,1,False,5000,19,True,0.0,4938
m-2_overhang,registered_x01,dtlz2_interval,cw,0.05,5,11,False,5000,19,True,0.8034551410146896,4538
m-2_overhang,a5b_domination_argument,dtlz2_interval,cw,0.05,5,11,False,5000,19,True,0.787613676971034,4538
m-2_overhang,registered_x01,dtlz2_interval,cw,0.05,0,0,False,5000,20,True,0.0,2152
m-2_overhang,a5b_domination_argument,dtlz2_interval,cw,0.05,0,0,False,5000,20,True,0.0,2152
m-2_overhang,registered_x01,dtlz2_interval,cw,0.05,1,11,False,5000,20,True,0.8297393114997533,3364
m-2_overhang,a5b_domination_argument,dtlz2_interval,cw,0.05,1,11,False,5000,20,True,0.7064114341351895,3364
m-2_overhang,registered_x01,dtlz2_interval,cw,0.05,2,0,False,5000,20,True,0.0,3212
m-2_overhang,a5b_domination_argument,dtlz2_interval,cw,0.05,2,0,False,5000,20,True,0.0,3212
m-2_overhang,registered_x01,dtlz2_interval,cw,0.05,3,11,False,5000,20,True,0.8016604407593988,680
m-2_overhang,a5b_domination_argument,dtlz2_interval,cw,0.05,3,11,False,5000,20,True,0.680929178636058,680
m-2_overhang,registered_x01,dtlz2_interval,cw,0.05,4,1,False,5000,20,True,0.0,1965
m-2_overhang,a5b_domination_argument,dtlz2_interval,cw,0.05,4,1,False,5000,20,True,0.0,1965
m-2_overhang,registered_x01,dtlz2_interval,cw,0.05,5,11,False,5000,20,True,0.9483939246172977,368
m-2_overhang,a5b_domination_argument,dtlz2_interval,cw,0.05,5,11,False,5000,20,True,0.9330832931517489,368
m-2_overhang,registered_x01,dtlz2_interval,cw,0.05,0,0,False,5000,21,True,0.0,906
m-2_overhang,a5b_domination_argument,dtlz2_interval,cw,0.05,0,0,False,5000,21,True,0.0,906
m-2_overhang,registered_x01,dtlz2_interval,cw,0.05,1,11,False,5000,21,True,0.7776222925304932,1
m-2_overhang,a5b_domination_argument,dtlz2_interval,cw,0.05,1,11,False,5000,21,True,0.7594532939978198,1
m-2_overhang,registered_x01,dtlz2_interval,cw,0.05,2,0,False,5000,21,True,0.0,1027
m-2_overhang,a5b_domination_argument,dtlz2_interval,cw,0.05,2,0,False,5000,21,True,0.0,1027
m-2_overhang,registered_x01,dtlz2_interval,cw,0.05,3,11,False,5000,21,True,0.5376677948895031,779
m-2_overhang,a5b_domination_argument,dtlz2_interval,cw,0.05,3,11,False,5000,21,True,0.5030203484931145,779
m-2_overhang,registered_x01,dtlz2_interval,cw,0.05,4,1,False,5000,21,True,0.0,1733
m-2_overhang,a5b_domination_argument,dtlz2_interval,cw,0.05,4,1,False,5000,21,True,0.0,1733
m-2_overhang,registered_x01,dtlz2_interval,cw,0.05,5,11,False,5000,21,True,0.9250637457536257,528
m-2_overhang,a5b_domination_argument,dtlz2_interval,cw,0.05,5,11,False,5000,21,True,0.807657413866437,528
m-2_overhang,registered_x01,dtlz2_interval,cw,0.05,0,0,False,5000,22,True,0.0,785
m-2_overhang,a5b_domination_argument,dtlz2_interval,cw,0.05,0,0,False,5000,22,True,0.0,785
m-2_overhang,registered_x01,dtlz2_interval,cw,0.05,1,11,False,5000,22,True,1.1075358610178303,2388
m-2_overhang,a5b_domination_argument,dtlz2_interval,cw,0.05,1,11,False,5000,22,True,1.0708728374356817,2388
m-2_overhang,registered_x01,dtlz2_interval,cw,0.05,2,0,False,5000,22,True,0.0,3887
m-2_overhang,a5b_domination_argument,dtlz2_interval,cw,0.05,2,0,False,5000,22,True,0.0,3887
m-2_overhang,registered_x01,dtlz2_interval,cw,0.05,3,11,False,5000,22,True,0.799159773538719,2445
m-2_overhang,a5b_domination_argument,dtlz2_interval,cw,0.05,3,11,False,5000,22,True,0.7299482374050704,2445
m-2_overhang,registered_x01,dtlz2_interval,cw,0.05,4,1,False,5000,22,True,0.0,3302
m-2_overhang,a5b_domination_argument,dtlz2_interval,cw,0.05,4,1,False,5000,22,True,0.0,3302
m-2_overhang,registered_x01,dtlz2_interval,cw,0.05,5,11,False,5000,22,True,0.9285665004499704,1231
m-2_overhang,a5b_domination_argument,dtlz2_interval,cw,0.05,5,11,False,5000,22,True,0.9140076241491634,1231
m-2_overhang,registered_x01,dtlz2_interval,cw,0.05,0,0,False,5000,23,True,0.0,1038
m-2_overhang,a5b_domination_argument,dtlz2_interval,cw,0.05,0,0,False,5000,23,True,0.0,1038
m-2_overhang,registered_x01,dtlz2_interval,cw,0.05,1,11,False,5000,23,True,1.039751052445765,4716
m-2_overhang,a5b_domination_argument,dtlz2_interval,cw,0.05,1,11,False,5000,23,True,0.9687866335826176,4716
m-2_overhang,registered_x01,dtlz2_interval,cw,0.05,2,0,False,5000,23,True,0.0,1973
m-2_overhang,a5b_domination_argument,dtlz2_interval,cw,0.05,2,0,False,5000,23,True,0.0,1973
m-2_overhang,registered_x01,dtlz2_interval,cw,0.05,3,11,False,5000,23,True,0.8529625047020408,1138
m-2_overhang,a5b_domination_argument,dtlz2_interval,cw,0.05,3,11,False,5000,23,True,0.7366778850363673,1138
m-2_overhang,registered_x01,dtlz2_interval,cw,0.05,4,1,False,5000,23,True,0.0,1498
m-2_overhang,a5b_domination_argument,dtlz2_interval,cw,0.05,4,1,False,5000,23,True,0.0,1498
m-2_overhang,registered_x01,dtlz2_interval,cw,0.05,5,11,False,5000,23,True,0.8555170760335772,343
m-2_overhang,a5b_domination_argument,dtlz2_interval,cw,0.05,5,11,False,5000,23,True,0.7259322902286917,343
m-2_overhang,registered_x01,dtlz2_interval,cw,0.05,0,0,False,5000,24,True,0.0,4115
m-2_overhang,a5b_domination_argument,dtlz2_interval,cw,0.05,0,0,False,5000,24,True,0.0,4115
m-2_overhang,registered_x01,dtlz2_interval,cw,0.05,1,11,False,5000,24,True,0.7912400423005992,3553
m-2_overhang,a5b_domination_argument,dtlz2_interval,cw,0.05,1,11,False,5000,24,True,0.6069476359965956,3553
m-2_overhang,registered_x01,dtlz2_interval,cw,0.05,2,0,False,5000,24,True,0.0,4115
m-2_overhang,a5b_domination_argument,dtlz2_interval,cw,0.05,2,0,False,5000,24,True,0.0,4115
m-2_overhang,registered_x01,dtlz2_interval,cw,0.05,3,11,False,5000,24,True,0.7039783223007611,3833
m-2_overhang,a5b_domination_argument,dtlz2_interval,cw,0.05,3,11,False,5000,24,True,0.6877487749775472,3833
m-2_overhang,registered_x01,dtlz2_interval,cw,0.05,4,1,False,5000,24,True,0.0,107
m-2_overhang,a5b_domination_argument,dtlz2_interval,cw,0.05,4,1,False,5000,24,True,0.0,107
m-2_overhang,registered_x01,dtlz2_interval,cw,0.05,5,11,False,5000,24,True,0.6393355489576467,1482
m-2_overhang,a5b_domination_argument,dtlz2_interval,cw,0.05,5,11,False,5000,24,True,0.5054080151002015,1482
m-2_overhang,registered_x01,dtlz2_interval,cw,0.05,0,0,False,5000,25,True,0.0,4066
m-2_overhang,a5b_domination_argument,dtlz2_interval,cw,0.05,0,0,False,5000,25,True,0.0,4066
m-2_overhang,registered_x01,dtlz2_interval,cw,0.05,1,11,False,5000,25,True,0.8189165170497774,3911
m-2_overhang,a5b_domination_argument,dtlz2_interval,cw,0.05,1,11,False,5000,25,True,0.8110389314710423,3911
m-2_overhang,registered_x01,dtlz2_interval,cw,0.05,2,0,False,5000,25,True,0.0,4066
m-2_overhang,a5b_domination_argument,dtlz2_interval,cw,0.05,2,0,False,5000,25,True,0.0,4066
m-2_overhang,registered_x01,dtlz2_interval,cw,0.05,3,11,False,5000,25,True,0.804986981676591,2916
m-2_overhang,a5b_domination_argument,dtlz2_interval,cw,0.05,3,11,False,5000,25,True,0.7709459513291147,2916
m-2_overhang,registered_x01,dtlz2_interval,cw,0.05,4,1,False,5000,25,True,0.0,1928
m-2_overhang,a5b_domination_argument,dtlz2_interval,cw,0.05,4,1,False,5000,25,True,0.0,1928
m-2_overhang,registered_x01,dtlz2_interval,cw,0.05,5,11,False,5000,25,True,0.7736980397296475,2857
m-2_overhang,a5b_domination_argument,dtlz2_interval,cw,0.05,5,11,False,5000,25,True,0.7481548838433186,2857
m-2_overhang,registered_x01,dtlz2_interval,cw,0.05,0,0,False,5000,26,True,0.0,4298
m-2_overhang,a5b_domination_argument,dtlz2_interval,cw,0.05,0,0,False,5000,26,True,0.0,4298
m-2_overhang,registered_x01,dtlz2_interval,cw,0.05,1,11,False,5000,26,True,1.1077189830365444,3873
m-2_overhang,a5b_domination_argument,dtlz2_interval,cw,0.05,1,11,False,5000,26,True,0.9668648225241283,3873
m-2_overhang,registered_x01,dtlz2_interval,cw,0.05,2,0,False,5000,26,True,0.0,1086
m-2_overhang,a5b_domination_argument,dtlz2_interval,cw,0.05,2,0,False,5000,26,True,0.0,1086
m-2_overhang,registered_x01,dtlz2_interval,cw,0.05,3,11,False,5000,26,True,0.8822081348149096,163
m-2_overhang,a5b_domination_argument,dtlz2_interval,cw,0.05,3,11,False,5000,26,True,0.8484961404246893,163
m-2_overhang,registered_x01,dtlz2_interval,cw,0.05,4,1,False,5000,26,True,0.0,4060
m-2_overhang,a5b_domination_argument,dtlz2_interval,cw,0.05,4,1,False,5000,26,True,0.0,4060
m-2_overhang,registered_x01,dtlz2_interval,cw,0.05,5,11,False,5000,26,True,0.6121067984862167,2171
m-2_overhang,a5b_domination_argument,dtlz2_interval,cw,0.05,5,11,False,5000,26,True,0.6055955262101029,2171
m-2_overhang,registered_x01,dtlz2_interval,cw,0.05,0,0,False,5000,27,True,0.0,2648
m-2_overhang,a5b_domination_argument,dtlz2_interval,cw,0.05,0,0,False,5000,27,True,0.0,2648
m-2_overhang,registered_x01,dtlz2_interval,cw,0.05,1,11,False,5000,27,True,1.079250854475289,1315
m-2_overhang,a5b_domination_argument,dtlz2_interval,cw,0.05,1,11,False,5000,27,True,0.9318097917741843,1315
m-2_overhang,registered_x01,dtlz2_interval,cw,0.05,2,0,False,5000,27,True,0.0,3081
m-2_overhang,a5b_domination_argument,dtlz2_interval,cw,0.05,2,0,False,5000,27,True,0.0,3081
m-2_overhang,registered_x01,dtlz2_interval,cw,0.05,3,11,False,5000,27,True,0.7828909410914601,4586
m-2_overhang,a5b_domination_argument,dtlz2_interval,cw,0.05,3,11,False,5000,27,True,0.7355822261100737,4586
m-2_overhang,registered_x01,dtlz2_interval,cw,0.05,4,1,False,5000,27,True,0.0,4781
m-2_overhang,a5b_domination_argument,dtlz2_interval,cw,0.05,4,1,False,5000,27,True,0.0,4781
m-2_overhang,registered_x01,dtlz2_interval,cw,0.05,5,11,False,5000,27,True,0.7926237589528443,4427
m-2_overhang,a5b_domination_argument,dtlz2_interval,cw,0.05,5,11,False,5000,27,True,0.7767668322589716,4427
m-2_overhang,registered_x01,dtlz2_interval,cw,0.05,0,0,False,5000,28,True,0.0,724
m-2_overhang,a5b_domination_argument,dtlz2_interval,cw,0.05,0,0,False,5000,28,True,0.0,724
m-2_overhang,registered_x01,dtlz2_interval,cw,0.05,1,11,False,5000,28,True,0.822286508844209,3421
m-2_overhang,a5b_domination_argument,dtlz2_interval,cw,0.05,1,11,False,5000,28,True,0.6161087857699429,3421
m-2_overhang,registered_x01,dtlz2_interval,cw,0.05,2,0,False,5000,28,True,0.0,1985
m-2_overhang,a5b_domination_argument,dtlz2_interval,cw,0.05,2,0,False,5000,28,True,0.0,1985
m-2_overhang,registered_x01,dtlz2_interval,cw,0.05,3,11,False,5000,28,True,0.9209315665347304,1483
m-2_overhang,a5b_domination_argument,dtlz2_interval,cw,0.05,3,11,False,5000,28,True,0.840607563591031,1483
m-2_overhang,registered_x01,dtlz2_interval,cw,0.05,4,1,False,5000,28,True,0.0,4579
m-2_overhang,a5b_domination_argument,dtlz2_interval,cw,0.05,4,1,False,5000,28,True,0.0,4579
m-2_overhang,registered_x01,dtlz2_interval,cw,0.05,5,11,False,5000,28,True,0.8566438655941201,3096
m-2_overhang,a5b_domination_argument,dtlz2_interval,cw,0.05,5,11,False,5000,28,True,0.8550035913525317,3096
m-2_overhang,registered_x01,dtlz2_interval,cw,0.05,0,0,False,5000,29,True,0.0,138
m-2_overhang,a5b_domination_argument,dtlz2_interval,cw,0.05,0,0,False,5000,29,True,0.0,138
m-2_overhang,registered_x01,dtlz2_interval,cw,0.05,1,11,False,5000,29,True,0.8337238455800154,1086
m-2_overhang,a5b_domination_argument,dtlz2_interval,cw,0.05,1,11,False,5000,29,True,0.679663576535068,1086
m-2_overhang,registered_x01,dtlz2_interval,cw,0.05,2,0,False,5000,29,True,0.0,1761
m-2_overhang,a5b_domination_argument,dtlz2_interval,cw,0.05,2,0,False,5000,29,True,0.0,1761
m-2_overhang,registered_x01,dtlz2_interval,cw,0.05,3,11,False,5000,29,True,0.859904809292976,690
m-2_overhang,a5b_domination_argument,dtlz2_interval,cw,0.05,3,11,False,5000,29,True,0.8062985465486355,690
m-2_overhang,registered_x01,dtlz2_interval,cw,0.05,4,1,False,5000,29,True,0.0,653
m-2_overhang,a5b_domination_argument,dtlz2_interval,cw,0.05,4,1,False,5000,29,True,0.0,653
m-2_overhang,registered_x01,dtlz2_interval,cw,0.05,5,11,False,5000,29,True,0.7492279865779223,769
m-2_overhang,a5b_domination_argument,dtlz2_interval,cw,0.05,5,11,False,5000,29,True,0.7196812319228754,769
m-2_overhang,registered_x01,dtlz2_interval,cw,0.05,0,0,False,5000,30,True,0.0,2747
m-2_overhang,a5b_domination_argument,dtlz2_interval,cw,0.05,0,0,False,5000,30,True,0.0,2747
m-2_overhang,registered_x01,dtlz2_interval,cw,0.05,1,11,False,5000,30,True,0.900657120583021,2978
m-2_overhang,a5b_domination_argument,dtlz2_interval,cw,0.05,1,11,False,5000,30,True,0.7914046962356995,2978
m-2_overhang,registered_x01,dtlz2_interval,cw,0.05,2,0,False,5000,30,True,0.0,4832
m-2_overhang,a5b_domination_argument,dtlz2_interval,cw,0.05,2,0,False,5000,30,True,0.0,4832
m-2_overhang,registered_x01,dtlz2_interval,cw,0.05,3,11,False,5000,30,True,0.9081841733248469,3898
m-2_overhang,a5b_domination_argument,dtlz2_interval,cw,0.05,3,11,False,5000,30,True,0.9078644002297094,3898
m-2_overhang,registered_x01,dtlz2_interval,cw,0.05,4,1,False,5000,30,True,0.0,1019
m-2_overhang,a5b_domination_argument,dtlz2_interval,cw,0.05,4,1,False,5000,30,True,0.0,1019
m-2_overhang,registered_x01,dtlz2_interval,cw,0.05,5,11,False,5000,30,True,0.5658498107502269,1558
m-2_overhang,a5b_domination_argument,dtlz2_interval,cw,0.05,5,11,False,5000,30,True,0.5493094342050974,1558
m-2_overhang,registered_x01,dtlz2_interval,lu,0.1,0,0,False,5000,11,True,0.0,2121
m-2_overhang,a5b_domination_argument,dtlz2_interval,lu,0.1,0,0,False,5000,11,True,0.0,2121
m-2_overhang,registered_x01,dtlz2_interval,lu,0.1,1,0,False,5000,11,True,0.0,2799
m-2_overhang,a5b_domination_argument,dtlz2_interval,lu,0.1,1,0,False,5000,11,True,0.0,2799
m-2_overhang,registered_x01,dtlz2_interval,lu,0.1,2,0,False,5000,11,True,0.0,691
m-2_overhang,a5b_domination_argument,dtlz2_interval,lu,0.1,2,0,False,5000,11,True,0.0,691
m-2_overhang,registered_x01,dtlz2_interval,lu,0.1,3,0,False,5000,11,True,0.0,2819
m-2_overhang,a5b_domination_argument,dtlz2_interval,lu,0.1,3,0,False,5000,11,True,0.0,2819
m-2_overhang,registered_x01,dtlz2_interval,lu,0.1,4,1,False,5000,11,True,0.0,1388
m-2_overhang,a5b_domination_argument,dtlz2_interval,lu,0.1,4,1,False,5000,11,True,0.0,1388
m-2_overhang,registered_x01,dtlz2_interval,lu,0.1,5,1,False,5000,11,True,0.0,4750
m-2_overhang,a5b_domination_argument,dtlz2_interval,lu,0.1,5,1,False,5000,11,True,0.0,4750
m-2_overhang,registered_x01,dtlz2_interval,lu,0.1,0,0,False,5000,12,True,0.0,3619
m-2_overhang,a5b_domination_argument,dtlz2_interval,lu,0.1,0,0,False,5000,12,True,0.0,3619
m-2_overhang,registered_x01,dtlz2_interval,lu,0.1,1,0,False,5000,12,True,0.0,343
m-2_overhang,a5b_domination_argument,dtlz2_interval,lu,0.1,1,0,False,5000,12,True,0.0,343
m-2_overhang,registered_x01,dtlz2_interval,lu,0.1,2,0,False,5000,12,True,0.0,4611
m-2_overhang,a5b_domination_argument,dtlz2_interval,lu,0.1,2,0,False,5000,12,True,0.0,4611
m-2_overhang,registered_x01,dtlz2_interval,lu,0.1,3,0,False,5000,12,True,0.0,4285
m-2_overhang,a5b_domination_argument,dtlz2_interval,lu,0.1,3,0,False,5000,12,True,0.0,4285
m-2_overhang,registered_x01,dtlz2_interval,lu,0.1,4,1,False,5000,12,True,0.0,3490
m-2_overhang,a5b_domination_argument,dtlz2_interval,lu,0.1,4,1,False,5000,12,True,0.0,3490
m-2_overhang,registered_x01,dtlz2_interval,lu,0.1,5,1,False,5000,12,True,0.0,3108
m-2_overhang,a5b_domination_argument,dtlz2_interval,lu,0.1,5,1,False,5000,12,True,0.0,3108
m-2_overhang,registered_x01,dtlz2_interval,lu,0.1,0,0,False,5000,13,True,0.0,3638
m-2_overhang,a5b_domination_argument,dtlz2_interval,lu,0.1,0,0,False,5000,13,True,0.0,3638
m-2_overhang,registered_x01,dtlz2_interval,lu,0.1,1,0,False,5000,13,True,0.0,3457
m-2_overhang,a5b_domination_argument,dtlz2_interval,lu,0.1,1,0,False,5000,13,True,0.0,3457
m-2_overhang,registered_x01,dtlz2_interval,lu,0.1,2,0,False,5000,13,True,0.0,3786
m-2_overhang,a5b_domination_argument,dtlz2_interval,lu,0.1,2,0,False,5000,13,True,0.0,3786
m-2_overhang,registered_x01,dtlz2_interval,lu,0.1,3,0,False,5000,13,True,0.0,3094
m-2_overhang,a5b_domination_argument,dtlz2_interval,lu,0.1,3,0,False,5000,13,True,0.0,3094
m-2_overhang,registered_x01,dtlz2_interval,lu,0.1,4,1,False,5000,13,True,0.0,275
m-2_overhang,a5b_domination_argument,dtlz2_interval,lu,0.1,4,1,False,5000,13,True,0.0,275
m-2_overhang,registered_x01,dtlz2_interval,lu,0.1,5,1,False,5000,13,True,0.0,4318
m-2_overhang,a5b_domination_argument,dtlz2_interval,lu,0.1,5,1,False,5000,13,True,0.0,4318
m-2_overhang,registered_x01,dtlz2_interval,lu,0.1,0,0,False,5000,14,True,0.0,3779
m-2_overhang,a5b_domination_argument,dtlz2_interval,lu,0.1,0,0,False,5000,14,True,0.0,3779
m-2_overhang,registered_x01,dtlz2_interval,lu,0.1,1,0,False,5000,14,True,0.0,4050
m-2_overhang,a5b_domination_argument,dtlz2_interval,lu,0.1,1,0,False,5000,14,True,0.0,4050
m-2_overhang,registered_x01,dtlz2_interval,lu,0.1,2,0,False,5000,14,True,0.0,3735
m-2_overhang,a5b_domination_argument,dtlz2_interval,lu,0.1,2,0,False,5000,14,True,0.0,3735
m-2_overhang,registered_x01,dtlz2_interval,lu,0.1,3,0,False,5000,14,True,0.0,3632
m-2_overhang,a5b_domination_argument,dtlz2_interval,lu,0.1,3,0,False,5000,14,True,0.0,3632
m-2_overhang,registered_x01,dtlz2_interval,lu,0.1,4,1,False,5000,14,True,0.0,2282
m-2_overhang,a5b_domination_argument,dtlz2_interval,lu,0.1,4,1,False,5000,14,True,0.0,2282
m-2_overhang,registered_x01,dtlz2_interval,lu,0.1,5,1,False,5000,14,True,0.0,1033
m-2_overhang,a5b_domination_argument,dtlz2_interval,lu,0.1,5,1,False,5000,14,True,0.0,1033
m-2_overhang,registered_x01,dtlz2_interval,lu,0.1,0,0,False,5000,15,True,0.0,3543
m-2_overhang,a5b_domination_argument,dtlz2_interval,lu,0.1,0,0,False,5000,15,True,0.0,3543
m-2_overhang,registered_x01,dtlz2_interval,lu,0.1,1,0,False,5000,15,True,0.0,3070
m-2_overhang,a5b_domination_argument,dtlz2_interval,lu,0.1,1,0,False,5000,15,True,0.0,3070
m-2_overhang,registered_x01,dtlz2_interval,lu,0.1,2,0,False,5000,15,True,0.0,484
m-2_overhang,a5b_domination_argument,dtlz2_interval,lu,0.1,2,0,False,5000,15,True,0.0,484
m-2_overhang,registered_x01,dtlz2_interval,lu,0.1,3,0,False,5000,15,True,0.0,365
m-2_overhang,a5b_domination_argument,dtlz2_interval,lu,0.1,3,0,False,5000,15,True,0.0,365
m-2_overhang,registered_x01,dtlz2_interval,lu,0.1,4,1,False,5000,15,True,0.0,449
m-2_overhang,a5b_domination_argument,dtlz2_interval,lu,0.1,4,1,False,5000,15,True,0.0,449
m-2_overhang,registered_x01,dtlz2_interval,lu,0.1,5,1,False,5000,15,True,0.0,815
m-2_overhang,a5b_domination_argument,dtlz2_interval,lu,0.1,5,1,False,5000,15,True,0.0,815
m-2_overhang,registered_x01,dtlz2_interval,lu,0.1,0,0,False,5000,16,True,0.0,2013
m-2_overhang,a5b_domination_argument,dtlz2_interval,lu,0.1,0,0,False,5000,16,True,0.0,2013
m-2_overhang,registered_x01,dtlz2_interval,lu,0.1,1,0,False,5000,16,True,0.0,1199
m-2_overhang,a5b_domination_argument,dtlz2_interval,lu,0.1,1,0,False,5000,16,True,0.0,1199
m-2_overhang,registered_x01,dtlz2_interval,lu,0.1,2,0,False,5000,16,True,0.0,436
m-2_overhang,a5b_domination_argument,dtlz2_interval,lu,0.1,2,0,False,5000,16,True,0.0,436
m-2_overhang,registered_x01,dtlz2_interval,lu,0.1,3,0,False,5000,16,True,0.0,2816
m-2_overhang,a5b_domination_argument,dtlz2_interval,lu,0.1,3,0,False,5000,16,True,0.0,2816
m-2_overhang,registered_x01,dtlz2_interval,lu,0.1,4,1,False,5000,16,True,0.0,794
m-2_overhang,a5b_domination_argument,dtlz2_interval,lu,0.1,4,1,False,5000,16,True,0.0,794
m-2_overhang,registered_x01,dtlz2_interval,lu,0.1,5,1,False,5000,16,True,0.0,238
m-2_overhang,a5b_domination_argument,dtlz2_interval,lu,0.1,5,1,False,5000,16,True,0.0,238
m-2_overhang,registered_x01,dtlz2_interval,lu,0.1,0,0,False,5000,17,True,0.0,219
m-2_overhang,a5b_domination_argument,dtlz2_interval,lu,0.1,0,0,False,5000,17,True,0.0,219
m-2_overhang,registered_x01,dtlz2_interval,lu,0.1,1,0,False,5000,17,True,0.0,3211
m-2_overhang,a5b_domination_argument,dtlz2_interval,lu,0.1,1,0,False,5000,17,True,0.0,3211
m-2_overhang,registered_x01,dtlz2_interval,lu,0.1,2,0,False,5000,17,True,0.0,2394
m-2_overhang,a5b_domination_argument,dtlz2_interval,lu,0.1,2,0,False,5000,17,True,0.0,2394
m-2_overhang,registered_x01,dtlz2_interval,lu,0.1,3,0,False,5000,17,True,0.0,1329
m-2_overhang,a5b_domination_argument,dtlz2_interval,lu,0.1,3,0,False,5000,17,True,0.0,1329
m-2_overhang,registered_x01,dtlz2_interval,lu,0.1,4,1,False,5000,17,True,0.0,4074
m-2_overhang,a5b_domination_argument,dtlz2_interval,lu,0.1,4,1,False,5000,17,True,0.0,4074
m-2_overhang,registered_x01,dtlz2_interval,lu,0.1,5,1,False,5000,17,True,0.0,41
m-2_overhang,a5b_domination_argument,dtlz2_interval,lu,0.1,5,1,False,5000,17,True,0.0,41
m-2_overhang,registered_x01,dtlz2_interval,lu,0.1,0,0,False,5000,18,True,0.0,4592
m-2_overhang,a5b_domination_argument,dtlz2_interval,lu,0.1,0,0,False,5000,18,True,0.0,4592
m-2_overhang,registered_x01,dtlz2_interval,lu,0.1,1,0,False,5000,18,True,0.0,4095
m-2_overhang,a5b_domination_argument,dtlz2_interval,lu,0.1,1,0,False,5000,18,True,0.0,4095
m-2_overhang,registered_x01,dtlz2_interval,lu,0.1,2,0,False,5000,18,True,0.0,2184
m-2_overhang,a5b_domination_argument,dtlz2_interval,lu,0.1,2,0,False,5000,18,True,0.0,2184
m-2_overhang,registered_x01,dtlz2_interval,lu,0.1,3,0,False,5000,18,True,0.0,4668
m-2_overhang,a5b_domination_argument,dtlz2_interval,lu,0.1,3,0,False,5000,18,True,0.0,4668
m-2_overhang,registered_x01,dtlz2_interval,lu,0.1,4,1,False,5000,18,True,0.0,3396
m-2_overhang,a5b_domination_argument,dtlz2_interval,lu,0.1,4,1,False,5000,18,True,0.0,3396
m-2_overhang,registered_x01,dtlz2_interval,lu,0.1,5,1,False,5000,18,True,0.0,4594
m-2_overhang,a5b_domination_argument,dtlz2_interval,lu,0.1,5,1,False,5000,18,True,0.0,4594
m-2_overhang,registered_x01,dtlz2_interval,lu,0.1,0,0,False,5000,19,True,0.0,2342
m-2_overhang,a5b_domination_argument,dtlz2_interval,lu,0.1,0,0,False,5000,19,True,0.0,2342
m-2_overhang,registered_x01,dtlz2_interval,lu,0.1,1,0,False,5000,19,True,0.0,4163
m-2_overhang,a5b_domination_argument,dtlz2_interval,lu,0.1,1,0,False,5000,19,True,0.0,4163
m-2_overhang,registered_x01,dtlz2_interval,lu,0.1,2,0,False,5000,19,True,0.0,2193
m-2_overhang,a5b_domination_argument,dtlz2_interval,lu,0.1,2,0,False,5000,19,True,0.0,2193
m-2_overhang,registered_x01,dtlz2_interval,lu,0.1,3,0,False,5000,19,True,0.0,3841
m-2_overhang,a5b_domination_argument,dtlz2_interval,lu,0.1,3,0,False,5000,19,True,0.0,3841
m-2_overhang,registered_x01,dtlz2_interval,lu,0.1,4,1,False,5000,19,True,0.0,2281
m-2_overhang,a5b_domination_argument,dtlz2_interval,lu,0.1,4,1,False,5000,19,True,0.0,2281
m-2_overhang,registered_x01,dtlz2_interval,lu,0.1,5,1,False,5000,19,True,0.0,4938
m-2_overhang,a5b_domination_argument,dtlz2_interval,lu,0.1,5,1,False,5000,19,True,0.0,4938
m-2_overhang,registered_x01,dtlz2_interval,lu,0.1,0,0,False,5000,20,True,0.0,2152
m-2_overhang,a5b_domination_argument,dtlz2_interval,lu,0.1,0,0,False,5000,20,True,0.0,2152
m-2_overhang,registered_x01,dtlz2_interval,lu,0.1,1,0,False,5000,20,True,0.0,3961
m-2_overhang,a5b_domination_argument,dtlz2_interval,lu,0.1,1,0,False,5000,20,True,0.0,3961
m-2_overhang,registered_x01,dtlz2_interval,lu,0.1,2,0,False,5000,20,True,0.0,1958
m-2_overhang,a5b_domination_argument,dtlz2_interval,lu,0.1,2,0,False,5000,20,True,0.0,1958
m-2_overhang,registered_x01,dtlz2_interval,lu,0.1,3,0,False,5000,20,True,0.0,356
m-2_overhang,a5b_domination_argument,dtlz2_interval,lu,0.1,3,0,False,5000,20,True,0.0,356
m-2_overhang,registered_x01,dtlz2_interval,lu,0.1,4,1,False,5000,20,True,0.0,3397
m-2_overhang,a5b_domination_argument,dtlz2_interval,lu,0.1,4,1,False,5000,20,True,0.0,3397
m-2_overhang,registered_x01,dtlz2_interval,lu,0.1,5,1,False,5000,20,True,0.0,1965
m-2_overhang,a5b_domination_argument,dtlz2_interval,lu,0.1,5,1,False,5000,20,True,0.0,1965
m-2_overhang,registered_x01,dtlz2_interval,lu,0.1,0,0,False,5000,21,True,0.0,234
m-2_overhang,a5b_domination_argument,dtlz2_interval,lu,0.1,0,0,False,5000,21,True,0.0,234
m-2_overhang,registered_x01,dtlz2_interval,lu,0.1,1,0,False,5000,21,True,0.0,906
m-2_overhang,a5b_domination_argument,dtlz2_interval,lu,0.1,1,0,False,5000,21,True,0.0,906
m-2_overhang,registered_x01,dtlz2_interval,lu,0.1,2,0,False,5000,21,True,0.0,4350
m-2_overhang,a5b_domination_argument,dtlz2_interval,lu,0.1,2,0,False,5000,21,True,0.0,4350
m-2_overhang,registered_x01,dtlz2_interval,lu,0.1,3,0,False,5000,21,True,0.0,1158
m-2_overhang,a5b_domination_argument,dtlz2_interval,lu,0.1,3,0,False,5000,21,True,0.0,1158
m-2_overhang,registered_x01,dtlz2_interval,lu,0.1,4,1,False,5000,21,True,0.0,245
m-2_overhang,a5b_domination_argument,dtlz2_interval,lu,0.1,4,1,False,5000,21,True,0.0,245
m-2_overhang,registered_x01,dtlz2_interval,lu,0.1,5,1,False,5000,21,True,0.0,1257
m-2_overhang,a5b_domination_argument,dtlz2_interval,lu,0.1,5,1,False,5000,21,True,0.0,1257
m-2_overhang,registered_x01,dtlz2_interval,lu,0.1,0,0,False,5000,22,True,0.0,4225
m-2_overhang,a5b_domination_argument,dtlz2_interval,lu,0.1,0,0,False,5000,22,True,0.0,4225
m-2_overhang,registered_x01,dtlz2_interval,lu,0.1,1,0,False,5000,22,True,0.0,285
m-2_overhang,a5b_domination_argument,dtlz2_interval,lu,0.1,1,0,False,5000,22,True,0.0,285
m-2_overhang,registered_x01,dtlz2_interval,lu,0.1,2,0,False,5000,22,True,0.0,4635
m-2_overhang,a5b_domination_argument,dtlz2_interval,lu,0.1,2,0,False,5000,22,True,0.0,4635
m-2_overhang,registered_x01,dtlz2_interval,lu,0.1,3,0,False,5000,22,True,0.0,402
m-2_overhang,a5b_domination_argument,dtlz2_interval,lu,0.1,3,0,False,5000,22,True,0.0,402
m-2_overhang,registered_x01,dtlz2_interval,lu,0.1,4,1,False,5000,22,True,0.0,2681
m-2_overhang,a5b_domination_argument,dtlz2_interval,lu,0.1,4,1,False,5000,22,True,0.0,2681
m-2_overhang,registered_x01,dtlz2_interval,lu,0.1,5,1,False,5000,22,True,0.0,296
m-2_overhang,a5b_domination_argument,dtlz2_interval,lu,0.1,5,1,False,5000,22,True,0.0,296
m-2_overhang,registered_x01,dtlz2_interval,lu,0.1,0,0,False,5000,23,True,0.0,3957
m-2_overhang,a5b_domination_argument,dtlz2_interval,lu,0.1,0,0,False,5000,23,True,0.0,3957
m-2_overhang,registered_x01,dtlz2_interval,lu,0.1,1,0,False,5000,23,True,0.0,153
m-2_overhang,a5b_domination_argument,dtlz2_interval,lu,0.1,1,0,False,5000,23,True,0.0,153
m-2_overhang,registered_x01,dtlz2_interval,lu,0.1,2,0,False,5000,23,True,0.0,688
m-2_overhang,a5b_domination_argument,dtlz2_interval,lu,0.1,2,0,False,5000,23,True,0.0,688
m-2_overhang,registered_x01,dtlz2_interval,lu,0.1,3,0,False,5000,23,True,0.0,78
m-2_overhang,a5b_domination_argument,dtlz2_interval,lu,0.1,3,0,False,5000,23,True,0.0,78
m-2_overhang,registered_x01,dtlz2_interval,lu,0.1,4,1,False,5000,23,True,0.0,182
m-2_overhang,a5b_domination_argument,dtlz2_interval,lu,0.1,4,1,False,5000,23,True,0.0,182
m-2_overhang,registered_x01,dtlz2_interval,lu,0.1,5,1,False,5000,23,True,0.0,951
m-2_overhang,a5b_domination_argument,dtlz2_interval,lu,0.1,5,1,False,5000,23,True,0.0,951
m-2_overhang,registered_x01,dtlz2_interval,lu,0.1,0,0,False,5000,24,True,0.0,3920
m-2_overhang,a5b_domination_argument,dtlz2_interval,lu,0.1,0,0,False,5000,24,True,0.0,3920
m-2_overhang,registered_x01,dtlz2_interval,lu,0.1,1,0,False,5000,24,True,0.0,4679
m-2_overhang,a5b_domination_argument,dtlz2_interval,lu,0.1,1,0,False,5000,24,True,0.0,4679
m-2_overhang,registered_x01,dtlz2_interval,lu,0.1,2,0,False,5000,24,True,0.0,2178
m-2_overhang,a5b_domination_argument,dtlz2_interval,lu,0.1,2,0,False,5000,24,True,0.0,2178
m-2_overhang,registered_x01,dtlz2_interval,lu,0.1,3,0,False,5000,24,True,0.0,4938
m-2_overhang,a5b_domination_argument,dtlz2_interval,lu,0.1,3,0,False,5000,24,True,0.0,4938
m-2_overhang,registered_x01,dtlz2_interval,lu,0.1,4,1,False,5000,24,True,0.0,107
m-2_overhang,a5b_domination_argument,dtlz2_interval,lu,0.1,4,1,False,5000,24,True,0.0,107
m-2_overhang,registered_x01,dtlz2_interval,lu,0.1,5,1,False,5000,24,True,0.0,714
m-2_overhang,a5b_domination_argument,dtlz2_interval,lu,0.1,5,1,False,5000,24,True,0.0,714
m-2_overhang,registered_x01,dtlz2_interval,lu,0.1,0,0,False,5000,25,True,0.0,3908
m-2_overhang,a5b_domination_argument,dtlz2_interval,lu,0.1,0,0,False,5000,25,True,0.0,3908
m-2_overhang,registered_x01,dtlz2_interval,lu,0.1,1,0,False,5000,25,True,0.0,1984
m-2_overhang,a5b_domination_argument,dtlz2_interval,lu,0.1,1,0,False,5000,25,True,0.0,1984
m-2_overhang,registered_x01,dtlz2_interval,lu,0.1,2,0,False,5000,25,True,0.0,1105
m-2_overhang,a5b_domination_argument,dtlz2_interval,lu,0.1,2,0,False,5000,25,True,0.0,1105
m-2_overhang,registered_x01,dtlz2_interval,lu,0.1,3,0,False,5000,25,True,0.0,1863
m-2_overhang,a5b_domination_argument,dtlz2_interval,lu,0.1,3,0,False,5000,25,True,0.0,1863
m-2_overhang,registered_x01,dtlz2_interval,lu,0.1,4,1,False,5000,25,True,0.0,4807
m-2_overhang,a5b_domination_argument,dtlz2_interval,lu,0.1,4,1,False,5000,25,True,0.0,4807
m-2_overhang,registered_x01,dtlz2_interval,lu,0.1,5,1,False,5000,25,True,0.0,1818
m-2_overhang,a5b_domination_argument,dtlz2_interval,lu,0.1,5,1,False,5000,25,True,0.0,1818
m-2_overhang,registered_x01,dtlz2_interval,lu,0.1,0,0,False,5000,26,True,0.0,977
m-2_overhang,a5b_domination_argument,dtlz2_interval,lu,0.1,0,0,False,5000,26,True,0.0,977
m-2_overhang,registered_x01,dtlz2_interval,lu,0.1,1,0,False,5000,26,True,0.0,1424
m-2_overhang,a5b_domination_argument,dtlz2_interval,lu,0.1,1,0,False,5000,26,True,0.0,1424
m-2_overhang,registered_x01,dtlz2_interval,lu,0.1,2,0,False,5000,26,True,0.0,1086
m-2_overhang,a5b_domination_argument,dtlz2_interval,lu,0.1,2,0,False,5000,26,True,0.0,1086
m-2_overhang,registered_x01,dtlz2_interval,lu,0.1,3,0,False,5000,26,True,0.0,3689
m-2_overhang,a5b_domination_argument,dtlz2_interval,lu,0.1,3,0,False,5000,26,True,0.0,3689
m-2_overhang,registered_x01,dtlz2_interval,lu,0.1,4,1,False,5000,26,True,0.0,4060
m-2_overhang,a5b_domination_argument,dtlz2_interval,lu,0.1,4,1,False,5000,26,True,0.0,4060
m-2_overhang,registered_x01,dtlz2_interval,lu,0.1,5,1,False,5000,26,True,0.0,4739
m-2_overhang,a5b_domination_argument,dtlz2_interval,lu,0.1,5,1,False,5000,26,True,0.0,4739
m-2_overhang,registered_x01,dtlz2_interval,lu,0.1,0,0,False,5000,27,True,0.0,945
m-2_overhang,a5b_domination_argument,dtlz2_interval,lu,0.1,0,0,False,5000,27,True,0.0,945
m-2_overhang,registered_x01,dtlz2_interval,lu,0.1,1,0,False,5000,27,True,0.0,4777
m-2_overhang,a5b_domination_argument,dtlz2_interval,lu,0.1,1,0,False,5000,27,True,0.0,4777
m-2_overhang,registered_x01,dtlz2_interval,lu,0.1,2,0,False,5000,27,True,0.0,3685
m-2_overhang,a5b_domination_argument,dtlz2_interval,lu,0.1,2,0,False,5000,27,True,0.0,3685
m-2_overhang,registered_x01,dtlz2_interval,lu,0.1,3,0,False,5000,27,True,0.0,2699
m-2_overhang,a5b_domination_argument,dtlz2_interval,lu,0.1,3,0,False,5000,27,True,0.0,2699
m-2_overhang,registered_x01,dtlz2_interval,lu,0.1,4,1,False,5000,27,True,0.0,444
m-2_overhang,a5b_domination_argument,dtlz2_interval,lu,0.1,4,1,False,5000,27,True,0.0,444
m-2_overhang,registered_x01,dtlz2_interval,lu,0.1,5,1,False,5000,27,True,0.0,3305
m-2_overhang,a5b_domination_argument,dtlz2_interval,lu,0.1,5,1,False,5000,27,True,0.0,3305
m-2_overhang,registered_x01,dtlz2_interval,lu,0.1,0,0,False,5000,28,True,0.0,2144
m-2_overhang,a5b_domination_argument,dtlz2_interval,lu,0.1,0,0,False,5000,28,True,0.0,2144
m-2_overhang,registered_x01,dtlz2_interval,lu,0.1,1,0,False,5000,28,True,0.0,3421
m-2_overhang,a5b_domination_argument,dtlz2_interval,lu,0.1,1,0,False,5000,28,True,0.0,3421
m-2_overhang,registered_x01,dtlz2_interval,lu,0.1,2,0,False,5000,28,True,0.0,1419
m-2_overhang,a5b_domination_argument,dtlz2_interval,lu,0.1,2,0,False,5000,28,True,0.0,1419
m-2_overhang,registered_x01,dtlz2_interval,lu,0.1,3,0,False,5000,28,True,0.0,2602
m-2_overhang,a5b_domination_argument,dtlz2_interval,lu,0.1,3,0,False,5000,28,True,0.0,2602
m-2_overhang,registered_x01,dtlz2_interval,lu,0.1,4,1,False,5000,28,True,0.0,1397
m-2_overhang,a5b_domination_argument,dtlz2_interval,lu,0.1,4,1,False,5000,28,True,0.0,1397
m-2_overhang,registered_x01,dtlz2_interval,lu,0.1,5,1,False,5000,28,True,0.0,2999
m-2_overhang,a5b_domination_argument,dtlz2_interval,lu,0.1,5,1,False,5000,28,True,0.0,2999
m-2_overhang,registered_x01,dtlz2_interval,lu,0.1,0,0,False,5000,29,True,0.0,2151
m-2_overhang,a5b_domination_argument,dtlz2_interval,lu,0.1,0,0,False,5000,29,True,0.0,2151
m-2_overhang,registered_x01,dtlz2_interval,lu,0.1,1,0,False,5000,29,True,0.0,2806
m-2_overhang,a5b_domination_argument,dtlz2_interval,lu,0.1,1,0,False,5000,29,True,0.0,2806
m-2_overhang,registered_x01,dtlz2_interval,lu,0.1,2,0,False,5000,29,True,0.0,2805
m-2_overhang,a5b_domination_argument,dtlz2_interval,lu,0.1,2,0,False,5000,29,True,0.0,2805
m-2_overhang,registered_x01,dtlz2_interval,lu,0.1,3,0,False,5000,29,True,0.0,3472
m-2_overhang,a5b_domination_argument,dtlz2_interval,lu,0.1,3,0,False,5000,29,True,0.0,3472
m-2_overhang,registered_x01,dtlz2_interval,lu,0.1,4,1,False,5000,29,True,0.0,653
m-2_overhang,a5b_domination_argument,dtlz2_interval,lu,0.1,4,1,False,5000,29,True,0.0,653
m-2_overhang,registered_x01,dtlz2_interval,lu,0.1,5,1,False,5000,29,True,0.0,3658
m-2_overhang,a5b_domination_argument,dtlz2_interval,lu,0.1,5,1,False,5000,29,True,0.0,3658
m-2_overhang,registered_x01,dtlz2_interval,lu,0.1,0,0,False,5000,30,True,0.0,2735
m-2_overhang,a5b_domination_argument,dtlz2_interval,lu,0.1,0,0,False,5000,30,True,0.0,2735
m-2_overhang,registered_x01,dtlz2_interval,lu,0.1,1,0,False,5000,30,True,0.0,3700
m-2_overhang,a5b_domination_argument,dtlz2_interval,lu,0.1,1,0,False,5000,30,True,0.0,3700
m-2_overhang,registered_x01,dtlz2_interval,lu,0.1,2,0,False,5000,30,True,0.0,1902
m-2_overhang,a5b_domination_argument,dtlz2_interval,lu,0.1,2,0,False,5000,30,True,0.0,1902
m-2_overhang,registered_x01,dtlz2_interval,lu,0.1,3,0,False,5000,30,True,0.0,3039
m-2_overhang,a5b_domination_argument,dtlz2_interval,lu,0.1,3,0,False,5000,30,True,0.0,3039
m-2_overhang,registered_x01,dtlz2_interval,lu,0.1,4,1,False,5000,30,True,0.0,2336
m-2_overhang,a5b_domination_argument,dtlz2_interval,lu,0.1,4,1,False,5000,30,True,0.0,2336
m-2_overhang,registered_x01,dtlz2_interval,lu,0.1,5,1,False,5000,30,True,0.0,149
m-2_overhang,a5b_domination_argument,dtlz2_interval,lu,0.1,5,1,False,5000,30,True,0.0,149
m-2_overhang,registered_x01,dtlz2_interval,ls,0.1,0,0,False,5000,11,True,0.0,2121
m-2_overhang,a5b_domination_argument,dtlz2_interval,ls,0.1,0,0,False,5000,11,True,0.0,2121
m-2_overhang,registered_x01,dtlz2_interval,ls,0.1,1,11,False,5000,11,True,0.7011742254435525,1001
m-2_overhang,a5b_domination_argument,dtlz2_interval,ls,0.1,1,11,False,5000,11,True,0.5680159661743416,1001
m-2_overhang,registered_x01,dtlz2_interval,ls,0.1,2,0,False,5000,11,True,0.0,691
m-2_overhang,a5b_domination_argument,dtlz2_interval,ls,0.1,2,0,False,5000,11,True,0.0,691
m-2_overhang,registered_x01,dtlz2_interval,ls,0.1,3,11,False,5000,11,True,0.8570940819195144,4783
m-2_overhang,a5b_domination_argument,dtlz2_interval,ls,0.1,3,11,False,5000,11,True,0.8507460864880665,4783
m-2_overhang,registered_x01,dtlz2_interval,ls,0.1,4,1,False,5000,11,True,0.0,1388
m-2_overhang,a5b_domination_argument,dtlz2_interval,ls,0.1,4,1,False,5000,11,True,0.0,1388
m-2_overhang,registered_x01,dtlz2_interval,ls,0.1,5,11,False,5000,11,True,0.9564749584500807,1088
m-2_overhang,a5b_domination_argument,dtlz2_interval,ls,0.1,5,11,False,5000,11,True,0.9290498298895404,1088
m-2_overhang,registered_x01,dtlz2_interval,ls,0.1,0,0,False,5000,12,True,0.0,3619
m-2_overhang,a5b_domination_argument,dtlz2_interval,ls,0.1,0,0,False,5000,12,True,0.0,3619
m-2_overhang,registered_x01,dtlz2_interval,ls,0.1,1,11,False,5000,12,True,0.7410036919133441,4691
m-2_overhang,a5b_domination_argument,dtlz2_interval,ls,0.1,1,11,False,5000,12,True,0.7284287371207337,4691
m-2_overhang,registered_x01,dtlz2_interval,ls,0.1,2,0,False,5000,12,True,0.0,4611
m-2_overhang,a5b_domination_argument,dtlz2_interval,ls,0.1,2,0,False,5000,12,True,0.0,4611
m-2_overhang,registered_x01,dtlz2_interval,ls,0.1,3,11,False,5000,12,True,0.8246616691859471,2043
m-2_overhang,a5b_domination_argument,dtlz2_interval,ls,0.1,3,11,False,5000,12,True,0.7666299190501987,2043
m-2_overhang,registered_x01,dtlz2_interval,ls,0.1,4,1,False,5000,12,True,0.0,3490
m-2_overhang,a5b_domination_argument,dtlz2_interval,ls,0.1,4,1,False,5000,12,True,0.0,3490
m-2_overhang,registered_x01,dtlz2_interval,ls,0.1,5,11,False,5000,12,True,0.7360658199159732,3909
m-2_overhang,a5b_domination_argument,dtlz2_interval,ls,0.1,5,11,False,5000,12,True,0.6861644145671846,3909
m-2_overhang,registered_x01,dtlz2_interval,ls,0.1,0,0,False,5000,13,True,0.0,3638
m-2_overhang,a5b_domination_argument,dtlz2_interval,ls,0.1,0,0,False,5000,13,True,0.0,3638
m-2_overhang,registered_x01,dtlz2_interval,ls,0.1,1,11,False,5000,13,True,0.9283198908418778,1652
m-2_overhang,a5b_domination_argument,dtlz2_interval,ls,0.1,1,11,False,5000,13,True,0.7082491365710535,1652
m-2_overhang,registered_x01,dtlz2_interval,ls,0.1,2,0,False,5000,13,True,0.0,3786
m-2_overhang,a5b_domination_argument,dtlz2_interval,ls,0.1,2,0,False,5000,13,True,0.0,3786
m-2_overhang,registered_x01,dtlz2_interval,ls,0.1,3,11,False,5000,13,True,0.7982598595090424,3011
m-2_overhang,a5b_domination_argument,dtlz2_interval,ls,0.1,3,11,False,5000,13,True,0.7904405376792903,3011
m-2_overhang,registered_x01,dtlz2_interval,ls,0.1,4,1,False,5000,13,True,0.0,275
m-2_overhang,a5b_domination_argument,dtlz2_interval,ls,0.1,4,1,False,5000,13,True,0.0,275
m-2_overhang,registered_x01,dtlz2_interval,ls,0.1,5,11,False,5000,13,True,0.792287012561412,3330
m-2_overhang,a5b_domination_argument,dtlz2_interval,ls,0.1,5,11,False,5000,13,True,0.777037109117466,3330
m-2_overhang,registered_x01,dtlz2_interval,ls,0.1,0,0,False,5000,14,True,0.0,3779
m-2_overhang,a5b_domination_argument,dtlz2_interval,ls,0.1,0,0,False,5000,14,True,0.0,3779
m-2_overhang,registered_x01,dtlz2_interval,ls,0.1,1,11,False,5000,14,True,0.848155207603304,4187
m-2_overhang,a5b_domination_argument,dtlz2_interval,ls,0.1,1,11,False,5000,14,True,0.8340922334952999,4187
m-2_overhang,registered_x01,dtlz2_interval,ls,0.1,2,0,False,5000,14,True,0.0,3735
m-2_overhang,a5b_domination_argument,dtlz2_interval,ls,0.1,2,0,False,5000,14,True,0.0,3735
m-2_overhang,registered_x01,dtlz2_interval,ls,0.1,3,11,False,5000,14,True,0.7883892508311481,3153
m-2_overhang,a5b_domination_argument,dtlz2_interval,ls,0.1,3,11,False,5000,14,True,0.788226590001525,3153
m-2_overhang,registered_x01,dtlz2_interval,ls,0.1,4,1,False,5000,14,True,0.0,2282
m-2_overhang,a5b_domination_argument,dtlz2_interval,ls,0.1,4,1,False,5000,14,True,0.0,2282
m-2_overhang,registered_x01,dtlz2_interval,ls,0.1,5,11,False,5000,14,True,0.6197486520849799,1944
m-2_overhang,a5b_domination_argument,dtlz2_interval,ls,0.1,5,11,False,5000,14,True,0.6173162888420538,1944
m-2_overhang,registered_x01,dtlz2_interval,ls,0.1,0,0,False,5000,15,True,0.0,3543
m-2_overhang,a5b_domination_argument,dtlz2_interval,ls,0.1,0,0,False,5000,15,True,0.0,3543
m-2_overhang,registered_x01,dtlz2_interval,ls,0.1,1,11,False,5000,15,True,0.8510709121112792,2871
m-2_overhang,a5b_domination_argument,dtlz2_interval,ls,0.1,1,11,False,5000,15,True,0.7622666429354146,2871
m-2_overhang,registered_x01,dtlz2_interval,ls,0.1,2,0,False,5000,15,True,0.0,484
m-2_overhang,a5b_domination_argument,dtlz2_interval,ls,0.1,2,0,False,5000,15,True,0.0,484
m-2_overhang,registered_x01,dtlz2_interval,ls,0.1,3,11,False,5000,15,True,0.7440319537680538,4324
m-2_overhang,a5b_domination_argument,dtlz2_interval,ls,0.1,3,11,False,5000,15,True,0.6193368167240819,4324
m-2_overhang,registered_x01,dtlz2_interval,ls,0.1,4,1,False,5000,15,True,0.0,449
m-2_overhang,a5b_domination_argument,dtlz2_interval,ls,0.1,4,1,False,5000,15,True,0.0,449
m-2_overhang,registered_x01,dtlz2_interval,ls,0.1,5,11,False,5000,15,True,0.7961107828553797,1596
m-2_overhang,a5b_domination_argument,dtlz2_interval,ls,0.1,5,11,False,5000,15,True,0.6858266855212186,1596
m-2_overhang,registered_x01,dtlz2_interval,ls,0.1,0,0,False,5000,16,True,0.0,2013
m-2_overhang,a5b_domination_argument,dtlz2_interval,ls,0.1,0,0,False,5000,16,True,0.0,2013
m-2_overhang,registered_x01,dtlz2_interval,ls,0.1,1,11,False,5000,16,True,0.6886044108427936,1623
m-2_overhang,a5b_domination_argument,dtlz2_interval,ls,0.1,1,11,False,5000,16,True,0.5017808260650071,1623
m-2_overhang,registered_x01,dtlz2_interval,ls,0.1,2,0,False,5000,16,True,0.0,436
m-2_overhang,a5b_domination_argument,dtlz2_interval,ls,0.1,2,0,False,5000,16,True,0.0,436
m-2_overhang,registered_x01,dtlz2_interval,ls,0.1,3,11,False,5000,16,True,0.750196488030427,3479
m-2_overhang,a5b_domination_argument,dtlz2_interval,ls,0.1,3,11,False,5000,16,True,0.7427461829403692,3479
m-2_overhang,registered_x01,dtlz2_interval,ls,0.1,4,1,False,5000,16,True,0.0,794
m-2_overhang,a5b_domination_argument,dtlz2_interval,ls,0.1,4,1,False,5000,16,True,0.0,794
m-2_overhang,registered_x01,dtlz2_interval,ls,0.1,5,11,False,5000,16,True,0.877991193161898,3855
m-2_overhang,a5b_domination_argument,dtlz2_interval,ls,0.1,5,11,False,5000,16,True,0.7956233435328768,3855
m-2_overhang,registered_x01,dtlz2_interval,ls,0.1,0,0,False,5000,17,True,0.0,219
m-2_overhang,a5b_domination_argument,dtlz2_interval,ls,0.1,0,0,False,5000,17,True,0.0,219
m-2_overhang,registered_x01,dtlz2_interval,ls,0.1,1,11,False,5000,17,True,0.837781036764612,1156
m-2_overhang,a5b_domination_argument,dtlz2_interval,ls,0.1,1,11,False,5000,17,True,0.6285407333320052,1156
m-2_overhang,registered_x01,dtlz2_interval,ls,0.1,2,0,False,5000,17,True,0.0,2394
m-2_overhang,a5b_domination_argument,dtlz2_interval,ls,0.1,2,0,False,5000,17,True,0.0,2394
m-2_overhang,registered_x01,dtlz2_interval,ls,0.1,3,11,False,5000,17,True,0.8772584350369866,264
m-2_overhang,a5b_domination_argument,dtlz2_interval,ls,0.1,3,11,False,5000,17,True,0.7920382310738412,264
m-2_overhang,registered_x01,dtlz2_interval,ls,0.1,4,1,False,5000,17,True,0.0,4074
m-2_overhang,a5b_domination_argument,dtlz2_interval,ls,0.1,4,1,False,5000,17,True,0.0,4074
m-2_overhang,registered_x01,dtlz2_interval,ls,0.1,5,11,False,5000,17,True,0.725560805117221,4624
m-2_overhang,a5b_domination_argument,dtlz2_interval,ls,0.1,5,11,False,5000,17,True,0.6398121104868595,4624
m-2_overhang,registered_x01,dtlz2_interval,ls,0.1,0,0,False,5000,18,True,0.0,4592
m-2_overhang,a5b_domination_argument,dtlz2_interval,ls,0.1,0,0,False,5000,18,True,0.0,4592
m-2_overhang,registered_x01,dtlz2_interval,ls,0.1,1,11,False,5000,18,True,0.8590486673178142,1381
m-2_overhang,a5b_domination_argument,dtlz2_interval,ls,0.1,1,11,False,5000,18,True,0.7630132780239708,1381
m-2_overhang,registered_x01,dtlz2_interval,ls,0.1,2,0,False,5000,18,True,0.0,2184
m-2_overhang,a5b_domination_argument,dtlz2_interval,ls,0.1,2,0,False,5000,18,True,0.0,2184
m-2_overhang,registered_x01,dtlz2_interval,ls,0.1,3,11,False,5000,18,True,0.8939481199711548,646
m-2_overhang,a5b_domination_argument,dtlz2_interval,ls,0.1,3,11,False,5000,18,True,0.7978348968788517,646
m-2_overhang,registered_x01,dtlz2_interval,ls,0.1,4,1,False,5000,18,True,0.0,3396
m-2_overhang,a5b_domination_argument,dtlz2_interval,ls,0.1,4,1,False,5000,18,True,0.0,3396
m-2_overhang,registered_x01,dtlz2_interval,ls,0.1,5,11,False,5000,18,True,0.6607735748032175,4360
m-2_overhang,a5b_domination_argument,dtlz2_interval,ls,0.1,5,11,False,5000,18,True,0.6160962700081032,4360
m-2_overhang,registered_x01,dtlz2_interval,ls,0.1,0,0,False,5000,19,True,0.0,2342
m-2_overhang,a5b_domination_argument,dtlz2_interval,ls,0.1,0,0,False,5000,19,True,0.0,2342
m-2_overhang,registered_x01,dtlz2_interval,ls,0.1,1,11,False,5000,19,True,0.9529248311222105,2358
m-2_overhang,a5b_domination_argument,dtlz2_interval,ls,0.1,1,11,False,5000,19,True,0.9040522476219736,2358
m-2_overhang,registered_x01,dtlz2_interval,ls,0.1,2,0,False,5000,19,True,0.0,2193
m-2_overhang,a5b_domination_argument,dtlz2_interval,ls,0.1,2,0,False,5000,19,True,0.0,2193
m-2_overhang,registered_x01,dtlz2_interval,ls,0.1,3,11,False,5000,19,True,1.0234402629378825,4932
m-2_overhang,a5b_domination_argument,dtlz2_interval,ls,0.1,3,11,False,5000,19,True,0.9059506548909978,4932
m-2_overhang,registered_x01,dtlz2_interval,ls,0.1,4,1,False,5000,19,True,0.0,2281
m-2_overhang,a5b_domination_argument,dtlz2_interval,ls,0.1,4,1,False,5000,19,True,0.0,2281
m-2_overhang,registered_x01,dtlz2_interval,ls,0.1,5,11,False,5000,19,True,0.8034551410146896,4538
m-2_overhang,a5b_domination_argument,dtlz2_interval,ls,0.1,5,11,False,5000,19,True,0.787613676971034,4538
m-2_overhang,registered_x01,dtlz2_interval,ls,0.1,0,0,False,5000,20,True,0.0,2152
m-2_overhang,a5b_domination_argument,dtlz2_interval,ls,0.1,0,0,False,5000,20,True,0.0,2152
m-2_overhang,registered_x01,dtlz2_interval,ls,0.1,1,11,False,5000,20,True,0.8297393114997533,3364
m-2_overhang,a5b_domination_argument,dtlz2_interval,ls,0.1,1,11,False,5000,20,True,0.7064114341351895,3364
m-2_overhang,registered_x01,dtlz2_interval,ls,0.1,2,0,False,5000,20,True,0.0,1958
m-2_overhang,a5b_domination_argument,dtlz2_interval,ls,0.1,2,0,False,5000,20,True,0.0,1958
m-2_overhang,registered_x01,dtlz2_interval,ls,0.1,3,11,False,5000,20,True,0.8016604407593988,680
m-2_overhang,a5b_domination_argument,dtlz2_interval,ls,0.1,3,11,False,5000,20,True,0.680929178636058,680
m-2_overhang,registered_x01,dtlz2_interval,ls,0.1,4,1,False,5000,20,True,0.0,3397
m-2_overhang,a5b_domination_argument,dtlz2_interval,ls,0.1,4,1,False,5000,20,True,0.0,3397
m-2_overhang,registered_x01,dtlz2_interval,ls,0.1,5,11,False,5000,20,True,0.9483939246172977,368
m-2_overhang,a5b_domination_argument,dtlz2_interval,ls,0.1,5,11,False,5000,20,True,0.9330832931517489,368
m-2_overhang,registered_x01,dtlz2_interval,ls,0.1,0,0,False,5000,21,True,0.0,234
m-2_overhang,a5b_domination_argument,dtlz2_interval,ls,0.1,0,0,False,5000,21,True,0.0,234
m-2_overhang,registered_x01,dtlz2_interval,ls,0.1,1,11,False,5000,21,True,0.7776222925304932,1
m-2_overhang,a5b_domination_argument,dtlz2_interval,ls,0.1,1,11,False,5000,21,True,0.7594532939978198,1
m-2_overhang,registered_x01,dtlz2_interval,ls,0.1,2,0,False,5000,21,True,0.0,4350
m-2_overhang,a5b_domination_argument,dtlz2_interval,ls,0.1,2,0,False,5000,21,True,0.0,4350
m-2_overhang,registered_x01,dtlz2_interval,ls,0.1,3,11,False,5000,21,True,0.5376677948895031,779
m-2_overhang,a5b_domination_argument,dtlz2_interval,ls,0.1,3,11,False,5000,21,True,0.5030203484931145,779
m-2_overhang,registered_x01,dtlz2_interval,ls,0.1,4,1,False,5000,21,True,0.0,245
m-2_overhang,a5b_domination_argument,dtlz2_interval,ls,0.1,4,1,False,5000,21,True,0.0,245
m-2_overhang,registered_x01,dtlz2_interval,ls,0.1,5,11,False,5000,21,True,0.9250637457536257,528
m-2_overhang,a5b_domination_argument,dtlz2_interval,ls,0.1,5,11,False,5000,21,True,0.807657413866437,528
m-2_overhang,registered_x01,dtlz2_interval,ls,0.1,0,0,False,5000,22,True,0.0,4225
m-2_overhang,a5b_domination_argument,dtlz2_interval,ls,0.1,0,0,False,5000,22,True,0.0,4225
m-2_overhang,registered_x01,dtlz2_interval,ls,0.1,1,11,False,5000,22,True,1.1075358610178303,2388
m-2_overhang,a5b_domination_argument,dtlz2_interval,ls,0.1,1,11,False,5000,22,True,1.0708728374356817,2388
m-2_overhang,registered_x01,dtlz2_interval,ls,0.1,2,0,False,5000,22,True,0.0,4635
m-2_overhang,a5b_domination_argument,dtlz2_interval,ls,0.1,2,0,False,5000,22,True,0.0,4635
m-2_overhang,registered_x01,dtlz2_interval,ls,0.1,3,11,False,5000,22,True,0.799159773538719,2445
m-2_overhang,a5b_domination_argument,dtlz2_interval,ls,0.1,3,11,False,5000,22,True,0.7299482374050704,2445
m-2_overhang,registered_x01,dtlz2_interval,ls,0.1,4,1,False,5000,22,True,0.0,2681
m-2_overhang,a5b_domination_argument,dtlz2_interval,ls,0.1,4,1,False,5000,22,True,0.0,2681
m-2_overhang,registered_x01,dtlz2_interval,ls,0.1,5,11,False,5000,22,True,0.9285665004499704,1231
m-2_overhang,a5b_domination_argument,dtlz2_interval,ls,0.1,5,11,False,5000,22,True,0.9140076241491634,1231
m-2_overhang,registered_x01,dtlz2_interval,ls,0.1,0,0,False,5000,23,True,0.0,3957
m-2_overhang,a5b_domination_argument,dtlz2_interval,ls,0.1,0,0,False,5000,23,True,0.0,3957
m-2_overhang,registered_x01,dtlz2_interval,ls,0.1,1,11,False,5000,23,True,1.039751052445765,4716
m-2_overhang,a5b_domination_argument,dtlz2_interval,ls,0.1,1,11,False,5000,23,True,0.9687866335826176,4716
m-2_overhang,registered_x01,dtlz2_interval,ls,0.1,2,0,False,5000,23,True,0.0,688
m-2_overhang,a5b_domination_argument,dtlz2_interval,ls,0.1,2,0,False,5000,23,True,0.0,688
m-2_overhang,registered_x01,dtlz2_interval,ls,0.1,3,11,False,5000,23,True,0.8529625047020408,1138
m-2_overhang,a5b_domination_argument,dtlz2_interval,ls,0.1,3,11,False,5000,23,True,0.7366778850363673,1138
m-2_overhang,registered_x01,dtlz2_interval,ls,0.1,4,1,False,5000,23,True,0.0,182
m-2_overhang,a5b_domination_argument,dtlz2_interval,ls,0.1,4,1,False,5000,23,True,0.0,182
m-2_overhang,registered_x01,dtlz2_interval,ls,0.1,5,11,False,5000,23,True,0.8555170760335772,343
m-2_overhang,a5b_domination_argument,dtlz2_interval,ls,0.1,5,11,False,5000,23,True,0.7259322902286917,343
m-2_overhang,registered_x01,dtlz2_interval,ls,0.1,0,0,False,5000,24,True,0.0,3920
m-2_overhang,a5b_domination_argument,dtlz2_interval,ls,0.1,0,0,False,5000,24,True,0.0,3920
m-2_overhang,registered_x01,dtlz2_interval,ls,0.1,1,11,False,5000,24,True,0.7912400423005992,3553
m-2_overhang,a5b_domination_argument,dtlz2_interval,ls,0.1,1,11,False,5000,24,True,0.6069476359965956,3553
m-2_overhang,registered_x01,dtlz2_interval,ls,0.1,2,0,False,5000,24,True,0.0,2178
m-2_overhang,a5b_domination_argument,dtlz2_interval,ls,0.1,2,0,False,5000,24,True,0.0,2178
m-2_overhang,registered_x01,dtlz2_interval,ls,0.1,3,11,False,5000,24,True,0.7039783223007611,3833
m-2_overhang,a5b_domination_argument,dtlz2_interval,ls,0.1,3,11,False,5000,24,True,0.6877487749775472,3833
m-2_overhang,registered_x01,dtlz2_interval,ls,0.1,4,1,False,5000,24,True,0.0,107
m-2_overhang,a5b_domination_argument,dtlz2_interval,ls,0.1,4,1,False,5000,24,True,0.0,107
m-2_overhang,registered_x01,dtlz2_interval,ls,0.1,5,11,False,5000,24,True,0.6393355489576467,1482
m-2_overhang,a5b_domination_argument,dtlz2_interval,ls,0.1,5,11,False,5000,24,True,0.5054080151002015,1482
m-2_overhang,registered_x01,dtlz2_interval,ls,0.1,0,0,False,5000,25,True,0.0,3908
m-2_overhang,a5b_domination_argument,dtlz2_interval,ls,0.1,0,0,False,5000,25,True,0.0,3908
m-2_overhang,registered_x01,dtlz2_interval,ls,0.1,1,11,False,5000,25,True,0.8189165170497774,3911
m-2_overhang,a5b_domination_argument,dtlz2_interval,ls,0.1,1,11,False,5000,25,True,0.8110389314710423,3911
m-2_overhang,registered_x01,dtlz2_interval,ls,0.1,2,0,False,5000,25,True,0.0,1105
m-2_overhang,a5b_domination_argument,dtlz2_interval,ls,0.1,2,0,False,5000,25,True,0.0,1105
m-2_overhang,registered_x01,dtlz2_interval,ls,0.1,3,11,False,5000,25,True,0.804986981676591,2916
m-2_overhang,a5b_domination_argument,dtlz2_interval,ls,0.1,3,11,False,5000,25,True,0.7709459513291147,2916
m-2_overhang,registered_x01,dtlz2_interval,ls,0.1,4,1,False,5000,25,True,0.0,4807
m-2_overhang,a5b_domination_argument,dtlz2_interval,ls,0.1,4,1,False,5000,25,True,0.0,4807
m-2_overhang,registered_x01,dtlz2_interval,ls,0.1,5,11,False,5000,25,True,0.7736980397296475,2857
m-2_overhang,a5b_domination_argument,dtlz2_interval,ls,0.1,5,11,False,5000,25,True,0.7481548838433186,2857
m-2_overhang,registered_x01,dtlz2_interval,ls,0.1,0,0,False,5000,26,True,0.0,977
m-2_overhang,a5b_domination_argument,dtlz2_interval,ls,0.1,0,0,False,5000,26,True,0.0,977
m-2_overhang,registered_x01,dtlz2_interval,ls,0.1,1,11,False,5000,26,True,1.1077189830365444,3873
m-2_overhang,a5b_domination_argument,dtlz2_interval,ls,0.1,1,11,False,5000,26,True,0.9668648225241283,3873
m-2_overhang,registered_x01,dtlz2_interval,ls,0.1,2,0,False,5000,26,True,0.0,1086
m-2_overhang,a5b_domination_argument,dtlz2_interval,ls,0.1,2,0,False,5000,26,True,0.0,1086
m-2_overhang,registered_x01,dtlz2_interval,ls,0.1,3,11,False,5000,26,True,0.8822081348149096,163
m-2_overhang,a5b_domination_argument,dtlz2_interval,ls,0.1,3,11,False,5000,26,True,0.8484961404246893,163
m-2_overhang,registered_x01,dtlz2_interval,ls,0.1,4,1,False,5000,26,True,0.0,4060
m-2_overhang,a5b_domination_argument,dtlz2_interval,ls,0.1,4,1,False,5000,26,True,0.0,4060
m-2_overhang,registered_x01,dtlz2_interval,ls,0.1,5,11,False,5000,26,True,0.6121067984862167,2171
m-2_overhang,a5b_domination_argument,dtlz2_interval,ls,0.1,5,11,False,5000,26,True,0.6055955262101029,2171
m-2_overhang,registered_x01,dtlz2_interval,ls,0.1,0,0,False,5000,27,True,0.0,945
m-2_overhang,a5b_domination_argument,dtlz2_interval,ls,0.1,0,0,False,5000,27,True,0.0,945
m-2_overhang,registered_x01,dtlz2_interval,ls,0.1,1,11,False,5000,27,True,1.079250854475289,1315
m-2_overhang,a5b_domination_argument,dtlz2_interval,ls,0.1,1,11,False,5000,27,True,0.9318097917741843,1315
m-2_overhang,registered_x01,dtlz2_interval,ls,0.1,2,0,False,5000,27,True,0.0,3685
m-2_overhang,a5b_domination_argument,dtlz2_interval,ls,0.1,2,0,False,5000,27,True,0.0,3685
m-2_overhang,registered_x01,dtlz2_interval,ls,0.1,3,11,False,5000,27,True,0.7828909410914601,4586
m-2_overhang,a5b_domination_argument,dtlz2_interval,ls,0.1,3,11,False,5000,27,True,0.7355822261100737,4586
m-2_overhang,registered_x01,dtlz2_interval,ls,0.1,4,1,False,5000,27,True,0.0,444
m-2_overhang,a5b_domination_argument,dtlz2_interval,ls,0.1,4,1,False,5000,27,True,0.0,444
m-2_overhang,registered_x01,dtlz2_interval,ls,0.1,5,11,False,5000,27,True,0.7926237589528443,4427
m-2_overhang,a5b_domination_argument,dtlz2_interval,ls,0.1,5,11,False,5000,27,True,0.7767668322589716,4427
m-2_overhang,registered_x01,dtlz2_interval,ls,0.1,0,0,False,5000,28,True,0.0,2144
m-2_overhang,a5b_domination_argument,dtlz2_interval,ls,0.1,0,0,False,5000,28,True,0.0,2144
m-2_overhang,registered_x01,dtlz2_interval,ls,0.1,1,11,False,5000,28,True,0.822286508844209,3421
m-2_overhang,a5b_domination_argument,dtlz2_interval,ls,0.1,1,11,False,5000,28,True,0.6161087857699429,3421
m-2_overhang,registered_x01,dtlz2_interval,ls,0.1,2,0,False,5000,28,True,0.0,1419
m-2_overhang,a5b_domination_argument,dtlz2_interval,ls,0.1,2,0,False,5000,28,True,0.0,1419
m-2_overhang,registered_x01,dtlz2_interval,ls,0.1,3,11,False,5000,28,True,0.9209315665347304,1483
m-2_overhang,a5b_domination_argument,dtlz2_interval,ls,0.1,3,11,False,5000,28,True,0.840607563591031,1483
m-2_overhang,registered_x01,dtlz2_interval,ls,0.1,4,1,False,5000,28,True,0.0,1397
m-2_overhang,a5b_domination_argument,dtlz2_interval,ls,0.1,4,1,False,5000,28,True,0.0,1397
m-2_overhang,registered_x01,dtlz2_interval,ls,0.1,5,11,False,5000,28,True,0.8566438655941201,3096
m-2_overhang,a5b_domination_argument,dtlz2_interval,ls,0.1,5,11,False,5000,28,True,0.8550035913525317,3096
m-2_overhang,registered_x01,dtlz2_interval,ls,0.1,0,0,False,5000,29,True,0.0,2151
m-2_overhang,a5b_domination_argument,dtlz2_interval,ls,0.1,0,0,False,5000,29,True,0.0,2151
m-2_overhang,registered_x01,dtlz2_interval,ls,0.1,1,11,False,5000,29,True,0.8337238455800154,1086
m-2_overhang,a5b_domination_argument,dtlz2_interval,ls,0.1,1,11,False,5000,29,True,0.679663576535068,1086
m-2_overhang,registered_x01,dtlz2_interval,ls,0.1,2,0,False,5000,29,True,0.0,2805
m-2_overhang,a5b_domination_argument,dtlz2_interval,ls,0.1,2,0,False,5000,29,True,0.0,2805
m-2_overhang,registered_x01,dtlz2_interval,ls,0.1,3,11,False,5000,29,True,0.859904809292976,690
m-2_overhang,a5b_domination_argument,dtlz2_interval,ls,0.1,3,11,False,5000,29,True,0.8062985465486355,690
m-2_overhang,registered_x01,dtlz2_interval,ls,0.1,4,1,False,5000,29,True,0.0,653
m-2_overhang,a5b_domination_argument,dtlz2_interval,ls,0.1,4,1,False,5000,29,True,0.0,653
m-2_overhang,registered_x01,dtlz2_interval,ls,0.1,5,11,False,5000,29,True,0.7492279865779223,769
m-2_overhang,a5b_domination_argument,dtlz2_interval,ls,0.1,5,11,False,5000,29,True,0.7196812319228754,769
m-2_overhang,registered_x01,dtlz2_interval,ls,0.1,0,0,False,5000,30,True,0.0,2735
m-2_overhang,a5b_domination_argument,dtlz2_interval,ls,0.1,0,0,False,5000,30,True,0.0,2735
m-2_overhang,registered_x01,dtlz2_interval,ls,0.1,1,11,False,5000,30,True,0.900657120583021,2978
m-2_overhang,a5b_domination_argument,dtlz2_interval,ls,0.1,1,11,False,5000,30,True,0.7914046962356995,2978
m-2_overhang,registered_x01,dtlz2_interval,ls,0.1,2,0,False,5000,30,True,0.0,1902
m-2_overhang,a5b_domination_argument,dtlz2_interval,ls,0.1,2,0,False,5000,30,True,0.0,1902
m-2_overhang,registered_x01,dtlz2_interval,ls,0.1,3,11,False,5000,30,True,0.9081841733248469,3898
m-2_overhang,a5b_domination_argument,dtlz2_interval,ls,0.1,3,11,False,5000,30,True,0.9078644002297094,3898
m-2_overhang,registered_x01,dtlz2_interval,ls,0.1,4,1,False,5000,30,True,0.0,2336
m-2_overhang,a5b_domination_argument,dtlz2_interval,ls,0.1,4,1,False,5000,30,True,0.0,2336
m-2_overhang,registered_x01,dtlz2_interval,ls,0.1,5,11,False,5000,30,True,0.5658498107502269,1558
m-2_overhang,a5b_domination_argument,dtlz2_interval,ls,0.1,5,11,False,5000,30,True,0.5493094342050974,1558
m-2_overhang,registered_x01,dtlz2_interval,cw,0.1,0,0,False,5000,11,True,0.0,4810
m-2_overhang,a5b_domination_argument,dtlz2_interval,cw,0.1,0,0,False,5000,11,True,0.0,4810
m-2_overhang,registered_x01,dtlz2_interval,cw,0.1,1,11,False,5000,11,True,0.7011742254435525,1001
m-2_overhang,a5b_domination_argument,dtlz2_interval,cw,0.1,1,11,False,5000,11,True,0.5680159661743416,1001
m-2_overhang,registered_x01,dtlz2_interval,cw,0.1,2,0,False,5000,11,True,0.0,4507
m-2_overhang,a5b_domination_argument,dtlz2_interval,cw,0.1,2,0,False,5000,11,True,0.0,4507
m-2_overhang,registered_x01,dtlz2_interval,cw,0.1,3,11,False,5000,11,True,0.8570940819195144,4783
m-2_overhang,a5b_domination_argument,dtlz2_interval,cw,0.1,3,11,False,5000,11,True,0.8507460864880665,4783
m-2_overhang,registered_x01,dtlz2_interval,cw,0.1,4,1,False,5000,11,True,0.0,4455
m-2_overhang,a5b_domination_argument,dtlz2_interval,cw,0.1,4,1,False,5000,11,True,0.0,4455
m-2_overhang,registered_x01,dtlz2_interval,cw,0.1,5,11,False,5000,11,True,0.9564749584500807,1088
m-2_overhang,a5b_domination_argument,dtlz2_interval,cw,0.1,5,11,False,5000,11,True,0.9290498298895404,1088
m-2_overhang,registered_x01,dtlz2_interval,cw,0.1,0,0,False,5000,12,True,0.0,4880
m-2_overhang,a5b_domination_argument,dtlz2_interval,cw,0.1,0,0,False,5000,12,True,0.0,4880
m-2_overhang,registered_x01,dtlz2_interval,cw,0.1,1,11,False,5000,12,True,0.7410036919133441,4691
m-2_overhang,a5b_domination_argument,dtlz2_interval,cw,0.1,1,11,False,5000,12,True,0.7284287371207337,4691
m-2_overhang,registered_x01,dtlz2_interval,cw,0.1,2,0,False,5000,12,True,0.0,822
m-2_overhang,a5b_domination_argument,dtlz2_interval,cw,0.1,2,0,False,5000,12,True,0.0,822
m-2_overhang,registered_x01,dtlz2_interval,cw,0.1,3,11,False,5000,12,True,0.8246616691859471,2043
m-2_overhang,a5b_domination_argument,dtlz2_interval,cw,0.1,3,11,False,5000,12,True,0.7666299190501987,2043
m-2_overhang,registered_x01,dtlz2_interval,cw,0.1,4,1,False,5000,12,True,0.0,649
m-2_overhang,a5b_domination_argument,dtlz2_interval,cw,0.1,4,1,False,5000,12,True,0.0,649
m-2_overhang,registered_x01,dtlz2_interval,cw,0.1,5,11,False,5000,12,True,0.7360658199159732,3909
m-2_overhang,a5b_domination_argument,dtlz2_interval,cw,0.1,5,11,False,5000,12,True,0.6861644145671846,3909
m-2_overhang,registered_x01,dtlz2_interval,cw,0.1,0,0,False,5000,13,True,0.0,4644
m-2_overhang,a5b_domination_argument,dtlz2_interval,cw,0.1,0,0,False,5000,13,True,0.0,4644
m-2_overhang,registered_x01,dtlz2_interval,cw,0.1,1,11,False,5000,13,True,0.9283198908418778,1652
m-2_overhang,a5b_domination_argument,dtlz2_interval,cw,0.1,1,11,False,5000,13,True,0.7082491365710535,1652
m-2_overhang,registered_x01,dtlz2_interval,cw,0.1,2,0,False,5000,13,True,0.0,340
m-2_overhang,a5b_domination_argument,dtlz2_interval,cw,0.1,2,0,False,5000,13,True,0.0,340
m-2_overhang,registered_x01,dtlz2_interval,cw,0.1,3,11,False,5000,13,True,0.7982598595090424,3011
m-2_overhang,a5b_domination_argument,dtlz2_interval,cw,0.1,3,11,False,5000,13,True,0.7904405376792903,3011
m-2_overhang,registered_x01,dtlz2_interval,cw,0.1,4,1,False,5000,13,True,0.0,4318
m-2_overhang,a5b_domination_argument,dtlz2_interval,cw,0.1,4,1,False,5000,13,True,0.0,4318
m-2_overhang,registered_x01,dtlz2_interval,cw,0.1,5,11,False,5000,13,True,0.792287012561412,3330
m-2_overhang,a5b_domination_argument,dtlz2_interval,cw,0.1,5,11,False,5000,13,True,0.777037109117466,3330
m-2_overhang,registered_x01,dtlz2_interval,cw,0.1,0,0,False,5000,14,True,0.0,248
m-2_overhang,a5b_domination_argument,dtlz2_interval,cw,0.1,0,0,False,5000,14,True,0.0,248
m-2_overhang,registered_x01,dtlz2_interval,cw,0.1,1,11,False,5000,14,True,0.848155207603304,4187
m-2_overhang,a5b_domination_argument,dtlz2_interval,cw,0.1,1,11,False,5000,14,True,0.8340922334952999,4187
m-2_overhang,registered_x01,dtlz2_interval,cw,0.1,2,0,False,5000,14,True,0.0,4943
m-2_overhang,a5b_domination_argument,dtlz2_interval,cw,0.1,2,0,False,5000,14,True,0.0,4943
m-2_overhang,registered_x01,dtlz2_interval,cw,0.1,3,11,False,5000,14,True,0.7883892508311481,3153
m-2_overhang,a5b_domination_argument,dtlz2_interval,cw,0.1,3,11,False,5000,14,True,0.788226590001525,3153
m-2_overhang,registered_x01,dtlz2_interval,cw,0.1,4,1,False,5000,14,True,0.0,2282
m-2_overhang,a5b_domination_argument,dtlz2_interval,cw,0.1,4,1,False,5000,14,True,0.0,2282
m-2_overhang,registered_x01,dtlz2_interval,cw,0.1,5,11,False,5000,14,True,0.6197486520849799,1944
m-2_overhang,a5b_domination_argument,dtlz2_interval,cw,0.1,5,11,False,5000,14,True,0.6173162888420538,1944
m-2_overhang,registered_x01,dtlz2_interval,cw,0.1,0,0,False,5000,15,True,0.0,4652
m-2_overhang,a5b_domination_argument,dtlz2_interval,cw,0.1,0,0,False,5000,15,True,0.0,4652
m-2_overhang,registered_x01,dtlz2_interval,cw,0.1,1,11,False,5000,15,True,0.8510709121112792,2871
m-2_overhang,a5b_domination_argument,dtlz2_interval,cw,0.1,1,11,False,5000,15,True,0.7622666429354146,2871
m-2_overhang,registered_x01,dtlz2_interval,cw,0.1,2,0,False,5000,15,True,0.0,1502
m-2_overhang,a5b_domination_argument,dtlz2_interval,cw,0.1,2,0,False,5000,15,True,0.0,1502
m-2_overhang,registered_x01,dtlz2_interval,cw,0.1,3,11,False,5000,15,True,0.7440319537680538,4324
m-2_overhang,a5b_domination_argument,dtlz2_interval,cw,0.1,3,11,False,5000,15,True,0.6193368167240819,4324
m-2_overhang,registered_x01,dtlz2_interval,cw,0.1,4,1,False,5000,15,True,0.0,2880
m-2_overhang,a5b_domination_argument,dtlz2_interval,cw,0.1,4,1,False,5000,15,True,0.0,2880
m-2_overhang,registered_x01,dtlz2_interval,cw,0.1,5,11,False,5000,15,True,0.7961107828553797,1596
m-2_overhang,a5b_domination_argument,dtlz2_interval,cw,0.1,5,11,False,5000,15,True,0.6858266855212186,1596
m-2_overhang,registered_x01,dtlz2_interval,cw,0.1,0,0,False,5000,16,True,0.0,1076
m-2_overhang,a5b_domination_argument,dtlz2_interval,cw,0.1,0,0,False,5000,16,True,0.0,1076
m-2_overhang,registered_x01,dtlz2_interval,cw,0.1,1,11,False,5000,16,True,0.6886044108427936,1623
m-2_overhang,a5b_domination_argument,dtlz2_interval,cw,0.1,1,11,False,5000,16,True,0.5017808260650071,1623
m-2_overhang,registered_x01,dtlz2_interval,cw,0.1,2,0,False,5000,16,True,0.0,4375
m-2_overhang,a5b_domination_argument,dtlz2_interval,cw,0.1,2,0,False,5000,16,True,0.0,4375
m-2_overhang,registered_x01,dtlz2_interval,cw,0.1,3,11,False,5000,16,True,0.750196488030427,3479
m-2_overhang,a5b_domination_argument,dtlz2_interval,cw,0.1,3,11,False,5000,16,True,0.7427461829403692,3479
m-2_overhang,registered_x01,dtlz2_interval,cw,0.1,4,1,False,5000,16,True,0.0,849
m-2_overhang,a5b_domination_argument,dtlz2_interval,cw,0.1,4,1,False,5000,16,True,0.0,849
m-2_overhang,registered_x01,dtlz2_interval,cw,0.1,5,11,False,5000,16,True,0.877991193161898,3855
m-2_overhang,a5b_domination_argument,dtlz2_interval,cw,0.1,5,11,False,5000,16,True,0.7956233435328768,3855
m-2_overhang,registered_x01,dtlz2_interval,cw,0.1,0,0,False,5000,17,True,0.0,4534
m-2_overhang,a5b_domination_argument,dtlz2_interval,cw,0.1,0,0,False,5000,17,True,0.0,4534
m-2_overhang,registered_x01,dtlz2_interval,cw,0.1,1,11,False,5000,17,True,0.837781036764612,1156
m-2_overhang,a5b_domination_argument,dtlz2_interval,cw,0.1,1,11,False,5000,17,True,0.6285407333320052,1156
m-2_overhang,registered_x01,dtlz2_interval,cw,0.1,2,0,False,5000,17,True,0.0,2163
m-2_overhang,a5b_domination_argument,dtlz2_interval,cw,0.1,2,0,False,5000,17,True,0.0,2163
m-2_overhang,registered_x01,dtlz2_interval,cw,0.1,3,11,False,5000,17,True,0.8772584350369866,264
m-2_overhang,a5b_domination_argument,dtlz2_interval,cw,0.1,3,11,False,5000,17,True,0.7920382310738412,264
m-2_overhang,registered_x01,dtlz2_interval,cw,0.1,4,1,False,5000,17,True,0.0,1867
m-2_overhang,a5b_domination_argument,dtlz2_interval,cw,0.1,4,1,False,5000,17,True,0.0,1867
m-2_overhang,registered_x01,dtlz2_interval,cw,0.1,5,11,False,5000,17,True,0.725560805117221,4624
m-2_overhang,a5b_domination_argument,dtlz2_interval,cw,0.1,5,11,False,5000,17,True,0.6398121104868595,4624
m-2_overhang,registered_x01,dtlz2_interval,cw,0.1,0,0,False,5000,18,True,0.0,69
m-2_overhang,a5b_domination_argument,dtlz2_interval,cw,0.1,0,0,False,5000,18,True,0.0,69
m-2_overhang,registered_x01,dtlz2_interval,cw,0.1,1,11,False,5000,18,True,0.8590486673178142,1381
m-2_overhang,a5b_domination_argument,dtlz2_interval,cw,0.1,1,11,False,5000,18,True,0.7630132780239708,1381
m-2_overhang,registered_x01,dtlz2_interval,cw,0.1,2,0,False,5000,18,True,0.0,2864
m-2_overhang,a5b_domination_argument,dtlz2_interval,cw,0.1,2,0,False,5000,18,True,0.0,2864
m-2_overhang,registered_x01,dtlz2_interval,cw,0.1,3,11,False,5000,18,True,0.8939481199711548,646
m-2_overhang,a5b_domination_argument,dtlz2_interval,cw,0.1,3,11,False,5000,18,True,0.7978348968788517,646
m-2_overhang,registered_x01,dtlz2_interval,cw,0.1,4,1,False,5000,18,True,0.0,4594
m-2_overhang,a5b_domination_argument,dtlz2_interval,cw,0.1,4,1,False,5000,18,True,0.0,4594
m-2_overhang,registered_x01,dtlz2_interval,cw,0.1,5,11,False,5000,18,True,0.6607735748032175,4360
m-2_overhang,a5b_domination_argument,dtlz2_interval,cw,0.1,5,11,False,5000,18,True,0.6160962700081032,4360
m-2_overhang,registered_x01,dtlz2_interval,cw,0.1,0,0,False,5000,19,True,0.0,3010
m-2_overhang,a5b_domination_argument,dtlz2_interval,cw,0.1,0,0,False,5000,19,True,0.0,3010
m-2_overhang,registered_x01,dtlz2_interval,cw,0.1,1,11,False,5000,19,True,0.9529248311222105,2358
m-2_overhang,a5b_domination_argument,dtlz2_interval,cw,0.1,1,11,False,5000,19,True,0.9040522476219736,2358
m-2_overhang,registered_x01,dtlz2_interval,cw,0.1,2,0,False,5000,19,True,0.0,174
m-2_overhang,a5b_domination_argument,dtlz2_interval,cw,0.1,2,0,False,5000,19,True,0.0,174
m-2_overhang,registered_x01,dtlz2_interval,cw,0.1,3,11,False,5000,19,True,1.0234402629378825,4932
m-2_overhang,a5b_domination_argument,dtlz2_interval,cw,0.1,3,11,False,5000,19,True,0.9059506548909978,4932
m-2_overhang,registered_x01,dtlz2_interval,cw,0.1,4,1,False,5000,19,True,0.0,4938
m-2_overhang,a5b_domination_argument,dtlz2_interval,cw,0.1,4,1,False,5000,19,True,0.0,4938
m-2_overhang,registered_x01,dtlz2_interval,cw,0.1,5,11,False,5000,19,True,0.8034551410146896,4538
m-2_overhang,a5b_domination_argument,dtlz2_interval,cw,0.1,5,11,False,5000,19,True,0.787613676971034,4538
m-2_overhang,registered_x01,dtlz2_interval,cw,0.1,0,0,False,5000,20,True,0.0,2152
m-2_overhang,a5b_domination_argument,dtlz2_interval,cw,0.1,0,0,False,5000,20,True,0.0,2152
m-2_overhang,registered_x01,dtlz2_interval,cw,0.1,1,11,False,5000,20,True,0.8297393114997533,3364
m-2_overhang,a5b_domination_argument,dtlz2_interval,cw,0.1,1,11,False,5000,20,True,0.7064114341351895,3364
m-2_overhang,registered_x01,dtlz2_interval,cw,0.1,2,0,False,5000,20,True,0.0,3212
m-2_overhang,a5b_domination_argument,dtlz2_interval,cw,0.1,2,0,False,5000,20,True,0.0,3212
m-2_overhang,registered_x01,dtlz2_interval,cw,0.1,3,11,False,5000,20,True,0.8016604407593988,680
m-2_overhang,a5b_domination_argument,dtlz2_interval,cw,0.1,3,11,False,5000,20,True,0.680929178636058,680
m-2_overhang,registered_x01,dtlz2_interval,cw,0.1,4,1,False,5000,20,True,0.0,1965
m-2_overhang,a5b_domination_argument,dtlz2_interval,cw,0.1,4,1,False,5000,20,True,0.0,1965
m-2_overhang,registered_x01,dtlz2_interval,cw,0.1,5,11,False,5000,20,True,0.9483939246172977,368
m-2_overhang,a5b_domination_argument,dtlz2_interval,cw,0.1,5,11,False,5000,20,True,0.9330832931517489,368
m-2_overhang,registered_x01,dtlz2_interval,cw,0.1,0,0,False,5000,21,True,0.0,906
m-2_overhang,a5b_domination_argument,dtlz2_interval,cw,0.1,0,0,False,5000,21,True,0.0,906
m-2_overhang,registered_x01,dtlz2_interval,cw,0.1,1,11,False,5000,21,True,0.7776222925304932,1
m-2_overhang,a5b_domination_argument,dtlz2_interval,cw,0.1,1,11,False,5000,21,True,0.7594532939978198,1
m-2_overhang,registered_x01,dtlz2_interval,cw,0.1,2,0,False,5000,21,True,0.0,1027
m-2_overhang,a5b_domination_argument,dtlz2_interval,cw,0.1,2,0,False,5000,21,True,0.0,1027
m-2_overhang,registered_x01,dtlz2_interval,cw,0.1,3,11,False,5000,21,True,0.5376677948895031,779
m-2_overhang,a5b_domination_argument,dtlz2_interval,cw,0.1,3,11,False,5000,21,True,0.5030203484931145,779
m-2_overhang,registered_x01,dtlz2_interval,cw,0.1,4,1,False,5000,21,True,0.0,1733
m-2_overhang,a5b_domination_argument,dtlz2_interval,cw,0.1,4,1,False,5000,21,True,0.0,1733
m-2_overhang,registered_x01,dtlz2_interval,cw,0.1,5,11,False,5000,21,True,0.9250637457536257,528
m-2_overhang,a5b_domination_argument,dtlz2_interval,cw,0.1,5,11,False,5000,21,True,0.807657413866437,528
m-2_overhang,registered_x01,dtlz2_interval,cw,0.1,0,0,False,5000,22,True,0.0,785
m-2_overhang,a5b_domination_argument,dtlz2_interval,cw,0.1,0,0,False,5000,22,True,0.0,785
m-2_overhang,registered_x01,dtlz2_interval,cw,0.1,1,11,False,5000,22,True,1.1075358610178303,2388
m-2_overhang,a5b_domination_argument,dtlz2_interval,cw,0.1,1,11,False,5000,22,True,1.0708728374356817,2388
m-2_overhang,registered_x01,dtlz2_interval,cw,0.1,2,0,False,5000,22,True,0.0,3887
m-2_overhang,a5b_domination_argument,dtlz2_interval,cw,0.1,2,0,False,5000,22,True,0.0,3887
m-2_overhang,registered_x01,dtlz2_interval,cw,0.1,3,11,False,5000,22,True,0.799159773538719,2445
m-2_overhang,a5b_domination_argument,dtlz2_interval,cw,0.1,3,11,False,5000,22,True,0.7299482374050704,2445
m-2_overhang,registered_x01,dtlz2_interval,cw,0.1,4,1,False,5000,22,True,0.0,3302
m-2_overhang,a5b_domination_argument,dtlz2_interval,cw,0.1,4,1,False,5000,22,True,0.0,3302
m-2_overhang,registered_x01,dtlz2_interval,cw,0.1,5,11,False,5000,22,True,0.9285665004499704,1231
m-2_overhang,a5b_domination_argument,dtlz2_interval,cw,0.1,5,11,False,5000,22,True,0.9140076241491634,1231
m-2_overhang,registered_x01,dtlz2_interval,cw,0.1,0,0,False,5000,23,True,0.0,1038
m-2_overhang,a5b_domination_argument,dtlz2_interval,cw,0.1,0,0,False,5000,23,True,0.0,1038
m-2_overhang,registered_x01,dtlz2_interval,cw,0.1,1,11,False,5000,23,True,1.039751052445765,4716
m-2_overhang,a5b_domination_argument,dtlz2_interval,cw,0.1,1,11,False,5000,23,True,0.9687866335826176,4716
m-2_overhang,registered_x01,dtlz2_interval,cw,0.1,2,0,False,5000,23,True,0.0,1973
m-2_overhang,a5b_domination_argument,dtlz2_interval,cw,0.1,2,0,False,5000,23,True,0.0,1973
m-2_overhang,registered_x01,dtlz2_interval,cw,0.1,3,11,False,5000,23,True,0.8529625047020408,1138
m-2_overhang,a5b_domination_argument,dtlz2_interval,cw,0.1,3,11,False,5000,23,True,0.7366778850363673,1138
m-2_overhang,registered_x01,dtlz2_interval,cw,0.1,4,1,False,5000,23,True,0.0,1498
m-2_overhang,a5b_domination_argument,dtlz2_interval,cw,0.1,4,1,False,5000,23,True,0.0,1498
m-2_overhang,registered_x01,dtlz2_interval,cw,0.1,5,11,False,5000,23,True,0.8555170760335772,343
m-2_overhang,a5b_domination_argument,dtlz2_interval,cw,0.1,5,11,False,5000,23,True,0.7259322902286917,343
m-2_overhang,registered_x01,dtlz2_interval,cw,0.1,0,0,False,5000,24,True,0.0,4115
m-2_overhang,a5b_domination_argument,dtlz2_interval,cw,0.1,0,0,False,5000,24,True,0.0,4115
m-2_overhang,registered_x01,dtlz2_interval,cw,0.1,1,11,False,5000,24,True,0.7912400423005992,3553
m-2_overhang,a5b_domination_argument,dtlz2_interval,cw,0.1,1,11,False,5000,24,True,0.6069476359965956,3553
m-2_overhang,registered_x01,dtlz2_interval,cw,0.1,2,0,False,5000,24,True,0.0,4115
m-2_overhang,a5b_domination_argument,dtlz2_interval,cw,0.1,2,0,False,5000,24,True,0.0,4115
m-2_overhang,registered_x01,dtlz2_interval,cw,0.1,3,11,False,5000,24,True,0.7039783223007611,3833
m-2_overhang,a5b_domination_argument,dtlz2_interval,cw,0.1,3,11,False,5000,24,True,0.6877487749775472,3833
m-2_overhang,registered_x01,dtlz2_interval,cw,0.1,4,1,False,5000,24,True,0.0,107
m-2_overhang,a5b_domination_argument,dtlz2_interval,cw,0.1,4,1,False,5000,24,True,0.0,107
m-2_overhang,registered_x01,dtlz2_interval,cw,0.1,5,11,False,5000,24,True,0.6393355489576467,1482
m-2_overhang,a5b_domination_argument,dtlz2_interval,cw,0.1,5,11,False,5000,24,True,0.5054080151002015,1482
m-2_overhang,registered_x01,dtlz2_interval,cw,0.1,0,0,False,5000,25,True,0.0,4066
m-2_overhang,a5b_domination_argument,dtlz2_interval,cw,0.1,0,0,False,5000,25,True,0.0,4066
m-2_overhang,registered_x01,dtlz2_interval,cw,0.1,1,11,False,5000,25,True,0.8189165170497774,3911
m-2_overhang,a5b_domination_argument,dtlz2_interval,cw,0.1,1,11,False,5000,25,True,0.8110389314710423,3911
m-2_overhang,registered_x01,dtlz2_interval,cw,0.1,2,0,False,5000,25,True,0.0,4066
m-2_overhang,a5b_domination_argument,dtlz2_interval,cw,0.1,2,0,False,5000,25,True,0.0,4066
m-2_overhang,registered_x01,dtlz2_interval,cw,0.1,3,11,False,5000,25,True,0.804986981676591,2916
m-2_overhang,a5b_domination_argument,dtlz2_interval,cw,0.1,3,11,False,5000,25,True,0.7709459513291147,2916
m-2_overhang,registered_x01,dtlz2_interval,cw,0.1,4,1,False,5000,25,True,0.0,1928
m-2_overhang,a5b_domination_argument,dtlz2_interval,cw,0.1,4,1,False,5000,25,True,0.0,1928
m-2_overhang,registered_x01,dtlz2_interval,cw,0.1,5,11,False,5000,25,True,0.7736980397296475,2857
m-2_overhang,a5b_domination_argument,dtlz2_interval,cw,0.1,5,11,False,5000,25,True,0.7481548838433186,2857
m-2_overhang,registered_x01,dtlz2_interval,cw,0.1,0,0,False,5000,26,True,0.0,4298
m-2_overhang,a5b_domination_argument,dtlz2_interval,cw,0.1,0,0,False,5000,26,True,0.0,4298
m-2_overhang,registered_x01,dtlz2_interval,cw,0.1,1,11,False,5000,26,True,1.1077189830365444,3873
m-2_overhang,a5b_domination_argument,dtlz2_interval,cw,0.1,1,11,False,5000,26,True,0.9668648225241283,3873
m-2_overhang,registered_x01,dtlz2_interval,cw,0.1,2,0,False,5000,26,True,0.0,1086
m-2_overhang,a5b_domination_argument,dtlz2_interval,cw,0.1,2,0,False,5000,26,True,0.0,1086
m-2_overhang,registered_x01,dtlz2_interval,cw,0.1,3,11,False,5000,26,True,0.8822081348149096,163
m-2_overhang,a5b_domination_argument,dtlz2_interval,cw,0.1,3,11,False,5000,26,True,0.8484961404246893,163
m-2_overhang,registered_x01,dtlz2_interval,cw,0.1,4,1,False,5000,26,True,0.0,4060
m-2_overhang,a5b_domination_argument,dtlz2_interval,cw,0.1,4,1,False,5000,26,True,0.0,4060
m-2_overhang,registered_x01,dtlz2_interval,cw,0.1,5,11,False,5000,26,True,0.6121067984862167,2171
m-2_overhang,a5b_domination_argument,dtlz2_interval,cw,0.1,5,11,False,5000,26,True,0.6055955262101029,2171
m-2_overhang,registered_x01,dtlz2_interval,cw,0.1,0,0,False,5000,27,True,0.0,2648
m-2_overhang,a5b_domination_argument,dtlz2_interval,cw,0.1,0,0,False,5000,27,True,0.0,2648
m-2_overhang,registered_x01,dtlz2_interval,cw,0.1,1,11,False,5000,27,True,1.079250854475289,1315
m-2_overhang,a5b_domination_argument,dtlz2_interval,cw,0.1,1,11,False,5000,27,True,0.9318097917741843,1315
m-2_overhang,registered_x01,dtlz2_interval,cw,0.1,2,0,False,5000,27,True,0.0,3081
m-2_overhang,a5b_domination_argument,dtlz2_interval,cw,0.1,2,0,False,5000,27,True,0.0,3081
m-2_overhang,registered_x01,dtlz2_interval,cw,0.1,3,11,False,5000,27,True,0.7828909410914601,4586
m-2_overhang,a5b_domination_argument,dtlz2_interval,cw,0.1,3,11,False,5000,27,True,0.7355822261100737,4586
m-2_overhang,registered_x01,dtlz2_interval,cw,0.1,4,1,False,5000,27,True,0.0,4781
m-2_overhang,a5b_domination_argument,dtlz2_interval,cw,0.1,4,1,False,5000,27,True,0.0,4781
m-2_overhang,registered_x01,dtlz2_interval,cw,0.1,5,11,False,5000,27,True,0.7926237589528443,4427
m-2_overhang,a5b_domination_argument,dtlz2_interval,cw,0.1,5,11,False,5000,27,True,0.7767668322589716,4427
m-2_overhang,registered_x01,dtlz2_interval,cw,0.1,0,0,False,5000,28,True,0.0,724
m-2_overhang,a5b_domination_argument,dtlz2_interval,cw,0.1,0,0,False,5000,28,True,0.0,724
m-2_overhang,registered_x01,dtlz2_interval,cw,0.1,1,11,False,5000,28,True,0.822286508844209,3421
m-2_overhang,a5b_domination_argument,dtlz2_interval,cw,0.1,1,11,False,5000,28,True,0.6161087857699429,3421
m-2_overhang,registered_x01,dtlz2_interval,cw,0.1,2,0,False,5000,28,True,0.0,1985
m-2_overhang,a5b_domination_argument,dtlz2_interval,cw,0.1,2,0,False,5000,28,True,0.0,1985
m-2_overhang,registered_x01,dtlz2_interval,cw,0.1,3,11,False,5000,28,True,0.9209315665347304,1483
m-2_overhang,a5b_domination_argument,dtlz2_interval,cw,0.1,3,11,False,5000,28,True,0.840607563591031,1483
m-2_overhang,registered_x01,dtlz2_interval,cw,0.1,4,1,False,5000,28,True,0.0,4579
m-2_overhang,a5b_domination_argument,dtlz2_interval,cw,0.1,4,1,False,5000,28,True,0.0,4579
m-2_overhang,registered_x01,dtlz2_interval,cw,0.1,5,11,False,5000,28,True,0.8566438655941201,3096
m-2_overhang,a5b_domination_argument,dtlz2_interval,cw,0.1,5,11,False,5000,28,True,0.8550035913525317,3096
m-2_overhang,registered_x01,dtlz2_interval,cw,0.1,0,0,False,5000,29,True,0.0,138
m-2_overhang,a5b_domination_argument,dtlz2_interval,cw,0.1,0,0,False,5000,29,True,0.0,138
m-2_overhang,registered_x01,dtlz2_interval,cw,0.1,1,11,False,5000,29,True,0.8337238455800154,1086
m-2_overhang,a5b_domination_argument,dtlz2_interval,cw,0.1,1,11,False,5000,29,True,0.679663576535068,1086
m-2_overhang,registered_x01,dtlz2_interval,cw,0.1,2,0,False,5000,29,True,0.0,1761
m-2_overhang,a5b_domination_argument,dtlz2_interval,cw,0.1,2,0,False,5000,29,True,0.0,1761
m-2_overhang,registered_x01,dtlz2_interval,cw,0.1,3,11,False,5000,29,True,0.859904809292976,690
m-2_overhang,a5b_domination_argument,dtlz2_interval,cw,0.1,3,11,False,5000,29,True,0.8062985465486355,690
m-2_overhang,registered_x01,dtlz2_interval,cw,0.1,4,1,False,5000,29,True,0.0,653
m-2_overhang,a5b_domination_argument,dtlz2_interval,cw,0.1,4,1,False,5000,29,True,0.0,653
m-2_overhang,registered_x01,dtlz2_interval,cw,0.1,5,11,False,5000,29,True,0.7492279865779223,769
m-2_overhang,a5b_domination_argument,dtlz2_interval,cw,0.1,5,11,False,5000,29,True,0.7196812319228754,769
m-2_overhang,registered_x01,dtlz2_interval,cw,0.1,0,0,False,5000,30,True,0.0,2747
m-2_overhang,a5b_domination_argument,dtlz2_interval,cw,0.1,0,0,False,5000,30,True,0.0,2747
m-2_overhang,registered_x01,dtlz2_interval,cw,0.1,1,11,False,5000,30,True,0.900657120583021,2978
m-2_overhang,a5b_domination_argument,dtlz2_interval,cw,0.1,1,11,False,5000,30,True,0.7914046962356995,2978
m-2_overhang,registered_x01,dtlz2_interval,cw,0.1,2,0,False,5000,30,True,0.0,4832
m-2_overhang,a5b_domination_argument,dtlz2_interval,cw,0.1,2,0,False,5000,30,True,0.0,4832
m-2_overhang,registered_x01,dtlz2_interval,cw,0.1,3,11,False,5000,30,True,0.9081841733248469,3898
m-2_overhang,a5b_domination_argument,dtlz2_interval,cw,0.1,3,11,False,5000,30,True,0.9078644002297094,3898
m-2_overhang,registered_x01,dtlz2_interval,cw,0.1,4,1,False,5000,30,True,0.0,1019
m-2_overhang,a5b_domination_argument,dtlz2_interval,cw,0.1,4,1,False,5000,30,True,0.0,1019
m-2_overhang,registered_x01,dtlz2_interval,cw,0.1,5,11,False,5000,30,True,0.5658498107502269,1558
m-2_overhang,a5b_domination_argument,dtlz2_interval,cw,0.1,5,11,False,5000,30,True,0.5493094342050974,1558
m-2_overhang,registered_x01,dtlz2_interval,lu,0.25,0,0,False,5000,11,True,0.0,2528
m-2_overhang,a5b_domination_argument,dtlz2_interval,lu,0.25,0,0,False,5000,11,True,0.0,2528
m-2_overhang,registered_x01,dtlz2_interval,lu,0.25,1,0,False,5000,11,True,0.0,4854
m-2_overhang,a5b_domination_argument,dtlz2_interval,lu,0.25,1,0,False,5000,11,True,0.0,4854
m-2_overhang,registered_x01,dtlz2_interval,lu,0.25,2,0,False,5000,11,True,0.0,691
m-2_overhang,a5b_domination_argument,dtlz2_interval,lu,0.25,2,0,False,5000,11,True,0.0,691
m-2_overhang,registered_x01,dtlz2_interval,lu,0.25,3,0,False,5000,11,True,0.0,2819
m-2_overhang,a5b_domination_argument,dtlz2_interval,lu,0.25,3,0,False,5000,11,True,0.0,2819
m-2_overhang,registered_x01,dtlz2_interval,lu,0.25,4,1,False,5000,11,True,0.0,1388
m-2_overhang,a5b_domination_argument,dtlz2_interval,lu,0.25,4,1,False,5000,11,True,0.0,1388
m-2_overhang,registered_x01,dtlz2_interval,lu,0.25,5,1,False,5000,11,True,0.0,4750
m-2_overhang,a5b_domination_argument,dtlz2_interval,lu,0.25,5,1,False,5000,11,True,0.0,4750
m-2_overhang,registered_x01,dtlz2_interval,lu,0.25,0,0,False,5000,12,True,0.0,2773
m-2_overhang,a5b_domination_argument,dtlz2_interval,lu,0.25,0,0,False,5000,12,True,0.0,2773
m-2_overhang,registered_x01,dtlz2_interval,lu,0.25,1,0,False,5000,12,True,0.0,343
m-2_overhang,a5b_domination_argument,dtlz2_interval,lu,0.25,1,0,False,5000,12,True,0.0,343
m-2_overhang,registered_x01,dtlz2_interval,lu,0.25,2,0,False,5000,12,True,0.0,2176
m-2_overhang,a5b_domination_argument,dtlz2_interval,lu,0.25,2,0,False,5000,12,True,0.0,2176
m-2_overhang,registered_x01,dtlz2_interval,lu,0.25,3,0,False,5000,12,True,0.0,3143
m-2_overhang,a5b_domination_argument,dtlz2_interval,lu,0.25,3,0,False,5000,12,True,0.0,3143
m-2_overhang,registered_x01,dtlz2_interval,lu,0.25,4,1,False,5000,12,True,0.0,3490
m-2_overhang,a5b_domination_argument,dtlz2_interval,lu,0.25,4,1,False,5000,12,True,0.0,3490
m-2_overhang,registered_x01,dtlz2_interval,lu,0.25,5,1,False,5000,12,True,0.0,2973
m-2_overhang,a5b_domination_argument,dtlz2_interval,lu,0.25,5,1,False,5000,12,True,0.0,2973
m-2_overhang,registered_x01,dtlz2_interval,lu,0.25,0,0,False,5000,13,True,0.0,3638
m-2_overhang,a5b_domination_argument,dtlz2_interval,lu,0.25,0,0,False,5000,13,True,0.0,3638
m-2_overhang,registered_x01,dtlz2_interval,lu,0.25,1,0,False,5000,13,True,0.0,3457
m-2_overhang,a5b_domination_argument,dtlz2_interval,lu,0.25,1,0,False,5000,13,True,0.0,3457
m-2_overhang,registered_x01,dtlz2_interval,lu,0.25,2,0,False,5000,13,True,0.0,3786
m-2_overhang,a5b_domination_argument,dtlz2_interval,lu,0.25,2,0,False,5000,13,True,0.0,3786
m-2_overhang,registered_x01,dtlz2_interval,lu,0.25,3,0,False,5000,13,True,0.0,3094
m-2_overhang,a5b_domination_argument,dtlz2_interval,lu,0.25,3,0,False,5000,13,True,0.0,3094
m-2_overhang,registered_x01,dtlz2_interval,lu,0.25,4,1,False,5000,13,True,0.0,275
m-2_overhang,a5b_domination_argument,dtlz2_interval,lu,0.25,4,1,False,5000,13,True,0.0,275
m-2_overhang,registered_x01,dtlz2_interval,lu,0.25,5,1,False,5000,13,True,0.0,1479
m-2_overhang,a5b_domination_argument,dtlz2_interval,lu,0.25,5,1,False,5000,13,True,0.0,1479
m-2_overhang,registered_x01,dtlz2_interval,lu,0.25,0,0,False,5000,14,True,0.0,3779
m-2_overhang,a5b_domination_argument,dtlz2_interval,lu,0.25,0,0,False,5000,14,True,0.0,3779
m-2_overhang,registered_x01,dtlz2_interval,lu,0.25,1,0,False,5000,14,True,0.0,1734
m-2_overhang,a5b_domination_argument,dtlz2_interval,lu,0.25,1,0,False,5000,14,True,0.0,1734
m-2_overhang,registered_x01,dtlz2_interval,lu,0.25,2,0,False,5000,14,True,0.0,3735
m-2_overhang,a5b_domination_argument,dtlz2_interval,lu,0.25,2,0,False,5000,14,True,0.0,3735
m-2_overhang,registered_x01,dtlz2_interval,lu,0.25,3,0,False,5000,14,True,0.0,3632
m-2_overhang,a5b_domination_argument,dtlz2_interval,lu,0.25,3,0,False,5000,14,True,0.0,3632
m-2_overhang,registered_x01,dtlz2_interval,lu,0.25,4,1,False,5000,14,True,0.0,2282
m-2_overhang,a5b_domination_argument,dtlz2_interval,lu,0.25,4,1,False,5000,14,True,0.0,2282
m-2_overhang,registered_x01,dtlz2_interval,lu,0.25,5,1,False,5000,14,True,0.0,1033
m-2_overhang,a5b_domination_argument,dtlz2_interval,lu,0.25,5,1,False,5000,14,True,0.0,1033
m-2_overhang,registered_x01,dtlz2_interval,lu,0.25,0,0,False,5000,15,True,0.0,3543
m-2_overhang,a5b_domination_argument,dtlz2_interval,lu,0.25,0,0,False,5000,15,True,0.0,3543
m-2_overhang,registered_x01,dtlz2_interval,lu,0.25,1,0,False,5000,15,True,0.0,4158
m-2_overhang,a5b_domination_argument,dtlz2_interval,lu,0.25,1,0,False,5000,15,True,0.0,4158
m-2_overhang,registered_x01,dtlz2_interval,lu,0.25,2,0,False,5000,15,True,0.0,484
m-2_overhang,a5b_domination_argument,dtlz2_interval,lu,0.25,2,0,False,5000,15,True,0.0,484
m-2_overhang,registered_x01,dtlz2_interval,lu,0.25,3,0,False,5000,15,True,0.0,365
m-2_overhang,a5b_domination_argument,dtlz2_interval,lu,0.25,3,0,False,5000,15,True,0.0,365
m-2_overhang,registered_x01,dtlz2_interval,lu,0.25,4,1,False,5000,15,True,0.0,449
m-2_overhang,a5b_domination_argument,dtlz2_interval,lu,0.25,4,1,False,5000,15,True,0.0,449
m-2_overhang,registered_x01,dtlz2_interval,lu,0.25,5,1,False,5000,15,True,0.0,815
m-2_overhang,a5b_domination_argument,dtlz2_interval,lu,0.25,5,1,False,5000,15,True,0.0,815
m-2_overhang,registered_x01,dtlz2_interval,lu,0.25,0,0,False,5000,16,True,0.0,3334
m-2_overhang,a5b_domination_argument,dtlz2_interval,lu,0.25,0,0,False,5000,16,True,0.0,3334
m-2_overhang,registered_x01,dtlz2_interval,lu,0.25,1,0,False,5000,16,True,0.0,1199
m-2_overhang,a5b_domination_argument,dtlz2_interval,lu,0.25,1,0,False,5000,16,True,0.0,1199
m-2_overhang,registered_x01,dtlz2_interval,lu,0.25,2,0,False,5000,16,True,0.0,436
m-2_overhang,a5b_domination_argument,dtlz2_interval,lu,0.25,2,0,False,5000,16,True,0.0,436
m-2_overhang,registered_x01,dtlz2_interval,lu,0.25,3,0,False,5000,16,True,0.0,2816
m-2_overhang,a5b_domination_argument,dtlz2_interval,lu,0.25,3,0,False,5000,16,True,0.0,2816
m-2_overhang,registered_x01,dtlz2_interval,lu,0.25,4,1,False,5000,16,True,0.0,794
m-2_overhang,a5b_domination_argument,dtlz2_interval,lu,0.25,4,1,False,5000,16,True,0.0,794
m-2_overhang,registered_x01,dtlz2_interval,lu,0.25,5,1,False,5000,16,True,0.0,3777
m-2_overhang,a5b_domination_argument,dtlz2_interval,lu,0.25,5,1,False,5000,16,True,0.0,3777
m-2_overhang,registered_x01,dtlz2_interval,lu,0.25,0,0,False,5000,17,True,0.0,219
m-2_overhang,a5b_domination_argument,dtlz2_interval,lu,0.25,0,0,False,5000,17,True,0.0,219
m-2_overhang,registered_x01,dtlz2_interval,lu,0.25,1,0,False,5000,17,True,0.0,3211
m-2_overhang,a5b_domination_argument,dtlz2_interval,lu,0.25,1,0,False,5000,17,True,0.0,3211
m-2_overhang,registered_x01,dtlz2_interval,lu,0.25,2,0,False,5000,17,True,0.0,2394
m-2_overhang,a5b_domination_argument,dtlz2_interval,lu,0.25,2,0,False,5000,17,True,0.0,2394
m-2_overhang,registered_x01,dtlz2_interval,lu,0.25,3,0,False,5000,17,True,0.0,1329
m-2_overhang,a5b_domination_argument,dtlz2_interval,lu,0.25,3,0,False,5000,17,True,0.0,1329
m-2_overhang,registered_x01,dtlz2_interval,lu,0.25,4,1,False,5000,17,True,0.0,4074
m-2_overhang,a5b_domination_argument,dtlz2_interval,lu,0.25,4,1,False,5000,17,True,0.0,4074
m-2_overhang,registered_x01,dtlz2_interval,lu,0.25,5,1,False,5000,17,True,0.0,41
m-2_overhang,a5b_domination_argument,dtlz2_interval,lu,0.25,5,1,False,5000,17,True,0.0,41
m-2_overhang,registered_x01,dtlz2_interval,lu,0.25,0,0,False,5000,18,True,0.0,4361
m-2_overhang,a5b_domination_argument,dtlz2_interval,lu,0.25,0,0,False,5000,18,True,0.0,4361
m-2_overhang,registered_x01,dtlz2_interval,lu,0.25,1,0,False,5000,18,True,0.0,4095
m-2_overhang,a5b_domination_argument,dtlz2_interval,lu,0.25,1,0,False,5000,18,True,0.0,4095
m-2_overhang,registered_x01,dtlz2_interval,lu,0.25,2,0,False,5000,18,True,0.0,2184
m-2_overhang,a5b_domination_argument,dtlz2_interval,lu,0.25,2,0,False,5000,18,True,0.0,2184
m-2_overhang,registered_x01,dtlz2_interval,lu,0.25,3,0,False,5000,18,True,0.0,1948
m-2_overhang,a5b_domination_argument,dtlz2_interval,lu,0.25,3,0,False,5000,18,True,0.0,1948
m-2_overhang,registered_x01,dtlz2_interval,lu,0.25,4,1,False,5000,18,True,0.0,3396
m-2_overhang,a5b_domination_argument,dtlz2_interval,lu,0.25,4,1,False,5000,18,True,0.0,3396
m-2_overhang,registered_x01,dtlz2_interval,lu,0.25,5,1,False,5000,18,True,0.0,3091
m-2_overhang,a5b_domination_argument,dtlz2_interval,lu,0.25,5,1,False,5000,18,True,0.0,3091
m-2_overhang,registered_x01,dtlz2_interval,lu,0.25,0,0,False,5000,19,True,0.0,2342
m-2_overhang,a5b_domination_argument,dtlz2_interval,lu,0.25,0,0,False,5000,19,True,0.0,2342
m-2_overhang,registered_x01,dtlz2_interval,lu,0.25,1,0,False,5000,19,True,0.0,3687
m-2_overhang,a5b_domination_argument,dtlz2_interval,lu,0.25,1,0,False,5000,19,True,0.0,3687
m-2_overhang,registered_x01,dtlz2_interval,lu,0.25,2,0,False,5000,19,True,0.0,2193
m-2_overhang,a5b_domination_argument,dtlz2_interval,lu,0.25,2,0,False,5000,19,True,0.0,2193
m-2_overhang,registered_x01,dtlz2_interval,lu,0.25,3,0,False,5000,19,True,0.0,2877
m-2_overhang,a5b_domination_argument,dtlz2_interval,lu,0.25,3,0,False,5000,19,True,0.0,2877
m-2_overhang,registered_x01,dtlz2_interval,lu,0.25,4,1,False,5000,19,True,0.0,2281
m-2_overhang,a5b_domination_argument,dtlz2_interval,lu,0.25,4,1,False,5000,19,True,0.0,2281
m-2_overhang,registered_x01,dtlz2_interval,lu,0.25,5,1,False,5000,19,True,0.0,454
m-2_overhang,a5b_domination_argument,dtlz2_interval,lu,0.25,5,1,False,5000,19,True,0.0,454
m-2_overhang,registered_x01,dtlz2_interval,lu,0.25,0,0,False,5000,20,True,0.0,2152
m-2_overhang,a5b_domination_argument,dtlz2_interval,lu,0.25,0,0,False,5000,20,True,0.0,2152
m-2_overhang,registered_x01,dtlz2_interval,lu,0.25,1,0,False,5000,20,True,0.0,3961
m-2_overhang,a5b_domination_argument,dtlz2_interval,lu,0.25,1,0,False,5000,20,True,0.0,3961
m-2_overhang,registered_x01,dtlz2_interval,lu,0.25,2,0,False,5000,20,True,0.0,1958
m-2_overhang,a5b_domination_argument,dtlz2_interval,lu,0.25,2,0,False,5000,20,True,0.0,1958
m-2_overhang,registered_x01,dtlz2_interval,lu,0.25,3,0,False,5000,20,True,0.0,356
m-2_overhang,a5b_domination_argument,dtlz2_interval,lu,0.25,3,0,False,5000,20,True,0.0,356
m-2_overhang,registered_x01,dtlz2_interval,lu,0.25,4,1,False,5000,20,True,0.0,3397
m-2_overhang,a5b_domination_argument,dtlz2_interval,lu,0.25,4,1,False,5000,20,True,0.0,3397
m-2_overhang,registered_x01,dtlz2_interval,lu,0.25,5,1,False,5000,20,True,0.0,1965
m-2_overhang,a5b_domination_argument,dtlz2_interval,lu,0.25,5,1,False,5000,20,True,0.0,1965
m-2_overhang,registered_x01,dtlz2_interval,lu,0.25,0,0,False,5000,21,True,0.0,4269
m-2_overhang,a5b_domination_argument,dtlz2_interval,lu,0.25,0,0,False,5000,21,True,0.0,4269
m-2_overhang,registered_x01,dtlz2_interval,lu,0.25,1,0,False,5000,21,True,0.0,906
m-2_overhang,a5b_domination_argument,dtlz2_interval,lu,0.25,1,0,False,5000,21,True,0.0,906
m-2_overhang,registered_x01,dtlz2_interval,lu,0.25,2,0,False,5000,21,True,0.0,2853
m-2_overhang,a5b_domination_argument,dtlz2_interval,lu,0.25,2,0,False,5000,21,True,0.0,2853
m-2_overhang,registered_x01,dtlz2_interval,lu,0.25,3,0,False,5000,21,True,0.0,1158
m-2_overhang,a5b_domination_argument,dtlz2_interval,lu,0.25,3,0,False,5000,21,True,0.0,1158
m-2_overhang,registered_x01,dtlz2_interval,lu,0.25,4,1,False,5000,21,True,0.0,4526
m-2_overhang,a5b_domination_argument,dtlz2_interval,lu,0.25,4,1,False,5000,21,True,0.0,4526
m-2_overhang,registered_x01,dtlz2_interval,lu,0.25,5,1,False,5000,21,True,0.0,1257
m-2_overhang,a5b_domination_argument,dtlz2_interval,lu,0.25,5,1,False,5000,21,True,0.0,1257
m-2_overhang,registered_x01,dtlz2_interval,lu,0.25,0,0,False,5000,22,True,0.0,4225
m-2_overhang,a5b_domination_argument,dtlz2_interval,lu,0.25,0,0,False,5000,22,True,0.0,4225
m-2_overhang,registered_x01,dtlz2_interval,lu,0.25,1,0,False,5000,22,True,0.0,285
m-2_overhang,a5b_domination_argument,dtlz2_interval,lu,0.25,1,0,False,5000,22,True,0.0,285
m-2_overhang,registered_x01,dtlz2_interval,lu,0.25,2,0,False,5000,22,True,0.0,3018
m-2_overhang,a5b_domination_argument,dtlz2_interval,lu,0.25,2,0,False,5000,22,True,0.0,3018
m-2_overhang,registered_x01,dtlz2_interval,lu,0.25,3,0,False,5000,22,True,0.0,402
m-2_overhang,a5b_domination_argument,dtlz2_interval,lu,0.25,3,0,False,5000,22,True,0.0,402
m-2_overhang,registered_x01,dtlz2_interval,lu,0.25,4,1,False,5000,22,True,0.0,4975
m-2_overhang,a5b_domination_argument,dtlz2_interval,lu,0.25,4,1,False,5000,22,True,0.0,4975
m-2_overhang,registered_x01,dtlz2_interval,lu,0.25,5,1,False,5000,22,True,0.0,296
m-2_overhang,a5b_domination_argument,dtlz2_interval,lu,0.25,5,1,False,5000,22,True,0.0,296
m-2_overhang,registered_x01,dtlz2_interval,lu,0.25,0,0,False,5000,23,True,0.0,3957
m-2_overhang,a5b_domination_argument,dtlz2_interval,lu,0.25,0,0,False,5000,23,True,0.0,3957
m-2_overhang,registered_x01,dtlz2_interval,lu,0.25,1,0,False,5000,23,True,0.0,153
m-2_overhang,a5b_domination_argument,dtlz2_interval,lu,0.25,1,0,False,5000,23,True,0.0,153
m-2_overhang,registered_x01,dtlz2_interval,lu,0.25,2,0,False,5000,23,True,0.0,688
m-2_overhang,a5b_domination_argument,dtlz2_interval,lu,0.25,2,0,False,5000,23,True,0.0,688
m-2_overhang,registered_x01,dtlz2_interval,lu,0.25,3,0,False,5000,23,True,0.0,2006
m-2_overhang,a5b_domination_argument,dtlz2_interval,lu,0.25,3,0,False,5000,23,True,0.0,2006
m-2_overhang,registered_x01,dtlz2_interval,lu,0.25,4,1,False,5000,23,True,0.0,182
m-2_overhang,a5b_domination_argument,dtlz2_interval,lu,0.25,4,1,False,5000,23,True,0.0,182
m-2_overhang,registered_x01,dtlz2_interval,lu,0.25,5,1,False,5000,23,True,0.0,951
m-2_overhang,a5b_domination_argument,dtlz2_interval,lu,0.25,5,1,False,5000,23,True,0.0,951
m-2_overhang,registered_x01,dtlz2_interval,lu,0.25,0,0,False,5000,24,True,0.0,1266
m-2_overhang,a5b_domination_argument,dtlz2_interval,lu,0.25,0,0,False,5000,24,True,0.0,1266
m-2_overhang,registered_x01,dtlz2_interval,lu,0.25,1,0,False,5000,24,True,0.0,4679
m-2_overhang,a5b_domination_argument,dtlz2_interval,lu,0.25,1,0,False,5000,24,True,0.0,4679
m-2_overhang,registered_x01,dtlz2_interval,lu,0.25,2,0,False,5000,24,True,0.0,2178
m-2_overhang,a5b_domination_argument,dtlz2_interval,lu,0.25,2,0,False,5000,24,True,0.0,2178
m-2_overhang,registered_x01,dtlz2_interval,lu,0.25,3,0,False,5000,24,True,0.0,4938
m-2_overhang,a5b_domination_argument,dtlz2_interval,lu,0.25,3,0,False,5000,24,True,0.0,4938
m-2_overhang,registered_x01,dtlz2_interval,lu,0.25,4,1,False,5000,24,True,0.0,107
m-2_overhang,a5b_domination_argument,dtlz2_interval,lu,0.25,4,1,False,5000,24,True,0.0,107
m-2_overhang,registered_x01,dtlz2_interval,lu,0.25,5,1,False,5000,24,True,0.0,714
m-2_overhang,a5b_domination_argument,dtlz2_interval,lu,0.25,5,1,False,5000,24,True,0.0,714
m-2_overhang,registered_x01,dtlz2_interval,lu,0.25,0,0,False,5000,25,True,0.0,3908
m-2_overhang,a5b_domination_argument,dtlz2_interval,lu,0.25,0,0,False,5000,25,True,0.0,3908
m-2_overhang,registered_x01,dtlz2_interval,lu,0.25,1,0,False,5000,25,True,0.0,1984
m-2_overhang,a5b_domination_argument,dtlz2_interval,lu,0.25,1,0,False,5000,25,True,0.0,1984
m-2_overhang,registered_x01,dtlz2_interval,lu,0.25,2,0,False,5000,25,True,0.0,1105
m-2_overhang,a5b_domination_argument,dtlz2_interval,lu,0.25,2,0,False,5000,25,True,0.0,1105
m-2_overhang,registered_x01,dtlz2_interval,lu,0.25,3,0,False,5000,25,True,0.0,1863
m-2_overhang,a5b_domination_argument,dtlz2_interval,lu,0.25,3,0,False,5000,25,True,0.0,1863
m-2_overhang,registered_x01,dtlz2_interval,lu,0.25,4,1,False,5000,25,True,0.0,4807
m-2_overhang,a5b_domination_argument,dtlz2_interval,lu,0.25,4,1,False,5000,25,True,0.0,4807
m-2_overhang,registered_x01,dtlz2_interval,lu,0.25,5,1,False,5000,25,True,0.0,1818
m-2_overhang,a5b_domination_argument,dtlz2_interval,lu,0.25,5,1,False,5000,25,True,0.0,1818
m-2_overhang,registered_x01,dtlz2_interval,lu,0.25,0,0,False,5000,26,True,0.0,977
m-2_overhang,a5b_domination_argument,dtlz2_interval,lu,0.25,0,0,False,5000,26,True,0.0,977
m-2_overhang,registered_x01,dtlz2_interval,lu,0.25,1,0,False,5000,26,True,0.0,1424
m-2_overhang,a5b_domination_argument,dtlz2_interval,lu,0.25,1,0,False,5000,26,True,0.0,1424
m-2_overhang,registered_x01,dtlz2_interval,lu,0.25,2,0,False,5000,26,True,0.0,4502
m-2_overhang,a5b_domination_argument,dtlz2_interval,lu,0.25,2,0,False,5000,26,True,0.0,4502
m-2_overhang,registered_x01,dtlz2_interval,lu,0.25,3,0,False,5000,26,True,0.0,3822
m-2_overhang,a5b_domination_argument,dtlz2_interval,lu,0.25,3,0,False,5000,26,True,0.0,3822
m-2_overhang,registered_x01,dtlz2_interval,lu,0.25,4,1,False,5000,26,True,0.0,4060
m-2_overhang,a5b_domination_argument,dtlz2_interval,lu,0.25,4,1,False,5000,26,True,0.0,4060
m-2_overhang,registered_x01,dtlz2_interval,lu,0.25,5,1,False,5000,26,True,0.0,4739
m-2_overhang,a5b_domination_argument,dtlz2_interval,lu,0.25,5,1,False,5000,26,True,0.0,4739
m-2_overhang,registered_x01,dtlz2_interval,lu,0.25,0,0,False,5000,27,True,0.0,945
m-2_overhang,a5b_domination_argument,dtlz2_interval,lu,0.25,0,0,False,5000,27,True,0.0,945
m-2_overhang,registered_x01,dtlz2_interval,lu,0.25,1,0,False,5000,27,True,0.0,1274
m-2_overhang,a5b_domination_argument,dtlz2_interval,lu,0.25,1,0,False,5000,27,True,0.0,1274
m-2_overhang,registered_x01,dtlz2_interval,lu,0.25,2,0,False,5000,27,True,0.0,3685
m-2_overhang,a5b_domination_argument,dtlz2_interval,lu,0.25,2,0,False,5000,27,True,0.0,3685
m-2_overhang,registered_x01,dtlz2_interval,lu,0.25,3,0,False,5000,27,True,0.0,2699
m-2_overhang,a5b_domination_argument,dtlz2_interval,lu,0.25,3,0,False,5000,27,True,0.0,2699
m-2_overhang,registered_x01,dtlz2_interval,lu,0.25,4,1,False,5000,27,True,0.0,444
m-2_overhang,a5b_domination_argument,dtlz2_interval,lu,0.25,4,1,False,5000,27,True,0.0,444
m-2_overhang,registered_x01,dtlz2_interval,lu,0.25,5,1,False,5000,27,True,0.0,3305
m-2_overhang,a5b_domination_argument,dtlz2_interval,lu,0.25,5,1,False,5000,27,True,0.0,3305
m-2_overhang,registered_x01,dtlz2_interval,lu,0.25,0,0,False,5000,28,True,0.0,2144
m-2_overhang,a5b_domination_argument,dtlz2_interval,lu,0.25,0,0,False,5000,28,True,0.0,2144
m-2_overhang,registered_x01,dtlz2_interval,lu,0.25,1,0,False,5000,28,True,0.0,3421
m-2_overhang,a5b_domination_argument,dtlz2_interval,lu,0.25,1,0,False,5000,28,True,0.0,3421
m-2_overhang,registered_x01,dtlz2_interval,lu,0.25,2,0,False,5000,28,True,0.0,1419
m-2_overhang,a5b_domination_argument,dtlz2_interval,lu,0.25,2,0,False,5000,28,True,0.0,1419
m-2_overhang,registered_x01,dtlz2_interval,lu,0.25,3,0,False,5000,28,True,0.0,3864
m-2_overhang,a5b_domination_argument,dtlz2_interval,lu,0.25,3,0,False,5000,28,True,0.0,3864
m-2_overhang,registered_x01,dtlz2_interval,lu,0.25,4,1,False,5000,28,True,0.0,3990
m-2_overhang,a5b_domination_argument,dtlz2_interval,lu,0.25,4,1,False,5000,28,True,0.0,3990
m-2_overhang,registered_x01,dtlz2_interval,lu,0.25,5,1,False,5000,28,True,0.0,576
m-2_overhang,a5b_domination_argument,dtlz2_interval,lu,0.25,5,1,False,5000,28,True,0.0,576
m-2_overhang,registered_x01,dtlz2_interval,lu,0.25,0,0,False,5000,29,True,0.0,2151
m-2_overhang,a5b_domination_argument,dtlz2_interval,lu,0.25,0,0,False,5000,29,True,0.0,2151
m-2_overhang,registered_x01,dtlz2_interval,lu,0.25,1,0,False,5000,29,True,0.0,2806
m-2_overhang,a5b_domination_argument,dtlz2_interval,lu,0.25,1,0,False,5000,29,True,0.0,2806
m-2_overhang,registered_x01,dtlz2_interval,lu,0.25,2,0,False,5000,29,True,0.0,2805
m-2_overhang,a5b_domination_argument,dtlz2_interval,lu,0.25,2,0,False,5000,29,True,0.0,2805
m-2_overhang,registered_x01,dtlz2_interval,lu,0.25,3,0,False,5000,29,True,0.0,3472
m-2_overhang,a5b_domination_argument,dtlz2_interval,lu,0.25,3,0,False,5000,29,True,0.0,3472
m-2_overhang,registered_x01,dtlz2_interval,lu,0.25,4,1,False,5000,29,True,0.0,653
m-2_overhang,a5b_domination_argument,dtlz2_interval,lu,0.25,4,1,False,5000,29,True,0.0,653
m-2_overhang,registered_x01,dtlz2_interval,lu,0.25,5,1,False,5000,29,True,0.0,3658
m-2_overhang,a5b_domination_argument,dtlz2_interval,lu,0.25,5,1,False,5000,29,True,0.0,3658
m-2_overhang,registered_x01,dtlz2_interval,lu,0.25,0,0,False,5000,30,True,0.0,3368
m-2_overhang,a5b_domination_argument,dtlz2_interval,lu,0.25,0,0,False,5000,30,True,0.0,3368
m-2_overhang,registered_x01,dtlz2_interval,lu,0.25,1,0,False,5000,30,True,0.0,3700
m-2_overhang,a5b_domination_argument,dtlz2_interval,lu,0.25,1,0,False,5000,30,True,0.0,3700
m-2_overhang,registered_x01,dtlz2_interval,lu,0.25,2,0,False,5000,30,True,0.0,1902
m-2_overhang,a5b_domination_argument,dtlz2_interval,lu,0.25,2,0,False,5000,30,True,0.0,1902
m-2_overhang,registered_x01,dtlz2_interval,lu,0.25,3,0,False,5000,30,True,0.0,4894
m-2_overhang,a5b_domination_argument,dtlz2_interval,lu,0.25,3,0,False,5000,30,True,0.0,4894
m-2_overhang,registered_x01,dtlz2_interval,lu,0.25,4,1,False,5000,30,True,0.0,2336
m-2_overhang,a5b_domination_argument,dtlz2_interval,lu,0.25,4,1,False,5000,30,True,0.0,2336
m-2_overhang,registered_x01,dtlz2_interval,lu,0.25,5,1,False,5000,30,True,0.0,149
m-2_overhang,a5b_domination_argument,dtlz2_interval,lu,0.25,5,1,False,5000,30,True,0.0,149
m-2_overhang,registered_x01,dtlz2_interval,ls,0.25,0,0,False,5000,11,True,0.0,2528
m-2_overhang,a5b_domination_argument,dtlz2_interval,ls,0.25,0,0,False,5000,11,True,0.0,2528
m-2_overhang,registered_x01,dtlz2_interval,ls,0.25,1,11,False,5000,11,True,0.7011742254435525,1001
m-2_overhang,a5b_domination_argument,dtlz2_interval,ls,0.25,1,11,False,5000,11,True,0.5680159661743416,1001
m-2_overhang,registered_x01,dtlz2_interval,ls,0.25,2,0,False,5000,11,True,0.0,691
m-2_overhang,a5b_domination_argument,dtlz2_interval,ls,0.25,2,0,False,5000,11,True,0.0,691
m-2_overhang,registered_x01,dtlz2_interval,ls,0.25,3,11,False,5000,11,True,0.8570940819195144,4783
m-2_overhang,a5b_domination_argument,dtlz2_interval,ls,0.25,3,11,False,5000,11,True,0.8507460864880665,4783
m-2_overhang,registered_x01,dtlz2_interval,ls,0.25,4,1,False,5000,11,True,0.0,1388
m-2_overhang,a5b_domination_argument,dtlz2_interval,ls,0.25,4,1,False,5000,11,True,0.0,1388
m-2_overhang,registered_x01,dtlz2_interval,ls,0.25,5,11,False,5000,11,True,0.9564749584500807,1088
m-2_overhang,a5b_domination_argument,dtlz2_interval,ls,0.25,5,11,False,5000,11,True,0.9290498298895404,1088
m-2_overhang,registered_x01,dtlz2_interval,ls,0.25,0,0,False,5000,12,True,0.0,2773
m-2_overhang,a5b_domination_argument,dtlz2_interval,ls,0.25,0,0,False,5000,12,True,0.0,2773
m-2_overhang,registered_x01,dtlz2_interval,ls,0.25,1,11,False,5000,12,True,0.7410036919133441,4691
m-2_overhang,a5b_domination_argument,dtlz2_interval,ls,0.25,1,11,False,5000,12,True,0.7284287371207337,4691
m-2_overhang,registered_x01,dtlz2_interval,ls,0.25,2,0,False,5000,12,True,0.0,2176
m-2_overhang,a5b_domination_argument,dtlz2_interval,ls,0.25,2,0,False,5000,12,True,0.0,2176
m-2_overhang,registered_x01,dtlz2_interval,ls,0.25,3,11,False,5000,12,True,0.8246616691859471,2043
m-2_overhang,a5b_domination_argument,dtlz2_interval,ls,0.25,3,11,False,5000,12,True,0.7666299190501987,2043
m-2_overhang,registered_x01,dtlz2_interval,ls,0.25,4,1,False,5000,12,True,0.0,3490
m-2_overhang,a5b_domination_argument,dtlz2_interval,ls,0.25,4,1,False,5000,12,True,0.0,3490
m-2_overhang,registered_x01,dtlz2_interval,ls,0.25,5,11,False,5000,12,True,0.7360658199159732,3909
m-2_overhang,a5b_domination_argument,dtlz2_interval,ls,0.25,5,11,False,5000,12,True,0.6861644145671846,3909
m-2_overhang,registered_x01,dtlz2_interval,ls,0.25,0,0,False,5000,13,True,0.0,3638
m-2_overhang,a5b_domination_argument,dtlz2_interval,ls,0.25,0,0,False,5000,13,True,0.0,3638
m-2_overhang,registered_x01,dtlz2_interval,ls,0.25,1,11,False,5000,13,True,0.9283198908418778,1652
m-2_overhang,a5b_domination_argument,dtlz2_interval,ls,0.25,1,11,False,5000,13,True,0.7082491365710535,1652
m-2_overhang,registered_x01,dtlz2_interval,ls,0.25,2,0,False,5000,13,True,0.0,3786
m-2_overhang,a5b_domination_argument,dtlz2_interval,ls,0.25,2,0,False,5000,13,True,0.0,3786
m-2_overhang,registered_x01,dtlz2_interval,ls,0.25,3,11,False,5000,13,True,0.7982598595090424,3011
m-2_overhang,a5b_domination_argument,dtlz2_interval,ls,0.25,3,11,False,5000,13,True,0.7904405376792903,3011
m-2_overhang,registered_x01,dtlz2_interval,ls,0.25,4,1,False,5000,13,True,0.0,275
m-2_overhang,a5b_domination_argument,dtlz2_interval,ls,0.25,4,1,False,5000,13,True,0.0,275
m-2_overhang,registered_x01,dtlz2_interval,ls,0.25,5,11,False,5000,13,True,0.792287012561412,3330
m-2_overhang,a5b_domination_argument,dtlz2_interval,ls,0.25,5,11,False,5000,13,True,0.777037109117466,3330
m-2_overhang,registered_x01,dtlz2_interval,ls,0.25,0,0,False,5000,14,True,0.0,3779
m-2_overhang,a5b_domination_argument,dtlz2_interval,ls,0.25,0,0,False,5000,14,True,0.0,3779
m-2_overhang,registered_x01,dtlz2_interval,ls,0.25,1,11,False,5000,14,True,0.848155207603304,4187
m-2_overhang,a5b_domination_argument,dtlz2_interval,ls,0.25,1,11,False,5000,14,True,0.8340922334952999,4187
m-2_overhang,registered_x01,dtlz2_interval,ls,0.25,2,0,False,5000,14,True,0.0,3735
m-2_overhang,a5b_domination_argument,dtlz2_interval,ls,0.25,2,0,False,5000,14,True,0.0,3735
m-2_overhang,registered_x01,dtlz2_interval,ls,0.25,3,11,False,5000,14,True,0.7883892508311481,3153
m-2_overhang,a5b_domination_argument,dtlz2_interval,ls,0.25,3,11,False,5000,14,True,0.788226590001525,3153
m-2_overhang,registered_x01,dtlz2_interval,ls,0.25,4,1,False,5000,14,True,0.0,2282
m-2_overhang,a5b_domination_argument,dtlz2_interval,ls,0.25,4,1,False,5000,14,True,0.0,2282
m-2_overhang,registered_x01,dtlz2_interval,ls,0.25,5,11,False,5000,14,True,0.6197486520849799,1944
m-2_overhang,a5b_domination_argument,dtlz2_interval,ls,0.25,5,11,False,5000,14,True,0.6173162888420538,1944
m-2_overhang,registered_x01,dtlz2_interval,ls,0.25,0,0,False,5000,15,True,0.0,3543
m-2_overhang,a5b_domination_argument,dtlz2_interval,ls,0.25,0,0,False,5000,15,True,0.0,3543
m-2_overhang,registered_x01,dtlz2_interval,ls,0.25,1,11,False,5000,15,True,0.8510709121112792,2871
m-2_overhang,a5b_domination_argument,dtlz2_interval,ls,0.25,1,11,False,5000,15,True,0.7622666429354146,2871
m-2_overhang,registered_x01,dtlz2_interval,ls,0.25,2,0,False,5000,15,True,0.0,484
m-2_overhang,a5b_domination_argument,dtlz2_interval,ls,0.25,2,0,False,5000,15,True,0.0,484
m-2_overhang,registered_x01,dtlz2_interval,ls,0.25,3,11,False,5000,15,True,0.7440319537680538,4324
m-2_overhang,a5b_domination_argument,dtlz2_interval,ls,0.25,3,11,False,5000,15,True,0.6193368167240819,4324
m-2_overhang,registered_x01,dtlz2_interval,ls,0.25,4,1,False,5000,15,True,0.0,449
m-2_overhang,a5b_domination_argument,dtlz2_interval,ls,0.25,4,1,False,5000,15,True,0.0,449
m-2_overhang,registered_x01,dtlz2_interval,ls,0.25,5,11,False,5000,15,True,0.7961107828553797,1596
m-2_overhang,a5b_domination_argument,dtlz2_interval,ls,0.25,5,11,False,5000,15,True,0.6858266855212186,1596
m-2_overhang,registered_x01,dtlz2_interval,ls,0.25,0,0,False,5000,16,True,0.0,3334
m-2_overhang,a5b_domination_argument,dtlz2_interval,ls,0.25,0,0,False,5000,16,True,0.0,3334
m-2_overhang,registered_x01,dtlz2_interval,ls,0.25,1,11,False,5000,16,True,0.6886044108427936,1623
m-2_overhang,a5b_domination_argument,dtlz2_interval,ls,0.25,1,11,False,5000,16,True,0.5017808260650071,1623
m-2_overhang,registered_x01,dtlz2_interval,ls,0.25,2,0,False,5000,16,True,0.0,436
m-2_overhang,a5b_domination_argument,dtlz2_interval,ls,0.25,2,0,False,5000,16,True,0.0,436
m-2_overhang,registered_x01,dtlz2_interval,ls,0.25,3,11,False,5000,16,True,0.750196488030427,3479
m-2_overhang,a5b_domination_argument,dtlz2_interval,ls,0.25,3,11,False,5000,16,True,0.7427461829403692,3479
m-2_overhang,registered_x01,dtlz2_interval,ls,0.25,4,1,False,5000,16,True,0.0,794
m-2_overhang,a5b_domination_argument,dtlz2_interval,ls,0.25,4,1,False,5000,16,True,0.0,794
m-2_overhang,registered_x01,dtlz2_interval,ls,0.25,5,11,False,5000,16,True,0.877991193161898,3855
m-2_overhang,a5b_domination_argument,dtlz2_interval,ls,0.25,5,11,False,5000,16,True,0.7956233435328768,3855
m-2_overhang,registered_x01,dtlz2_interval,ls,0.25,0,0,False,5000,17,True,0.0,219
m-2_overhang,a5b_domination_argument,dtlz2_interval,ls,0.25,0,0,False,5000,17,True,0.0,219
m-2_overhang,registered_x01,dtlz2_interval,ls,0.25,1,11,False,5000,17,True,0.837781036764612,1156
m-2_overhang,a5b_domination_argument,dtlz2_interval,ls,0.25,1,11,False,5000,17,True,0.6285407333320052,1156
m-2_overhang,registered_x01,dtlz2_interval,ls,0.25,2,0,False,5000,17,True,0.0,2394
m-2_overhang,a5b_domination_argument,dtlz2_interval,ls,0.25,2,0,False,5000,17,True,0.0,2394
m-2_overhang,registered_x01,dtlz2_interval,ls,0.25,3,11,False,5000,17,True,0.8772584350369866,264
m-2_overhang,a5b_domination_argument,dtlz2_interval,ls,0.25,3,11,False,5000,17,True,0.7920382310738412,264
m-2_overhang,registered_x01,dtlz2_interval,ls,0.25,4,1,False,5000,17,True,0.0,4074
m-2_overhang,a5b_domination_argument,dtlz2_interval,ls,0.25,4,1,False,5000,17,True,0.0,4074
m-2_overhang,registered_x01,dtlz2_interval,ls,0.25,5,11,False,5000,17,True,0.725560805117221,4624
m-2_overhang,a5b_domination_argument,dtlz2_interval,ls,0.25,5,11,False,5000,17,True,0.6398121104868595,4624
m-2_overhang,registered_x01,dtlz2_interval,ls,0.25,0,0,False,5000,18,True,0.0,4361
m-2_overhang,a5b_domination_argument,dtlz2_interval,ls,0.25,0,0,False,5000,18,True,0.0,4361
m-2_overhang,registered_x01,dtlz2_interval,ls,0.25,1,11,False,5000,18,True,0.8590486673178142,1381
m-2_overhang,a5b_domination_argument,dtlz2_interval,ls,0.25,1,11,False,5000,18,True,0.7630132780239708,1381
m-2_overhang,registered_x01,dtlz2_interval,ls,0.25,2,0,False,5000,18,True,0.0,2184
m-2_overhang,a5b_domination_argument,dtlz2_interval,ls,0.25,2,0,False,5000,18,True,0.0,2184
m-2_overhang,registered_x01,dtlz2_interval,ls,0.25,3,11,False,5000,18,True,0.8939481199711548,646
m-2_overhang,a5b_domination_argument,dtlz2_interval,ls,0.25,3,11,False,5000,18,True,0.7978348968788517,646
m-2_overhang,registered_x01,dtlz2_interval,ls,0.25,4,1,False,5000,18,True,0.0,3396
m-2_overhang,a5b_domination_argument,dtlz2_interval,ls,0.25,4,1,False,5000,18,True,0.0,3396
m-2_overhang,registered_x01,dtlz2_interval,ls,0.25,5,11,False,5000,18,True,0.6607735748032175,4360
m-2_overhang,a5b_domination_argument,dtlz2_interval,ls,0.25,5,11,False,5000,18,True,0.6160962700081032,4360
m-2_overhang,registered_x01,dtlz2_interval,ls,0.25,0,0,False,5000,19,True,0.0,2342
m-2_overhang,a5b_domination_argument,dtlz2_interval,ls,0.25,0,0,False,5000,19,True,0.0,2342
m-2_overhang,registered_x01,dtlz2_interval,ls,0.25,1,11,False,5000,19,True,0.9529248311222105,2358
m-2_overhang,a5b_domination_argument,dtlz2_interval,ls,0.25,1,11,False,5000,19,True,0.9040522476219736,2358
m-2_overhang,registered_x01,dtlz2_interval,ls,0.25,2,0,False,5000,19,True,0.0,2193
m-2_overhang,a5b_domination_argument,dtlz2_interval,ls,0.25,2,0,False,5000,19,True,0.0,2193
m-2_overhang,registered_x01,dtlz2_interval,ls,0.25,3,11,False,5000,19,True,1.0234402629378825,4932
m-2_overhang,a5b_domination_argument,dtlz2_interval,ls,0.25,3,11,False,5000,19,True,0.9059506548909978,4932
m-2_overhang,registered_x01,dtlz2_interval,ls,0.25,4,1,False,5000,19,True,0.0,2281
m-2_overhang,a5b_domination_argument,dtlz2_interval,ls,0.25,4,1,False,5000,19,True,0.0,2281
m-2_overhang,registered_x01,dtlz2_interval,ls,0.25,5,11,False,5000,19,True,0.8034551410146896,4538
m-2_overhang,a5b_domination_argument,dtlz2_interval,ls,0.25,5,11,False,5000,19,True,0.787613676971034,4538
m-2_overhang,registered_x01,dtlz2_interval,ls,0.25,0,0,False,5000,20,True,0.0,2152
m-2_overhang,a5b_domination_argument,dtlz2_interval,ls,0.25,0,0,False,5000,20,True,0.0,2152
m-2_overhang,registered_x01,dtlz2_interval,ls,0.25,1,11,False,5000,20,True,0.8297393114997533,3364
m-2_overhang,a5b_domination_argument,dtlz2_interval,ls,0.25,1,11,False,5000,20,True,0.7064114341351895,3364
m-2_overhang,registered_x01,dtlz2_interval,ls,0.25,2,0,False,5000,20,True,0.0,1958
m-2_overhang,a5b_domination_argument,dtlz2_interval,ls,0.25,2,0,False,5000,20,True,0.0,1958
m-2_overhang,registered_x01,dtlz2_interval,ls,0.25,3,11,False,5000,20,True,0.8016604407593988,680
m-2_overhang,a5b_domination_argument,dtlz2_interval,ls,0.25,3,11,False,5000,20,True,0.680929178636058,680
m-2_overhang,registered_x01,dtlz2_interval,ls,0.25,4,1,False,5000,20,True,0.0,3397
m-2_overhang,a5b_domination_argument,dtlz2_interval,ls,0.25,4,1,False,5000,20,True,0.0,3397
m-2_overhang,registered_x01,dtlz2_interval,ls,0.25,5,11,False,5000,20,True,0.9483939246172977,368
m-2_overhang,a5b_domination_argument,dtlz2_interval,ls,0.25,5,11,False,5000,20,True,0.9330832931517489,368
m-2_overhang,registered_x01,dtlz2_interval,ls,0.25,0,0,False,5000,21,True,0.0,4269
m-2_overhang,a5b_domination_argument,dtlz2_interval,ls,0.25,0,0,False,5000,21,True,0.0,4269
m-2_overhang,registered_x01,dtlz2_interval,ls,0.25,1,11,False,5000,21,True,0.7776222925304932,1
m-2_overhang,a5b_domination_argument,dtlz2_interval,ls,0.25,1,11,False,5000,21,True,0.7594532939978198,1
m-2_overhang,registered_x01,dtlz2_interval,ls,0.25,2,0,False,5000,21,True,0.0,2853
m-2_overhang,a5b_domination_argument,dtlz2_interval,ls,0.25,2,0,False,5000,21,True,0.0,2853
m-2_overhang,registered_x01,dtlz2_interval,ls,0.25,3,11,False,5000,21,True,0.5376677948895031,779
m-2_overhang,a5b_domination_argument,dtlz2_interval,ls,0.25,3,11,False,5000,21,True,0.5030203484931145,779
m-2_overhang,registered_x01,dtlz2_interval,ls,0.25,4,1,False,5000,21,True,0.0,4526
m-2_overhang,a5b_domination_argument,dtlz2_interval,ls,0.25,4,1,False,5000,21,True,0.0,4526
m-2_overhang,registered_x01,dtlz2_interval,ls,0.25,5,11,False,5000,21,True,0.9250637457536257,528
m-2_overhang,a5b_domination_argument,dtlz2_interval,ls,0.25,5,11,False,5000,21,True,0.807657413866437,528
m-2_overhang,registered_x01,dtlz2_interval,ls,0.25,0,0,False,5000,22,True,0.0,4225
m-2_overhang,a5b_domination_argument,dtlz2_interval,ls,0.25,0,0,False,5000,22,True,0.0,4225
m-2_overhang,registered_x01,dtlz2_interval,ls,0.25,1,11,False,5000,22,True,1.1075358610178303,2388
m-2_overhang,a5b_domination_argument,dtlz2_interval,ls,0.25,1,11,False,5000,22,True,1.0708728374356817,2388
m-2_overhang,registered_x01,dtlz2_interval,ls,0.25,2,0,False,5000,22,True,0.0,3018
m-2_overhang,a5b_domination_argument,dtlz2_interval,ls,0.25,2,0,False,5000,22,True,0.0,3018
m-2_overhang,registered_x01,dtlz2_interval,ls,0.25,3,11,False,5000,22,True,0.799159773538719,2445
m-2_overhang,a5b_domination_argument,dtlz2_interval,ls,0.25,3,11,False,5000,22,True,0.7299482374050704,2445
m-2_overhang,registered_x01,dtlz2_interval,ls,0.25,4,1,False,5000,22,True,0.0,4975
m-2_overhang,a5b_domination_argument,dtlz2_interval,ls,0.25,4,1,False,5000,22,True,0.0,4975
m-2_overhang,registered_x01,dtlz2_interval,ls,0.25,5,11,False,5000,22,True,0.9285665004499704,1231
m-2_overhang,a5b_domination_argument,dtlz2_interval,ls,0.25,5,11,False,5000,22,True,0.9140076241491634,1231
m-2_overhang,registered_x01,dtlz2_interval,ls,0.25,0,0,False,5000,23,True,0.0,3957
m-2_overhang,a5b_domination_argument,dtlz2_interval,ls,0.25,0,0,False,5000,23,True,0.0,3957
m-2_overhang,registered_x01,dtlz2_interval,ls,0.25,1,11,False,5000,23,True,1.039751052445765,4716
m-2_overhang,a5b_domination_argument,dtlz2_interval,ls,0.25,1,11,False,5000,23,True,0.9687866335826176,4716
m-2_overhang,registered_x01,dtlz2_interval,ls,0.25,2,0,False,5000,23,True,0.0,688
m-2_overhang,a5b_domination_argument,dtlz2_interval,ls,0.25,2,0,False,5000,23,True,0.0,688
m-2_overhang,registered_x01,dtlz2_interval,ls,0.25,3,11,False,5000,23,True,0.8529625047020408,1138
m-2_overhang,a5b_domination_argument,dtlz2_interval,ls,0.25,3,11,False,5000,23,True,0.7366778850363673,1138
m-2_overhang,registered_x01,dtlz2_interval,ls,0.25,4,1,False,5000,23,True,0.0,182
m-2_overhang,a5b_domination_argument,dtlz2_interval,ls,0.25,4,1,False,5000,23,True,0.0,182
m-2_overhang,registered_x01,dtlz2_interval,ls,0.25,5,11,False,5000,23,True,0.8555170760335772,343
m-2_overhang,a5b_domination_argument,dtlz2_interval,ls,0.25,5,11,False,5000,23,True,0.7259322902286917,343
m-2_overhang,registered_x01,dtlz2_interval,ls,0.25,0,0,False,5000,24,True,0.0,1266
m-2_overhang,a5b_domination_argument,dtlz2_interval,ls,0.25,0,0,False,5000,24,True,0.0,1266
m-2_overhang,registered_x01,dtlz2_interval,ls,0.25,1,11,False,5000,24,True,0.7912400423005992,3553
m-2_overhang,a5b_domination_argument,dtlz2_interval,ls,0.25,1,11,False,5000,24,True,0.6069476359965956,3553
m-2_overhang,registered_x01,dtlz2_interval,ls,0.25,2,0,False,5000,24,True,0.0,2178
m-2_overhang,a5b_domination_argument,dtlz2_interval,ls,0.25,2,0,False,5000,24,True,0.0,2178
m-2_overhang,registered_x01,dtlz2_interval,ls,0.25,3,11,False,5000,24,True,0.7039783223007611,3833
m-2_overhang,a5b_domination_argument,dtlz2_interval,ls,0.25,3,11,False,5000,24,True,0.6877487749775472,3833
m-2_overhang,registered_x01,dtlz2_interval,ls,0.25,4,1,False,5000,24,True,0.0,107
m-2_overhang,a5b_domination_argument,dtlz2_interval,ls,0.25,4,1,False,5000,24,True,0.0,107
m-2_overhang,registered_x01,dtlz2_interval,ls,0.25,5,11,False,5000,24,True,0.6393355489576467,1482
m-2_overhang,a5b_domination_argument,dtlz2_interval,ls,0.25,5,11,False,5000,24,True,0.5054080151002015,1482
m-2_overhang,registered_x01,dtlz2_interval,ls,0.25,0,0,False,5000,25,True,0.0,3908
m-2_overhang,a5b_domination_argument,dtlz2_interval,ls,0.25,0,0,False,5000,25,True,0.0,3908
m-2_overhang,registered_x01,dtlz2_interval,ls,0.25,1,11,False,5000,25,True,0.8189165170497774,3911
m-2_overhang,a5b_domination_argument,dtlz2_interval,ls,0.25,1,11,False,5000,25,True,0.8110389314710423,3911
m-2_overhang,registered_x01,dtlz2_interval,ls,0.25,2,0,False,5000,25,True,0.0,1105
m-2_overhang,a5b_domination_argument,dtlz2_interval,ls,0.25,2,0,False,5000,25,True,0.0,1105
m-2_overhang,registered_x01,dtlz2_interval,ls,0.25,3,11,False,5000,25,True,0.804986981676591,2916
m-2_overhang,a5b_domination_argument,dtlz2_interval,ls,0.25,3,11,False,5000,25,True,0.7709459513291147,2916
m-2_overhang,registered_x01,dtlz2_interval,ls,0.25,4,1,False,5000,25,True,0.0,4807
m-2_overhang,a5b_domination_argument,dtlz2_interval,ls,0.25,4,1,False,5000,25,True,0.0,4807
m-2_overhang,registered_x01,dtlz2_interval,ls,0.25,5,11,False,5000,25,True,0.7736980397296475,2857
m-2_overhang,a5b_domination_argument,dtlz2_interval,ls,0.25,5,11,False,5000,25,True,0.7481548838433186,2857
m-2_overhang,registered_x01,dtlz2_interval,ls,0.25,0,0,False,5000,26,True,0.0,977
m-2_overhang,a5b_domination_argument,dtlz2_interval,ls,0.25,0,0,False,5000,26,True,0.0,977
m-2_overhang,registered_x01,dtlz2_interval,ls,0.25,1,11,False,5000,26,True,1.1077189830365444,3873
m-2_overhang,a5b_domination_argument,dtlz2_interval,ls,0.25,1,11,False,5000,26,True,0.9668648225241283,3873
m-2_overhang,registered_x01,dtlz2_interval,ls,0.25,2,0,False,5000,26,True,0.0,4502
m-2_overhang,a5b_domination_argument,dtlz2_interval,ls,0.25,2,0,False,5000,26,True,0.0,4502
m-2_overhang,registered_x01,dtlz2_interval,ls,0.25,3,11,False,5000,26,True,0.8822081348149096,163
m-2_overhang,a5b_domination_argument,dtlz2_interval,ls,0.25,3,11,False,5000,26,True,0.8484961404246893,163
m-2_overhang,registered_x01,dtlz2_interval,ls,0.25,4,1,False,5000,26,True,0.0,4060
m-2_overhang,a5b_domination_argument,dtlz2_interval,ls,0.25,4,1,False,5000,26,True,0.0,4060
m-2_overhang,registered_x01,dtlz2_interval,ls,0.25,5,11,False,5000,26,True,0.6121067984862167,2171
m-2_overhang,a5b_domination_argument,dtlz2_interval,ls,0.25,5,11,False,5000,26,True,0.6055955262101029,2171
m-2_overhang,registered_x01,dtlz2_interval,ls,0.25,0,0,False,5000,27,True,0.0,945
m-2_overhang,a5b_domination_argument,dtlz2_interval,ls,0.25,0,0,False,5000,27,True,0.0,945
m-2_overhang,registered_x01,dtlz2_interval,ls,0.25,1,11,False,5000,27,True,1.079250854475289,1315
m-2_overhang,a5b_domination_argument,dtlz2_interval,ls,0.25,1,11,False,5000,27,True,0.9318097917741843,1315
m-2_overhang,registered_x01,dtlz2_interval,ls,0.25,2,0,False,5000,27,True,0.0,3685
m-2_overhang,a5b_domination_argument,dtlz2_interval,ls,0.25,2,0,False,5000,27,True,0.0,3685
m-2_overhang,registered_x01,dtlz2_interval,ls,0.25,3,11,False,5000,27,True,0.7828909410914601,4586
m-2_overhang,a5b_domination_argument,dtlz2_interval,ls,0.25,3,11,False,5000,27,True,0.7355822261100737,4586
m-2_overhang,registered_x01,dtlz2_interval,ls,0.25,4,1,False,5000,27,True,0.0,444
m-2_overhang,a5b_domination_argument,dtlz2_interval,ls,0.25,4,1,False,5000,27,True,0.0,444
m-2_overhang,registered_x01,dtlz2_interval,ls,0.25,5,11,False,5000,27,True,0.7926237589528443,4427
m-2_overhang,a5b_domination_argument,dtlz2_interval,ls,0.25,5,11,False,5000,27,True,0.7767668322589716,4427
m-2_overhang,registered_x01,dtlz2_interval,ls,0.25,0,0,False,5000,28,True,0.0,2144
m-2_overhang,a5b_domination_argument,dtlz2_interval,ls,0.25,0,0,False,5000,28,True,0.0,2144
m-2_overhang,registered_x01,dtlz2_interval,ls,0.25,1,11,False,5000,28,True,0.822286508844209,3421
m-2_overhang,a5b_domination_argument,dtlz2_interval,ls,0.25,1,11,False,5000,28,True,0.6161087857699429,3421
m-2_overhang,registered_x01,dtlz2_interval,ls,0.25,2,0,False,5000,28,True,0.0,1419
m-2_overhang,a5b_domination_argument,dtlz2_interval,ls,0.25,2,0,False,5000,28,True,0.0,1419
m-2_overhang,registered_x01,dtlz2_interval,ls,0.25,3,11,False,5000,28,True,0.9209315665347304,1483
m-2_overhang,a5b_domination_argument,dtlz2_interval,ls,0.25,3,11,False,5000,28,True,0.840607563591031,1483
m-2_overhang,registered_x01,dtlz2_interval,ls,0.25,4,1,False,5000,28,True,0.0,3990
m-2_overhang,a5b_domination_argument,dtlz2_interval,ls,0.25,4,1,False,5000,28,True,0.0,3990
m-2_overhang,registered_x01,dtlz2_interval,ls,0.25,5,11,False,5000,28,True,0.8566438655941201,3096
m-2_overhang,a5b_domination_argument,dtlz2_interval,ls,0.25,5,11,False,5000,28,True,0.8550035913525317,3096
m-2_overhang,registered_x01,dtlz2_interval,ls,0.25,0,0,False,5000,29,True,0.0,2151
m-2_overhang,a5b_domination_argument,dtlz2_interval,ls,0.25,0,0,False,5000,29,True,0.0,2151
m-2_overhang,registered_x01,dtlz2_interval,ls,0.25,1,11,False,5000,29,True,0.8337238455800154,1086
m-2_overhang,a5b_domination_argument,dtlz2_interval,ls,0.25,1,11,False,5000,29,True,0.679663576535068,1086
m-2_overhang,registered_x01,dtlz2_interval,ls,0.25,2,0,False,5000,29,True,0.0,2805
m-2_overhang,a5b_domination_argument,dtlz2_interval,ls,0.25,2,0,False,5000,29,True,0.0,2805
m-2_overhang,registered_x01,dtlz2_interval,ls,0.25,3,11,False,5000,29,True,0.859904809292976,690
m-2_overhang,a5b_domination_argument,dtlz2_interval,ls,0.25,3,11,False,5000,29,True,0.8062985465486355,690
m-2_overhang,registered_x01,dtlz2_interval,ls,0.25,4,1,False,5000,29,True,0.0,653
m-2_overhang,a5b_domination_argument,dtlz2_interval,ls,0.25,4,1,False,5000,29,True,0.0,653
m-2_overhang,registered_x01,dtlz2_interval,ls,0.25,5,11,False,5000,29,True,0.7492279865779223,769
m-2_overhang,a5b_domination_argument,dtlz2_interval,ls,0.25,5,11,False,5000,29,True,0.7196812319228754,769
m-2_overhang,registered_x01,dtlz2_interval,ls,0.25,0,0,False,5000,30,True,0.0,3368
m-2_overhang,a5b_domination_argument,dtlz2_interval,ls,0.25,0,0,False,5000,30,True,0.0,3368
m-2_overhang,registered_x01,dtlz2_interval,ls,0.25,1,11,False,5000,30,True,0.900657120583021,2978
m-2_overhang,a5b_domination_argument,dtlz2_interval,ls,0.25,1,11,False,5000,30,True,0.7914046962356995,2978
m-2_overhang,registered_x01,dtlz2_interval,ls,0.25,2,0,False,5000,30,True,0.0,1902
m-2_overhang,a5b_domination_argument,dtlz2_interval,ls,0.25,2,0,False,5000,30,True,0.0,1902
m-2_overhang,registered_x01,dtlz2_interval,ls,0.25,3,11,False,5000,30,True,0.9081841733248469,3898
m-2_overhang,a5b_domination_argument,dtlz2_interval,ls,0.25,3,11,False,5000,30,True,0.9078644002297094,3898
m-2_overhang,registered_x01,dtlz2_interval,ls,0.25,4,1,False,5000,30,True,0.0,2336
m-2_overhang,a5b_domination_argument,dtlz2_interval,ls,0.25,4,1,False,5000,30,True,0.0,2336
m-2_overhang,registered_x01,dtlz2_interval,ls,0.25,5,11,False,5000,30,True,0.5658498107502269,1558
m-2_overhang,a5b_domination_argument,dtlz2_interval,ls,0.25,5,11,False,5000,30,True,0.5493094342050974,1558
m-2_overhang,registered_x01,dtlz2_interval,cw,0.25,0,0,False,5000,11,True,0.0,4810
m-2_overhang,a5b_domination_argument,dtlz2_interval,cw,0.25,0,0,False,5000,11,True,0.0,4810
m-2_overhang,registered_x01,dtlz2_interval,cw,0.25,1,11,False,5000,11,True,0.7011742254435525,1001
m-2_overhang,a5b_domination_argument,dtlz2_interval,cw,0.25,1,11,False,5000,11,True,0.5680159661743416,1001
m-2_overhang,registered_x01,dtlz2_interval,cw,0.25,2,0,False,5000,11,True,0.0,4507
m-2_overhang,a5b_domination_argument,dtlz2_interval,cw,0.25,2,0,False,5000,11,True,0.0,4507
m-2_overhang,registered_x01,dtlz2_interval,cw,0.25,3,11,False,5000,11,True,0.8570940819195144,4783
m-2_overhang,a5b_domination_argument,dtlz2_interval,cw,0.25,3,11,False,5000,11,True,0.8507460864880665,4783
m-2_overhang,registered_x01,dtlz2_interval,cw,0.25,4,1,False,5000,11,True,0.0,4455
m-2_overhang,a5b_domination_argument,dtlz2_interval,cw,0.25,4,1,False,5000,11,True,0.0,4455
m-2_overhang,registered_x01,dtlz2_interval,cw,0.25,5,11,False,5000,11,True,0.9564749584500807,1088
m-2_overhang,a5b_domination_argument,dtlz2_interval,cw,0.25,5,11,False,5000,11,True,0.9290498298895404,1088
m-2_overhang,registered_x01,dtlz2_interval,cw,0.25,0,0,False,5000,12,True,0.0,4880
m-2_overhang,a5b_domination_argument,dtlz2_interval,cw,0.25,0,0,False,5000,12,True,0.0,4880
m-2_overhang,registered_x01,dtlz2_interval,cw,0.25,1,11,False,5000,12,True,0.7410036919133441,4691
m-2_overhang,a5b_domination_argument,dtlz2_interval,cw,0.25,1,11,False,5000,12,True,0.7284287371207337,4691
m-2_overhang,registered_x01,dtlz2_interval,cw,0.25,2,0,False,5000,12,True,0.0,822
m-2_overhang,a5b_domination_argument,dtlz2_interval,cw,0.25,2,0,False,5000,12,True,0.0,822
m-2_overhang,registered_x01,dtlz2_interval,cw,0.25,3,11,False,5000,12,True,0.8246616691859471,2043
m-2_overhang,a5b_domination_argument,dtlz2_interval,cw,0.25,3,11,False,5000,12,True,0.7666299190501987,2043
m-2_overhang,registered_x01,dtlz2_interval,cw,0.25,4,1,False,5000,12,True,0.0,649
m-2_overhang,a5b_domination_argument,dtlz2_interval,cw,0.25,4,1,False,5000,12,True,0.0,649
m-2_overhang,registered_x01,dtlz2_interval,cw,0.25,5,11,False,5000,12,True,0.7360658199159732,3909
m-2_overhang,a5b_domination_argument,dtlz2_interval,cw,0.25,5,11,False,5000,12,True,0.6861644145671846,3909
m-2_overhang,registered_x01,dtlz2_interval,cw,0.25,0,0,False,5000,13,True,0.0,4644
m-2_overhang,a5b_domination_argument,dtlz2_interval,cw,0.25,0,0,False,5000,13,True,0.0,4644
m-2_overhang,registered_x01,dtlz2_interval,cw,0.25,1,11,False,5000,13,True,0.9283198908418778,1652
m-2_overhang,a5b_domination_argument,dtlz2_interval,cw,0.25,1,11,False,5000,13,True,0.7082491365710535,1652
m-2_overhang,registered_x01,dtlz2_interval,cw,0.25,2,0,False,5000,13,True,0.0,340
m-2_overhang,a5b_domination_argument,dtlz2_interval,cw,0.25,2,0,False,5000,13,True,0.0,340
m-2_overhang,registered_x01,dtlz2_interval,cw,0.25,3,11,False,5000,13,True,0.7982598595090424,3011
m-2_overhang,a5b_domination_argument,dtlz2_interval,cw,0.25,3,11,False,5000,13,True,0.7904405376792903,3011
m-2_overhang,registered_x01,dtlz2_interval,cw,0.25,4,1,False,5000,13,True,0.0,4318
m-2_overhang,a5b_domination_argument,dtlz2_interval,cw,0.25,4,1,False,5000,13,True,0.0,4318
m-2_overhang,registered_x01,dtlz2_interval,cw,0.25,5,11,False,5000,13,True,0.792287012561412,3330
m-2_overhang,a5b_domination_argument,dtlz2_interval,cw,0.25,5,11,False,5000,13,True,0.777037109117466,3330
m-2_overhang,registered_x01,dtlz2_interval,cw,0.25,0,0,False,5000,14,True,0.0,248
m-2_overhang,a5b_domination_argument,dtlz2_interval,cw,0.25,0,0,False,5000,14,True,0.0,248
m-2_overhang,registered_x01,dtlz2_interval,cw,0.25,1,11,False,5000,14,True,0.848155207603304,4187
m-2_overhang,a5b_domination_argument,dtlz2_interval,cw,0.25,1,11,False,5000,14,True,0.8340922334952999,4187
m-2_overhang,registered_x01,dtlz2_interval,cw,0.25,2,0,False,5000,14,True,0.0,4943
m-2_overhang,a5b_domination_argument,dtlz2_interval,cw,0.25,2,0,False,5000,14,True,0.0,4943
m-2_overhang,registered_x01,dtlz2_interval,cw,0.25,3,11,False,5000,14,True,0.7883892508311481,3153
m-2_overhang,a5b_domination_argument,dtlz2_interval,cw,0.25,3,11,False,5000,14,True,0.788226590001525,3153
m-2_overhang,registered_x01,dtlz2_interval,cw,0.25,4,1,False,5000,14,True,0.0,2282
m-2_overhang,a5b_domination_argument,dtlz2_interval,cw,0.25,4,1,False,5000,14,True,0.0,2282
m-2_overhang,registered_x01,dtlz2_interval,cw,0.25,5,11,False,5000,14,True,0.6197486520849799,1944
m-2_overhang,a5b_domination_argument,dtlz2_interval,cw,0.25,5,11,False,5000,14,True,0.6173162888420538,1944
m-2_overhang,registered_x01,dtlz2_interval,cw,0.25,0,0,False,5000,15,True,0.0,4652
m-2_overhang,a5b_domination_argument,dtlz2_interval,cw,0.25,0,0,False,5000,15,True,0.0,4652
m-2_overhang,registered_x01,dtlz2_interval,cw,0.25,1,11,False,5000,15,True,0.8510709121112792,2871
m-2_overhang,a5b_domination_argument,dtlz2_interval,cw,0.25,1,11,False,5000,15,True,0.7622666429354146,2871
m-2_overhang,registered_x01,dtlz2_interval,cw,0.25,2,0,False,5000,15,True,0.0,1502
m-2_overhang,a5b_domination_argument,dtlz2_interval,cw,0.25,2,0,False,5000,15,True,0.0,1502
m-2_overhang,registered_x01,dtlz2_interval,cw,0.25,3,11,False,5000,15,True,0.7440319537680538,4324
m-2_overhang,a5b_domination_argument,dtlz2_interval,cw,0.25,3,11,False,5000,15,True,0.6193368167240819,4324
m-2_overhang,registered_x01,dtlz2_interval,cw,0.25,4,1,False,5000,15,True,0.0,2880
m-2_overhang,a5b_domination_argument,dtlz2_interval,cw,0.25,4,1,False,5000,15,True,0.0,2880
m-2_overhang,registered_x01,dtlz2_interval,cw,0.25,5,11,False,5000,15,True,0.7961107828553797,1596
m-2_overhang,a5b_domination_argument,dtlz2_interval,cw,0.25,5,11,False,5000,15,True,0.6858266855212186,1596
m-2_overhang,registered_x01,dtlz2_interval,cw,0.25,0,0,False,5000,16,True,0.0,1076
m-2_overhang,a5b_domination_argument,dtlz2_interval,cw,0.25,0,0,False,5000,16,True,0.0,1076
m-2_overhang,registered_x01,dtlz2_interval,cw,0.25,1,11,False,5000,16,True,0.6886044108427936,1623
m-2_overhang,a5b_domination_argument,dtlz2_interval,cw,0.25,1,11,False,5000,16,True,0.5017808260650071,1623
m-2_overhang,registered_x01,dtlz2_interval,cw,0.25,2,0,False,5000,16,True,0.0,4375
m-2_overhang,a5b_domination_argument,dtlz2_interval,cw,0.25,2,0,False,5000,16,True,0.0,4375
m-2_overhang,registered_x01,dtlz2_interval,cw,0.25,3,11,False,5000,16,True,0.750196488030427,3479
m-2_overhang,a5b_domination_argument,dtlz2_interval,cw,0.25,3,11,False,5000,16,True,0.7427461829403692,3479
m-2_overhang,registered_x01,dtlz2_interval,cw,0.25,4,1,False,5000,16,True,0.0,849
m-2_overhang,a5b_domination_argument,dtlz2_interval,cw,0.25,4,1,False,5000,16,True,0.0,849
m-2_overhang,registered_x01,dtlz2_interval,cw,0.25,5,11,False,5000,16,True,0.877991193161898,3855
m-2_overhang,a5b_domination_argument,dtlz2_interval,cw,0.25,5,11,False,5000,16,True,0.7956233435328768,3855
m-2_overhang,registered_x01,dtlz2_interval,cw,0.25,0,0,False,5000,17,True,0.0,4534
m-2_overhang,a5b_domination_argument,dtlz2_interval,cw,0.25,0,0,False,5000,17,True,0.0,4534
m-2_overhang,registered_x01,dtlz2_interval,cw,0.25,1,11,False,5000,17,True,0.837781036764612,1156
m-2_overhang,a5b_domination_argument,dtlz2_interval,cw,0.25,1,11,False,5000,17,True,0.6285407333320052,1156
m-2_overhang,registered_x01,dtlz2_interval,cw,0.25,2,0,False,5000,17,True,0.0,2163
m-2_overhang,a5b_domination_argument,dtlz2_interval,cw,0.25,2,0,False,5000,17,True,0.0,2163
m-2_overhang,registered_x01,dtlz2_interval,cw,0.25,3,11,False,5000,17,True,0.8772584350369866,264
m-2_overhang,a5b_domination_argument,dtlz2_interval,cw,0.25,3,11,False,5000,17,True,0.7920382310738412,264
m-2_overhang,registered_x01,dtlz2_interval,cw,0.25,4,1,False,5000,17,True,0.0,1867
m-2_overhang,a5b_domination_argument,dtlz2_interval,cw,0.25,4,1,False,5000,17,True,0.0,1867
m-2_overhang,registered_x01,dtlz2_interval,cw,0.25,5,11,False,5000,17,True,0.725560805117221,4624
m-2_overhang,a5b_domination_argument,dtlz2_interval,cw,0.25,5,11,False,5000,17,True,0.6398121104868595,4624
m-2_overhang,registered_x01,dtlz2_interval,cw,0.25,0,0,False,5000,18,True,0.0,69
m-2_overhang,a5b_domination_argument,dtlz2_interval,cw,0.25,0,0,False,5000,18,True,0.0,69
m-2_overhang,registered_x01,dtlz2_interval,cw,0.25,1,11,False,5000,18,True,0.8590486673178142,1381
m-2_overhang,a5b_domination_argument,dtlz2_interval,cw,0.25,1,11,False,5000,18,True,0.7630132780239708,1381
m-2_overhang,registered_x01,dtlz2_interval,cw,0.25,2,0,False,5000,18,True,0.0,2864
m-2_overhang,a5b_domination_argument,dtlz2_interval,cw,0.25,2,0,False,5000,18,True,0.0,2864
m-2_overhang,registered_x01,dtlz2_interval,cw,0.25,3,11,False,5000,18,True,0.8939481199711548,646
m-2_overhang,a5b_domination_argument,dtlz2_interval,cw,0.25,3,11,False,5000,18,True,0.7978348968788517,646
m-2_overhang,registered_x01,dtlz2_interval,cw,0.25,4,1,False,5000,18,True,0.0,4594
m-2_overhang,a5b_domination_argument,dtlz2_interval,cw,0.25,4,1,False,5000,18,True,0.0,4594
m-2_overhang,registered_x01,dtlz2_interval,cw,0.25,5,11,False,5000,18,True,0.6607735748032175,4360
m-2_overhang,a5b_domination_argument,dtlz2_interval,cw,0.25,5,11,False,5000,18,True,0.6160962700081032,4360
m-2_overhang,registered_x01,dtlz2_interval,cw,0.25,0,0,False,5000,19,True,0.0,3010
m-2_overhang,a5b_domination_argument,dtlz2_interval,cw,0.25,0,0,False,5000,19,True,0.0,3010
m-2_overhang,registered_x01,dtlz2_interval,cw,0.25,1,11,False,5000,19,True,0.9529248311222105,2358
m-2_overhang,a5b_domination_argument,dtlz2_interval,cw,0.25,1,11,False,5000,19,True,0.9040522476219736,2358
m-2_overhang,registered_x01,dtlz2_interval,cw,0.25,2,0,False,5000,19,True,0.0,174
m-2_overhang,a5b_domination_argument,dtlz2_interval,cw,0.25,2,0,False,5000,19,True,0.0,174
m-2_overhang,registered_x01,dtlz2_interval,cw,0.25,3,11,False,5000,19,True,1.0234402629378825,4932
m-2_overhang,a5b_domination_argument,dtlz2_interval,cw,0.25,3,11,False,5000,19,True,0.9059506548909978,4932
m-2_overhang,registered_x01,dtlz2_interval,cw,0.25,4,1,False,5000,19,True,0.0,4938
m-2_overhang,a5b_domination_argument,dtlz2_interval,cw,0.25,4,1,False,5000,19,True,0.0,4938
m-2_overhang,registered_x01,dtlz2_interval,cw,0.25,5,11,False,5000,19,True,0.8034551410146896,4538
m-2_overhang,a5b_domination_argument,dtlz2_interval,cw,0.25,5,11,False,5000,19,True,0.787613676971034,4538
m-2_overhang,registered_x01,dtlz2_interval,cw,0.25,0,0,False,5000,20,True,0.0,2152
m-2_overhang,a5b_domination_argument,dtlz2_interval,cw,0.25,0,0,False,5000,20,True,0.0,2152
m-2_overhang,registered_x01,dtlz2_interval,cw,0.25,1,11,False,5000,20,True,0.8297393114997533,3364
m-2_overhang,a5b_domination_argument,dtlz2_interval,cw,0.25,1,11,False,5000,20,True,0.7064114341351895,3364
m-2_overhang,registered_x01,dtlz2_interval,cw,0.25,2,0,False,5000,20,True,0.0,3212
m-2_overhang,a5b_domination_argument,dtlz2_interval,cw,0.25,2,0,False,5000,20,True,0.0,3212
m-2_overhang,registered_x01,dtlz2_interval,cw,0.25,3,11,False,5000,20,True,0.8016604407593988,680
m-2_overhang,a5b_domination_argument,dtlz2_interval,cw,0.25,3,11,False,5000,20,True,0.680929178636058,680
m-2_overhang,registered_x01,dtlz2_interval,cw,0.25,4,1,False,5000,20,True,0.0,1965
m-2_overhang,a5b_domination_argument,dtlz2_interval,cw,0.25,4,1,False,5000,20,True,0.0,1965
m-2_overhang,registered_x01,dtlz2_interval,cw,0.25,5,11,False,5000,20,True,0.9483939246172977,368
m-2_overhang,a5b_domination_argument,dtlz2_interval,cw,0.25,5,11,False,5000,20,True,0.9330832931517489,368
m-2_overhang,registered_x01,dtlz2_interval,cw,0.25,0,0,False,5000,21,True,0.0,906
m-2_overhang,a5b_domination_argument,dtlz2_interval,cw,0.25,0,0,False,5000,21,True,0.0,906
m-2_overhang,registered_x01,dtlz2_interval,cw,0.25,1,11,False,5000,21,True,0.7776222925304932,1
m-2_overhang,a5b_domination_argument,dtlz2_interval,cw,0.25,1,11,False,5000,21,True,0.7594532939978198,1
m-2_overhang,registered_x01,dtlz2_interval,cw,0.25,2,0,False,5000,21,True,0.0,1027
m-2_overhang,a5b_domination_argument,dtlz2_interval,cw,0.25,2,0,False,5000,21,True,0.0,1027
m-2_overhang,registered_x01,dtlz2_interval,cw,0.25,3,11,False,5000,21,True,0.5376677948895031,779
m-2_overhang,a5b_domination_argument,dtlz2_interval,cw,0.25,3,11,False,5000,21,True,0.5030203484931145,779
m-2_overhang,registered_x01,dtlz2_interval,cw,0.25,4,1,False,5000,21,True,0.0,1733
m-2_overhang,a5b_domination_argument,dtlz2_interval,cw,0.25,4,1,False,5000,21,True,0.0,1733
m-2_overhang,registered_x01,dtlz2_interval,cw,0.25,5,11,False,5000,21,True,0.9250637457536257,528
m-2_overhang,a5b_domination_argument,dtlz2_interval,cw,0.25,5,11,False,5000,21,True,0.807657413866437,528
m-2_overhang,registered_x01,dtlz2_interval,cw,0.25,0,0,False,5000,22,True,0.0,785
m-2_overhang,a5b_domination_argument,dtlz2_interval,cw,0.25,0,0,False,5000,22,True,0.0,785
m-2_overhang,registered_x01,dtlz2_interval,cw,0.25,1,11,False,5000,22,True,1.1075358610178303,2388
m-2_overhang,a5b_domination_argument,dtlz2_interval,cw,0.25,1,11,False,5000,22,True,1.0708728374356817,2388
m-2_overhang,registered_x01,dtlz2_interval,cw,0.25,2,0,False,5000,22,True,0.0,3887
m-2_overhang,a5b_domination_argument,dtlz2_interval,cw,0.25,2,0,False,5000,22,True,0.0,3887
m-2_overhang,registered_x01,dtlz2_interval,cw,0.25,3,11,False,5000,22,True,0.799159773538719,2445
m-2_overhang,a5b_domination_argument,dtlz2_interval,cw,0.25,3,11,False,5000,22,True,0.7299482374050704,2445
m-2_overhang,registered_x01,dtlz2_interval,cw,0.25,4,1,False,5000,22,True,0.0,3302
m-2_overhang,a5b_domination_argument,dtlz2_interval,cw,0.25,4,1,False,5000,22,True,0.0,3302
m-2_overhang,registered_x01,dtlz2_interval,cw,0.25,5,11,False,5000,22,True,0.9285665004499704,1231
m-2_overhang,a5b_domination_argument,dtlz2_interval,cw,0.25,5,11,False,5000,22,True,0.9140076241491634,1231
m-2_overhang,registered_x01,dtlz2_interval,cw,0.25,0,0,False,5000,23,True,0.0,1038
m-2_overhang,a5b_domination_argument,dtlz2_interval,cw,0.25,0,0,False,5000,23,True,0.0,1038
m-2_overhang,registered_x01,dtlz2_interval,cw,0.25,1,11,False,5000,23,True,1.039751052445765,4716
m-2_overhang,a5b_domination_argument,dtlz2_interval,cw,0.25,1,11,False,5000,23,True,0.9687866335826176,4716
m-2_overhang,registered_x01,dtlz2_interval,cw,0.25,2,0,False,5000,23,True,0.0,1973
m-2_overhang,a5b_domination_argument,dtlz2_interval,cw,0.25,2,0,False,5000,23,True,0.0,1973
m-2_overhang,registered_x01,dtlz2_interval,cw,0.25,3,11,False,5000,23,True,0.8529625047020408,1138
m-2_overhang,a5b_domination_argument,dtlz2_interval,cw,0.25,3,11,False,5000,23,True,0.7366778850363673,1138
m-2_overhang,registered_x01,dtlz2_interval,cw,0.25,4,1,False,5000,23,True,0.0,1498
m-2_overhang,a5b_domination_argument,dtlz2_interval,cw,0.25,4,1,False,5000,23,True,0.0,1498
m-2_overhang,registered_x01,dtlz2_interval,cw,0.25,5,11,False,5000,23,True,0.8555170760335772,343
m-2_overhang,a5b_domination_argument,dtlz2_interval,cw,0.25,5,11,False,5000,23,True,0.7259322902286917,343
m-2_overhang,registered_x01,dtlz2_interval,cw,0.25,0,0,False,5000,24,True,0.0,4115
m-2_overhang,a5b_domination_argument,dtlz2_interval,cw,0.25,0,0,False,5000,24,True,0.0,4115
m-2_overhang,registered_x01,dtlz2_interval,cw,0.25,1,11,False,5000,24,True,0.7912400423005992,3553
m-2_overhang,a5b_domination_argument,dtlz2_interval,cw,0.25,1,11,False,5000,24,True,0.6069476359965956,3553
m-2_overhang,registered_x01,dtlz2_interval,cw,0.25,2,0,False,5000,24,True,0.0,4115
m-2_overhang,a5b_domination_argument,dtlz2_interval,cw,0.25,2,0,False,5000,24,True,0.0,4115
m-2_overhang,registered_x01,dtlz2_interval,cw,0.25,3,11,False,5000,24,True,0.7039783223007611,3833
m-2_overhang,a5b_domination_argument,dtlz2_interval,cw,0.25,3,11,False,5000,24,True,0.6877487749775472,3833
m-2_overhang,registered_x01,dtlz2_interval,cw,0.25,4,1,False,5000,24,True,0.0,107
m-2_overhang,a5b_domination_argument,dtlz2_interval,cw,0.25,4,1,False,5000,24,True,0.0,107
m-2_overhang,registered_x01,dtlz2_interval,cw,0.25,5,11,False,5000,24,True,0.6393355489576467,1482
m-2_overhang,a5b_domination_argument,dtlz2_interval,cw,0.25,5,11,False,5000,24,True,0.5054080151002015,1482
m-2_overhang,registered_x01,dtlz2_interval,cw,0.25,0,0,False,5000,25,True,0.0,4066
m-2_overhang,a5b_domination_argument,dtlz2_interval,cw,0.25,0,0,False,5000,25,True,0.0,4066
m-2_overhang,registered_x01,dtlz2_interval,cw,0.25,1,11,False,5000,25,True,0.8189165170497774,3911
m-2_overhang,a5b_domination_argument,dtlz2_interval,cw,0.25,1,11,False,5000,25,True,0.8110389314710423,3911
m-2_overhang,registered_x01,dtlz2_interval,cw,0.25,2,0,False,5000,25,True,0.0,4066
m-2_overhang,a5b_domination_argument,dtlz2_interval,cw,0.25,2,0,False,5000,25,True,0.0,4066
m-2_overhang,registered_x01,dtlz2_interval,cw,0.25,3,11,False,5000,25,True,0.804986981676591,2916
m-2_overhang,a5b_domination_argument,dtlz2_interval,cw,0.25,3,11,False,5000,25,True,0.7709459513291147,2916
m-2_overhang,registered_x01,dtlz2_interval,cw,0.25,4,1,False,5000,25,True,0.0,1928
m-2_overhang,a5b_domination_argument,dtlz2_interval,cw,0.25,4,1,False,5000,25,True,0.0,1928
m-2_overhang,registered_x01,dtlz2_interval,cw,0.25,5,11,False,5000,25,True,0.7736980397296475,2857
m-2_overhang,a5b_domination_argument,dtlz2_interval,cw,0.25,5,11,False,5000,25,True,0.7481548838433186,2857
m-2_overhang,registered_x01,dtlz2_interval,cw,0.25,0,0,False,5000,26,True,0.0,4298
m-2_overhang,a5b_domination_argument,dtlz2_interval,cw,0.25,0,0,False,5000,26,True,0.0,4298
m-2_overhang,registered_x01,dtlz2_interval,cw,0.25,1,11,False,5000,26,True,1.1077189830365444,3873
m-2_overhang,a5b_domination_argument,dtlz2_interval,cw,0.25,1,11,False,5000,26,True,0.9668648225241283,3873
m-2_overhang,registered_x01,dtlz2_interval,cw,0.25,2,0,False,5000,26,True,0.0,1086
m-2_overhang,a5b_domination_argument,dtlz2_interval,cw,0.25,2,0,False,5000,26,True,0.0,1086
m-2_overhang,registered_x01,dtlz2_interval,cw,0.25,3,11,False,5000,26,True,0.8822081348149096,163
m-2_overhang,a5b_domination_argument,dtlz2_interval,cw,0.25,3,11,False,5000,26,True,0.8484961404246893,163
m-2_overhang,registered_x01,dtlz2_interval,cw,0.25,4,1,False,5000,26,True,0.0,4060
m-2_overhang,a5b_domination_argument,dtlz2_interval,cw,0.25,4,1,False,5000,26,True,0.0,4060
m-2_overhang,registered_x01,dtlz2_interval,cw,0.25,5,11,False,5000,26,True,0.6121067984862167,2171
m-2_overhang,a5b_domination_argument,dtlz2_interval,cw,0.25,5,11,False,5000,26,True,0.6055955262101029,2171
m-2_overhang,registered_x01,dtlz2_interval,cw,0.25,0,0,False,5000,27,True,0.0,2648
m-2_overhang,a5b_domination_argument,dtlz2_interval,cw,0.25,0,0,False,5000,27,True,0.0,2648
m-2_overhang,registered_x01,dtlz2_interval,cw,0.25,1,11,False,5000,27,True,1.079250854475289,1315
m-2_overhang,a5b_domination_argument,dtlz2_interval,cw,0.25,1,11,False,5000,27,True,0.9318097917741843,1315
m-2_overhang,registered_x01,dtlz2_interval,cw,0.25,2,0,False,5000,27,True,0.0,3081
m-2_overhang,a5b_domination_argument,dtlz2_interval,cw,0.25,2,0,False,5000,27,True,0.0,3081
m-2_overhang,registered_x01,dtlz2_interval,cw,0.25,3,11,False,5000,27,True,0.7828909410914601,4586
m-2_overhang,a5b_domination_argument,dtlz2_interval,cw,0.25,3,11,False,5000,27,True,0.7355822261100737,4586
m-2_overhang,registered_x01,dtlz2_interval,cw,0.25,4,1,False,5000,27,True,0.0,4781
m-2_overhang,a5b_domination_argument,dtlz2_interval,cw,0.25,4,1,False,5000,27,True,0.0,4781
m-2_overhang,registered_x01,dtlz2_interval,cw,0.25,5,11,False,5000,27,True,0.7926237589528443,4427
m-2_overhang,a5b_domination_argument,dtlz2_interval,cw,0.25,5,11,False,5000,27,True,0.7767668322589716,4427
m-2_overhang,registered_x01,dtlz2_interval,cw,0.25,0,0,False,5000,28,True,0.0,724
m-2_overhang,a5b_domination_argument,dtlz2_interval,cw,0.25,0,0,False,5000,28,True,0.0,724
m-2_overhang,registered_x01,dtlz2_interval,cw,0.25,1,11,False,5000,28,True,0.822286508844209,3421
m-2_overhang,a5b_domination_argument,dtlz2_interval,cw,0.25,1,11,False,5000,28,True,0.6161087857699429,3421
m-2_overhang,registered_x01,dtlz2_interval,cw,0.25,2,0,False,5000,28,True,0.0,1985
m-2_overhang,a5b_domination_argument,dtlz2_interval,cw,0.25,2,0,False,5000,28,True,0.0,1985
m-2_overhang,registered_x01,dtlz2_interval,cw,0.25,3,11,False,5000,28,True,0.9209315665347304,1483
m-2_overhang,a5b_domination_argument,dtlz2_interval,cw,0.25,3,11,False,5000,28,True,0.840607563591031,1483
m-2_overhang,registered_x01,dtlz2_interval,cw,0.25,4,1,False,5000,28,True,0.0,4579
m-2_overhang,a5b_domination_argument,dtlz2_interval,cw,0.25,4,1,False,5000,28,True,0.0,4579
m-2_overhang,registered_x01,dtlz2_interval,cw,0.25,5,11,False,5000,28,True,0.8566438655941201,3096
m-2_overhang,a5b_domination_argument,dtlz2_interval,cw,0.25,5,11,False,5000,28,True,0.8550035913525317,3096
m-2_overhang,registered_x01,dtlz2_interval,cw,0.25,0,0,False,5000,29,True,0.0,138
m-2_overhang,a5b_domination_argument,dtlz2_interval,cw,0.25,0,0,False,5000,29,True,0.0,138
m-2_overhang,registered_x01,dtlz2_interval,cw,0.25,1,11,False,5000,29,True,0.8337238455800154,1086
m-2_overhang,a5b_domination_argument,dtlz2_interval,cw,0.25,1,11,False,5000,29,True,0.679663576535068,1086
m-2_overhang,registered_x01,dtlz2_interval,cw,0.25,2,0,False,5000,29,True,0.0,1761
m-2_overhang,a5b_domination_argument,dtlz2_interval,cw,0.25,2,0,False,5000,29,True,0.0,1761
m-2_overhang,registered_x01,dtlz2_interval,cw,0.25,3,11,False,5000,29,True,0.859904809292976,690
m-2_overhang,a5b_domination_argument,dtlz2_interval,cw,0.25,3,11,False,5000,29,True,0.8062985465486355,690
m-2_overhang,registered_x01,dtlz2_interval,cw,0.25,4,1,False,5000,29,True,0.0,653
m-2_overhang,a5b_domination_argument,dtlz2_interval,cw,0.25,4,1,False,5000,29,True,0.0,653
m-2_overhang,registered_x01,dtlz2_interval,cw,0.25,5,11,False,5000,29,True,0.7492279865779223,769
m-2_overhang,a5b_domination_argument,dtlz2_interval,cw,0.25,5,11,False,5000,29,True,0.7196812319228754,769
m-2_overhang,registered_x01,dtlz2_interval,cw,0.25,0,0,False,5000,30,True,0.0,2747
m-2_overhang,a5b_domination_argument,dtlz2_interval,cw,0.25,0,0,False,5000,30,True,0.0,2747
m-2_overhang,registered_x01,dtlz2_interval,cw,0.25,1,11,False,5000,30,True,0.900657120583021,2978
m-2_overhang,a5b_domination_argument,dtlz2_interval,cw,0.25,1,11,False,5000,30,True,0.7914046962356995,2978
m-2_overhang,registered_x01,dtlz2_interval,cw,0.25,2,0,False,5000,30,True,0.0,4832
m-2_overhang,a5b_domination_argument,dtlz2_interval,cw,0.25,2,0,False,5000,30,True,0.0,4832
m-2_overhang,registered_x01,dtlz2_interval,cw,0.25,3,11,False,5000,30,True,0.9081841733248469,3898
m-2_overhang,a5b_domination_argument,dtlz2_interval,cw,0.25,3,11,False,5000,30,True,0.9078644002297094,3898
m-2_overhang,registered_x01,dtlz2_interval,cw,0.25,4,1,False,5000,30,True,0.0,1019
m-2_overhang,a5b_domination_argument,dtlz2_interval,cw,0.25,4,1,False,5000,30,True,0.0,1019
m-2_overhang,registered_x01,dtlz2_interval,cw,0.25,5,11,False,5000,30,True,0.5658498107502269,1558
m-2_overhang,a5b_domination_argument,dtlz2_interval,cw,0.25,5,11,False,5000,30,True,0.5493094342050974,1558
m-2_overhang,registered_x01,dtlz2_interval,lu,0.5,0,0,False,5000,11,True,0.0,2528
m-2_overhang,a5b_domination_argument,dtlz2_interval,lu,0.5,0,0,False,5000,11,True,0.0,2528
m-2_overhang,registered_x01,dtlz2_interval,lu,0.5,1,0,False,5000,11,True,0.0,4854
m-2_overhang,a5b_domination_argument,dtlz2_interval,lu,0.5,1,0,False,5000,11,True,0.0,4854
m-2_overhang,registered_x01,dtlz2_interval,lu,0.5,2,0,False,5000,11,True,0.0,691
m-2_overhang,a5b_domination_argument,dtlz2_interval,lu,0.5,2,0,False,5000,11,True,0.0,691
m-2_overhang,registered_x01,dtlz2_interval,lu,0.5,3,0,False,5000,11,True,0.0,2819
m-2_overhang,a5b_domination_argument,dtlz2_interval,lu,0.5,3,0,False,5000,11,True,0.0,2819
m-2_overhang,registered_x01,dtlz2_interval,lu,0.5,4,1,False,5000,11,True,0.0,3603
m-2_overhang,a5b_domination_argument,dtlz2_interval,lu,0.5,4,1,False,5000,11,True,0.0,3603
m-2_overhang,registered_x01,dtlz2_interval,lu,0.5,5,1,False,5000,11,True,0.0,4750
m-2_overhang,a5b_domination_argument,dtlz2_interval,lu,0.5,5,1,False,5000,11,True,0.0,4750
m-2_overhang,registered_x01,dtlz2_interval,lu,0.5,0,0,False,5000,12,True,0.0,2773
m-2_overhang,a5b_domination_argument,dtlz2_interval,lu,0.5,0,0,False,5000,12,True,0.0,2773
m-2_overhang,registered_x01,dtlz2_interval,lu,0.5,1,0,False,5000,12,True,0.0,3167
m-2_overhang,a5b_domination_argument,dtlz2_interval,lu,0.5,1,0,False,5000,12,True,0.0,3167
m-2_overhang,registered_x01,dtlz2_interval,lu,0.5,2,0,False,5000,12,True,0.0,2176
m-2_overhang,a5b_domination_argument,dtlz2_interval,lu,0.5,2,0,False,5000,12,True,0.0,2176
m-2_overhang,registered_x01,dtlz2_interval,lu,0.5,3,0,False,5000,12,True,0.0,3143
m-2_overhang,a5b_domination_argument,dtlz2_interval,lu,0.5,3,0,False,5000,12,True,0.0,3143
m-2_overhang,registered_x01,dtlz2_interval,lu,0.5,4,1,False,5000,12,True,0.0,3490
m-2_overhang,a5b_domination_argument,dtlz2_interval,lu,0.5,4,1,False,5000,12,True,0.0,3490
m-2_overhang,registered_x01,dtlz2_interval,lu,0.5,5,1,False,5000,12,True,0.0,2973
m-2_overhang,a5b_domination_argument,dtlz2_interval,lu,0.5,5,1,False,5000,12,True,0.0,2973
m-2_overhang,registered_x01,dtlz2_interval,lu,0.5,0,0,False,5000,13,True,0.0,3638
m-2_overhang,a5b_domination_argument,dtlz2_interval,lu,0.5,0,0,False,5000,13,True,0.0,3638
m-2_overhang,registered_x01,dtlz2_interval,lu,0.5,1,0,False,5000,13,True,0.0,3457
m-2_overhang,a5b_domination_argument,dtlz2_interval,lu,0.5,1,0,False,5000,13,True,0.0,3457
m-2_overhang,registered_x01,dtlz2_interval,lu,0.5,2,0,False,5000,13,True,0.0,3786
m-2_overhang,a5b_domination_argument,dtlz2_interval,lu,0.5,2,0,False,5000,13,True,0.0,3786
m-2_overhang,registered_x01,dtlz2_interval,lu,0.5,3,0,False,5000,13,True,0.0,3094
m-2_overhang,a5b_domination_argument,dtlz2_interval,lu,0.5,3,0,False,5000,13,True,0.0,3094
m-2_overhang,registered_x01,dtlz2_interval,lu,0.5,4,1,False,5000,13,True,0.0,275
m-2_overhang,a5b_domination_argument,dtlz2_interval,lu,0.5,4,1,False,5000,13,True,0.0,275
m-2_overhang,registered_x01,dtlz2_interval,lu,0.5,5,1,False,5000,13,True,0.0,1479
m-2_overhang,a5b_domination_argument,dtlz2_interval,lu,0.5,5,1,False,5000,13,True,0.0,1479
m-2_overhang,registered_x01,dtlz2_interval,lu,0.5,0,0,False,5000,14,True,0.0,900
m-2_overhang,a5b_domination_argument,dtlz2_interval,lu,0.5,0,0,False,5000,14,True,0.0,900
m-2_overhang,registered_x01,dtlz2_interval,lu,0.5,1,0,False,5000,14,True,0.0,1734
m-2_overhang,a5b_domination_argument,dtlz2_interval,lu,0.5,1,0,False,5000,14,True,0.0,1734
m-2_overhang,registered_x01,dtlz2_interval,lu,0.5,2,0,False,5000,14,True,0.0,3735
m-2_overhang,a5b_domination_argument,dtlz2_interval,lu,0.5,2,0,False,5000,14,True,0.0,3735
m-2_overhang,registered_x01,dtlz2_interval,lu,0.5,3,0,False,5000,14,True,0.0,3632
m-2_overhang,a5b_domination_argument,dtlz2_interval,lu,0.5,3,0,False,5000,14,True,0.0,3632
m-2_overhang,registered_x01,dtlz2_interval,lu,0.5,4,1,False,5000,14,True,0.0,2282
m-2_overhang,a5b_domination_argument,dtlz2_interval,lu,0.5,4,1,False,5000,14,True,0.0,2282
m-2_overhang,registered_x01,dtlz2_interval,lu,0.5,5,1,False,5000,14,True,0.0,1033
m-2_overhang,a5b_domination_argument,dtlz2_interval,lu,0.5,5,1,False,5000,14,True,0.0,1033
m-2_overhang,registered_x01,dtlz2_interval,lu,0.5,0,0,False,5000,15,True,0.0,3543
m-2_overhang,a5b_domination_argument,dtlz2_interval,lu,0.5,0,0,False,5000,15,True,0.0,3543
m-2_overhang,registered_x01,dtlz2_interval,lu,0.5,1,0,False,5000,15,True,0.0,4158
m-2_overhang,a5b_domination_argument,dtlz2_interval,lu,0.5,1,0,False,5000,15,True,0.0,4158
m-2_overhang,registered_x01,dtlz2_interval,lu,0.5,2,0,False,5000,15,True,0.0,2442
m-2_overhang,a5b_domination_argument,dtlz2_interval,lu,0.5,2,0,False,5000,15,True,0.0,2442
m-2_overhang,registered_x01,dtlz2_interval,lu,0.5,3,0,False,5000,15,True,0.0,365
m-2_overhang,a5b_domination_argument,dtlz2_interval,lu,0.5,3,0,False,5000,15,True,0.0,365
m-2_overhang,registered_x01,dtlz2_interval,lu,0.5,4,1,False,5000,15,True,0.0,449
m-2_overhang,a5b_domination_argument,dtlz2_interval,lu,0.5,4,1,False,5000,15,True,0.0,449
m-2_overhang,registered_x01,dtlz2_interval,lu,0.5,5,1,False,5000,15,True,0.0,4101
m-2_overhang,a5b_domination_argument,dtlz2_interval,lu,0.5,5,1,False,5000,15,True,0.0,4101
m-2_overhang,registered_x01,dtlz2_interval,lu,0.5,0,0,False,5000,16,True,0.0,3334
m-2_overhang,a5b_domination_argument,dtlz2_interval,lu,0.5,0,0,False,5000,16,True,0.0,3334
m-2_overhang,registered_x01,dtlz2_interval,lu,0.5,1,0,False,5000,16,True,0.0,1199
m-2_overhang,a5b_domination_argument,dtlz2_interval,lu,0.5,1,0,False,5000,16,True,0.0,1199
m-2_overhang,registered_x01,dtlz2_interval,lu,0.5,2,0,False,5000,16,True,0.0,436
m-2_overhang,a5b_domination_argument,dtlz2_interval,lu,0.5,2,0,False,5000,16,True,0.0,436
m-2_overhang,registered_x01,dtlz2_interval,lu,0.5,3,0,False,5000,16,True,0.0,2816
m-2_overhang,a5b_domination_argument,dtlz2_interval,lu,0.5,3,0,False,5000,16,True,0.0,2816
m-2_overhang,registered_x01,dtlz2_interval,lu,0.5,4,1,False,5000,16,True,0.0,794
m-2_overhang,a5b_domination_argument,dtlz2_interval,lu,0.5,4,1,False,5000,16,True,0.0,794
m-2_overhang,registered_x01,dtlz2_interval,lu,0.5,5,1,False,5000,16,True,0.0,3777
m-2_overhang,a5b_domination_argument,dtlz2_interval,lu,0.5,5,1,False,5000,16,True,0.0,3777
m-2_overhang,registered_x01,dtlz2_interval,lu,0.5,0,0,False,5000,17,True,0.0,3187
m-2_overhang,a5b_domination_argument,dtlz2_interval,lu,0.5,0,0,False,5000,17,True,0.0,3187
m-2_overhang,registered_x01,dtlz2_interval,lu,0.5,1,0,False,5000,17,True,0.0,3211
m-2_overhang,a5b_domination_argument,dtlz2_interval,lu,0.5,1,0,False,5000,17,True,0.0,3211
m-2_overhang,registered_x01,dtlz2_interval,lu,0.5,2,0,False,5000,17,True,0.0,2394
m-2_overhang,a5b_domination_argument,dtlz2_interval,lu,0.5,2,0,False,5000,17,True,0.0,2394
m-2_overhang,registered_x01,dtlz2_interval,lu,0.5,3,0,False,5000,17,True,0.0,1329
m-2_overhang,a5b_domination_argument,dtlz2_interval,lu,0.5,3,0,False,5000,17,True,0.0,1329
m-2_overhang,registered_x01,dtlz2_interval,lu,0.5,4,1,False,5000,17,True,0.0,4074
m-2_overhang,a5b_domination_argument,dtlz2_interval,lu,0.5,4,1,False,5000,17,True,0.0,4074
m-2_overhang,registered_x01,dtlz2_interval,lu,0.5,5,1,False,5000,17,True,0.0,4842
m-2_overhang,a5b_domination_argument,dtlz2_interval,lu,0.5,5,1,False,5000,17,True,0.0,4842
m-2_overhang,registered_x01,dtlz2_interval,lu,0.5,0,0,False,5000,18,True,0.0,431
m-2_overhang,a5b_domination_argument,dtlz2_interval,lu,0.5,0,0,False,5000,18,True,0.0,431
m-2_overhang,registered_x01,dtlz2_interval,lu,0.5,1,0,False,5000,18,True,0.0,4095
m-2_overhang,a5b_domination_argument,dtlz2_interval,lu,0.5,1,0,False,5000,18,True,0.0,4095
m-2_overhang,registered_x01,dtlz2_interval,lu,0.5,2,0,False,5000,18,True,0.0,2184
m-2_overhang,a5b_domination_argument,dtlz2_interval,lu,0.5,2,0,False,5000,18,True,0.0,2184
m-2_overhang,registered_x01,dtlz2_interval,lu,0.5,3,0,False,5000,18,True,0.0,1948
m-2_overhang,a5b_domination_argument,dtlz2_interval,lu,0.5,3,0,False,5000,18,True,0.0,1948
m-2_overhang,registered_x01,dtlz2_interval,lu,0.5,4,1,False,5000,18,True,0.0,3396
m-2_overhang,a5b_domination_argument,dtlz2_interval,lu,0.5,4,1,False,5000,18,True,0.0,3396
m-2_overhang,registered_x01,dtlz2_interval,lu,0.5,5,1,False,5000,18,True,0.0,3091
m-2_overhang,a5b_domination_argument,dtlz2_interval,lu,0.5,5,1,False,5000,18,True,0.0,3091
m-2_overhang,registered_x01,dtlz2_interval,lu,0.5,0,0,False,5000,19,True,0.0,2342
m-2_overhang,a5b_domination_argument,dtlz2_interval,lu,0.5,0,0,False,5000,19,True,0.0,2342
m-2_overhang,registered_x01,dtlz2_interval,lu,0.5,1,0,False,5000,19,True,0.0,3687
m-2_overhang,a5b_domination_argument,dtlz2_interval,lu,0.5,1,0,False,5000,19,True,0.0,3687
m-2_overhang,registered_x01,dtlz2_interval,lu,0.5,2,0,False,5000,19,True,0.0,1575
m-2_overhang,a5b_domination_argument,dtlz2_interval,lu,0.5,2,0,False,5000,19,True,0.0,1575
m-2_overhang,registered_x01,dtlz2_interval,lu,0.5,3,0,False,5000,19,True,0.0,2877
m-2_overhang,a5b_domination_argument,dtlz2_interval,lu,0.5,3,0,False,5000,19,True,0.0,2877
m-2_overhang,registered_x01,dtlz2_interval,lu,0.5,4,1,False,5000,19,True,0.0,2485
m-2_overhang,a5b_domination_argument,dtlz2_interval,lu,0.5,4,1,False,5000,19,True,0.0,2485
m-2_overhang,registered_x01,dtlz2_interval,lu,0.5,5,1,False,5000,19,True,0.0,454
m-2_overhang,a5b_domination_argument,dtlz2_interval,lu,0.5,5,1,False,5000,19,True,0.0,454
m-2_overhang,registered_x01,dtlz2_interval,lu,0.5,0,0,False,5000,20,True,0.0,2152
m-2_overhang,a5b_domination_argument,dtlz2_interval,lu,0.5,0,0,False,5000,20,True,0.0,2152
m-2_overhang,registered_x01,dtlz2_interval,lu,0.5,1,0,False,5000,20,True,0.0,2206
m-2_overhang,a5b_domination_argument,dtlz2_interval,lu,0.5,1,0,False,5000,20,True,0.0,2206
m-2_overhang,registered_x01,dtlz2_interval,lu,0.5,2,0,False,5000,20,True,0.0,3947
m-2_overhang,a5b_domination_argument,dtlz2_interval,lu,0.5,2,0,False,5000,20,True,0.0,3947
m-2_overhang,registered_x01,dtlz2_interval,lu,0.5,3,0,False,5000,20,True,0.0,961
m-2_overhang,a5b_domination_argument,dtlz2_interval,lu,0.5,3,0,False,5000,20,True,0.0,961
m-2_overhang,registered_x01,dtlz2_interval,lu,0.5,4,1,False,5000,20,True,0.0,3397
m-2_overhang,a5b_domination_argument,dtlz2_interval,lu,0.5,4,1,False,5000,20,True,0.0,3397
m-2_overhang,registered_x01,dtlz2_interval,lu,0.5,5,1,False,5000,20,True,0.0,1965
m-2_overhang,a5b_domination_argument,dtlz2_interval,lu,0.5,5,1,False,5000,20,True,0.0,1965
m-2_overhang,registered_x01,dtlz2_interval,lu,0.5,0,0,False,5000,21,True,0.0,4269
m-2_overhang,a5b_domination_argument,dtlz2_interval,lu,0.5,0,0,False,5000,21,True,0.0,4269
m-2_overhang,registered_x01,dtlz2_interval,lu,0.5,1,0,False,5000,21,True,0.0,906
m-2_overhang,a5b_domination_argument,dtlz2_interval,lu,0.5,1,0,False,5000,21,True,0.0,906
m-2_overhang,registered_x01,dtlz2_interval,lu,0.5,2,0,False,5000,21,True,0.0,3185
m-2_overhang,a5b_domination_argument,dtlz2_interval,lu,0.5,2,0,False,5000,21,True,0.0,3185
m-2_overhang,registered_x01,dtlz2_interval,lu,0.5,3,0,False,5000,21,True,0.0,1158
m-2_overhang,a5b_domination_argument,dtlz2_interval,lu,0.5,3,0,False,5000,21,True,0.0,1158
m-2_overhang,registered_x01,dtlz2_interval,lu,0.5,4,1,False,5000,21,True,0.0,4526
m-2_overhang,a5b_domination_argument,dtlz2_interval,lu,0.5,4,1,False,5000,21,True,0.0,4526
m-2_overhang,registered_x01,dtlz2_interval,lu,0.5,5,1,False,5000,21,True,0.0,4916
m-2_overhang,a5b_domination_argument,dtlz2_interval,lu,0.5,5,1,False,5000,21,True,0.0,4916
m-2_overhang,registered_x01,dtlz2_interval,lu,0.5,0,0,False,5000,22,True,0.0,1580
m-2_overhang,a5b_domination_argument,dtlz2_interval,lu,0.5,0,0,False,5000,22,True,0.0,1580
m-2_overhang,registered_x01,dtlz2_interval,lu,0.5,1,0,False,5000,22,True,0.0,285
m-2_overhang,a5b_domination_argument,dtlz2_interval,lu,0.5,1,0,False,5000,22,True,0.0,285
m-2_overhang,registered_x01,dtlz2_interval,lu,0.5,2,0,False,5000,22,True,0.0,3018
m-2_overhang,a5b_domination_argument,dtlz2_interval,lu,0.5,2,0,False,5000,22,True,0.0,3018
m-2_overhang,registered_x01,dtlz2_interval,lu,0.5,3,0,False,5000,22,True,0.0,4080
m-2_overhang,a5b_domination_argument,dtlz2_interval,lu,0.5,3,0,False,5000,22,True,0.0,4080
m-2_overhang,registered_x01,dtlz2_interval,lu,0.5,4,1,False,5000,22,True,0.0,4975
m-2_overhang,a5b_domination_argument,dtlz2_interval,lu,0.5,4,1,False,5000,22,True,0.0,4975
m-2_overhang,registered_x01,dtlz2_interval,lu,0.5,5,1,False,5000,22,True,0.0,296
m-2_overhang,a5b_domination_argument,dtlz2_interval,lu,0.5,5,1,False,5000,22,True,0.0,296
m-2_overhang,registered_x01,dtlz2_interval,lu,0.5,0,0,False,5000,23,True,0.0,3957
m-2_overhang,a5b_domination_argument,dtlz2_interval,lu,0.5,0,0,False,5000,23,True,0.0,3957
m-2_overhang,registered_x01,dtlz2_interval,lu,0.5,1,0,False,5000,23,True,0.0,153
m-2_overhang,a5b_domination_argument,dtlz2_interval,lu,0.5,1,0,False,5000,23,True,0.0,153
m-2_overhang,registered_x01,dtlz2_interval,lu,0.5,2,0,False,5000,23,True,0.0,688
m-2_overhang,a5b_domination_argument,dtlz2_interval,lu,0.5,2,0,False,5000,23,True,0.0,688
m-2_overhang,registered_x01,dtlz2_interval,lu,0.5,3,0,False,5000,23,True,0.0,2006
m-2_overhang,a5b_domination_argument,dtlz2_interval,lu,0.5,3,0,False,5000,23,True,0.0,2006
m-2_overhang,registered_x01,dtlz2_interval,lu,0.5,4,1,False,5000,23,True,0.0,182
m-2_overhang,a5b_domination_argument,dtlz2_interval,lu,0.5,4,1,False,5000,23,True,0.0,182
m-2_overhang,registered_x01,dtlz2_interval,lu,0.5,5,1,False,5000,23,True,0.0,951
m-2_overhang,a5b_domination_argument,dtlz2_interval,lu,0.5,5,1,False,5000,23,True,0.0,951
m-2_overhang,registered_x01,dtlz2_interval,lu,0.5,0,0,False,5000,24,True,0.0,1266
m-2_overhang,a5b_domination_argument,dtlz2_interval,lu,0.5,0,0,False,5000,24,True,0.0,1266
m-2_overhang,registered_x01,dtlz2_interval,lu,0.5,1,0,False,5000,24,True,0.0,4679
m-2_overhang,a5b_domination_argument,dtlz2_interval,lu,0.5,1,0,False,5000,24,True,0.0,4679
m-2_overhang,registered_x01,dtlz2_interval,lu,0.5,2,0,False,5000,24,True,0.0,2178
m-2_overhang,a5b_domination_argument,dtlz2_interval,lu,0.5,2,0,False,5000,24,True,0.0,2178
m-2_overhang,registered_x01,dtlz2_interval,lu,0.5,3,0,False,5000,24,True,0.0,4938
m-2_overhang,a5b_domination_argument,dtlz2_interval,lu,0.5,3,0,False,5000,24,True,0.0,4938
m-2_overhang,registered_x01,dtlz2_interval,lu,0.5,4,1,False,5000,24,True,0.0,107
m-2_overhang,a5b_domination_argument,dtlz2_interval,lu,0.5,4,1,False,5000,24,True,0.0,107
m-2_overhang,registered_x01,dtlz2_interval,lu,0.5,5,1,False,5000,24,True,0.0,714
m-2_overhang,a5b_domination_argument,dtlz2_interval,lu,0.5,5,1,False,5000,24,True,0.0,714
m-2_overhang,registered_x01,dtlz2_interval,lu,0.5,0,0,False,5000,25,True,0.0,3908
m-2_overhang,a5b_domination_argument,dtlz2_interval,lu,0.5,0,0,False,5000,25,True,0.0,3908
m-2_overhang,registered_x01,dtlz2_interval,lu,0.5,1,0,False,5000,25,True,0.0,1984
m-2_overhang,a5b_domination_argument,dtlz2_interval,lu,0.5,1,0,False,5000,25,True,0.0,1984
m-2_overhang,registered_x01,dtlz2_interval,lu,0.5,2,0,False,5000,25,True,0.0,1105
m-2_overhang,a5b_domination_argument,dtlz2_interval,lu,0.5,2,0,False,5000,25,True,0.0,1105
m-2_overhang,registered_x01,dtlz2_interval,lu,0.5,3,0,False,5000,25,True,0.0,1863
m-2_overhang,a5b_domination_argument,dtlz2_interval,lu,0.5,3,0,False,5000,25,True,0.0,1863
m-2_overhang,registered_x01,dtlz2_interval,lu,0.5,4,1,False,5000,25,True,0.0,4807
m-2_overhang,a5b_domination_argument,dtlz2_interval,lu,0.5,4,1,False,5000,25,True,0.0,4807
m-2_overhang,registered_x01,dtlz2_interval,lu,0.5,5,1,False,5000,25,True,0.0,1818
m-2_overhang,a5b_domination_argument,dtlz2_interval,lu,0.5,5,1,False,5000,25,True,0.0,1818
m-2_overhang,registered_x01,dtlz2_interval,lu,0.5,0,0,False,5000,26,True,0.0,977
m-2_overhang,a5b_domination_argument,dtlz2_interval,lu,0.5,0,0,False,5000,26,True,0.0,977
m-2_overhang,registered_x01,dtlz2_interval,lu,0.5,1,0,False,5000,26,True,0.0,1424
m-2_overhang,a5b_domination_argument,dtlz2_interval,lu,0.5,1,0,False,5000,26,True,0.0,1424
m-2_overhang,registered_x01,dtlz2_interval,lu,0.5,2,0,False,5000,26,True,0.0,4502
m-2_overhang,a5b_domination_argument,dtlz2_interval,lu,0.5,2,0,False,5000,26,True,0.0,4502
m-2_overhang,registered_x01,dtlz2_interval,lu,0.5,3,0,False,5000,26,True,0.0,3822
m-2_overhang,a5b_domination_argument,dtlz2_interval,lu,0.5,3,0,False,5000,26,True,0.0,3822
m-2_overhang,registered_x01,dtlz2_interval,lu,0.5,4,1,False,5000,26,True,0.0,4060
m-2_overhang,a5b_domination_argument,dtlz2_interval,lu,0.5,4,1,False,5000,26,True,0.0,4060
m-2_overhang,registered_x01,dtlz2_interval,lu,0.5,5,1,False,5000,26,True,0.0,4739
m-2_overhang,a5b_domination_argument,dtlz2_interval,lu,0.5,5,1,False,5000,26,True,0.0,4739
m-2_overhang,registered_x01,dtlz2_interval,lu,0.5,0,0,False,5000,27,True,0.0,945
m-2_overhang,a5b_domination_argument,dtlz2_interval,lu,0.5,0,0,False,5000,27,True,0.0,945
m-2_overhang,registered_x01,dtlz2_interval,lu,0.5,1,0,False,5000,27,True,0.0,1274
m-2_overhang,a5b_domination_argument,dtlz2_interval,lu,0.5,1,0,False,5000,27,True,0.0,1274
m-2_overhang,registered_x01,dtlz2_interval,lu,0.5,2,0,False,5000,27,True,0.0,3685
m-2_overhang,a5b_domination_argument,dtlz2_interval,lu,0.5,2,0,False,5000,27,True,0.0,3685
m-2_overhang,registered_x01,dtlz2_interval,lu,0.5,3,0,False,5000,27,True,0.0,2699
m-2_overhang,a5b_domination_argument,dtlz2_interval,lu,0.5,3,0,False,5000,27,True,0.0,2699
m-2_overhang,registered_x01,dtlz2_interval,lu,0.5,4,1,False,5000,27,True,0.0,444
m-2_overhang,a5b_domination_argument,dtlz2_interval,lu,0.5,4,1,False,5000,27,True,0.0,444
m-2_overhang,registered_x01,dtlz2_interval,lu,0.5,5,1,False,5000,27,True,0.0,2853
m-2_overhang,a5b_domination_argument,dtlz2_interval,lu,0.5,5,1,False,5000,27,True,0.0,2853
m-2_overhang,registered_x01,dtlz2_interval,lu,0.5,0,0,False,5000,28,True,0.0,2144
m-2_overhang,a5b_domination_argument,dtlz2_interval,lu,0.5,0,0,False,5000,28,True,0.0,2144
m-2_overhang,registered_x01,dtlz2_interval,lu,0.5,1,0,False,5000,28,True,0.0,3421
m-2_overhang,a5b_domination_argument,dtlz2_interval,lu,0.5,1,0,False,5000,28,True,0.0,3421
m-2_overhang,registered_x01,dtlz2_interval,lu,0.5,2,0,False,5000,28,True,0.0,1419
m-2_overhang,a5b_domination_argument,dtlz2_interval,lu,0.5,2,0,False,5000,28,True,0.0,1419
m-2_overhang,registered_x01,dtlz2_interval,lu,0.5,3,0,False,5000,28,True,0.0,3864
m-2_overhang,a5b_domination_argument,dtlz2_interval,lu,0.5,3,0,False,5000,28,True,0.0,3864
m-2_overhang,registered_x01,dtlz2_interval,lu,0.5,4,1,False,5000,28,True,0.0,93
m-2_overhang,a5b_domination_argument,dtlz2_interval,lu,0.5,4,1,False,5000,28,True,0.0,93
m-2_overhang,registered_x01,dtlz2_interval,lu,0.5,5,1,False,5000,28,True,0.0,576
m-2_overhang,a5b_domination_argument,dtlz2_interval,lu,0.5,5,1,False,5000,28,True,0.0,576
m-2_overhang,registered_x01,dtlz2_interval,lu,0.5,0,0,False,5000,29,True,0.0,2151
m-2_overhang,a5b_domination_argument,dtlz2_interval,lu,0.5,0,0,False,5000,29,True,0.0,2151
m-2_overhang,registered_x01,dtlz2_interval,lu,0.5,1,0,False,5000,29,True,0.0,2806
m-2_overhang,a5b_domination_argument,dtlz2_interval,lu,0.5,1,0,False,5000,29,True,0.0,2806
m-2_overhang,registered_x01,dtlz2_interval,lu,0.5,2,0,False,5000,29,True,0.0,2805
m-2_overhang,a5b_domination_argument,dtlz2_interval,lu,0.5,2,0,False,5000,29,True,0.0,2805
m-2_overhang,registered_x01,dtlz2_interval,lu,0.5,3,0,False,5000,29,True,0.0,3472
m-2_overhang,a5b_domination_argument,dtlz2_interval,lu,0.5,3,0,False,5000,29,True,0.0,3472
m-2_overhang,registered_x01,dtlz2_interval,lu,0.5,4,1,False,5000,29,True,0.0,3116
m-2_overhang,a5b_domination_argument,dtlz2_interval,lu,0.5,4,1,False,5000,29,True,0.0,3116
m-2_overhang,registered_x01,dtlz2_interval,lu,0.5,5,1,False,5000,29,True,0.0,3658
m-2_overhang,a5b_domination_argument,dtlz2_interval,lu,0.5,5,1,False,5000,29,True,0.0,3658
m-2_overhang,registered_x01,dtlz2_interval,lu,0.5,0,0,False,5000,30,True,0.0,3368
m-2_overhang,a5b_domination_argument,dtlz2_interval,lu,0.5,0,0,False,5000,30,True,0.0,3368
m-2_overhang,registered_x01,dtlz2_interval,lu,0.5,1,0,False,5000,30,True,0.0,3700
m-2_overhang,a5b_domination_argument,dtlz2_interval,lu,0.5,1,0,False,5000,30,True,0.0,3700
m-2_overhang,registered_x01,dtlz2_interval,lu,0.5,2,0,False,5000,30,True,0.0,1902
m-2_overhang,a5b_domination_argument,dtlz2_interval,lu,0.5,2,0,False,5000,30,True,0.0,1902
m-2_overhang,registered_x01,dtlz2_interval,lu,0.5,3,0,False,5000,30,True,0.0,3802
m-2_overhang,a5b_domination_argument,dtlz2_interval,lu,0.5,3,0,False,5000,30,True,0.0,3802
m-2_overhang,registered_x01,dtlz2_interval,lu,0.5,4,1,False,5000,30,True,0.0,2336
m-2_overhang,a5b_domination_argument,dtlz2_interval,lu,0.5,4,1,False,5000,30,True,0.0,2336
m-2_overhang,registered_x01,dtlz2_interval,lu,0.5,5,1,False,5000,30,True,0.0,149
m-2_overhang,a5b_domination_argument,dtlz2_interval,lu,0.5,5,1,False,5000,30,True,0.0,149
m-2_overhang,registered_x01,dtlz2_interval,ls,0.5,0,0,False,5000,11,True,0.0,2528
m-2_overhang,a5b_domination_argument,dtlz2_interval,ls,0.5,0,0,False,5000,11,True,0.0,2528
m-2_overhang,registered_x01,dtlz2_interval,ls,0.5,1,11,False,5000,11,True,0.7011742254435525,1001
m-2_overhang,a5b_domination_argument,dtlz2_interval,ls,0.5,1,11,False,5000,11,True,0.5680159661743416,1001
m-2_overhang,registered_x01,dtlz2_interval,ls,0.5,2,0,False,5000,11,True,0.0,691
m-2_overhang,a5b_domination_argument,dtlz2_interval,ls,0.5,2,0,False,5000,11,True,0.0,691
m-2_overhang,registered_x01,dtlz2_interval,ls,0.5,3,11,False,5000,11,True,0.8570940819195144,4783
m-2_overhang,a5b_domination_argument,dtlz2_interval,ls,0.5,3,11,False,5000,11,True,0.8507460864880665,4783
m-2_overhang,registered_x01,dtlz2_interval,ls,0.5,4,1,False,5000,11,True,0.0,3603
m-2_overhang,a5b_domination_argument,dtlz2_interval,ls,0.5,4,1,False,5000,11,True,0.0,3603
m-2_overhang,registered_x01,dtlz2_interval,ls,0.5,5,11,False,5000,11,True,0.9564749584500807,1088
m-2_overhang,a5b_domination_argument,dtlz2_interval,ls,0.5,5,11,False,5000,11,True,0.9290498298895404,1088
m-2_overhang,registered_x01,dtlz2_interval,ls,0.5,0,0,False,5000,12,True,0.0,2773
m-2_overhang,a5b_domination_argument,dtlz2_interval,ls,0.5,0,0,False,5000,12,True,0.0,2773
m-2_overhang,registered_x01,dtlz2_interval,ls,0.5,1,11,False,5000,12,True,0.7410036919133441,4691
m-2_overhang,a5b_domination_argument,dtlz2_interval,ls,0.5,1,11,False,5000,12,True,0.7284287371207337,4691
m-2_overhang,registered_x01,dtlz2_interval,ls,0.5,2,0,False,5000,12,True,0.0,2176
m-2_overhang,a5b_domination_argument,dtlz2_interval,ls,0.5,2,0,False,5000,12,True,0.0,2176
m-2_overhang,registered_x01,dtlz2_interval,ls,0.5,3,11,False,5000,12,True,0.8246616691859471,2043
m-2_overhang,a5b_domination_argument,dtlz2_interval,ls,0.5,3,11,False,5000,12,True,0.7666299190501987,2043
m-2_overhang,registered_x01,dtlz2_interval,ls,0.5,4,1,False,5000,12,True,0.0,3490
m-2_overhang,a5b_domination_argument,dtlz2_interval,ls,0.5,4,1,False,5000,12,True,0.0,3490
m-2_overhang,registered_x01,dtlz2_interval,ls,0.5,5,11,False,5000,12,True,0.7360658199159732,3909
m-2_overhang,a5b_domination_argument,dtlz2_interval,ls,0.5,5,11,False,5000,12,True,0.6861644145671846,3909
m-2_overhang,registered_x01,dtlz2_interval,ls,0.5,0,0,False,5000,13,True,0.0,3638
m-2_overhang,a5b_domination_argument,dtlz2_interval,ls,0.5,0,0,False,5000,13,True,0.0,3638
m-2_overhang,registered_x01,dtlz2_interval,ls,0.5,1,11,False,5000,13,True,0.9283198908418778,1652
m-2_overhang,a5b_domination_argument,dtlz2_interval,ls,0.5,1,11,False,5000,13,True,0.7082491365710535,1652
m-2_overhang,registered_x01,dtlz2_interval,ls,0.5,2,0,False,5000,13,True,0.0,3786
m-2_overhang,a5b_domination_argument,dtlz2_interval,ls,0.5,2,0,False,5000,13,True,0.0,3786
m-2_overhang,registered_x01,dtlz2_interval,ls,0.5,3,11,False,5000,13,True,0.7982598595090424,3011
m-2_overhang,a5b_domination_argument,dtlz2_interval,ls,0.5,3,11,False,5000,13,True,0.7904405376792903,3011
m-2_overhang,registered_x01,dtlz2_interval,ls,0.5,4,1,False,5000,13,True,0.0,275
m-2_overhang,a5b_domination_argument,dtlz2_interval,ls,0.5,4,1,False,5000,13,True,0.0,275
m-2_overhang,registered_x01,dtlz2_interval,ls,0.5,5,11,False,5000,13,True,0.792287012561412,3330
m-2_overhang,a5b_domination_argument,dtlz2_interval,ls,0.5,5,11,False,5000,13,True,0.777037109117466,3330
m-2_overhang,registered_x01,dtlz2_interval,ls,0.5,0,0,False,5000,14,True,0.0,900
m-2_overhang,a5b_domination_argument,dtlz2_interval,ls,0.5,0,0,False,5000,14,True,0.0,900
m-2_overhang,registered_x01,dtlz2_interval,ls,0.5,1,11,False,5000,14,True,0.848155207603304,4187
m-2_overhang,a5b_domination_argument,dtlz2_interval,ls,0.5,1,11,False,5000,14,True,0.8340922334952999,4187
m-2_overhang,registered_x01,dtlz2_interval,ls,0.5,2,0,False,5000,14,True,0.0,3735
m-2_overhang,a5b_domination_argument,dtlz2_interval,ls,0.5,2,0,False,5000,14,True,0.0,3735
m-2_overhang,registered_x01,dtlz2_interval,ls,0.5,3,11,False,5000,14,True,0.7883892508311481,3153
m-2_overhang,a5b_domination_argument,dtlz2_interval,ls,0.5,3,11,False,5000,14,True,0.788226590001525,3153
m-2_overhang,registered_x01,dtlz2_interval,ls,0.5,4,1,False,5000,14,True,0.0,2282
m-2_overhang,a5b_domination_argument,dtlz2_interval,ls,0.5,4,1,False,5000,14,True,0.0,2282
m-2_overhang,registered_x01,dtlz2_interval,ls,0.5,5,11,False,5000,14,True,0.6197486520849799,1944
m-2_overhang,a5b_domination_argument,dtlz2_interval,ls,0.5,5,11,False,5000,14,True,0.6173162888420538,1944
m-2_overhang,registered_x01,dtlz2_interval,ls,0.5,0,0,False,5000,15,True,0.0,3543
m-2_overhang,a5b_domination_argument,dtlz2_interval,ls,0.5,0,0,False,5000,15,True,0.0,3543
m-2_overhang,registered_x01,dtlz2_interval,ls,0.5,1,11,False,5000,15,True,0.8510709121112792,2871
m-2_overhang,a5b_domination_argument,dtlz2_interval,ls,0.5,1,11,False,5000,15,True,0.7622666429354146,2871
m-2_overhang,registered_x01,dtlz2_interval,ls,0.5,2,0,False,5000,15,True,0.0,2442
m-2_overhang,a5b_domination_argument,dtlz2_interval,ls,0.5,2,0,False,5000,15,True,0.0,2442
m-2_overhang,registered_x01,dtlz2_interval,ls,0.5,3,11,False,5000,15,True,0.7440319537680538,4324
m-2_overhang,a5b_domination_argument,dtlz2_interval,ls,0.5,3,11,False,5000,15,True,0.6193368167240819,4324
m-2_overhang,registered_x01,dtlz2_interval,ls,0.5,4,1,False,5000,15,True,0.0,449
m-2_overhang,a5b_domination_argument,dtlz2_interval,ls,0.5,4,1,False,5000,15,True,0.0,449
m-2_overhang,registered_x01,dtlz2_interval,ls,0.5,5,11,False,5000,15,True,0.7961107828553797,1596
m-2_overhang,a5b_domination_argument,dtlz2_interval,ls,0.5,5,11,False,5000,15,True,0.6858266855212186,1596
m-2_overhang,registered_x01,dtlz2_interval,ls,0.5,0,0,False,5000,16,True,0.0,3334
m-2_overhang,a5b_domination_argument,dtlz2_interval,ls,0.5,0,0,False,5000,16,True,0.0,3334
m-2_overhang,registered_x01,dtlz2_interval,ls,0.5,1,11,False,5000,16,True,0.6886044108427936,1623
m-2_overhang,a5b_domination_argument,dtlz2_interval,ls,0.5,1,11,False,5000,16,True,0.5017808260650071,1623
m-2_overhang,registered_x01,dtlz2_interval,ls,0.5,2,0,False,5000,16,True,0.0,436
m-2_overhang,a5b_domination_argument,dtlz2_interval,ls,0.5,2,0,False,5000,16,True,0.0,436
m-2_overhang,registered_x01,dtlz2_interval,ls,0.5,3,11,False,5000,16,True,0.750196488030427,3479
m-2_overhang,a5b_domination_argument,dtlz2_interval,ls,0.5,3,11,False,5000,16,True,0.7427461829403692,3479
m-2_overhang,registered_x01,dtlz2_interval,ls,0.5,4,1,False,5000,16,True,0.0,794
m-2_overhang,a5b_domination_argument,dtlz2_interval,ls,0.5,4,1,False,5000,16,True,0.0,794
m-2_overhang,registered_x01,dtlz2_interval,ls,0.5,5,11,False,5000,16,True,0.877991193161898,3855
m-2_overhang,a5b_domination_argument,dtlz2_interval,ls,0.5,5,11,False,5000,16,True,0.7956233435328768,3855
m-2_overhang,registered_x01,dtlz2_interval,ls,0.5,0,0,False,5000,17,True,0.0,3187
m-2_overhang,a5b_domination_argument,dtlz2_interval,ls,0.5,0,0,False,5000,17,True,0.0,3187
m-2_overhang,registered_x01,dtlz2_interval,ls,0.5,1,11,False,5000,17,True,0.837781036764612,1156
m-2_overhang,a5b_domination_argument,dtlz2_interval,ls,0.5,1,11,False,5000,17,True,0.6285407333320052,1156
m-2_overhang,registered_x01,dtlz2_interval,ls,0.5,2,0,False,5000,17,True,0.0,2394
m-2_overhang,a5b_domination_argument,dtlz2_interval,ls,0.5,2,0,False,5000,17,True,0.0,2394
m-2_overhang,registered_x01,dtlz2_interval,ls,0.5,3,11,False,5000,17,True,0.8772584350369866,264
m-2_overhang,a5b_domination_argument,dtlz2_interval,ls,0.5,3,11,False,5000,17,True,0.7920382310738412,264
m-2_overhang,registered_x01,dtlz2_interval,ls,0.5,4,1,False,5000,17,True,0.0,4074
m-2_overhang,a5b_domination_argument,dtlz2_interval,ls,0.5,4,1,False,5000,17,True,0.0,4074
m-2_overhang,registered_x01,dtlz2_interval,ls,0.5,5,11,False,5000,17,True,0.725560805117221,4624
m-2_overhang,a5b_domination_argument,dtlz2_interval,ls,0.5,5,11,False,5000,17,True,0.6398121104868595,4624
m-2_overhang,registered_x01,dtlz2_interval,ls,0.5,0,0,False,5000,18,True,0.0,431
m-2_overhang,a5b_domination_argument,dtlz2_interval,ls,0.5,0,0,False,5000,18,True,0.0,431
m-2_overhang,registered_x01,dtlz2_interval,ls,0.5,1,11,False,5000,18,True,0.8590486673178142,1381
m-2_overhang,a5b_domination_argument,dtlz2_interval,ls,0.5,1,11,False,5000,18,True,0.7630132780239708,1381
m-2_overhang,registered_x01,dtlz2_interval,ls,0.5,2,0,False,5000,18,True,0.0,2184
m-2_overhang,a5b_domination_argument,dtlz2_interval,ls,0.5,2,0,False,5000,18,True,0.0,2184
m-2_overhang,registered_x01,dtlz2_interval,ls,0.5,3,11,False,5000,18,True,0.8939481199711548,646
m-2_overhang,a5b_domination_argument,dtlz2_interval,ls,0.5,3,11,False,5000,18,True,0.7978348968788517,646
m-2_overhang,registered_x01,dtlz2_interval,ls,0.5,4,1,False,5000,18,True,0.0,3396
m-2_overhang,a5b_domination_argument,dtlz2_interval,ls,0.5,4,1,False,5000,18,True,0.0,3396
m-2_overhang,registered_x01,dtlz2_interval,ls,0.5,5,11,False,5000,18,True,0.6607735748032175,4360
m-2_overhang,a5b_domination_argument,dtlz2_interval,ls,0.5,5,11,False,5000,18,True,0.6160962700081032,4360
m-2_overhang,registered_x01,dtlz2_interval,ls,0.5,0,0,False,5000,19,True,0.0,2342
m-2_overhang,a5b_domination_argument,dtlz2_interval,ls,0.5,0,0,False,5000,19,True,0.0,2342
m-2_overhang,registered_x01,dtlz2_interval,ls,0.5,1,11,False,5000,19,True,0.9529248311222105,2358
m-2_overhang,a5b_domination_argument,dtlz2_interval,ls,0.5,1,11,False,5000,19,True,0.9040522476219736,2358
m-2_overhang,registered_x01,dtlz2_interval,ls,0.5,2,0,False,5000,19,True,0.0,1575
m-2_overhang,a5b_domination_argument,dtlz2_interval,ls,0.5,2,0,False,5000,19,True,0.0,1575
m-2_overhang,registered_x01,dtlz2_interval,ls,0.5,3,11,False,5000,19,True,1.0234402629378825,4932
m-2_overhang,a5b_domination_argument,dtlz2_interval,ls,0.5,3,11,False,5000,19,True,0.9059506548909978,4932
m-2_overhang,registered_x01,dtlz2_interval,ls,0.5,4,1,False,5000,19,True,0.0,2485
m-2_overhang,a5b_domination_argument,dtlz2_interval,ls,0.5,4,1,False,5000,19,True,0.0,2485
m-2_overhang,registered_x01,dtlz2_interval,ls,0.5,5,11,False,5000,19,True,0.8034551410146896,4538
m-2_overhang,a5b_domination_argument,dtlz2_interval,ls,0.5,5,11,False,5000,19,True,0.787613676971034,4538
m-2_overhang,registered_x01,dtlz2_interval,ls,0.5,0,0,False,5000,20,True,0.0,2152
m-2_overhang,a5b_domination_argument,dtlz2_interval,ls,0.5,0,0,False,5000,20,True,0.0,2152
m-2_overhang,registered_x01,dtlz2_interval,ls,0.5,1,11,False,5000,20,True,0.8297393114997533,3364
m-2_overhang,a5b_domination_argument,dtlz2_interval,ls,0.5,1,11,False,5000,20,True,0.7064114341351895,3364
m-2_overhang,registered_x01,dtlz2_interval,ls,0.5,2,0,False,5000,20,True,0.0,3947
m-2_overhang,a5b_domination_argument,dtlz2_interval,ls,0.5,2,0,False,5000,20,True,0.0,3947
m-2_overhang,registered_x01,dtlz2_interval,ls,0.5,3,11,False,5000,20,True,0.8016604407593988,680
m-2_overhang,a5b_domination_argument,dtlz2_interval,ls,0.5,3,11,False,5000,20,True,0.680929178636058,680
m-2_overhang,registered_x01,dtlz2_interval,ls,0.5,4,1,False,5000,20,True,0.0,3397
m-2_overhang,a5b_domination_argument,dtlz2_interval,ls,0.5,4,1,False,5000,20,True,0.0,3397
m-2_overhang,registered_x01,dtlz2_interval,ls,0.5,5,11,False,5000,20,True,0.9483939246172977,368
m-2_overhang,a5b_domination_argument,dtlz2_interval,ls,0.5,5,11,False,5000,20,True,0.9330832931517489,368
m-2_overhang,registered_x01,dtlz2_interval,ls,0.5,0,0,False,5000,21,True,0.0,4269
m-2_overhang,a5b_domination_argument,dtlz2_interval,ls,0.5,0,0,False,5000,21,True,0.0,4269
m-2_overhang,registered_x01,dtlz2_interval,ls,0.5,1,11,False,5000,21,True,0.7776222925304932,1
m-2_overhang,a5b_domination_argument,dtlz2_interval,ls,0.5,1,11,False,5000,21,True,0.7594532939978198,1
m-2_overhang,registered_x01,dtlz2_interval,ls,0.5,2,0,False,5000,21,True,0.0,3185
m-2_overhang,a5b_domination_argument,dtlz2_interval,ls,0.5,2,0,False,5000,21,True,0.0,3185
m-2_overhang,registered_x01,dtlz2_interval,ls,0.5,3,11,False,5000,21,True,0.5376677948895031,779
m-2_overhang,a5b_domination_argument,dtlz2_interval,ls,0.5,3,11,False,5000,21,True,0.5030203484931145,779
m-2_overhang,registered_x01,dtlz2_interval,ls,0.5,4,1,False,5000,21,True,0.0,4526
m-2_overhang,a5b_domination_argument,dtlz2_interval,ls,0.5,4,1,False,5000,21,True,0.0,4526
m-2_overhang,registered_x01,dtlz2_interval,ls,0.5,5,11,False,5000,21,True,0.9250637457536257,528
m-2_overhang,a5b_domination_argument,dtlz2_interval,ls,0.5,5,11,False,5000,21,True,0.807657413866437,528
m-2_overhang,registered_x01,dtlz2_interval,ls,0.5,0,0,False,5000,22,True,0.0,1580
m-2_overhang,a5b_domination_argument,dtlz2_interval,ls,0.5,0,0,False,5000,22,True,0.0,1580
m-2_overhang,registered_x01,dtlz2_interval,ls,0.5,1,11,False,5000,22,True,1.1075358610178303,2388
m-2_overhang,a5b_domination_argument,dtlz2_interval,ls,0.5,1,11,False,5000,22,True,1.0708728374356817,2388
m-2_overhang,registered_x01,dtlz2_interval,ls,0.5,2,0,False,5000,22,True,0.0,3018
m-2_overhang,a5b_domination_argument,dtlz2_interval,ls,0.5,2,0,False,5000,22,True,0.0,3018
m-2_overhang,registered_x01,dtlz2_interval,ls,0.5,3,11,False,5000,22,True,0.799159773538719,2445
m-2_overhang,a5b_domination_argument,dtlz2_interval,ls,0.5,3,11,False,5000,22,True,0.7299482374050704,2445
m-2_overhang,registered_x01,dtlz2_interval,ls,0.5,4,1,False,5000,22,True,0.0,4975
m-2_overhang,a5b_domination_argument,dtlz2_interval,ls,0.5,4,1,False,5000,22,True,0.0,4975
m-2_overhang,registered_x01,dtlz2_interval,ls,0.5,5,11,False,5000,22,True,0.9285665004499704,1231
m-2_overhang,a5b_domination_argument,dtlz2_interval,ls,0.5,5,11,False,5000,22,True,0.9140076241491634,1231
m-2_overhang,registered_x01,dtlz2_interval,ls,0.5,0,0,False,5000,23,True,0.0,3957
m-2_overhang,a5b_domination_argument,dtlz2_interval,ls,0.5,0,0,False,5000,23,True,0.0,3957
m-2_overhang,registered_x01,dtlz2_interval,ls,0.5,1,11,False,5000,23,True,1.039751052445765,4716
m-2_overhang,a5b_domination_argument,dtlz2_interval,ls,0.5,1,11,False,5000,23,True,0.9687866335826176,4716
m-2_overhang,registered_x01,dtlz2_interval,ls,0.5,2,0,False,5000,23,True,0.0,688
m-2_overhang,a5b_domination_argument,dtlz2_interval,ls,0.5,2,0,False,5000,23,True,0.0,688
m-2_overhang,registered_x01,dtlz2_interval,ls,0.5,3,11,False,5000,23,True,0.8529625047020408,1138
m-2_overhang,a5b_domination_argument,dtlz2_interval,ls,0.5,3,11,False,5000,23,True,0.7366778850363673,1138
m-2_overhang,registered_x01,dtlz2_interval,ls,0.5,4,1,False,5000,23,True,0.0,182
m-2_overhang,a5b_domination_argument,dtlz2_interval,ls,0.5,4,1,False,5000,23,True,0.0,182
m-2_overhang,registered_x01,dtlz2_interval,ls,0.5,5,11,False,5000,23,True,0.8555170760335772,343
m-2_overhang,a5b_domination_argument,dtlz2_interval,ls,0.5,5,11,False,5000,23,True,0.7259322902286917,343
m-2_overhang,registered_x01,dtlz2_interval,ls,0.5,0,0,False,5000,24,True,0.0,1266
m-2_overhang,a5b_domination_argument,dtlz2_interval,ls,0.5,0,0,False,5000,24,True,0.0,1266
m-2_overhang,registered_x01,dtlz2_interval,ls,0.5,1,11,False,5000,24,True,0.7912400423005992,3553
m-2_overhang,a5b_domination_argument,dtlz2_interval,ls,0.5,1,11,False,5000,24,True,0.6069476359965956,3553
m-2_overhang,registered_x01,dtlz2_interval,ls,0.5,2,0,False,5000,24,True,0.0,2178
m-2_overhang,a5b_domination_argument,dtlz2_interval,ls,0.5,2,0,False,5000,24,True,0.0,2178
m-2_overhang,registered_x01,dtlz2_interval,ls,0.5,3,11,False,5000,24,True,0.7039783223007611,3833
m-2_overhang,a5b_domination_argument,dtlz2_interval,ls,0.5,3,11,False,5000,24,True,0.6877487749775472,3833
m-2_overhang,registered_x01,dtlz2_interval,ls,0.5,4,1,False,5000,24,True,0.0,107
m-2_overhang,a5b_domination_argument,dtlz2_interval,ls,0.5,4,1,False,5000,24,True,0.0,107
m-2_overhang,registered_x01,dtlz2_interval,ls,0.5,5,11,False,5000,24,True,0.6393355489576467,1482
m-2_overhang,a5b_domination_argument,dtlz2_interval,ls,0.5,5,11,False,5000,24,True,0.5054080151002015,1482
m-2_overhang,registered_x01,dtlz2_interval,ls,0.5,0,0,False,5000,25,True,0.0,3908
m-2_overhang,a5b_domination_argument,dtlz2_interval,ls,0.5,0,0,False,5000,25,True,0.0,3908
m-2_overhang,registered_x01,dtlz2_interval,ls,0.5,1,11,False,5000,25,True,0.8189165170497774,3911
m-2_overhang,a5b_domination_argument,dtlz2_interval,ls,0.5,1,11,False,5000,25,True,0.8110389314710423,3911
m-2_overhang,registered_x01,dtlz2_interval,ls,0.5,2,0,False,5000,25,True,0.0,1105
m-2_overhang,a5b_domination_argument,dtlz2_interval,ls,0.5,2,0,False,5000,25,True,0.0,1105
m-2_overhang,registered_x01,dtlz2_interval,ls,0.5,3,11,False,5000,25,True,0.804986981676591,2916
m-2_overhang,a5b_domination_argument,dtlz2_interval,ls,0.5,3,11,False,5000,25,True,0.7709459513291147,2916
m-2_overhang,registered_x01,dtlz2_interval,ls,0.5,4,1,False,5000,25,True,0.0,4807
m-2_overhang,a5b_domination_argument,dtlz2_interval,ls,0.5,4,1,False,5000,25,True,0.0,4807
m-2_overhang,registered_x01,dtlz2_interval,ls,0.5,5,11,False,5000,25,True,0.7736980397296475,2857
m-2_overhang,a5b_domination_argument,dtlz2_interval,ls,0.5,5,11,False,5000,25,True,0.7481548838433186,2857
m-2_overhang,registered_x01,dtlz2_interval,ls,0.5,0,0,False,5000,26,True,0.0,977
m-2_overhang,a5b_domination_argument,dtlz2_interval,ls,0.5,0,0,False,5000,26,True,0.0,977
m-2_overhang,registered_x01,dtlz2_interval,ls,0.5,1,11,False,5000,26,True,1.1077189830365444,3873
m-2_overhang,a5b_domination_argument,dtlz2_interval,ls,0.5,1,11,False,5000,26,True,0.9668648225241283,3873
m-2_overhang,registered_x01,dtlz2_interval,ls,0.5,2,0,False,5000,26,True,0.0,4502
m-2_overhang,a5b_domination_argument,dtlz2_interval,ls,0.5,2,0,False,5000,26,True,0.0,4502
m-2_overhang,registered_x01,dtlz2_interval,ls,0.5,3,11,False,5000,26,True,0.8822081348149096,163
m-2_overhang,a5b_domination_argument,dtlz2_interval,ls,0.5,3,11,False,5000,26,True,0.8484961404246893,163
m-2_overhang,registered_x01,dtlz2_interval,ls,0.5,4,1,False,5000,26,True,0.0,4060
m-2_overhang,a5b_domination_argument,dtlz2_interval,ls,0.5,4,1,False,5000,26,True,0.0,4060
m-2_overhang,registered_x01,dtlz2_interval,ls,0.5,5,11,False,5000,26,True,0.6121067984862167,2171
m-2_overhang,a5b_domination_argument,dtlz2_interval,ls,0.5,5,11,False,5000,26,True,0.6055955262101029,2171
m-2_overhang,registered_x01,dtlz2_interval,ls,0.5,0,0,False,5000,27,True,0.0,945
m-2_overhang,a5b_domination_argument,dtlz2_interval,ls,0.5,0,0,False,5000,27,True,0.0,945
m-2_overhang,registered_x01,dtlz2_interval,ls,0.5,1,11,False,5000,27,True,1.079250854475289,1315
m-2_overhang,a5b_domination_argument,dtlz2_interval,ls,0.5,1,11,False,5000,27,True,0.9318097917741843,1315
m-2_overhang,registered_x01,dtlz2_interval,ls,0.5,2,0,False,5000,27,True,0.0,3685
m-2_overhang,a5b_domination_argument,dtlz2_interval,ls,0.5,2,0,False,5000,27,True,0.0,3685
m-2_overhang,registered_x01,dtlz2_interval,ls,0.5,3,11,False,5000,27,True,0.7828909410914601,4586
m-2_overhang,a5b_domination_argument,dtlz2_interval,ls,0.5,3,11,False,5000,27,True,0.7355822261100737,4586
m-2_overhang,registered_x01,dtlz2_interval,ls,0.5,4,1,False,5000,27,True,0.0,444
m-2_overhang,a5b_domination_argument,dtlz2_interval,ls,0.5,4,1,False,5000,27,True,0.0,444
m-2_overhang,registered_x01,dtlz2_interval,ls,0.5,5,11,False,5000,27,True,0.7926237589528443,4427
m-2_overhang,a5b_domination_argument,dtlz2_interval,ls,0.5,5,11,False,5000,27,True,0.7767668322589716,4427
m-2_overhang,registered_x01,dtlz2_interval,ls,0.5,0,0,False,5000,28,True,0.0,2144
m-2_overhang,a5b_domination_argument,dtlz2_interval,ls,0.5,0,0,False,5000,28,True,0.0,2144
m-2_overhang,registered_x01,dtlz2_interval,ls,0.5,1,11,False,5000,28,True,0.822286508844209,3421
m-2_overhang,a5b_domination_argument,dtlz2_interval,ls,0.5,1,11,False,5000,28,True,0.6161087857699429,3421
m-2_overhang,registered_x01,dtlz2_interval,ls,0.5,2,0,False,5000,28,True,0.0,1419
m-2_overhang,a5b_domination_argument,dtlz2_interval,ls,0.5,2,0,False,5000,28,True,0.0,1419
m-2_overhang,registered_x01,dtlz2_interval,ls,0.5,3,11,False,5000,28,True,0.9209315665347304,1483
m-2_overhang,a5b_domination_argument,dtlz2_interval,ls,0.5,3,11,False,5000,28,True,0.840607563591031,1483
m-2_overhang,registered_x01,dtlz2_interval,ls,0.5,4,1,False,5000,28,True,0.0,93
m-2_overhang,a5b_domination_argument,dtlz2_interval,ls,0.5,4,1,False,5000,28,True,0.0,93
m-2_overhang,registered_x01,dtlz2_interval,ls,0.5,5,11,False,5000,28,True,0.8566438655941201,3096
m-2_overhang,a5b_domination_argument,dtlz2_interval,ls,0.5,5,11,False,5000,28,True,0.8550035913525317,3096
m-2_overhang,registered_x01,dtlz2_interval,ls,0.5,0,0,False,5000,29,True,0.0,2151
m-2_overhang,a5b_domination_argument,dtlz2_interval,ls,0.5,0,0,False,5000,29,True,0.0,2151
m-2_overhang,registered_x01,dtlz2_interval,ls,0.5,1,11,False,5000,29,True,0.8337238455800154,1086
m-2_overhang,a5b_domination_argument,dtlz2_interval,ls,0.5,1,11,False,5000,29,True,0.679663576535068,1086
m-2_overhang,registered_x01,dtlz2_interval,ls,0.5,2,0,False,5000,29,True,0.0,2805
m-2_overhang,a5b_domination_argument,dtlz2_interval,ls,0.5,2,0,False,5000,29,True,0.0,2805
m-2_overhang,registered_x01,dtlz2_interval,ls,0.5,3,11,False,5000,29,True,0.859904809292976,690
m-2_overhang,a5b_domination_argument,dtlz2_interval,ls,0.5,3,11,False,5000,29,True,0.8062985465486355,690
m-2_overhang,registered_x01,dtlz2_interval,ls,0.5,4,1,False,5000,29,True,0.0,3116
m-2_overhang,a5b_domination_argument,dtlz2_interval,ls,0.5,4,1,False,5000,29,True,0.0,3116
m-2_overhang,registered_x01,dtlz2_interval,ls,0.5,5,11,False,5000,29,True,0.7492279865779223,769
m-2_overhang,a5b_domination_argument,dtlz2_interval,ls,0.5,5,11,False,5000,29,True,0.7196812319228754,769
m-2_overhang,registered_x01,dtlz2_interval,ls,0.5,0,0,False,5000,30,True,0.0,3368
m-2_overhang,a5b_domination_argument,dtlz2_interval,ls,0.5,0,0,False,5000,30,True,0.0,3368
m-2_overhang,registered_x01,dtlz2_interval,ls,0.5,1,11,False,5000,30,True,0.900657120583021,2978
m-2_overhang,a5b_domination_argument,dtlz2_interval,ls,0.5,1,11,False,5000,30,True,0.7914046962356995,2978
m-2_overhang,registered_x01,dtlz2_interval,ls,0.5,2,0,False,5000,30,True,0.0,1902
m-2_overhang,a5b_domination_argument,dtlz2_interval,ls,0.5,2,0,False,5000,30,True,0.0,1902
m-2_overhang,registered_x01,dtlz2_interval,ls,0.5,3,11,False,5000,30,True,0.9081841733248469,3898
m-2_overhang,a5b_domination_argument,dtlz2_interval,ls,0.5,3,11,False,5000,30,True,0.9078644002297094,3898
m-2_overhang,registered_x01,dtlz2_interval,ls,0.5,4,1,False,5000,30,True,0.0,2336
m-2_overhang,a5b_domination_argument,dtlz2_interval,ls,0.5,4,1,False,5000,30,True,0.0,2336
m-2_overhang,registered_x01,dtlz2_interval,ls,0.5,5,11,False,5000,30,True,0.5658498107502269,1558
m-2_overhang,a5b_domination_argument,dtlz2_interval,ls,0.5,5,11,False,5000,30,True,0.5493094342050974,1558
m-2_overhang,registered_x01,dtlz2_interval,cw,0.5,0,0,False,5000,11,True,0.0,4810
m-2_overhang,a5b_domination_argument,dtlz2_interval,cw,0.5,0,0,False,5000,11,True,0.0,4810
m-2_overhang,registered_x01,dtlz2_interval,cw,0.5,1,11,False,5000,11,True,0.7011742254435525,1001
m-2_overhang,a5b_domination_argument,dtlz2_interval,cw,0.5,1,11,False,5000,11,True,0.5680159661743416,1001
m-2_overhang,registered_x01,dtlz2_interval,cw,0.5,2,0,False,5000,11,True,0.0,4507
m-2_overhang,a5b_domination_argument,dtlz2_interval,cw,0.5,2,0,False,5000,11,True,0.0,4507
m-2_overhang,registered_x01,dtlz2_interval,cw,0.5,3,11,False,5000,11,True,0.8570940819195144,4783
m-2_overhang,a5b_domination_argument,dtlz2_interval,cw,0.5,3,11,False,5000,11,True,0.8507460864880665,4783
m-2_overhang,registered_x01,dtlz2_interval,cw,0.5,4,1,False,5000,11,True,0.0,4455
m-2_overhang,a5b_domination_argument,dtlz2_interval,cw,0.5,4,1,False,5000,11,True,0.0,4455
m-2_overhang,registered_x01,dtlz2_interval,cw,0.5,5,11,False,5000,11,True,0.9564749584500807,1088
m-2_overhang,a5b_domination_argument,dtlz2_interval,cw,0.5,5,11,False,5000,11,True,0.9290498298895404,1088
m-2_overhang,registered_x01,dtlz2_interval,cw,0.5,0,0,False,5000,12,True,0.0,4880
m-2_overhang,a5b_domination_argument,dtlz2_interval,cw,0.5,0,0,False,5000,12,True,0.0,4880
m-2_overhang,registered_x01,dtlz2_interval,cw,0.5,1,11,False,5000,12,True,0.7410036919133441,4691
m-2_overhang,a5b_domination_argument,dtlz2_interval,cw,0.5,1,11,False,5000,12,True,0.7284287371207337,4691
m-2_overhang,registered_x01,dtlz2_interval,cw,0.5,2,0,False,5000,12,True,0.0,822
m-2_overhang,a5b_domination_argument,dtlz2_interval,cw,0.5,2,0,False,5000,12,True,0.0,822
m-2_overhang,registered_x01,dtlz2_interval,cw,0.5,3,11,False,5000,12,True,0.8246616691859471,2043
m-2_overhang,a5b_domination_argument,dtlz2_interval,cw,0.5,3,11,False,5000,12,True,0.7666299190501987,2043
m-2_overhang,registered_x01,dtlz2_interval,cw,0.5,4,1,False,5000,12,True,0.0,649
m-2_overhang,a5b_domination_argument,dtlz2_interval,cw,0.5,4,1,False,5000,12,True,0.0,649
m-2_overhang,registered_x01,dtlz2_interval,cw,0.5,5,11,False,5000,12,True,0.7360658199159732,3909
m-2_overhang,a5b_domination_argument,dtlz2_interval,cw,0.5,5,11,False,5000,12,True,0.6861644145671846,3909
m-2_overhang,registered_x01,dtlz2_interval,cw,0.5,0,0,False,5000,13,True,0.0,4644
m-2_overhang,a5b_domination_argument,dtlz2_interval,cw,0.5,0,0,False,5000,13,True,0.0,4644
m-2_overhang,registered_x01,dtlz2_interval,cw,0.5,1,11,False,5000,13,True,0.9283198908418778,1652
m-2_overhang,a5b_domination_argument,dtlz2_interval,cw,0.5,1,11,False,5000,13,True,0.7082491365710535,1652
m-2_overhang,registered_x01,dtlz2_interval,cw,0.5,2,0,False,5000,13,True,0.0,340
m-2_overhang,a5b_domination_argument,dtlz2_interval,cw,0.5,2,0,False,5000,13,True,0.0,340
m-2_overhang,registered_x01,dtlz2_interval,cw,0.5,3,11,False,5000,13,True,0.7982598595090424,3011
m-2_overhang,a5b_domination_argument,dtlz2_interval,cw,0.5,3,11,False,5000,13,True,0.7904405376792903,3011
m-2_overhang,registered_x01,dtlz2_interval,cw,0.5,4,1,False,5000,13,True,0.0,4318
m-2_overhang,a5b_domination_argument,dtlz2_interval,cw,0.5,4,1,False,5000,13,True,0.0,4318
m-2_overhang,registered_x01,dtlz2_interval,cw,0.5,5,11,False,5000,13,True,0.792287012561412,3330
m-2_overhang,a5b_domination_argument,dtlz2_interval,cw,0.5,5,11,False,5000,13,True,0.777037109117466,3330
m-2_overhang,registered_x01,dtlz2_interval,cw,0.5,0,0,False,5000,14,True,0.0,248
m-2_overhang,a5b_domination_argument,dtlz2_interval,cw,0.5,0,0,False,5000,14,True,0.0,248
m-2_overhang,registered_x01,dtlz2_interval,cw,0.5,1,11,False,5000,14,True,0.848155207603304,4187
m-2_overhang,a5b_domination_argument,dtlz2_interval,cw,0.5,1,11,False,5000,14,True,0.8340922334952999,4187
m-2_overhang,registered_x01,dtlz2_interval,cw,0.5,2,0,False,5000,14,True,0.0,4943
m-2_overhang,a5b_domination_argument,dtlz2_interval,cw,0.5,2,0,False,5000,14,True,0.0,4943
m-2_overhang,registered_x01,dtlz2_interval,cw,0.5,3,11,False,5000,14,True,0.7883892508311481,3153
m-2_overhang,a5b_domination_argument,dtlz2_interval,cw,0.5,3,11,False,5000,14,True,0.788226590001525,3153
m-2_overhang,registered_x01,dtlz2_interval,cw,0.5,4,1,False,5000,14,True,0.0,2282
m-2_overhang,a5b_domination_argument,dtlz2_interval,cw,0.5,4,1,False,5000,14,True,0.0,2282
m-2_overhang,registered_x01,dtlz2_interval,cw,0.5,5,11,False,5000,14,True,0.6197486520849799,1944
m-2_overhang,a5b_domination_argument,dtlz2_interval,cw,0.5,5,11,False,5000,14,True,0.6173162888420538,1944
m-2_overhang,registered_x01,dtlz2_interval,cw,0.5,0,0,False,5000,15,True,0.0,4652
m-2_overhang,a5b_domination_argument,dtlz2_interval,cw,0.5,0,0,False,5000,15,True,0.0,4652
m-2_overhang,registered_x01,dtlz2_interval,cw,0.5,1,11,False,5000,15,True,0.8510709121112792,2871
m-2_overhang,a5b_domination_argument,dtlz2_interval,cw,0.5,1,11,False,5000,15,True,0.7622666429354146,2871
m-2_overhang,registered_x01,dtlz2_interval,cw,0.5,2,0,False,5000,15,True,0.0,1502
m-2_overhang,a5b_domination_argument,dtlz2_interval,cw,0.5,2,0,False,5000,15,True,0.0,1502
m-2_overhang,registered_x01,dtlz2_interval,cw,0.5,3,11,False,5000,15,True,0.7440319537680538,4324
m-2_overhang,a5b_domination_argument,dtlz2_interval,cw,0.5,3,11,False,5000,15,True,0.6193368167240819,4324
m-2_overhang,registered_x01,dtlz2_interval,cw,0.5,4,1,False,5000,15,True,0.0,2880
m-2_overhang,a5b_domination_argument,dtlz2_interval,cw,0.5,4,1,False,5000,15,True,0.0,2880
m-2_overhang,registered_x01,dtlz2_interval,cw,0.5,5,11,False,5000,15,True,0.7961107828553797,1596
m-2_overhang,a5b_domination_argument,dtlz2_interval,cw,0.5,5,11,False,5000,15,True,0.6858266855212186,1596
m-2_overhang,registered_x01,dtlz2_interval,cw,0.5,0,0,False,5000,16,True,0.0,1076
m-2_overhang,a5b_domination_argument,dtlz2_interval,cw,0.5,0,0,False,5000,16,True,0.0,1076
m-2_overhang,registered_x01,dtlz2_interval,cw,0.5,1,11,False,5000,16,True,0.6886044108427936,1623
m-2_overhang,a5b_domination_argument,dtlz2_interval,cw,0.5,1,11,False,5000,16,True,0.5017808260650071,1623
m-2_overhang,registered_x01,dtlz2_interval,cw,0.5,2,0,False,5000,16,True,0.0,4375
m-2_overhang,a5b_domination_argument,dtlz2_interval,cw,0.5,2,0,False,5000,16,True,0.0,4375
m-2_overhang,registered_x01,dtlz2_interval,cw,0.5,3,11,False,5000,16,True,0.750196488030427,3479
m-2_overhang,a5b_domination_argument,dtlz2_interval,cw,0.5,3,11,False,5000,16,True,0.7427461829403692,3479
m-2_overhang,registered_x01,dtlz2_interval,cw,0.5,4,1,False,5000,16,True,0.0,849
m-2_overhang,a5b_domination_argument,dtlz2_interval,cw,0.5,4,1,False,5000,16,True,0.0,849
m-2_overhang,registered_x01,dtlz2_interval,cw,0.5,5,11,False,5000,16,True,0.877991193161898,3855
m-2_overhang,a5b_domination_argument,dtlz2_interval,cw,0.5,5,11,False,5000,16,True,0.7956233435328768,3855
m-2_overhang,registered_x01,dtlz2_interval,cw,0.5,0,0,False,5000,17,True,0.0,4534
m-2_overhang,a5b_domination_argument,dtlz2_interval,cw,0.5,0,0,False,5000,17,True,0.0,4534
m-2_overhang,registered_x01,dtlz2_interval,cw,0.5,1,11,False,5000,17,True,0.837781036764612,1156
m-2_overhang,a5b_domination_argument,dtlz2_interval,cw,0.5,1,11,False,5000,17,True,0.6285407333320052,1156
m-2_overhang,registered_x01,dtlz2_interval,cw,0.5,2,0,False,5000,17,True,0.0,2163
m-2_overhang,a5b_domination_argument,dtlz2_interval,cw,0.5,2,0,False,5000,17,True,0.0,2163
m-2_overhang,registered_x01,dtlz2_interval,cw,0.5,3,11,False,5000,17,True,0.8772584350369866,264
m-2_overhang,a5b_domination_argument,dtlz2_interval,cw,0.5,3,11,False,5000,17,True,0.7920382310738412,264
m-2_overhang,registered_x01,dtlz2_interval,cw,0.5,4,1,False,5000,17,True,0.0,1867
m-2_overhang,a5b_domination_argument,dtlz2_interval,cw,0.5,4,1,False,5000,17,True,0.0,1867
m-2_overhang,registered_x01,dtlz2_interval,cw,0.5,5,11,False,5000,17,True,0.725560805117221,4624
m-2_overhang,a5b_domination_argument,dtlz2_interval,cw,0.5,5,11,False,5000,17,True,0.6398121104868595,4624
m-2_overhang,registered_x01,dtlz2_interval,cw,0.5,0,0,False,5000,18,True,0.0,69
m-2_overhang,a5b_domination_argument,dtlz2_interval,cw,0.5,0,0,False,5000,18,True,0.0,69
m-2_overhang,registered_x01,dtlz2_interval,cw,0.5,1,11,False,5000,18,True,0.8590486673178142,1381
m-2_overhang,a5b_domination_argument,dtlz2_interval,cw,0.5,1,11,False,5000,18,True,0.7630132780239708,1381
m-2_overhang,registered_x01,dtlz2_interval,cw,0.5,2,0,False,5000,18,True,0.0,2864
m-2_overhang,a5b_domination_argument,dtlz2_interval,cw,0.5,2,0,False,5000,18,True,0.0,2864
m-2_overhang,registered_x01,dtlz2_interval,cw,0.5,3,11,False,5000,18,True,0.8939481199711548,646
m-2_overhang,a5b_domination_argument,dtlz2_interval,cw,0.5,3,11,False,5000,18,True,0.7978348968788517,646
m-2_overhang,registered_x01,dtlz2_interval,cw,0.5,4,1,False,5000,18,True,0.0,4594
m-2_overhang,a5b_domination_argument,dtlz2_interval,cw,0.5,4,1,False,5000,18,True,0.0,4594
m-2_overhang,registered_x01,dtlz2_interval,cw,0.5,5,11,False,5000,18,True,0.6607735748032175,4360
m-2_overhang,a5b_domination_argument,dtlz2_interval,cw,0.5,5,11,False,5000,18,True,0.6160962700081032,4360
m-2_overhang,registered_x01,dtlz2_interval,cw,0.5,0,0,False,5000,19,True,0.0,3010
m-2_overhang,a5b_domination_argument,dtlz2_interval,cw,0.5,0,0,False,5000,19,True,0.0,3010
m-2_overhang,registered_x01,dtlz2_interval,cw,0.5,1,11,False,5000,19,True,0.9529248311222105,2358
m-2_overhang,a5b_domination_argument,dtlz2_interval,cw,0.5,1,11,False,5000,19,True,0.9040522476219736,2358
m-2_overhang,registered_x01,dtlz2_interval,cw,0.5,2,0,False,5000,19,True,0.0,174
m-2_overhang,a5b_domination_argument,dtlz2_interval,cw,0.5,2,0,False,5000,19,True,0.0,174
m-2_overhang,registered_x01,dtlz2_interval,cw,0.5,3,11,False,5000,19,True,1.0234402629378825,4932
m-2_overhang,a5b_domination_argument,dtlz2_interval,cw,0.5,3,11,False,5000,19,True,0.9059506548909978,4932
m-2_overhang,registered_x01,dtlz2_interval,cw,0.5,4,1,False,5000,19,True,0.0,4938
m-2_overhang,a5b_domination_argument,dtlz2_interval,cw,0.5,4,1,False,5000,19,True,0.0,4938
m-2_overhang,registered_x01,dtlz2_interval,cw,0.5,5,11,False,5000,19,True,0.8034551410146896,4538
m-2_overhang,a5b_domination_argument,dtlz2_interval,cw,0.5,5,11,False,5000,19,True,0.787613676971034,4538
m-2_overhang,registered_x01,dtlz2_interval,cw,0.5,0,0,False,5000,20,True,0.0,2152
m-2_overhang,a5b_domination_argument,dtlz2_interval,cw,0.5,0,0,False,5000,20,True,0.0,2152
m-2_overhang,registered_x01,dtlz2_interval,cw,0.5,1,11,False,5000,20,True,0.8297393114997533,3364
m-2_overhang,a5b_domination_argument,dtlz2_interval,cw,0.5,1,11,False,5000,20,True,0.7064114341351895,3364
m-2_overhang,registered_x01,dtlz2_interval,cw,0.5,2,0,False,5000,20,True,0.0,3212
m-2_overhang,a5b_domination_argument,dtlz2_interval,cw,0.5,2,0,False,5000,20,True,0.0,3212
m-2_overhang,registered_x01,dtlz2_interval,cw,0.5,3,11,False,5000,20,True,0.8016604407593988,680
m-2_overhang,a5b_domination_argument,dtlz2_interval,cw,0.5,3,11,False,5000,20,True,0.680929178636058,680
m-2_overhang,registered_x01,dtlz2_interval,cw,0.5,4,1,False,5000,20,True,0.0,1965
m-2_overhang,a5b_domination_argument,dtlz2_interval,cw,0.5,4,1,False,5000,20,True,0.0,1965
m-2_overhang,registered_x01,dtlz2_interval,cw,0.5,5,11,False,5000,20,True,0.9483939246172977,368
m-2_overhang,a5b_domination_argument,dtlz2_interval,cw,0.5,5,11,False,5000,20,True,0.9330832931517489,368
m-2_overhang,registered_x01,dtlz2_interval,cw,0.5,0,0,False,5000,21,True,0.0,906
m-2_overhang,a5b_domination_argument,dtlz2_interval,cw,0.5,0,0,False,5000,21,True,0.0,906
m-2_overhang,registered_x01,dtlz2_interval,cw,0.5,1,11,False,5000,21,True,0.7776222925304932,1
m-2_overhang,a5b_domination_argument,dtlz2_interval,cw,0.5,1,11,False,5000,21,True,0.7594532939978198,1
m-2_overhang,registered_x01,dtlz2_interval,cw,0.5,2,0,False,5000,21,True,0.0,1027
m-2_overhang,a5b_domination_argument,dtlz2_interval,cw,0.5,2,0,False,5000,21,True,0.0,1027
m-2_overhang,registered_x01,dtlz2_interval,cw,0.5,3,11,False,5000,21,True,0.5376677948895031,779
m-2_overhang,a5b_domination_argument,dtlz2_interval,cw,0.5,3,11,False,5000,21,True,0.5030203484931145,779
m-2_overhang,registered_x01,dtlz2_interval,cw,0.5,4,1,False,5000,21,True,0.0,1733
m-2_overhang,a5b_domination_argument,dtlz2_interval,cw,0.5,4,1,False,5000,21,True,0.0,1733
m-2_overhang,registered_x01,dtlz2_interval,cw,0.5,5,11,False,5000,21,True,0.9250637457536257,528
m-2_overhang,a5b_domination_argument,dtlz2_interval,cw,0.5,5,11,False,5000,21,True,0.807657413866437,528
m-2_overhang,registered_x01,dtlz2_interval,cw,0.5,0,0,False,5000,22,True,0.0,785
m-2_overhang,a5b_domination_argument,dtlz2_interval,cw,0.5,0,0,False,5000,22,True,0.0,785
m-2_overhang,registered_x01,dtlz2_interval,cw,0.5,1,11,False,5000,22,True,1.1075358610178303,2388
m-2_overhang,a5b_domination_argument,dtlz2_interval,cw,0.5,1,11,False,5000,22,True,1.0708728374356817,2388
m-2_overhang,registered_x01,dtlz2_interval,cw,0.5,2,0,False,5000,22,True,0.0,3887
m-2_overhang,a5b_domination_argument,dtlz2_interval,cw,0.5,2,0,False,5000,22,True,0.0,3887
m-2_overhang,registered_x01,dtlz2_interval,cw,0.5,3,11,False,5000,22,True,0.799159773538719,2445
m-2_overhang,a5b_domination_argument,dtlz2_interval,cw,0.5,3,11,False,5000,22,True,0.7299482374050704,2445
m-2_overhang,registered_x01,dtlz2_interval,cw,0.5,4,1,False,5000,22,True,0.0,3302
m-2_overhang,a5b_domination_argument,dtlz2_interval,cw,0.5,4,1,False,5000,22,True,0.0,3302
m-2_overhang,registered_x01,dtlz2_interval,cw,0.5,5,11,False,5000,22,True,0.9285665004499704,1231
m-2_overhang,a5b_domination_argument,dtlz2_interval,cw,0.5,5,11,False,5000,22,True,0.9140076241491634,1231
m-2_overhang,registered_x01,dtlz2_interval,cw,0.5,0,0,False,5000,23,True,0.0,1038
m-2_overhang,a5b_domination_argument,dtlz2_interval,cw,0.5,0,0,False,5000,23,True,0.0,1038
m-2_overhang,registered_x01,dtlz2_interval,cw,0.5,1,11,False,5000,23,True,1.039751052445765,4716
m-2_overhang,a5b_domination_argument,dtlz2_interval,cw,0.5,1,11,False,5000,23,True,0.9687866335826176,4716
m-2_overhang,registered_x01,dtlz2_interval,cw,0.5,2,0,False,5000,23,True,0.0,1973
m-2_overhang,a5b_domination_argument,dtlz2_interval,cw,0.5,2,0,False,5000,23,True,0.0,1973
m-2_overhang,registered_x01,dtlz2_interval,cw,0.5,3,11,False,5000,23,True,0.8529625047020408,1138
m-2_overhang,a5b_domination_argument,dtlz2_interval,cw,0.5,3,11,False,5000,23,True,0.7366778850363673,1138
m-2_overhang,registered_x01,dtlz2_interval,cw,0.5,4,1,False,5000,23,True,0.0,1498
m-2_overhang,a5b_domination_argument,dtlz2_interval,cw,0.5,4,1,False,5000,23,True,0.0,1498
m-2_overhang,registered_x01,dtlz2_interval,cw,0.5,5,11,False,5000,23,True,0.8555170760335772,343
m-2_overhang,a5b_domination_argument,dtlz2_interval,cw,0.5,5,11,False,5000,23,True,0.7259322902286917,343
m-2_overhang,registered_x01,dtlz2_interval,cw,0.5,0,0,False,5000,24,True,0.0,4115
m-2_overhang,a5b_domination_argument,dtlz2_interval,cw,0.5,0,0,False,5000,24,True,0.0,4115
m-2_overhang,registered_x01,dtlz2_interval,cw,0.5,1,11,False,5000,24,True,0.7912400423005992,3553
m-2_overhang,a5b_domination_argument,dtlz2_interval,cw,0.5,1,11,False,5000,24,True,0.6069476359965956,3553
m-2_overhang,registered_x01,dtlz2_interval,cw,0.5,2,0,False,5000,24,True,0.0,4115
m-2_overhang,a5b_domination_argument,dtlz2_interval,cw,0.5,2,0,False,5000,24,True,0.0,4115
m-2_overhang,registered_x01,dtlz2_interval,cw,0.5,3,11,False,5000,24,True,0.7039783223007611,3833
m-2_overhang,a5b_domination_argument,dtlz2_interval,cw,0.5,3,11,False,5000,24,True,0.6877487749775472,3833
m-2_overhang,registered_x01,dtlz2_interval,cw,0.5,4,1,False,5000,24,True,0.0,107
m-2_overhang,a5b_domination_argument,dtlz2_interval,cw,0.5,4,1,False,5000,24,True,0.0,107
m-2_overhang,registered_x01,dtlz2_interval,cw,0.5,5,11,False,5000,24,True,0.6393355489576467,1482
m-2_overhang,a5b_domination_argument,dtlz2_interval,cw,0.5,5,11,False,5000,24,True,0.5054080151002015,1482
m-2_overhang,registered_x01,dtlz2_interval,cw,0.5,0,0,False,5000,25,True,0.0,4066
m-2_overhang,a5b_domination_argument,dtlz2_interval,cw,0.5,0,0,False,5000,25,True,0.0,4066
m-2_overhang,registered_x01,dtlz2_interval,cw,0.5,1,11,False,5000,25,True,0.8189165170497774,3911
m-2_overhang,a5b_domination_argument,dtlz2_interval,cw,0.5,1,11,False,5000,25,True,0.8110389314710423,3911
m-2_overhang,registered_x01,dtlz2_interval,cw,0.5,2,0,False,5000,25,True,0.0,4066
m-2_overhang,a5b_domination_argument,dtlz2_interval,cw,0.5,2,0,False,5000,25,True,0.0,4066
m-2_overhang,registered_x01,dtlz2_interval,cw,0.5,3,11,False,5000,25,True,0.804986981676591,2916
m-2_overhang,a5b_domination_argument,dtlz2_interval,cw,0.5,3,11,False,5000,25,True,0.7709459513291147,2916
m-2_overhang,registered_x01,dtlz2_interval,cw,0.5,4,1,False,5000,25,True,0.0,1928
m-2_overhang,a5b_domination_argument,dtlz2_interval,cw,0.5,4,1,False,5000,25,True,0.0,1928
m-2_overhang,registered_x01,dtlz2_interval,cw,0.5,5,11,False,5000,25,True,0.7736980397296475,2857
m-2_overhang,a5b_domination_argument,dtlz2_interval,cw,0.5,5,11,False,5000,25,True,0.7481548838433186,2857
m-2_overhang,registered_x01,dtlz2_interval,cw,0.5,0,0,False,5000,26,True,0.0,4298
m-2_overhang,a5b_domination_argument,dtlz2_interval,cw,0.5,0,0,False,5000,26,True,0.0,4298
m-2_overhang,registered_x01,dtlz2_interval,cw,0.5,1,11,False,5000,26,True,1.1077189830365444,3873
m-2_overhang,a5b_domination_argument,dtlz2_interval,cw,0.5,1,11,False,5000,26,True,0.9668648225241283,3873
m-2_overhang,registered_x01,dtlz2_interval,cw,0.5,2,0,False,5000,26,True,0.0,1086
m-2_overhang,a5b_domination_argument,dtlz2_interval,cw,0.5,2,0,False,5000,26,True,0.0,1086
m-2_overhang,registered_x01,dtlz2_interval,cw,0.5,3,11,False,5000,26,True,0.8822081348149096,163
m-2_overhang,a5b_domination_argument,dtlz2_interval,cw,0.5,3,11,False,5000,26,True,0.8484961404246893,163
m-2_overhang,registered_x01,dtlz2_interval,cw,0.5,4,1,False,5000,26,True,0.0,4060
m-2_overhang,a5b_domination_argument,dtlz2_interval,cw,0.5,4,1,False,5000,26,True,0.0,4060
m-2_overhang,registered_x01,dtlz2_interval,cw,0.5,5,11,False,5000,26,True,0.6121067984862167,2171
m-2_overhang,a5b_domination_argument,dtlz2_interval,cw,0.5,5,11,False,5000,26,True,0.6055955262101029,2171
m-2_overhang,registered_x01,dtlz2_interval,cw,0.5,0,0,False,5000,27,True,0.0,2648
m-2_overhang,a5b_domination_argument,dtlz2_interval,cw,0.5,0,0,False,5000,27,True,0.0,2648
m-2_overhang,registered_x01,dtlz2_interval,cw,0.5,1,11,False,5000,27,True,1.079250854475289,1315
m-2_overhang,a5b_domination_argument,dtlz2_interval,cw,0.5,1,11,False,5000,27,True,0.9318097917741843,1315
m-2_overhang,registered_x01,dtlz2_interval,cw,0.5,2,0,False,5000,27,True,0.0,3081
m-2_overhang,a5b_domination_argument,dtlz2_interval,cw,0.5,2,0,False,5000,27,True,0.0,3081
m-2_overhang,registered_x01,dtlz2_interval,cw,0.5,3,11,False,5000,27,True,0.7828909410914601,4586
m-2_overhang,a5b_domination_argument,dtlz2_interval,cw,0.5,3,11,False,5000,27,True,0.7355822261100737,4586
m-2_overhang,registered_x01,dtlz2_interval,cw,0.5,4,1,False,5000,27,True,0.0,4781
m-2_overhang,a5b_domination_argument,dtlz2_interval,cw,0.5,4,1,False,5000,27,True,0.0,4781
m-2_overhang,registered_x01,dtlz2_interval,cw,0.5,5,11,False,5000,27,True,0.7926237589528443,4427
m-2_overhang,a5b_domination_argument,dtlz2_interval,cw,0.5,5,11,False,5000,27,True,0.7767668322589716,4427
m-2_overhang,registered_x01,dtlz2_interval,cw,0.5,0,0,False,5000,28,True,0.0,724
m-2_overhang,a5b_domination_argument,dtlz2_interval,cw,0.5,0,0,False,5000,28,True,0.0,724
m-2_overhang,registered_x01,dtlz2_interval,cw,0.5,1,11,False,5000,28,True,0.822286508844209,3421
m-2_overhang,a5b_domination_argument,dtlz2_interval,cw,0.5,1,11,False,5000,28,True,0.6161087857699429,3421
m-2_overhang,registered_x01,dtlz2_interval,cw,0.5,2,0,False,5000,28,True,0.0,1985
m-2_overhang,a5b_domination_argument,dtlz2_interval,cw,0.5,2,0,False,5000,28,True,0.0,1985
m-2_overhang,registered_x01,dtlz2_interval,cw,0.5,3,11,False,5000,28,True,0.9209315665347304,1483
m-2_overhang,a5b_domination_argument,dtlz2_interval,cw,0.5,3,11,False,5000,28,True,0.840607563591031,1483
m-2_overhang,registered_x01,dtlz2_interval,cw,0.5,4,1,False,5000,28,True,0.0,4579
m-2_overhang,a5b_domination_argument,dtlz2_interval,cw,0.5,4,1,False,5000,28,True,0.0,4579
m-2_overhang,registered_x01,dtlz2_interval,cw,0.5,5,11,False,5000,28,True,0.8566438655941201,3096
m-2_overhang,a5b_domination_argument,dtlz2_interval,cw,0.5,5,11,False,5000,28,True,0.8550035913525317,3096
m-2_overhang,registered_x01,dtlz2_interval,cw,0.5,0,0,False,5000,29,True,0.0,138
m-2_overhang,a5b_domination_argument,dtlz2_interval,cw,0.5,0,0,False,5000,29,True,0.0,138
m-2_overhang,registered_x01,dtlz2_interval,cw,0.5,1,11,False,5000,29,True,0.8337238455800154,1086
m-2_overhang,a5b_domination_argument,dtlz2_interval,cw,0.5,1,11,False,5000,29,True,0.679663576535068,1086
m-2_overhang,registered_x01,dtlz2_interval,cw,0.5,2,0,False,5000,29,True,0.0,1761
m-2_overhang,a5b_domination_argument,dtlz2_interval,cw,0.5,2,0,False,5000,29,True,0.0,1761
m-2_overhang,registered_x01,dtlz2_interval,cw,0.5,3,11,False,5000,29,True,0.859904809292976,690
m-2_overhang,a5b_domination_argument,dtlz2_interval,cw,0.5,3,11,False,5000,29,True,0.8062985465486355,690
m-2_overhang,registered_x01,dtlz2_interval,cw,0.5,4,1,False,5000,29,True,0.0,653
m-2_overhang,a5b_domination_argument,dtlz2_interval,cw,0.5,4,1,False,5000,29,True,0.0,653
m-2_overhang,registered_x01,dtlz2_interval,cw,0.5,5,11,False,5000,29,True,0.7492279865779223,769
m-2_overhang,a5b_domination_argument,dtlz2_interval,cw,0.5,5,11,False,5000,29,True,0.7196812319228754,769
m-2_overhang,registered_x01,dtlz2_interval,cw,0.5,0,0,False,5000,30,True,0.0,2747
m-2_overhang,a5b_domination_argument,dtlz2_interval,cw,0.5,0,0,False,5000,30,True,0.0,2747
m-2_overhang,registered_x01,dtlz2_interval,cw,0.5,1,11,False,5000,30,True,0.900657120583021,2978
m-2_overhang,a5b_domination_argument,dtlz2_interval,cw,0.5,1,11,False,5000,30,True,0.7914046962356995,2978
m-2_overhang,registered_x01,dtlz2_interval,cw,0.5,2,0,False,5000,30,True,0.0,4832
m-2_overhang,a5b_domination_argument,dtlz2_interval,cw,0.5,2,0,False,5000,30,True,0.0,4832
m-2_overhang,registered_x01,dtlz2_interval,cw,0.5,3,11,False,5000,30,True,0.9081841733248469,3898
m-2_overhang,a5b_domination_argument,dtlz2_interval,cw,0.5,3,11,False,5000,30,True,0.9078644002297094,3898
m-2_overhang,registered_x01,dtlz2_interval,cw,0.5,4,1,False,5000,30,True,0.0,1019
m-2_overhang,a5b_domination_argument,dtlz2_interval,cw,0.5,4,1,False,5000,30,True,0.0,1019
m-2_overhang,registered_x01,dtlz2_interval,cw,0.5,5,11,False,5000,30,True,0.5658498107502269,1558
m-2_overhang,a5b_domination_argument,dtlz2_interval,cw,0.5,5,11,False,5000,30,True,0.5493094342050974,1558
