# metrics table, written by src/reporting.py, subpart d3. two blocks with
# different columns, and the split is the content and not the layout.
# every value is a median with its interquartile range over the seed count in
# the same row, and every row states the evaluation budget and the
# cardinality it was computed at. no cell is one run.

block,objective_space
# hypervolume, igd and spread are computed on the (k, 2m) rows of one
# phi's image. each phi maps the same problem into a different space on a
# different scale, CONTEXT.md section 5 step 5, so these compare solvers
# under one fixed phi and never rank one phi against another; a ratio
# taken across two phi here is a ratio of volumes in two different spaces
# and means nothing. all three move with the cardinality, r-16, which is
# why every row states the one it was computed at.
problem,phi,solver,metric,n_seeds,n_evals,cardinality,reference_size,sampling_mode,include_singular_segments,hv_reference_rule,hv_reference_point,median,q1,q3,iqr
dtlz2_interval,cw,mopso,hypervolume,5,20000,100,0,farthest_point,False,reference_front_nadir_plus_range_tenth,3.2935855273971284 0.11000000000000001 3.403830111939641 0.11000000000000001 3.3237676005364625 0.11000000000000001,0.040868897197232454,0.03900208090643806,0.04112848722607832,0.002126406319640263
dtlz2_interval,cw,mopso,hypervolume,5,5000,100,0,farthest_point,False,reference_front_nadir_plus_range_tenth,3.2935855273971284 0.11000000000000001 3.403830111939641 0.11000000000000001 3.3237676005364625 0.11000000000000001,0.036000037074068375,0.03482494030671793,0.03915830371809221,0.004333363411374282
dtlz2_interval,cw,mopso,spread,5,20000,100,0,farthest_point,False,reference_front_nadir_plus_range_tenth,3.2935855273971284 0.11000000000000001 3.403830111939641 0.11000000000000001 3.3237676005364625 0.11000000000000001,3.9836474089926517,3.8996871887409914,4.030460112395338,0.13077292365434667
dtlz2_interval,cw,mopso,spread,5,5000,100,0,farthest_point,False,reference_front_nadir_plus_range_tenth,3.2935855273971284 0.11000000000000001 3.403830111939641 0.11000000000000001 3.3237676005364625 0.11000000000000001,3.942811675187412,3.8554995151577764,3.9617951765589217,0.10629566140114521
dtlz2_interval,cw,nsga2,hypervolume,5,20000,100,0,farthest_point,False,reference_front_nadir_plus_range_tenth,3.2935855273971284 0.11000000000000001 3.403830111939641 0.11000000000000001 3.3237676005364625 0.11000000000000001,0.0400449925998357,0.039842527919727595,0.04083224390873386,0.000989715989006268
dtlz2_interval,cw,nsga2,hypervolume,5,5000,100,0,farthest_point,False,reference_front_nadir_plus_range_tenth,3.2935855273971284 0.11000000000000001 3.403830111939641 0.11000000000000001 3.3237676005364625 0.11000000000000001,0.03601544783283202,0.03492299405396472,0.036696299019918055,0.0017733049659533345
dtlz2_interval,cw,nsga2,spread,5,20000,100,0,farthest_point,False,reference_front_nadir_plus_range_tenth,3.2935855273971284 0.11000000000000001 3.403830111939641 0.11000000000000001 3.3237676005364625 0.11000000000000001,4.897687133926021,4.81327798424326,4.932406623211554,0.11912863896829418
dtlz2_interval,cw,nsga2,spread,5,5000,100,0,farthest_point,False,reference_front_nadir_plus_range_tenth,3.2935855273971284 0.11000000000000001 3.403830111939641 0.11000000000000001 3.3237676005364625 0.11000000000000001,4.666495334373726,4.652691835889162,4.82896886967487,0.17627703378570736
dtlz2_interval,cw,random_search,hypervolume,5,20000,100,0,farthest_point,False,reference_front_nadir_plus_range_tenth,3.2935855273971284 0.11000000000000001 3.403830111939641 0.11000000000000001 3.3237676005364625 0.11000000000000001,0.037786846218132164,0.037196425997866475,0.03792115724110722,0.0007247312432407463
dtlz2_interval,cw,random_search,hypervolume,5,5000,100,0,farthest_point,False,reference_front_nadir_plus_range_tenth,3.2935855273971284 0.11000000000000001 3.403830111939641 0.11000000000000001 3.3237676005364625 0.11000000000000001,0.035566872176969626,0.03541054874431167,0.036087777256952606,0.0006772285126409386
dtlz2_interval,cw,random_search,spread,5,20000,100,0,farthest_point,False,reference_front_nadir_plus_range_tenth,3.2935855273971284 0.11000000000000001 3.403830111939641 0.11000000000000001 3.3237676005364625 0.11000000000000001,3.7131416105452337,3.6774374986665626,3.7644763600269457,0.08703886136038319
dtlz2_interval,cw,random_search,spread,5,5000,100,0,farthest_point,False,reference_front_nadir_plus_range_tenth,3.2935855273971284 0.11000000000000001 3.403830111939641 0.11000000000000001 3.3237676005364625 0.11000000000000001,3.566338820358918,3.5292797384045858,3.623086788559931,0.09380705015534518
dtlz2_interval,ls,mopso,hypervolume,5,20000,100,0,farthest_point,False,reference_front_nadir_plus_range_tenth,3.5007907685579256 0.22000000000000003 3.4340493070053033 0.22000000000000003 3.545658961028175 0.22000000000000003,0.36051858520796887,0.35986731828098545,0.3655602233626734,0.00569290508168796
dtlz2_interval,ls,mopso,hypervolume,5,5000,100,0,farthest_point,False,reference_front_nadir_plus_range_tenth,3.5007907685579256 0.22000000000000003 3.4340493070053033 0.22000000000000003 3.545658961028175 0.22000000000000003,0.3461171654470202,0.33348401789078636,0.35835257986298297,0.024868561972196612
dtlz2_interval,ls,mopso,spread,5,20000,100,0,farthest_point,False,reference_front_nadir_plus_range_tenth,3.5007907685579256 0.22000000000000003 3.4340493070053033 0.22000000000000003 3.545658961028175 0.22000000000000003,4.160071583980592,4.159323329576317,4.202574882775424,0.043251553199106674
dtlz2_interval,ls,mopso,spread,5,5000,100,0,farthest_point,False,reference_front_nadir_plus_range_tenth,3.5007907685579256 0.22000000000000003 3.4340493070053033 0.22000000000000003 3.545658961028175 0.22000000000000003,4.144781826202584,4.105837476318614,4.23082601609781,0.12498853977919566
dtlz2_interval,ls,nsga2,hypervolume,5,20000,100,0,farthest_point,False,reference_front_nadir_plus_range_tenth,3.5007907685579256 0.22000000000000003 3.4340493070053033 0.22000000000000003 3.545658961028175 0.22000000000000003,0.3573541397600795,0.34013573199380337,0.3577003340743305,0.017564602080527125
dtlz2_interval,ls,nsga2,hypervolume,5,5000,100,0,farthest_point,False,reference_front_nadir_plus_range_tenth,3.5007907685579256 0.22000000000000003 3.4340493070053033 0.22000000000000003 3.545658961028175 0.22000000000000003,0.34329773115180146,0.33474688903094313,0.3526466950051339,0.017899805974190774
dtlz2_interval,ls,nsga2,spread,5,20000,100,0,farthest_point,False,reference_front_nadir_plus_range_tenth,3.5007907685579256 0.22000000000000003 3.4340493070053033 0.22000000000000003 3.545658961028175 0.22000000000000003,5.438532912831627,5.184703211183371,5.495534977982595,0.31083176679922353
dtlz2_interval,ls,nsga2,spread,5,5000,100,0,farthest_point,False,reference_front_nadir_plus_range_tenth,3.5007907685579256 0.22000000000000003 3.4340493070053033 0.22000000000000003 3.545658961028175 0.22000000000000003,5.04920377875855,4.889329674501235,5.108262516091991,0.21893284159075588
dtlz2_interval,ls,random_search,hypervolume,5,20000,100,0,farthest_point,False,reference_front_nadir_plus_range_tenth,3.5007907685579256 0.22000000000000003 3.4340493070053033 0.22000000000000003 3.545658961028175 0.22000000000000003,0.35173514103910586,0.3403097884745299,0.35588614739257035,0.015576358918040434
dtlz2_interval,ls,random_search,hypervolume,5,5000,100,0,farthest_point,False,reference_front_nadir_plus_range_tenth,3.5007907685579256 0.22000000000000003 3.4340493070053033 0.22000000000000003 3.545658961028175 0.22000000000000003,0.3381591512764345,0.33700979305538914,0.3402907148469102,0.003280921791521063
dtlz2_interval,ls,random_search,spread,5,20000,100,0,farthest_point,False,reference_front_nadir_plus_range_tenth,3.5007907685579256 0.22000000000000003 3.4340493070053033 0.22000000000000003 3.545658961028175 0.22000000000000003,3.8036130650303814,3.7882291517335753,3.888428699958747,0.10019954822517185
dtlz2_interval,ls,random_search,spread,5,5000,100,0,farthest_point,False,reference_front_nadir_plus_range_tenth,3.5007907685579256 0.22000000000000003 3.4340493070053033 0.22000000000000003 3.545658961028175 0.22000000000000003,3.660096180209439,3.6367673015608886,3.697824955666314,0.061057654105425296
dtlz2_interval,lu,mopso,hypervolume,5,20000,100,0,farthest_point,False,reference_front_nadir_plus_range_tenth,3.162380442577695 3.216021570905549 3.2501004879900988 3.4597057690557147 3.3119739658596625 3.3063746418216216,1020.375839505105,1014.7999826871811,1033.933992588023,19.13400990084199
dtlz2_interval,lu,mopso,hypervolume,5,5000,100,0,farthest_point,False,reference_front_nadir_plus_range_tenth,3.162380442577695 3.216021570905549 3.2501004879900988 3.4597057690557147 3.3119739658596625 3.3063746418216216,1013.8089801991026,1006.3570374188062,1014.1206556931413,7.763618274335158
dtlz2_interval,lu,mopso,spread,5,20000,100,0,farthest_point,False,reference_front_nadir_plus_range_tenth,3.162380442577695 3.216021570905549 3.2501004879900988 3.4597057690557147 3.3119739658596625 3.3063746418216216,5.611607086198984,5.5170482359491615,5.639295311658254,0.1222470757090921
dtlz2_interval,lu,mopso,spread,5,5000,100,0,farthest_point,False,reference_front_nadir_plus_range_tenth,3.162380442577695 3.216021570905549 3.2501004879900988 3.4597057690557147 3.3119739658596625 3.3063746418216216,6.010897488011752,5.9687808199378996,6.096537392868243,0.12775657293034381
dtlz2_interval,lu,nsga2,hypervolume,5,20000,100,0,farthest_point,False,reference_front_nadir_plus_range_tenth,3.162380442577695 3.216021570905549 3.2501004879900988 3.4597057690557147 3.3119739658596625 3.3063746418216216,1088.969494588445,1088.1210182181728,1106.081207733653,17.960189515480124
dtlz2_interval,lu,nsga2,hypervolume,5,5000,100,0,farthest_point,False,reference_front_nadir_plus_range_tenth,3.162380442577695 3.216021570905549 3.2501004879900988 3.4597057690557147 3.3119739658596625 3.3063746418216216,1096.1812016705474,1094.9515325318507,1103.2263093235445,8.27477679169374
dtlz2_interval,lu,nsga2,spread,5,20000,100,0,farthest_point,False,reference_front_nadir_plus_range_tenth,3.162380442577695 3.216021570905549 3.2501004879900988 3.4597057690557147 3.3119739658596625 3.3063746418216216,6.758291694768559,6.692103301127632,7.302227528842415,0.6101242277147838
dtlz2_interval,lu,nsga2,spread,5,5000,100,0,farthest_point,False,reference_front_nadir_plus_range_tenth,3.162380442577695 3.216021570905549 3.2501004879900988 3.4597057690557147 3.3119739658596625 3.3063746418216216,6.072379874522743,5.883442495634827,6.124889673792022,0.24144717815719474
dtlz2_interval,lu,random_search,hypervolume,5,20000,100,0,farthest_point,False,reference_front_nadir_plus_range_tenth,3.162380442577695 3.216021570905549 3.2501004879900988 3.4597057690557147 3.3119739658596625 3.3063746418216216,1032.537605697567,1020.847147589091,1034.9825894666599,14.135441877568837
dtlz2_interval,lu,random_search,hypervolume,5,5000,100,0,farthest_point,False,reference_front_nadir_plus_range_tenth,3.162380442577695 3.216021570905549 3.2501004879900988 3.4597057690557147 3.3119739658596625 3.3063746418216216,999.2007354093741,999.1209917019232,1008.092804385974,8.971812684050747
dtlz2_interval,lu,random_search,spread,5,20000,100,0,farthest_point,False,reference_front_nadir_plus_range_tenth,3.162380442577695 3.216021570905549 3.2501004879900988 3.4597057690557147 3.3119739658596625 3.3063746418216216,5.504193278265915,5.367917769648402,5.566381250618138,0.19846348096973543
dtlz2_interval,lu,random_search,spread,5,5000,100,0,farthest_point,False,reference_front_nadir_plus_range_tenth,3.162380442577695 3.216021570905549 3.2501004879900988 3.4597057690557147 3.3119739658596625 3.3063746418216216,5.441622663285555,5.354090553778433,5.475304515532807,0.12121396175437393
zdt1_interval,cw,mopso,hypervolume,5,20000,29,0,farthest_point,False,reference_front_nadir_plus_range_tenth,1.1 0.0325 6.740785787815184 0.0325,0.004232552721077566,0.004201587961752292,0.0043265664095070485,0.00012497844775475643
zdt1_interval,cw,mopso,hypervolume,5,5000,29,0,farthest_point,False,reference_front_nadir_plus_range_tenth,1.1 0.0325 6.740785787815184 0.0325,0.0037151032735452927,0.003697496204419698,0.0037297053731114426,3.220916869174466e-05
zdt1_interval,cw,mopso,spread,5,20000,29,0,farthest_point,False,reference_front_nadir_plus_range_tenth,1.1 0.0325 6.740785787815184 0.0325,2.140266309151081,1.9810194858261858,2.6902821272387083,0.7092626414125225
zdt1_interval,cw,mopso,spread,5,5000,29,0,farthest_point,False,reference_front_nadir_plus_range_tenth,1.1 0.0325 6.740785787815184 0.0325,2.800300347148667,2.502325114766514,2.9657981205590196,0.4634730057925056
zdt1_interval,cw,nsga2,hypervolume,5,20000,29,0,farthest_point,False,reference_front_nadir_plus_range_tenth,1.1 0.0325 6.740785787815184 0.0325,0.004362857041552225,0.004288889040714079,0.004643497167887168,0.0003546081271730882
zdt1_interval,cw,nsga2,hypervolume,5,5000,29,0,farthest_point,False,reference_front_nadir_plus_range_tenth,1.1 0.0325 6.740785787815184 0.0325,0.004483860737907744,0.0044080679569955435,0.004494079874252997,8.601191725745357e-05
zdt1_interval,cw,nsga2,spread,5,20000,29,0,farthest_point,False,reference_front_nadir_plus_range_tenth,1.1 0.0325 6.740785787815184 0.0325,1.4975287852856052,1.4621671685595172,1.5772100372087605,0.11504286864924329
zdt1_interval,cw,nsga2,spread,5,5000,29,0,farthest_point,False,reference_front_nadir_plus_range_tenth,1.1 0.0325 6.740785787815184 0.0325,2.303887123554319,2.254825948107262,2.6814585495577643,0.4266326014505024
zdt1_interval,cw,random_search,hypervolume,5,20000,29,0,farthest_point,False,reference_front_nadir_plus_range_tenth,1.1 0.0325 6.740785787815184 0.0325,0.0030526234438041163,0.002962874501565807,0.0030898796822011274,0.00012700518063532042
zdt1_interval,cw,random_search,hypervolume,5,5000,29,0,farthest_point,False,reference_front_nadir_plus_range_tenth,1.1 0.0325 6.740785787815184 0.0325,0.0029409968399155945,0.0029142779848849837,0.0029616519851217776,4.737400023679386e-05
zdt1_interval,cw,random_search,spread,5,20000,29,0,farthest_point,False,reference_front_nadir_plus_range_tenth,1.1 0.0325 6.740785787815184 0.0325,3.353337647990823,2.9334277174109986,3.859657203807208,0.9262294863962093
zdt1_interval,cw,random_search,spread,5,5000,29,0,farthest_point,False,reference_front_nadir_plus_range_tenth,1.1 0.0325 6.740785787815184 0.0325,3.1873506472666104,3.079893499917014,3.295807499514084,0.21591399959706958
zdt1_interval,ls,mopso,hypervolume,5,20000,29,0,farthest_point,False,reference_front_nadir_plus_range_tenth,1.0972468519014518 0.065 7.206322987109149 0.065,0.015947749931825676,0.0159474018411909,0.015997389722001105,4.998788081020389e-05
zdt1_interval,ls,mopso,hypervolume,5,5000,29,0,farthest_point,False,reference_front_nadir_plus_range_tenth,1.0972468519014518 0.065 7.206322987109149 0.065,0.015457546591099589,0.015000887789106456,0.015742652000818026,0.0007417642117115691
zdt1_interval,ls,mopso,spread,5,20000,29,0,farthest_point,False,reference_front_nadir_plus_range_tenth,1.0972468519014518 0.065 7.206322987109149 0.065,3.924735958727162,3.6203252504150134,4.036950213483938,0.4166249630689247
zdt1_interval,ls,mopso,spread,5,5000,29,0,farthest_point,False,reference_front_nadir_plus_range_tenth,1.0972468519014518 0.065 7.206322987109149 0.065,4.371227767443306,4.258701923692225,4.534901331687631,0.27619940799540554
zdt1_interval,ls,nsga2,hypervolume,5,20000,29,0,farthest_point,False,reference_front_nadir_plus_range_tenth,1.0972468519014518 0.065 7.206322987109149 0.065,0.018610947660176035,0.01853669265302927,0.01880701710002665,0.00027032444699737895
zdt1_interval,ls,nsga2,hypervolume,5,5000,29,0,farthest_point,False,reference_front_nadir_plus_range_tenth,1.0972468519014518 0.065 7.206322987109149 0.065,0.01829441986499034,0.01714966380194964,0.01853827438845234,0.001388610586502699
zdt1_interval,ls,nsga2,spread,5,20000,29,0,farthest_point,False,reference_front_nadir_plus_range_tenth,1.0972468519014518 0.065 7.206322987109149 0.065,2.2304508525814883,1.9841315823765038,2.563172175377031,0.5790405930005271
zdt1_interval,ls,nsga2,spread,5,5000,29,0,farthest_point,False,reference_front_nadir_plus_range_tenth,1.0972468519014518 0.065 7.206322987109149 0.065,3.753412948833321,3.5547721854952257,3.8488254005673936,0.294053215072168
zdt1_interval,ls,random_search,hypervolume,5,20000,29,0,farthest_point,False,reference_front_nadir_plus_range_tenth,1.0972468519014518 0.065 7.206322987109149 0.065,0.013529538288069175,0.01342214504746347,0.013552328464524196,0.00013018341706072523
zdt1_interval,ls,random_search,hypervolume,5,5000,29,0,farthest_point,False,reference_front_nadir_plus_range_tenth,1.0972468519014518 0.065 7.206322987109149 0.065,0.012964656126948066,0.012851715087587175,0.013283783539782157,0.00043206845219498184
zdt1_interval,ls,random_search,spread,5,20000,29,0,farthest_point,False,reference_front_nadir_plus_range_tenth,1.0972468519014518 0.065 7.206322987109149 0.065,3.6890345954764894,3.5357042116029653,3.8402131616773056,0.3045089500743403
zdt1_interval,ls,random_search,spread,5,5000,29,0,farthest_point,False,reference_front_nadir_plus_range_tenth,1.0972468519014518 0.065 7.206322987109149 0.065,3.4491280178781905,3.377896095029851,3.7884315857523605,0.4105354907225096
zdt1_interval,lu,mopso,hypervolume,5,20000,29,0,farthest_point,False,reference_front_nadir_plus_range_tenth,1.0718209812329011 1.1240224351788963 7.074300083221116 7.0860392233066785,38.82098635516637,38.347204465142084,40.196722688459744,1.8495182233176592
zdt1_interval,lu,mopso,hypervolume,5,5000,29,0,farthest_point,False,reference_front_nadir_plus_range_tenth,1.0718209812329011 1.1240224351788963 7.074300083221116 7.0860392233066785,32.142554993407344,30.565124858745165,33.98943817412118,3.4243133153760184
zdt1_interval,lu,mopso,spread,5,20000,29,0,farthest_point,False,reference_front_nadir_plus_range_tenth,1.0718209812329011 1.1240224351788963 7.074300083221116 7.0860392233066785,5.052371487490889,4.403847402521475,5.34752736522475,0.9436799627032757
zdt1_interval,lu,mopso,spread,5,5000,29,0,farthest_point,False,reference_front_nadir_plus_range_tenth,1.0718209812329011 1.1240224351788963 7.074300083221116 7.0860392233066785,5.207941312553474,4.539722146974502,5.2241755842510935,0.6844534372765914
zdt1_interval,lu,nsga2,hypervolume,5,20000,29,0,farthest_point,False,reference_front_nadir_plus_range_tenth,1.0718209812329011 1.1240224351788963 7.074300083221116 7.0860392233066785,52.85456111530182,52.778964292751496,53.064332447263,0.2853681545115023
zdt1_interval,lu,nsga2,hypervolume,5,5000,29,0,farthest_point,False,reference_front_nadir_plus_range_tenth,1.0718209812329011 1.1240224351788963 7.074300083221116 7.0860392233066785,45.84220188456777,44.471799015322695,46.126317573824394,1.6545185585016995
zdt1_interval,lu,nsga2,spread,5,20000,29,0,farthest_point,False,reference_front_nadir_plus_range_tenth,1.0718209812329011 1.1240224351788963 7.074300083221116 7.0860392233066785,2.3535724051845595,2.3219886623453236,2.5711721607406908,0.24918349839536713
zdt1_interval,lu,nsga2,spread,5,5000,29,0,farthest_point,False,reference_front_nadir_plus_range_tenth,1.0718209812329011 1.1240224351788963 7.074300083221116 7.0860392233066785,4.76544657646872,4.579769414379523,4.854684767551232,0.2749153531717088
zdt1_interval,lu,random_search,hypervolume,5,20000,29,0,farthest_point,False,reference_front_nadir_plus_range_tenth,1.0718209812329011 1.1240224351788963 7.074300083221116 7.0860392233066785,19.62902356511256,19.52582398753538,20.968546397367003,1.4427224098316245
zdt1_interval,lu,random_search,hypervolume,5,5000,29,0,farthest_point,False,reference_front_nadir_plus_range_tenth,1.0718209812329011 1.1240224351788963 7.074300083221116 7.0860392233066785,20.45124591522245,19.660387163935695,20.772931017303506,1.1125438533678107
zdt1_interval,lu,random_search,spread,5,20000,29,0,farthest_point,False,reference_front_nadir_plus_range_tenth,1.0718209812329011 1.1240224351788963 7.074300083221116 7.0860392233066785,5.943027085824159,5.870115185951642,6.0271886064020785,0.1570734204504367
zdt1_interval,lu,random_search,spread,5,5000,29,0,farthest_point,False,reference_front_nadir_plus_range_tenth,1.0718209812329011 1.1240224351788963 7.074300083221116 7.0860392233066785,5.471990512439326,5.4262592219929635,5.555966293551419,0.12970707155845584

block,decision_space
# hausdorff, coverage, overlap and cross evaluation are computed on the
# recovered sets in the decision space, which is the one space every phi
# shares, so these are the metrics comparable across phi and this is the
# block a phi comparison is read from. a row whose status is check has one
# direction fixed by a containment before any solver ran, r-06 and r-11,
# so a difference there is in part a theorem; only a row whose status is
# finding carries the sensitivity signal.
problem,phi_a,phi_b,status,metric,n_seeds,n_evals,cardinality_a,cardinality_b,delta,box_scale,containment_violations,note,median,q1,q3,iqr
dtlz2_interval,ls,cw,check,coverage_a_in_b,5,5000,200,200,0.17320508075688773,3.4641016151377544,,"measured on mopso's own output, where phi drives the search as well as the ordering, so this is a question about how the solver behaves under each order and never a pair number of the study; delta is 0.05 of the box diameter, the box_scale column; overlap is dice, the two covered counts over the two cardinalities, and the jaccard value of the same pair is in overlap_conventions.csv; containment_violations is the largest count over the seeds; check on r-06 and not a finding: ND_cw sits inside ND_ls exactly and for every problem, docs/a_close_containment.md, so coverage of cw in ls and one direction of the overlap are fixed before this runs. the containment is exact in real arithmetic and fails by rounding in doubles, one point of 1565 measured, r-11, so a nonzero violation count is arithmetic and never a result about phi. it stands on s-11; if the supervisors refute the criterion this pair is reported like the other and no result moves",0.0,0.0,0.0,0.0
dtlz2_interval,ls,cw,check,coverage_a_in_b,5,20000,200,200,0.17320508075688773,3.4641016151377544,,"measured on mopso's own output, where phi drives the search as well as the ordering, so this is a question about how the solver behaves under each order and never a pair number of the study; delta is 0.05 of the box diameter, the box_scale column; overlap is dice, the two covered counts over the two cardinalities, and the jaccard value of the same pair is in overlap_conventions.csv; containment_violations is the largest count over the seeds; check on r-06 and not a finding: ND_cw sits inside ND_ls exactly and for every problem, docs/a_close_containment.md, so coverage of cw in ls and one direction of the overlap are fixed before this runs. the containment is exact in real arithmetic and fails by rounding in doubles, one point of 1565 measured, r-11, so a nonzero violation count is arithmetic and never a result about phi. it stands on s-11; if the supervisors refute the criterion this pair is reported like the other and no result moves",0.0,0.0,0.0,0.0
dtlz2_interval,ls,cw,check,coverage_b_in_a,5,5000,200,200,0.17320508075688773,3.4641016151377544,,"measured on mopso's own output, where phi drives the search as well as the ordering, so this is a question about how the solver behaves under each order and never a pair number of the study; delta is 0.05 of the box diameter, the box_scale column; overlap is dice, the two covered counts over the two cardinalities, and the jaccard value of the same pair is in overlap_conventions.csv; containment_violations is the largest count over the seeds; check on r-06 and not a finding: ND_cw sits inside ND_ls exactly and for every problem, docs/a_close_containment.md, so coverage of cw in ls and one direction of the overlap are fixed before this runs. the containment is exact in real arithmetic and fails by rounding in doubles, one point of 1565 measured, r-11, so a nonzero violation count is arithmetic and never a result about phi. it stands on s-11; if the supervisors refute the criterion this pair is reported like the other and no result moves",0.0,0.0,0.0,0.0
dtlz2_interval,ls,cw,check,coverage_b_in_a,5,20000,200,200,0.17320508075688773,3.4641016151377544,,"measured on mopso's own output, where phi drives the search as well as the ordering, so this is a question about how the solver behaves under each order and never a pair number of the study; delta is 0.05 of the box diameter, the box_scale column; overlap is dice, the two covered counts over the two cardinalities, and the jaccard value of the same pair is in overlap_conventions.csv; containment_violations is the largest count over the seeds; check on r-06 and not a finding: ND_cw sits inside ND_ls exactly and for every problem, docs/a_close_containment.md, so coverage of cw in ls and one direction of the overlap are fixed before this runs. the containment is exact in real arithmetic and fails by rounding in doubles, one point of 1565 measured, r-11, so a nonzero violation count is arithmetic and never a result about phi. it stands on s-11; if the supervisors refute the criterion this pair is reported like the other and no result moves",0.0,0.0,0.0,0.0
dtlz2_interval,ls,cw,check,cross_a_under_b,5,5000,200,200,0.17320508075688773,3.4641016151377544,,"measured on mopso's own output, where phi drives the search as well as the ordering, so this is a question about how the solver behaves under each order and never a pair number of the study; delta is 0.05 of the box diameter, the box_scale column; overlap is dice, the two covered counts over the two cardinalities, and the jaccard value of the same pair is in overlap_conventions.csv; containment_violations is the largest count over the seeds; check on r-06 and not a finding: ND_cw sits inside ND_ls exactly and for every problem, docs/a_close_containment.md, so coverage of cw in ls and one direction of the overlap are fixed before this runs. the containment is exact in real arithmetic and fails by rounding in doubles, one point of 1565 measured, r-11, so a nonzero violation count is arithmetic and never a result about phi. it stands on s-11; if the supervisors refute the criterion this pair is reported like the other and no result moves",0.945,0.93,0.95,0.019999999999999907
dtlz2_interval,ls,cw,check,cross_a_under_b,5,20000,200,200,0.17320508075688773,3.4641016151377544,,"measured on mopso's own output, where phi drives the search as well as the ordering, so this is a question about how the solver behaves under each order and never a pair number of the study; delta is 0.05 of the box diameter, the box_scale column; overlap is dice, the two covered counts over the two cardinalities, and the jaccard value of the same pair is in overlap_conventions.csv; containment_violations is the largest count over the seeds; check on r-06 and not a finding: ND_cw sits inside ND_ls exactly and for every problem, docs/a_close_containment.md, so coverage of cw in ls and one direction of the overlap are fixed before this runs. the containment is exact in real arithmetic and fails by rounding in doubles, one point of 1565 measured, r-11, so a nonzero violation count is arithmetic and never a result about phi. it stands on s-11; if the supervisors refute the criterion this pair is reported like the other and no result moves",0.955,0.94,0.965,0.025000000000000022
dtlz2_interval,ls,cw,check,cross_b_under_a,5,5000,200,200,0.17320508075688773,3.4641016151377544,,"measured on mopso's own output, where phi drives the search as well as the ordering, so this is a question about how the solver behaves under each order and never a pair number of the study; delta is 0.05 of the box diameter, the box_scale column; overlap is dice, the two covered counts over the two cardinalities, and the jaccard value of the same pair is in overlap_conventions.csv; containment_violations is the largest count over the seeds; check on r-06 and not a finding: ND_cw sits inside ND_ls exactly and for every problem, docs/a_close_containment.md, so coverage of cw in ls and one direction of the overlap are fixed before this runs. the containment is exact in real arithmetic and fails by rounding in doubles, one point of 1565 measured, r-11, so a nonzero violation count is arithmetic and never a result about phi. it stands on s-11; if the supervisors refute the criterion this pair is reported like the other and no result moves",1.0,1.0,1.0,0.0
dtlz2_interval,ls,cw,check,cross_b_under_a,5,20000,200,200,0.17320508075688773,3.4641016151377544,,"measured on mopso's own output, where phi drives the search as well as the ordering, so this is a question about how the solver behaves under each order and never a pair number of the study; delta is 0.05 of the box diameter, the box_scale column; overlap is dice, the two covered counts over the two cardinalities, and the jaccard value of the same pair is in overlap_conventions.csv; containment_violations is the largest count over the seeds; check on r-06 and not a finding: ND_cw sits inside ND_ls exactly and for every problem, docs/a_close_containment.md, so coverage of cw in ls and one direction of the overlap are fixed before this runs. the containment is exact in real arithmetic and fails by rounding in doubles, one point of 1565 measured, r-11, so a nonzero violation count is arithmetic and never a result about phi. it stands on s-11; if the supervisors refute the criterion this pair is reported like the other and no result moves",1.0,1.0,1.0,0.0
dtlz2_interval,ls,cw,check,hausdorff_a_to_b,5,5000,200,200,0.17320508075688773,3.4641016151377544,,"measured on mopso's own output, where phi drives the search as well as the ordering, so this is a question about how the solver behaves under each order and never a pair number of the study; delta is 0.05 of the box diameter, the box_scale column; overlap is dice, the two covered counts over the two cardinalities, and the jaccard value of the same pair is in overlap_conventions.csv; containment_violations is the largest count over the seeds; check on r-06 and not a finding: ND_cw sits inside ND_ls exactly and for every problem, docs/a_close_containment.md, so coverage of cw in ls and one direction of the overlap are fixed before this runs. the containment is exact in real arithmetic and fails by rounding in doubles, one point of 1565 measured, r-11, so a nonzero violation count is arithmetic and never a result about phi. it stands on s-11; if the supervisors refute the criterion this pair is reported like the other and no result moves",1.0606748904445946,1.0490792633879618,1.0683225171733048,0.019243253785343084
dtlz2_interval,ls,cw,check,hausdorff_a_to_b,5,20000,200,200,0.17320508075688773,3.4641016151377544,,"measured on mopso's own output, where phi drives the search as well as the ordering, so this is a question about how the solver behaves under each order and never a pair number of the study; delta is 0.05 of the box diameter, the box_scale column; overlap is dice, the two covered counts over the two cardinalities, and the jaccard value of the same pair is in overlap_conventions.csv; containment_violations is the largest count over the seeds; check on r-06 and not a finding: ND_cw sits inside ND_ls exactly and for every problem, docs/a_close_containment.md, so coverage of cw in ls and one direction of the overlap are fixed before this runs. the containment is exact in real arithmetic and fails by rounding in doubles, one point of 1565 measured, r-11, so a nonzero violation count is arithmetic and never a result about phi. it stands on s-11; if the supervisors refute the criterion this pair is reported like the other and no result moves",1.0485786556457104,1.022444224669564,1.0745043363329685,0.05206011166340452
dtlz2_interval,ls,cw,check,hausdorff_b_to_a,5,5000,200,200,0.17320508075688773,3.4641016151377544,,"measured on mopso's own output, where phi drives the search as well as the ordering, so this is a question about how the solver behaves under each order and never a pair number of the study; delta is 0.05 of the box diameter, the box_scale column; overlap is dice, the two covered counts over the two cardinalities, and the jaccard value of the same pair is in overlap_conventions.csv; containment_violations is the largest count over the seeds; check on r-06 and not a finding: ND_cw sits inside ND_ls exactly and for every problem, docs/a_close_containment.md, so coverage of cw in ls and one direction of the overlap are fixed before this runs. the containment is exact in real arithmetic and fails by rounding in doubles, one point of 1565 measured, r-11, so a nonzero violation count is arithmetic and never a result about phi. it stands on s-11; if the supervisors refute the criterion this pair is reported like the other and no result moves",1.0841602792065181,1.059334533546207,1.131920903253344,0.07258636970713694
dtlz2_interval,ls,cw,check,hausdorff_b_to_a,5,20000,200,200,0.17320508075688773,3.4641016151377544,,"measured on mopso's own output, where phi drives the search as well as the ordering, so this is a question about how the solver behaves under each order and never a pair number of the study; delta is 0.05 of the box diameter, the box_scale column; overlap is dice, the two covered counts over the two cardinalities, and the jaccard value of the same pair is in overlap_conventions.csv; containment_violations is the largest count over the seeds; check on r-06 and not a finding: ND_cw sits inside ND_ls exactly and for every problem, docs/a_close_containment.md, so coverage of cw in ls and one direction of the overlap are fixed before this runs. the containment is exact in real arithmetic and fails by rounding in doubles, one point of 1565 measured, r-11, so a nonzero violation count is arithmetic and never a result about phi. it stands on s-11; if the supervisors refute the criterion this pair is reported like the other and no result moves",1.027419349805888,0.9557653495257251,1.066387752548246,0.1106224030225208
dtlz2_interval,ls,cw,check,hausdorff_symmetric,5,5000,200,200,0.17320508075688773,3.4641016151377544,,"measured on mopso's own output, where phi drives the search as well as the ordering, so this is a question about how the solver behaves under each order and never a pair number of the study; delta is 0.05 of the box diameter, the box_scale column; overlap is dice, the two covered counts over the two cardinalities, and the jaccard value of the same pair is in overlap_conventions.csv; containment_violations is the largest count over the seeds; check on r-06 and not a finding: ND_cw sits inside ND_ls exactly and for every problem, docs/a_close_containment.md, so coverage of cw in ls and one direction of the overlap are fixed before this runs. the containment is exact in real arithmetic and fails by rounding in doubles, one point of 1565 measured, r-11, so a nonzero violation count is arithmetic and never a result about phi. it stands on s-11; if the supervisors refute the criterion this pair is reported like the other and no result moves",1.1194832050075838,1.0841602792065181,1.131920903253344,0.047760624046825795
dtlz2_interval,ls,cw,check,hausdorff_symmetric,5,20000,200,200,0.17320508075688773,3.4641016151377544,,"measured on mopso's own output, where phi drives the search as well as the ordering, so this is a question about how the solver behaves under each order and never a pair number of the study; delta is 0.05 of the box diameter, the box_scale column; overlap is dice, the two covered counts over the two cardinalities, and the jaccard value of the same pair is in overlap_conventions.csv; containment_violations is the largest count over the seeds; check on r-06 and not a finding: ND_cw sits inside ND_ls exactly and for every problem, docs/a_close_containment.md, so coverage of cw in ls and one direction of the overlap are fixed before this runs. the containment is exact in real arithmetic and fails by rounding in doubles, one point of 1565 measured, r-11, so a nonzero violation count is arithmetic and never a result about phi. it stands on s-11; if the supervisors refute the criterion this pair is reported like the other and no result moves",1.0745043363329685,1.027419349805888,1.0752603813717598,0.04784103156587194
dtlz2_interval,ls,cw,check,overlap,5,5000,200,200,0.17320508075688773,3.4641016151377544,,"measured on mopso's own output, where phi drives the search as well as the ordering, so this is a question about how the solver behaves under each order and never a pair number of the study; delta is 0.05 of the box diameter, the box_scale column; overlap is dice, the two covered counts over the two cardinalities, and the jaccard value of the same pair is in overlap_conventions.csv; containment_violations is the largest count over the seeds; check on r-06 and not a finding: ND_cw sits inside ND_ls exactly and for every problem, docs/a_close_containment.md, so coverage of cw in ls and one direction of the overlap are fixed before this runs. the containment is exact in real arithmetic and fails by rounding in doubles, one point of 1565 measured, r-11, so a nonzero violation count is arithmetic and never a result about phi. it stands on s-11; if the supervisors refute the criterion this pair is reported like the other and no result moves",0.0,0.0,0.0,0.0
dtlz2_interval,ls,cw,check,overlap,5,20000,200,200,0.17320508075688773,3.4641016151377544,,"measured on mopso's own output, where phi drives the search as well as the ordering, so this is a question about how the solver behaves under each order and never a pair number of the study; delta is 0.05 of the box diameter, the box_scale column; overlap is dice, the two covered counts over the two cardinalities, and the jaccard value of the same pair is in overlap_conventions.csv; containment_violations is the largest count over the seeds; check on r-06 and not a finding: ND_cw sits inside ND_ls exactly and for every problem, docs/a_close_containment.md, so coverage of cw in ls and one direction of the overlap are fixed before this runs. the containment is exact in real arithmetic and fails by rounding in doubles, one point of 1565 measured, r-11, so a nonzero violation count is arithmetic and never a result about phi. it stands on s-11; if the supervisors refute the criterion this pair is reported like the other and no result moves",0.0,0.0,0.0,0.0
dtlz2_interval,lu,cw,finding,coverage_a_in_b,5,5000,200,200,0.17320508075688773,3.4641016151377544,,"measured on mopso's own output, where phi drives the search as well as the ordering, so this is a question about how the solver behaves under each order and never a pair number of the study; delta is 0.05 of the box diameter, the box_scale column; overlap is dice, the two covered counts over the two cardinalities, and the jaccard value of the same pair is in overlap_conventions.csv; containment_violations is the largest count over the seeds; nested in neither direction, so both directions are measured; this is the pair CONTEXT.md section 10 e3 takes the headline number from",0.0,0.0,0.0,0.0
dtlz2_interval,lu,cw,finding,coverage_a_in_b,5,20000,200,200,0.17320508075688773,3.4641016151377544,,"measured on mopso's own output, where phi drives the search as well as the ordering, so this is a question about how the solver behaves under each order and never a pair number of the study; delta is 0.05 of the box diameter, the box_scale column; overlap is dice, the two covered counts over the two cardinalities, and the jaccard value of the same pair is in overlap_conventions.csv; containment_violations is the largest count over the seeds; nested in neither direction, so both directions are measured; this is the pair CONTEXT.md section 10 e3 takes the headline number from",0.0,0.0,0.0,0.0
dtlz2_interval,lu,cw,finding,coverage_b_in_a,5,5000,200,200,0.17320508075688773,3.4641016151377544,,"measured on mopso's own output, where phi drives the search as well as the ordering, so this is a question about how the solver behaves under each order and never a pair number of the study; delta is 0.05 of the box diameter, the box_scale column; overlap is dice, the two covered counts over the two cardinalities, and the jaccard value of the same pair is in overlap_conventions.csv; containment_violations is the largest count over the seeds; nested in neither direction, so both directions are measured; this is the pair CONTEXT.md section 10 e3 takes the headline number from",0.0,0.0,0.0,0.0
dtlz2_interval,lu,cw,finding,coverage_b_in_a,5,20000,200,200,0.17320508075688773,3.4641016151377544,,"measured on mopso's own output, where phi drives the search as well as the ordering, so this is a question about how the solver behaves under each order and never a pair number of the study; delta is 0.05 of the box diameter, the box_scale column; overlap is dice, the two covered counts over the two cardinalities, and the jaccard value of the same pair is in overlap_conventions.csv; containment_violations is the largest count over the seeds; nested in neither direction, so both directions are measured; this is the pair CONTEXT.md section 10 e3 takes the headline number from",0.0,0.0,0.0,0.0
dtlz2_interval,lu,cw,finding,cross_a_under_b,5,5000,200,200,0.17320508075688773,3.4641016151377544,,"measured on mopso's own output, where phi drives the search as well as the ordering, so this is a question about how the solver behaves under each order and never a pair number of the study; delta is 0.05 of the box diameter, the box_scale column; overlap is dice, the two covered counts over the two cardinalities, and the jaccard value of the same pair is in overlap_conventions.csv; containment_violations is the largest count over the seeds; nested in neither direction, so both directions are measured; this is the pair CONTEXT.md section 10 e3 takes the headline number from",0.79,0.755,0.795,0.040000000000000036
dtlz2_interval,lu,cw,finding,cross_a_under_b,5,20000,200,200,0.17320508075688773,3.4641016151377544,,"measured on mopso's own output, where phi drives the search as well as the ordering, so this is a question about how the solver behaves under each order and never a pair number of the study; delta is 0.05 of the box diameter, the box_scale column; overlap is dice, the two covered counts over the two cardinalities, and the jaccard value of the same pair is in overlap_conventions.csv; containment_violations is the largest count over the seeds; nested in neither direction, so both directions are measured; this is the pair CONTEXT.md section 10 e3 takes the headline number from",0.76,0.755,0.77,0.015000000000000013
dtlz2_interval,lu,cw,finding,cross_b_under_a,5,5000,200,200,0.17320508075688773,3.4641016151377544,,"measured on mopso's own output, where phi drives the search as well as the ordering, so this is a question about how the solver behaves under each order and never a pair number of the study; delta is 0.05 of the box diameter, the box_scale column; overlap is dice, the two covered counts over the two cardinalities, and the jaccard value of the same pair is in overlap_conventions.csv; containment_violations is the largest count over the seeds; nested in neither direction, so both directions are measured; this is the pair CONTEXT.md section 10 e3 takes the headline number from",0.46,0.445,0.475,0.02999999999999997
dtlz2_interval,lu,cw,finding,cross_b_under_a,5,20000,200,200,0.17320508075688773,3.4641016151377544,,"measured on mopso's own output, where phi drives the search as well as the ordering, so this is a question about how the solver behaves under each order and never a pair number of the study; delta is 0.05 of the box diameter, the box_scale column; overlap is dice, the two covered counts over the two cardinalities, and the jaccard value of the same pair is in overlap_conventions.csv; containment_violations is the largest count over the seeds; nested in neither direction, so both directions are measured; this is the pair CONTEXT.md section 10 e3 takes the headline number from",0.495,0.46,0.525,0.065
dtlz2_interval,lu,cw,finding,hausdorff_a_to_b,5,5000,200,200,0.17320508075688773,3.4641016151377544,,"measured on mopso's own output, where phi drives the search as well as the ordering, so this is a question about how the solver behaves under each order and never a pair number of the study; delta is 0.05 of the box diameter, the box_scale column; overlap is dice, the two covered counts over the two cardinalities, and the jaccard value of the same pair is in overlap_conventions.csv; containment_violations is the largest count over the seeds; nested in neither direction, so both directions are measured; this is the pair CONTEXT.md section 10 e3 takes the headline number from",1.1411306372888579,1.1292230160892105,1.146790323717389,0.017567307628178597
dtlz2_interval,lu,cw,finding,hausdorff_a_to_b,5,20000,200,200,0.17320508075688773,3.4641016151377544,,"measured on mopso's own output, where phi drives the search as well as the ordering, so this is a question about how the solver behaves under each order and never a pair number of the study; delta is 0.05 of the box diameter, the box_scale column; overlap is dice, the two covered counts over the two cardinalities, and the jaccard value of the same pair is in overlap_conventions.csv; containment_violations is the largest count over the seeds; nested in neither direction, so both directions are measured; this is the pair CONTEXT.md section 10 e3 takes the headline number from",1.15634473308813,1.135244050976871,1.1596611646120119,0.024417113635140764
dtlz2_interval,lu,cw,finding,hausdorff_b_to_a,5,5000,200,200,0.17320508075688773,3.4641016151377544,,"measured on mopso's own output, where phi drives the search as well as the ordering, so this is a question about how the solver behaves under each order and never a pair number of the study; delta is 0.05 of the box diameter, the box_scale column; overlap is dice, the two covered counts over the two cardinalities, and the jaccard value of the same pair is in overlap_conventions.csv; containment_violations is the largest count over the seeds; nested in neither direction, so both directions are measured; this is the pair CONTEXT.md section 10 e3 takes the headline number from",1.0933942622877058,1.0431295438091497,1.1304942102608355,0.08736466645168584
dtlz2_interval,lu,cw,finding,hausdorff_b_to_a,5,20000,200,200,0.17320508075688773,3.4641016151377544,,"measured on mopso's own output, where phi drives the search as well as the ordering, so this is a question about how the solver behaves under each order and never a pair number of the study; delta is 0.05 of the box diameter, the box_scale column; overlap is dice, the two covered counts over the two cardinalities, and the jaccard value of the same pair is in overlap_conventions.csv; containment_violations is the largest count over the seeds; nested in neither direction, so both directions are measured; this is the pair CONTEXT.md section 10 e3 takes the headline number from",1.1110881901785832,1.103805578757055,1.1145369182483902,0.01073133949133509
dtlz2_interval,lu,cw,finding,hausdorff_symmetric,5,5000,200,200,0.17320508075688773,3.4641016151377544,,"measured on mopso's own output, where phi drives the search as well as the ordering, so this is a question about how the solver behaves under each order and never a pair number of the study; delta is 0.05 of the box diameter, the box_scale column; overlap is dice, the two covered counts over the two cardinalities, and the jaccard value of the same pair is in overlap_conventions.csv; containment_violations is the largest count over the seeds; nested in neither direction, so both directions are measured; this is the pair CONTEXT.md section 10 e3 takes the headline number from",1.1411306372888579,1.1292230160892105,1.1505908185271887,0.0213678024379782
dtlz2_interval,lu,cw,finding,hausdorff_symmetric,5,20000,200,200,0.17320508075688773,3.4641016151377544,,"measured on mopso's own output, where phi drives the search as well as the ordering, so this is a question about how the solver behaves under each order and never a pair number of the study; delta is 0.05 of the box diameter, the box_scale column; overlap is dice, the two covered counts over the two cardinalities, and the jaccard value of the same pair is in overlap_conventions.csv; containment_violations is the largest count over the seeds; nested in neither direction, so both directions are measured; this is the pair CONTEXT.md section 10 e3 takes the headline number from",1.1596611646120119,1.15634473308813,1.1638054202115793,0.007460687123449272
dtlz2_interval,lu,cw,finding,overlap,5,5000,200,200,0.17320508075688773,3.4641016151377544,,"measured on mopso's own output, where phi drives the search as well as the ordering, so this is a question about how the solver behaves under each order and never a pair number of the study; delta is 0.05 of the box diameter, the box_scale column; overlap is dice, the two covered counts over the two cardinalities, and the jaccard value of the same pair is in overlap_conventions.csv; containment_violations is the largest count over the seeds; nested in neither direction, so both directions are measured; this is the pair CONTEXT.md section 10 e3 takes the headline number from",0.0,0.0,0.0,0.0
dtlz2_interval,lu,cw,finding,overlap,5,20000,200,200,0.17320508075688773,3.4641016151377544,,"measured on mopso's own output, where phi drives the search as well as the ordering, so this is a question about how the solver behaves under each order and never a pair number of the study; delta is 0.05 of the box diameter, the box_scale column; overlap is dice, the two covered counts over the two cardinalities, and the jaccard value of the same pair is in overlap_conventions.csv; containment_violations is the largest count over the seeds; nested in neither direction, so both directions are measured; this is the pair CONTEXT.md section 10 e3 takes the headline number from",0.0,0.0,0.0,0.0
dtlz2_interval,lu,ls,check,coverage_a_in_b,5,5000,200,200,0.17320508075688773,3.4641016151377544,,"measured on mopso's own output, where phi drives the search as well as the ordering, so this is a question about how the solver behaves under each order and never a pair number of the study; delta is 0.05 of the box diameter, the box_scale column; overlap is dice, the two covered counts over the two cardinalities, and the jaccard value of the same pair is in overlap_conventions.csv; containment_violations is the largest count over the seeds; check on r-06 and not a finding: ND_lu sits inside ND_ls exactly and for every problem, docs/a_close_containment.md, so coverage of lu in ls and one direction of the overlap are fixed before this runs. the containment is exact in real arithmetic and fails by rounding in doubles, one point of 1565 measured, r-11, so a nonzero violation count is arithmetic and never a result about phi. it stands on s-11; if the supervisors refute the criterion this pair is reported like the other and no result moves",0.0,0.0,0.0,0.0
dtlz2_interval,lu,ls,check,coverage_a_in_b,5,20000,200,200,0.17320508075688773,3.4641016151377544,,"measured on mopso's own output, where phi drives the search as well as the ordering, so this is a question about how the solver behaves under each order and never a pair number of the study; delta is 0.05 of the box diameter, the box_scale column; overlap is dice, the two covered counts over the two cardinalities, and the jaccard value of the same pair is in overlap_conventions.csv; containment_violations is the largest count over the seeds; check on r-06 and not a finding: ND_lu sits inside ND_ls exactly and for every problem, docs/a_close_containment.md, so coverage of lu in ls and one direction of the overlap are fixed before this runs. the containment is exact in real arithmetic and fails by rounding in doubles, one point of 1565 measured, r-11, so a nonzero violation count is arithmetic and never a result about phi. it stands on s-11; if the supervisors refute the criterion this pair is reported like the other and no result moves",0.0,0.0,0.0,0.0
dtlz2_interval,lu,ls,check,coverage_b_in_a,5,5000,200,200,0.17320508075688773,3.4641016151377544,,"measured on mopso's own output, where phi drives the search as well as the ordering, so this is a question about how the solver behaves under each order and never a pair number of the study; delta is 0.05 of the box diameter, the box_scale column; overlap is dice, the two covered counts over the two cardinalities, and the jaccard value of the same pair is in overlap_conventions.csv; containment_violations is the largest count over the seeds; check on r-06 and not a finding: ND_lu sits inside ND_ls exactly and for every problem, docs/a_close_containment.md, so coverage of lu in ls and one direction of the overlap are fixed before this runs. the containment is exact in real arithmetic and fails by rounding in doubles, one point of 1565 measured, r-11, so a nonzero violation count is arithmetic and never a result about phi. it stands on s-11; if the supervisors refute the criterion this pair is reported like the other and no result moves",0.0,0.0,0.0,0.0
dtlz2_interval,lu,ls,check,coverage_b_in_a,5,20000,200,200,0.17320508075688773,3.4641016151377544,,"measured on mopso's own output, where phi drives the search as well as the ordering, so this is a question about how the solver behaves under each order and never a pair number of the study; delta is 0.05 of the box diameter, the box_scale column; overlap is dice, the two covered counts over the two cardinalities, and the jaccard value of the same pair is in overlap_conventions.csv; containment_violations is the largest count over the seeds; check on r-06 and not a finding: ND_lu sits inside ND_ls exactly and for every problem, docs/a_close_containment.md, so coverage of lu in ls and one direction of the overlap are fixed before this runs. the containment is exact in real arithmetic and fails by rounding in doubles, one point of 1565 measured, r-11, so a nonzero violation count is arithmetic and never a result about phi. it stands on s-11; if the supervisors refute the criterion this pair is reported like the other and no result moves",0.0,0.0,0.0,0.0
dtlz2_interval,lu,ls,check,cross_a_under_b,5,5000,200,200,0.17320508075688773,3.4641016151377544,,"measured on mopso's own output, where phi drives the search as well as the ordering, so this is a question about how the solver behaves under each order and never a pair number of the study; delta is 0.05 of the box diameter, the box_scale column; overlap is dice, the two covered counts over the two cardinalities, and the jaccard value of the same pair is in overlap_conventions.csv; containment_violations is the largest count over the seeds; check on r-06 and not a finding: ND_lu sits inside ND_ls exactly and for every problem, docs/a_close_containment.md, so coverage of lu in ls and one direction of the overlap are fixed before this runs. the containment is exact in real arithmetic and fails by rounding in doubles, one point of 1565 measured, r-11, so a nonzero violation count is arithmetic and never a result about phi. it stands on s-11; if the supervisors refute the criterion this pair is reported like the other and no result moves",1.0,1.0,1.0,0.0
dtlz2_interval,lu,ls,check,cross_a_under_b,5,20000,200,200,0.17320508075688773,3.4641016151377544,,"measured on mopso's own output, where phi drives the search as well as the ordering, so this is a question about how the solver behaves under each order and never a pair number of the study; delta is 0.05 of the box diameter, the box_scale column; overlap is dice, the two covered counts over the two cardinalities, and the jaccard value of the same pair is in overlap_conventions.csv; containment_violations is the largest count over the seeds; check on r-06 and not a finding: ND_lu sits inside ND_ls exactly and for every problem, docs/a_close_containment.md, so coverage of lu in ls and one direction of the overlap are fixed before this runs. the containment is exact in real arithmetic and fails by rounding in doubles, one point of 1565 measured, r-11, so a nonzero violation count is arithmetic and never a result about phi. it stands on s-11; if the supervisors refute the criterion this pair is reported like the other and no result moves",1.0,1.0,1.0,0.0
dtlz2_interval,lu,ls,check,cross_b_under_a,5,5000,200,200,0.17320508075688773,3.4641016151377544,,"measured on mopso's own output, where phi drives the search as well as the ordering, so this is a question about how the solver behaves under each order and never a pair number of the study; delta is 0.05 of the box diameter, the box_scale column; overlap is dice, the two covered counts over the two cardinalities, and the jaccard value of the same pair is in overlap_conventions.csv; containment_violations is the largest count over the seeds; check on r-06 and not a finding: ND_lu sits inside ND_ls exactly and for every problem, docs/a_close_containment.md, so coverage of lu in ls and one direction of the overlap are fixed before this runs. the containment is exact in real arithmetic and fails by rounding in doubles, one point of 1565 measured, r-11, so a nonzero violation count is arithmetic and never a result about phi. it stands on s-11; if the supervisors refute the criterion this pair is reported like the other and no result moves",0.52,0.505,0.535,0.030000000000000027
dtlz2_interval,lu,ls,check,cross_b_under_a,5,20000,200,200,0.17320508075688773,3.4641016151377544,,"measured on mopso's own output, where phi drives the search as well as the ordering, so this is a question about how the solver behaves under each order and never a pair number of the study; delta is 0.05 of the box diameter, the box_scale column; overlap is dice, the two covered counts over the two cardinalities, and the jaccard value of the same pair is in overlap_conventions.csv; containment_violations is the largest count over the seeds; check on r-06 and not a finding: ND_lu sits inside ND_ls exactly and for every problem, docs/a_close_containment.md, so coverage of lu in ls and one direction of the overlap are fixed before this runs. the containment is exact in real arithmetic and fails by rounding in doubles, one point of 1565 measured, r-11, so a nonzero violation count is arithmetic and never a result about phi. it stands on s-11; if the supervisors refute the criterion this pair is reported like the other and no result moves",0.49,0.485,0.51,0.025000000000000022
dtlz2_interval,lu,ls,check,hausdorff_a_to_b,5,5000,200,200,0.17320508075688773,3.4641016151377544,,"measured on mopso's own output, where phi drives the search as well as the ordering, so this is a question about how the solver behaves under each order and never a pair number of the study; delta is 0.05 of the box diameter, the box_scale column; overlap is dice, the two covered counts over the two cardinalities, and the jaccard value of the same pair is in overlap_conventions.csv; containment_violations is the largest count over the seeds; check on r-06 and not a finding: ND_lu sits inside ND_ls exactly and for every problem, docs/a_close_containment.md, so coverage of lu in ls and one direction of the overlap are fixed before this runs. the containment is exact in real arithmetic and fails by rounding in doubles, one point of 1565 measured, r-11, so a nonzero violation count is arithmetic and never a result about phi. it stands on s-11; if the supervisors refute the criterion this pair is reported like the other and no result moves",1.1065385459051398,1.0768203998068477,1.1214155091357454,0.04459510932889765
dtlz2_interval,lu,ls,check,hausdorff_a_to_b,5,20000,200,200,0.17320508075688773,3.4641016151377544,,"measured on mopso's own output, where phi drives the search as well as the ordering, so this is a question about how the solver behaves under each order and never a pair number of the study; delta is 0.05 of the box diameter, the box_scale column; overlap is dice, the two covered counts over the two cardinalities, and the jaccard value of the same pair is in overlap_conventions.csv; containment_violations is the largest count over the seeds; check on r-06 and not a finding: ND_lu sits inside ND_ls exactly and for every problem, docs/a_close_containment.md, so coverage of lu in ls and one direction of the overlap are fixed before this runs. the containment is exact in real arithmetic and fails by rounding in doubles, one point of 1565 measured, r-11, so a nonzero violation count is arithmetic and never a result about phi. it stands on s-11; if the supervisors refute the criterion this pair is reported like the other and no result moves",1.0914103988773356,1.0676057767967564,1.0969760155035129,0.02937023870675648
dtlz2_interval,lu,ls,check,hausdorff_b_to_a,5,5000,200,200,0.17320508075688773,3.4641016151377544,,"measured on mopso's own output, where phi drives the search as well as the ordering, so this is a question about how the solver behaves under each order and never a pair number of the study; delta is 0.05 of the box diameter, the box_scale column; overlap is dice, the two covered counts over the two cardinalities, and the jaccard value of the same pair is in overlap_conventions.csv; containment_violations is the largest count over the seeds; check on r-06 and not a finding: ND_lu sits inside ND_ls exactly and for every problem, docs/a_close_containment.md, so coverage of lu in ls and one direction of the overlap are fixed before this runs. the containment is exact in real arithmetic and fails by rounding in doubles, one point of 1565 measured, r-11, so a nonzero violation count is arithmetic and never a result about phi. it stands on s-11; if the supervisors refute the criterion this pair is reported like the other and no result moves",1.1276251590742963,1.1082280025495899,1.130253307974162,0.02202530542457204
dtlz2_interval,lu,ls,check,hausdorff_b_to_a,5,20000,200,200,0.17320508075688773,3.4641016151377544,,"measured on mopso's own output, where phi drives the search as well as the ordering, so this is a question about how the solver behaves under each order and never a pair number of the study; delta is 0.05 of the box diameter, the box_scale column; overlap is dice, the two covered counts over the two cardinalities, and the jaccard value of the same pair is in overlap_conventions.csv; containment_violations is the largest count over the seeds; check on r-06 and not a finding: ND_lu sits inside ND_ls exactly and for every problem, docs/a_close_containment.md, so coverage of lu in ls and one direction of the overlap are fixed before this runs. the containment is exact in real arithmetic and fails by rounding in doubles, one point of 1565 measured, r-11, so a nonzero violation count is arithmetic and never a result about phi. it stands on s-11; if the supervisors refute the criterion this pair is reported like the other and no result moves",1.0808520888770985,1.0472970097277179,1.0992435781532284,0.051946568425510486
dtlz2_interval,lu,ls,check,hausdorff_symmetric,5,5000,200,200,0.17320508075688773,3.4641016151377544,,"measured on mopso's own output, where phi drives the search as well as the ordering, so this is a question about how the solver behaves under each order and never a pair number of the study; delta is 0.05 of the box diameter, the box_scale column; overlap is dice, the two covered counts over the two cardinalities, and the jaccard value of the same pair is in overlap_conventions.csv; containment_violations is the largest count over the seeds; check on r-06 and not a finding: ND_lu sits inside ND_ls exactly and for every problem, docs/a_close_containment.md, so coverage of lu in ls and one direction of the overlap are fixed before this runs. the containment is exact in real arithmetic and fails by rounding in doubles, one point of 1565 measured, r-11, so a nonzero violation count is arithmetic and never a result about phi. it stands on s-11; if the supervisors refute the criterion this pair is reported like the other and no result moves",1.130253307974162,1.1214155091357454,1.1423983836290779,0.02098287449333247
dtlz2_interval,lu,ls,check,hausdorff_symmetric,5,20000,200,200,0.17320508075688773,3.4641016151377544,,"measured on mopso's own output, where phi drives the search as well as the ordering, so this is a question about how the solver behaves under each order and never a pair number of the study; delta is 0.05 of the box diameter, the box_scale column; overlap is dice, the two covered counts over the two cardinalities, and the jaccard value of the same pair is in overlap_conventions.csv; containment_violations is the largest count over the seeds; check on r-06 and not a finding: ND_lu sits inside ND_ls exactly and for every problem, docs/a_close_containment.md, so coverage of lu in ls and one direction of the overlap are fixed before this runs. the containment is exact in real arithmetic and fails by rounding in doubles, one point of 1565 measured, r-11, so a nonzero violation count is arithmetic and never a result about phi. it stands on s-11; if the supervisors refute the criterion this pair is reported like the other and no result moves",1.0969760155035129,1.0676057767967564,1.1935456434547935,0.12593986665803714
dtlz2_interval,lu,ls,check,overlap,5,5000,200,200,0.17320508075688773,3.4641016151377544,,"measured on mopso's own output, where phi drives the search as well as the ordering, so this is a question about how the solver behaves under each order and never a pair number of the study; delta is 0.05 of the box diameter, the box_scale column; overlap is dice, the two covered counts over the two cardinalities, and the jaccard value of the same pair is in overlap_conventions.csv; containment_violations is the largest count over the seeds; check on r-06 and not a finding: ND_lu sits inside ND_ls exactly and for every problem, docs/a_close_containment.md, so coverage of lu in ls and one direction of the overlap are fixed before this runs. the containment is exact in real arithmetic and fails by rounding in doubles, one point of 1565 measured, r-11, so a nonzero violation count is arithmetic and never a result about phi. it stands on s-11; if the supervisors refute the criterion this pair is reported like the other and no result moves",0.0,0.0,0.0,0.0
dtlz2_interval,lu,ls,check,overlap,5,20000,200,200,0.17320508075688773,3.4641016151377544,,"measured on mopso's own output, where phi drives the search as well as the ordering, so this is a question about how the solver behaves under each order and never a pair number of the study; delta is 0.05 of the box diameter, the box_scale column; overlap is dice, the two covered counts over the two cardinalities, and the jaccard value of the same pair is in overlap_conventions.csv; containment_violations is the largest count over the seeds; check on r-06 and not a finding: ND_lu sits inside ND_ls exactly and for every problem, docs/a_close_containment.md, so coverage of lu in ls and one direction of the overlap are fixed before this runs. the containment is exact in real arithmetic and fails by rounding in doubles, one point of 1565 measured, r-11, so a nonzero violation count is arithmetic and never a result about phi. it stands on s-11; if the supervisors refute the criterion this pair is reported like the other and no result moves",0.0,0.0,0.0,0.0
dtlz2_interval,ls,cw,check,coverage_a_in_b,5,5000,100,100,0.17320508075688773,3.4641016151377544,,"measured on nsga2's own output, where phi drives the search as well as the ordering, so this is a question about how the solver behaves under each order and never a pair number of the study; delta is 0.05 of the box diameter, the box_scale column; overlap is dice, the two covered counts over the two cardinalities, and the jaccard value of the same pair is in overlap_conventions.csv; containment_violations is the largest count over the seeds; check on r-06 and not a finding: ND_cw sits inside ND_ls exactly and for every problem, docs/a_close_containment.md, so coverage of cw in ls and one direction of the overlap are fixed before this runs. the containment is exact in real arithmetic and fails by rounding in doubles, one point of 1565 measured, r-11, so a nonzero violation count is arithmetic and never a result about phi. it stands on s-11; if the supervisors refute the criterion this pair is reported like the other and no result moves",0.0,0.0,0.0,0.0
dtlz2_interval,ls,cw,check,coverage_a_in_b,5,20000,100,100,0.17320508075688773,3.4641016151377544,,"measured on nsga2's own output, where phi drives the search as well as the ordering, so this is a question about how the solver behaves under each order and never a pair number of the study; delta is 0.05 of the box diameter, the box_scale column; overlap is dice, the two covered counts over the two cardinalities, and the jaccard value of the same pair is in overlap_conventions.csv; containment_violations is the largest count over the seeds; check on r-06 and not a finding: ND_cw sits inside ND_ls exactly and for every problem, docs/a_close_containment.md, so coverage of cw in ls and one direction of the overlap are fixed before this runs. the containment is exact in real arithmetic and fails by rounding in doubles, one point of 1565 measured, r-11, so a nonzero violation count is arithmetic and never a result about phi. it stands on s-11; if the supervisors refute the criterion this pair is reported like the other and no result moves",0.0,0.0,0.0,0.0
dtlz2_interval,ls,cw,check,coverage_b_in_a,5,5000,100,100,0.17320508075688773,3.4641016151377544,,"measured on nsga2's own output, where phi drives the search as well as the ordering, so this is a question about how the solver behaves under each order and never a pair number of the study; delta is 0.05 of the box diameter, the box_scale column; overlap is dice, the two covered counts over the two cardinalities, and the jaccard value of the same pair is in overlap_conventions.csv; containment_violations is the largest count over the seeds; check on r-06 and not a finding: ND_cw sits inside ND_ls exactly and for every problem, docs/a_close_containment.md, so coverage of cw in ls and one direction of the overlap are fixed before this runs. the containment is exact in real arithmetic and fails by rounding in doubles, one point of 1565 measured, r-11, so a nonzero violation count is arithmetic and never a result about phi. it stands on s-11; if the supervisors refute the criterion this pair is reported like the other and no result moves",0.0,0.0,0.0,0.0
dtlz2_interval,ls,cw,check,coverage_b_in_a,5,20000,100,100,0.17320508075688773,3.4641016151377544,,"measured on nsga2's own output, where phi drives the search as well as the ordering, so this is a question about how the solver behaves under each order and never a pair number of the study; delta is 0.05 of the box diameter, the box_scale column; overlap is dice, the two covered counts over the two cardinalities, and the jaccard value of the same pair is in overlap_conventions.csv; containment_violations is the largest count over the seeds; check on r-06 and not a finding: ND_cw sits inside ND_ls exactly and for every problem, docs/a_close_containment.md, so coverage of cw in ls and one direction of the overlap are fixed before this runs. the containment is exact in real arithmetic and fails by rounding in doubles, one point of 1565 measured, r-11, so a nonzero violation count is arithmetic and never a result about phi. it stands on s-11; if the supervisors refute the criterion this pair is reported like the other and no result moves",0.0,0.0,0.0,0.0
dtlz2_interval,ls,cw,check,cross_a_under_b,5,5000,100,100,0.17320508075688773,3.4641016151377544,,"measured on nsga2's own output, where phi drives the search as well as the ordering, so this is a question about how the solver behaves under each order and never a pair number of the study; delta is 0.05 of the box diameter, the box_scale column; overlap is dice, the two covered counts over the two cardinalities, and the jaccard value of the same pair is in overlap_conventions.csv; containment_violations is the largest count over the seeds; check on r-06 and not a finding: ND_cw sits inside ND_ls exactly and for every problem, docs/a_close_containment.md, so coverage of cw in ls and one direction of the overlap are fixed before this runs. the containment is exact in real arithmetic and fails by rounding in doubles, one point of 1565 measured, r-11, so a nonzero violation count is arithmetic and never a result about phi. it stands on s-11; if the supervisors refute the criterion this pair is reported like the other and no result moves",0.96,0.96,0.97,0.010000000000000009
dtlz2_interval,ls,cw,check,cross_a_under_b,5,20000,100,100,0.17320508075688773,3.4641016151377544,,"measured on nsga2's own output, where phi drives the search as well as the ordering, so this is a question about how the solver behaves under each order and never a pair number of the study; delta is 0.05 of the box diameter, the box_scale column; overlap is dice, the two covered counts over the two cardinalities, and the jaccard value of the same pair is in overlap_conventions.csv; containment_violations is the largest count over the seeds; check on r-06 and not a finding: ND_cw sits inside ND_ls exactly and for every problem, docs/a_close_containment.md, so coverage of cw in ls and one direction of the overlap are fixed before this runs. the containment is exact in real arithmetic and fails by rounding in doubles, one point of 1565 measured, r-11, so a nonzero violation count is arithmetic and never a result about phi. it stands on s-11; if the supervisors refute the criterion this pair is reported like the other and no result moves",0.97,0.96,0.97,0.010000000000000009
dtlz2_interval,ls,cw,check,cross_b_under_a,5,5000,100,100,0.17320508075688773,3.4641016151377544,,"measured on nsga2's own output, where phi drives the search as well as the ordering, so this is a question about how the solver behaves under each order and never a pair number of the study; delta is 0.05 of the box diameter, the box_scale column; overlap is dice, the two covered counts over the two cardinalities, and the jaccard value of the same pair is in overlap_conventions.csv; containment_violations is the largest count over the seeds; check on r-06 and not a finding: ND_cw sits inside ND_ls exactly and for every problem, docs/a_close_containment.md, so coverage of cw in ls and one direction of the overlap are fixed before this runs. the containment is exact in real arithmetic and fails by rounding in doubles, one point of 1565 measured, r-11, so a nonzero violation count is arithmetic and never a result about phi. it stands on s-11; if the supervisors refute the criterion this pair is reported like the other and no result moves",1.0,1.0,1.0,0.0
dtlz2_interval,ls,cw,check,cross_b_under_a,5,20000,100,100,0.17320508075688773,3.4641016151377544,,"measured on nsga2's own output, where phi drives the search as well as the ordering, so this is a question about how the solver behaves under each order and never a pair number of the study; delta is 0.05 of the box diameter, the box_scale column; overlap is dice, the two covered counts over the two cardinalities, and the jaccard value of the same pair is in overlap_conventions.csv; containment_violations is the largest count over the seeds; check on r-06 and not a finding: ND_cw sits inside ND_ls exactly and for every problem, docs/a_close_containment.md, so coverage of cw in ls and one direction of the overlap are fixed before this runs. the containment is exact in real arithmetic and fails by rounding in doubles, one point of 1565 measured, r-11, so a nonzero violation count is arithmetic and never a result about phi. it stands on s-11; if the supervisors refute the criterion this pair is reported like the other and no result moves",1.0,1.0,1.0,0.0
dtlz2_interval,ls,cw,check,hausdorff_a_to_b,5,5000,100,100,0.17320508075688773,3.4641016151377544,,"measured on nsga2's own output, where phi drives the search as well as the ordering, so this is a question about how the solver behaves under each order and never a pair number of the study; delta is 0.05 of the box diameter, the box_scale column; overlap is dice, the two covered counts over the two cardinalities, and the jaccard value of the same pair is in overlap_conventions.csv; containment_violations is the largest count over the seeds; check on r-06 and not a finding: ND_cw sits inside ND_ls exactly and for every problem, docs/a_close_containment.md, so coverage of cw in ls and one direction of the overlap are fixed before this runs. the containment is exact in real arithmetic and fails by rounding in doubles, one point of 1565 measured, r-11, so a nonzero violation count is arithmetic and never a result about phi. it stands on s-11; if the supervisors refute the criterion this pair is reported like the other and no result moves",1.2825589633938086,1.262881120261196,1.294808997099681,0.03192787683848497
dtlz2_interval,ls,cw,check,hausdorff_a_to_b,5,20000,100,100,0.17320508075688773,3.4641016151377544,,"measured on nsga2's own output, where phi drives the search as well as the ordering, so this is a question about how the solver behaves under each order and never a pair number of the study; delta is 0.05 of the box diameter, the box_scale column; overlap is dice, the two covered counts over the two cardinalities, and the jaccard value of the same pair is in overlap_conventions.csv; containment_violations is the largest count over the seeds; check on r-06 and not a finding: ND_cw sits inside ND_ls exactly and for every problem, docs/a_close_containment.md, so coverage of cw in ls and one direction of the overlap are fixed before this runs. the containment is exact in real arithmetic and fails by rounding in doubles, one point of 1565 measured, r-11, so a nonzero violation count is arithmetic and never a result about phi. it stands on s-11; if the supervisors refute the criterion this pair is reported like the other and no result moves",1.2970562595053363,1.2775069698154182,1.4809624696530201,0.20345549983760192
dtlz2_interval,ls,cw,check,hausdorff_b_to_a,5,5000,100,100,0.17320508075688773,3.4641016151377544,,"measured on nsga2's own output, where phi drives the search as well as the ordering, so this is a question about how the solver behaves under each order and never a pair number of the study; delta is 0.05 of the box diameter, the box_scale column; overlap is dice, the two covered counts over the two cardinalities, and the jaccard value of the same pair is in overlap_conventions.csv; containment_violations is the largest count over the seeds; check on r-06 and not a finding: ND_cw sits inside ND_ls exactly and for every problem, docs/a_close_containment.md, so coverage of cw in ls and one direction of the overlap are fixed before this runs. the containment is exact in real arithmetic and fails by rounding in doubles, one point of 1565 measured, r-11, so a nonzero violation count is arithmetic and never a result about phi. it stands on s-11; if the supervisors refute the criterion this pair is reported like the other and no result moves",1.2918444355877678,1.2596666538543053,1.3234899843078036,0.0638233304534983
dtlz2_interval,ls,cw,check,hausdorff_b_to_a,5,20000,100,100,0.17320508075688773,3.4641016151377544,,"measured on nsga2's own output, where phi drives the search as well as the ordering, so this is a question about how the solver behaves under each order and never a pair number of the study; delta is 0.05 of the box diameter, the box_scale column; overlap is dice, the two covered counts over the two cardinalities, and the jaccard value of the same pair is in overlap_conventions.csv; containment_violations is the largest count over the seeds; check on r-06 and not a finding: ND_cw sits inside ND_ls exactly and for every problem, docs/a_close_containment.md, so coverage of cw in ls and one direction of the overlap are fixed before this runs. the containment is exact in real arithmetic and fails by rounding in doubles, one point of 1565 measured, r-11, so a nonzero violation count is arithmetic and never a result about phi. it stands on s-11; if the supervisors refute the criterion this pair is reported like the other and no result moves",1.3242714454565028,1.2914037571937422,1.336644671843178,0.04524091464943569
dtlz2_interval,ls,cw,check,hausdorff_symmetric,5,5000,100,100,0.17320508075688773,3.4641016151377544,,"measured on nsga2's own output, where phi drives the search as well as the ordering, so this is a question about how the solver behaves under each order and never a pair number of the study; delta is 0.05 of the box diameter, the box_scale column; overlap is dice, the two covered counts over the two cardinalities, and the jaccard value of the same pair is in overlap_conventions.csv; containment_violations is the largest count over the seeds; check on r-06 and not a finding: ND_cw sits inside ND_ls exactly and for every problem, docs/a_close_containment.md, so coverage of cw in ls and one direction of the overlap are fixed before this runs. the containment is exact in real arithmetic and fails by rounding in doubles, one point of 1565 measured, r-11, so a nonzero violation count is arithmetic and never a result about phi. it stands on s-11; if the supervisors refute the criterion this pair is reported like the other and no result moves",1.3226418926656611,1.294808997099681,1.3234899843078036,0.02868098720812262
dtlz2_interval,ls,cw,check,hausdorff_symmetric,5,20000,100,100,0.17320508075688773,3.4641016151377544,,"measured on nsga2's own output, where phi drives the search as well as the ordering, so this is a question about how the solver behaves under each order and never a pair number of the study; delta is 0.05 of the box diameter, the box_scale column; overlap is dice, the two covered counts over the two cardinalities, and the jaccard value of the same pair is in overlap_conventions.csv; containment_violations is the largest count over the seeds; check on r-06 and not a finding: ND_cw sits inside ND_ls exactly and for every problem, docs/a_close_containment.md, so coverage of cw in ls and one direction of the overlap are fixed before this runs. the containment is exact in real arithmetic and fails by rounding in doubles, one point of 1565 measured, r-11, so a nonzero violation count is arithmetic and never a result about phi. it stands on s-11; if the supervisors refute the criterion this pair is reported like the other and no result moves",1.3242714454565028,1.2970562595053363,1.4809624696530201,0.18390621014768382
dtlz2_interval,ls,cw,check,overlap,5,5000,100,100,0.17320508075688773,3.4641016151377544,,"measured on nsga2's own output, where phi drives the search as well as the ordering, so this is a question about how the solver behaves under each order and never a pair number of the study; delta is 0.05 of the box diameter, the box_scale column; overlap is dice, the two covered counts over the two cardinalities, and the jaccard value of the same pair is in overlap_conventions.csv; containment_violations is the largest count over the seeds; check on r-06 and not a finding: ND_cw sits inside ND_ls exactly and for every problem, docs/a_close_containment.md, so coverage of cw in ls and one direction of the overlap are fixed before this runs. the containment is exact in real arithmetic and fails by rounding in doubles, one point of 1565 measured, r-11, so a nonzero violation count is arithmetic and never a result about phi. it stands on s-11; if the supervisors refute the criterion this pair is reported like the other and no result moves",0.0,0.0,0.0,0.0
dtlz2_interval,ls,cw,check,overlap,5,20000,100,100,0.17320508075688773,3.4641016151377544,,"measured on nsga2's own output, where phi drives the search as well as the ordering, so this is a question about how the solver behaves under each order and never a pair number of the study; delta is 0.05 of the box diameter, the box_scale column; overlap is dice, the two covered counts over the two cardinalities, and the jaccard value of the same pair is in overlap_conventions.csv; containment_violations is the largest count over the seeds; check on r-06 and not a finding: ND_cw sits inside ND_ls exactly and for every problem, docs/a_close_containment.md, so coverage of cw in ls and one direction of the overlap are fixed before this runs. the containment is exact in real arithmetic and fails by rounding in doubles, one point of 1565 measured, r-11, so a nonzero violation count is arithmetic and never a result about phi. it stands on s-11; if the supervisors refute the criterion this pair is reported like the other and no result moves",0.0,0.0,0.0,0.0
dtlz2_interval,lu,cw,finding,coverage_a_in_b,5,5000,100,100,0.17320508075688773,3.4641016151377544,,"measured on nsga2's own output, where phi drives the search as well as the ordering, so this is a question about how the solver behaves under each order and never a pair number of the study; delta is 0.05 of the box diameter, the box_scale column; overlap is dice, the two covered counts over the two cardinalities, and the jaccard value of the same pair is in overlap_conventions.csv; containment_violations is the largest count over the seeds; nested in neither direction, so both directions are measured; this is the pair CONTEXT.md section 10 e3 takes the headline number from",0.0,0.0,0.0,0.0
dtlz2_interval,lu,cw,finding,coverage_a_in_b,5,20000,100,100,0.17320508075688773,3.4641016151377544,,"measured on nsga2's own output, where phi drives the search as well as the ordering, so this is a question about how the solver behaves under each order and never a pair number of the study; delta is 0.05 of the box diameter, the box_scale column; overlap is dice, the two covered counts over the two cardinalities, and the jaccard value of the same pair is in overlap_conventions.csv; containment_violations is the largest count over the seeds; nested in neither direction, so both directions are measured; this is the pair CONTEXT.md section 10 e3 takes the headline number from",0.0,0.0,0.0,0.0
dtlz2_interval,lu,cw,finding,coverage_b_in_a,5,5000,100,100,0.17320508075688773,3.4641016151377544,,"measured on nsga2's own output, where phi drives the search as well as the ordering, so this is a question about how the solver behaves under each order and never a pair number of the study; delta is 0.05 of the box diameter, the box_scale column; overlap is dice, the two covered counts over the two cardinalities, and the jaccard value of the same pair is in overlap_conventions.csv; containment_violations is the largest count over the seeds; nested in neither direction, so both directions are measured; this is the pair CONTEXT.md section 10 e3 takes the headline number from",0.0,0.0,0.0,0.0
dtlz2_interval,lu,cw,finding,coverage_b_in_a,5,20000,100,100,0.17320508075688773,3.4641016151377544,,"measured on nsga2's own output, where phi drives the search as well as the ordering, so this is a question about how the solver behaves under each order and never a pair number of the study; delta is 0.05 of the box diameter, the box_scale column; overlap is dice, the two covered counts over the two cardinalities, and the jaccard value of the same pair is in overlap_conventions.csv; containment_violations is the largest count over the seeds; nested in neither direction, so both directions are measured; this is the pair CONTEXT.md section 10 e3 takes the headline number from",0.0,0.0,0.0,0.0
dtlz2_interval,lu,cw,finding,cross_a_under_b,5,5000,100,100,0.17320508075688773,3.4641016151377544,,"measured on nsga2's own output, where phi drives the search as well as the ordering, so this is a question about how the solver behaves under each order and never a pair number of the study; delta is 0.05 of the box diameter, the box_scale column; overlap is dice, the two covered counts over the two cardinalities, and the jaccard value of the same pair is in overlap_conventions.csv; containment_violations is the largest count over the seeds; nested in neither direction, so both directions are measured; this is the pair CONTEXT.md section 10 e3 takes the headline number from",0.88,0.86,0.91,0.050000000000000044
dtlz2_interval,lu,cw,finding,cross_a_under_b,5,20000,100,100,0.17320508075688773,3.4641016151377544,,"measured on nsga2's own output, where phi drives the search as well as the ordering, so this is a question about how the solver behaves under each order and never a pair number of the study; delta is 0.05 of the box diameter, the box_scale column; overlap is dice, the two covered counts over the two cardinalities, and the jaccard value of the same pair is in overlap_conventions.csv; containment_violations is the largest count over the seeds; nested in neither direction, so both directions are measured; this is the pair CONTEXT.md section 10 e3 takes the headline number from",0.83,0.82,0.89,0.07000000000000006
dtlz2_interval,lu,cw,finding,cross_b_under_a,5,5000,100,100,0.17320508075688773,3.4641016151377544,,"measured on nsga2's own output, where phi drives the search as well as the ordering, so this is a question about how the solver behaves under each order and never a pair number of the study; delta is 0.05 of the box diameter, the box_scale column; overlap is dice, the two covered counts over the two cardinalities, and the jaccard value of the same pair is in overlap_conventions.csv; containment_violations is the largest count over the seeds; nested in neither direction, so both directions are measured; this is the pair CONTEXT.md section 10 e3 takes the headline number from",0.48,0.44,0.57,0.12999999999999995
dtlz2_interval,lu,cw,finding,cross_b_under_a,5,20000,100,100,0.17320508075688773,3.4641016151377544,,"measured on nsga2's own output, where phi drives the search as well as the ordering, so this is a question about how the solver behaves under each order and never a pair number of the study; delta is 0.05 of the box diameter, the box_scale column; overlap is dice, the two covered counts over the two cardinalities, and the jaccard value of the same pair is in overlap_conventions.csv; containment_violations is the largest count over the seeds; nested in neither direction, so both directions are measured; this is the pair CONTEXT.md section 10 e3 takes the headline number from",0.43,0.42,0.52,0.10000000000000003
dtlz2_interval,lu,cw,finding,hausdorff_a_to_b,5,5000,100,100,0.17320508075688773,3.4641016151377544,,"measured on nsga2's own output, where phi drives the search as well as the ordering, so this is a question about how the solver behaves under each order and never a pair number of the study; delta is 0.05 of the box diameter, the box_scale column; overlap is dice, the two covered counts over the two cardinalities, and the jaccard value of the same pair is in overlap_conventions.csv; containment_violations is the largest count over the seeds; nested in neither direction, so both directions are measured; this is the pair CONTEXT.md section 10 e3 takes the headline number from",1.2590643100464345,1.2189163696788614,1.288281028968581,0.06936465928971969
dtlz2_interval,lu,cw,finding,hausdorff_a_to_b,5,20000,100,100,0.17320508075688773,3.4641016151377544,,"measured on nsga2's own output, where phi drives the search as well as the ordering, so this is a question about how the solver behaves under each order and never a pair number of the study; delta is 0.05 of the box diameter, the box_scale column; overlap is dice, the two covered counts over the two cardinalities, and the jaccard value of the same pair is in overlap_conventions.csv; containment_violations is the largest count over the seeds; nested in neither direction, so both directions are measured; this is the pair CONTEXT.md section 10 e3 takes the headline number from",1.303120822333349,1.1739332061967078,1.313224379064342,0.13929117286763426
dtlz2_interval,lu,cw,finding,hausdorff_b_to_a,5,5000,100,100,0.17320508075688773,3.4641016151377544,,"measured on nsga2's own output, where phi drives the search as well as the ordering, so this is a question about how the solver behaves under each order and never a pair number of the study; delta is 0.05 of the box diameter, the box_scale column; overlap is dice, the two covered counts over the two cardinalities, and the jaccard value of the same pair is in overlap_conventions.csv; containment_violations is the largest count over the seeds; nested in neither direction, so both directions are measured; this is the pair CONTEXT.md section 10 e3 takes the headline number from",1.2666748296742492,1.2535546807612696,1.298898220573496,0.045343539812226386
dtlz2_interval,lu,cw,finding,hausdorff_b_to_a,5,20000,100,100,0.17320508075688773,3.4641016151377544,,"measured on nsga2's own output, where phi drives the search as well as the ordering, so this is a question about how the solver behaves under each order and never a pair number of the study; delta is 0.05 of the box diameter, the box_scale column; overlap is dice, the two covered counts over the two cardinalities, and the jaccard value of the same pair is in overlap_conventions.csv; containment_violations is the largest count over the seeds; nested in neither direction, so both directions are measured; this is the pair CONTEXT.md section 10 e3 takes the headline number from",1.3454442662159174,1.1996880223795923,1.3643743480169717,0.1646863256373794
dtlz2_interval,lu,cw,finding,hausdorff_symmetric,5,5000,100,100,0.17320508075688773,3.4641016151377544,,"measured on nsga2's own output, where phi drives the search as well as the ordering, so this is a question about how the solver behaves under each order and never a pair number of the study; delta is 0.05 of the box diameter, the box_scale column; overlap is dice, the two covered counts over the two cardinalities, and the jaccard value of the same pair is in overlap_conventions.csv; containment_violations is the largest count over the seeds; nested in neither direction, so both directions are measured; this is the pair CONTEXT.md section 10 e3 takes the headline number from",1.288281028968581,1.2666748296742492,1.298898220573496,0.03222339089924686
dtlz2_interval,lu,cw,finding,hausdorff_symmetric,5,20000,100,100,0.17320508075688773,3.4641016151377544,,"measured on nsga2's own output, where phi drives the search as well as the ordering, so this is a question about how the solver behaves under each order and never a pair number of the study; delta is 0.05 of the box diameter, the box_scale column; overlap is dice, the two covered counts over the two cardinalities, and the jaccard value of the same pair is in overlap_conventions.csv; containment_violations is the largest count over the seeds; nested in neither direction, so both directions are measured; this is the pair CONTEXT.md section 10 e3 takes the headline number from",1.3643743480169717,1.303120822333349,1.3659083411475321,0.0627875188141831
dtlz2_interval,lu,cw,finding,overlap,5,5000,100,100,0.17320508075688773,3.4641016151377544,,"measured on nsga2's own output, where phi drives the search as well as the ordering, so this is a question about how the solver behaves under each order and never a pair number of the study; delta is 0.05 of the box diameter, the box_scale column; overlap is dice, the two covered counts over the two cardinalities, and the jaccard value of the same pair is in overlap_conventions.csv; containment_violations is the largest count over the seeds; nested in neither direction, so both directions are measured; this is the pair CONTEXT.md section 10 e3 takes the headline number from",0.0,0.0,0.0,0.0
dtlz2_interval,lu,cw,finding,overlap,5,20000,100,100,0.17320508075688773,3.4641016151377544,,"measured on nsga2's own output, where phi drives the search as well as the ordering, so this is a question about how the solver behaves under each order and never a pair number of the study; delta is 0.05 of the box diameter, the box_scale column; overlap is dice, the two covered counts over the two cardinalities, and the jaccard value of the same pair is in overlap_conventions.csv; containment_violations is the largest count over the seeds; nested in neither direction, so both directions are measured; this is the pair CONTEXT.md section 10 e3 takes the headline number from",0.0,0.0,0.0,0.0
dtlz2_interval,lu,ls,check,coverage_a_in_b,5,5000,100,100,0.17320508075688773,3.4641016151377544,,"measured on nsga2's own output, where phi drives the search as well as the ordering, so this is a question about how the solver behaves under each order and never a pair number of the study; delta is 0.05 of the box diameter, the box_scale column; overlap is dice, the two covered counts over the two cardinalities, and the jaccard value of the same pair is in overlap_conventions.csv; containment_violations is the largest count over the seeds; check on r-06 and not a finding: ND_lu sits inside ND_ls exactly and for every problem, docs/a_close_containment.md, so coverage of lu in ls and one direction of the overlap are fixed before this runs. the containment is exact in real arithmetic and fails by rounding in doubles, one point of 1565 measured, r-11, so a nonzero violation count is arithmetic and never a result about phi. it stands on s-11; if the supervisors refute the criterion this pair is reported like the other and no result moves",0.0,0.0,0.0,0.0
dtlz2_interval,lu,ls,check,coverage_a_in_b,5,20000,100,100,0.17320508075688773,3.4641016151377544,,"measured on nsga2's own output, where phi drives the search as well as the ordering, so this is a question about how the solver behaves under each order and never a pair number of the study; delta is 0.05 of the box diameter, the box_scale column; overlap is dice, the two covered counts over the two cardinalities, and the jaccard value of the same pair is in overlap_conventions.csv; containment_violations is the largest count over the seeds; check on r-06 and not a finding: ND_lu sits inside ND_ls exactly and for every problem, docs/a_close_containment.md, so coverage of lu in ls and one direction of the overlap are fixed before this runs. the containment is exact in real arithmetic and fails by rounding in doubles, one point of 1565 measured, r-11, so a nonzero violation count is arithmetic and never a result about phi. it stands on s-11; if the supervisors refute the criterion this pair is reported like the other and no result moves",0.0,0.0,0.0,0.0
dtlz2_interval,lu,ls,check,coverage_b_in_a,5,5000,100,100,0.17320508075688773,3.4641016151377544,,"measured on nsga2's own output, where phi drives the search as well as the ordering, so this is a question about how the solver behaves under each order and never a pair number of the study; delta is 0.05 of the box diameter, the box_scale column; overlap is dice, the two covered counts over the two cardinalities, and the jaccard value of the same pair is in overlap_conventions.csv; containment_violations is the largest count over the seeds; check on r-06 and not a finding: ND_lu sits inside ND_ls exactly and for every problem, docs/a_close_containment.md, so coverage of lu in ls and one direction of the overlap are fixed before this runs. the containment is exact in real arithmetic and fails by rounding in doubles, one point of 1565 measured, r-11, so a nonzero violation count is arithmetic and never a result about phi. it stands on s-11; if the supervisors refute the criterion this pair is reported like the other and no result moves",0.0,0.0,0.0,0.0
dtlz2_interval,lu,ls,check,coverage_b_in_a,5,20000,100,100,0.17320508075688773,3.4641016151377544,,"measured on nsga2's own output, where phi drives the search as well as the ordering, so this is a question about how the solver behaves under each order and never a pair number of the study; delta is 0.05 of the box diameter, the box_scale column; overlap is dice, the two covered counts over the two cardinalities, and the jaccard value of the same pair is in overlap_conventions.csv; containment_violations is the largest count over the seeds; check on r-06 and not a finding: ND_lu sits inside ND_ls exactly and for every problem, docs/a_close_containment.md, so coverage of lu in ls and one direction of the overlap are fixed before this runs. the containment is exact in real arithmetic and fails by rounding in doubles, one point of 1565 measured, r-11, so a nonzero violation count is arithmetic and never a result about phi. it stands on s-11; if the supervisors refute the criterion this pair is reported like the other and no result moves",0.0,0.0,0.0,0.0
dtlz2_interval,lu,ls,check,cross_a_under_b,5,5000,100,100,0.17320508075688773,3.4641016151377544,,"measured on nsga2's own output, where phi drives the search as well as the ordering, so this is a question about how the solver behaves under each order and never a pair number of the study; delta is 0.05 of the box diameter, the box_scale column; overlap is dice, the two covered counts over the two cardinalities, and the jaccard value of the same pair is in overlap_conventions.csv; containment_violations is the largest count over the seeds; check on r-06 and not a finding: ND_lu sits inside ND_ls exactly and for every problem, docs/a_close_containment.md, so coverage of lu in ls and one direction of the overlap are fixed before this runs. the containment is exact in real arithmetic and fails by rounding in doubles, one point of 1565 measured, r-11, so a nonzero violation count is arithmetic and never a result about phi. it stands on s-11; if the supervisors refute the criterion this pair is reported like the other and no result moves",1.0,1.0,1.0,0.0
dtlz2_interval,lu,ls,check,cross_a_under_b,5,20000,100,100,0.17320508075688773,3.4641016151377544,,"measured on nsga2's own output, where phi drives the search as well as the ordering, so this is a question about how the solver behaves under each order and never a pair number of the study; delta is 0.05 of the box diameter, the box_scale column; overlap is dice, the two covered counts over the two cardinalities, and the jaccard value of the same pair is in overlap_conventions.csv; containment_violations is the largest count over the seeds; check on r-06 and not a finding: ND_lu sits inside ND_ls exactly and for every problem, docs/a_close_containment.md, so coverage of lu in ls and one direction of the overlap are fixed before this runs. the containment is exact in real arithmetic and fails by rounding in doubles, one point of 1565 measured, r-11, so a nonzero violation count is arithmetic and never a result about phi. it stands on s-11; if the supervisors refute the criterion this pair is reported like the other and no result moves",1.0,1.0,1.0,0.0
dtlz2_interval,lu,ls,check,cross_b_under_a,5,5000,100,100,0.17320508075688773,3.4641016151377544,,"measured on nsga2's own output, where phi drives the search as well as the ordering, so this is a question about how the solver behaves under each order and never a pair number of the study; delta is 0.05 of the box diameter, the box_scale column; overlap is dice, the two covered counts over the two cardinalities, and the jaccard value of the same pair is in overlap_conventions.csv; containment_violations is the largest count over the seeds; check on r-06 and not a finding: ND_lu sits inside ND_ls exactly and for every problem, docs/a_close_containment.md, so coverage of lu in ls and one direction of the overlap are fixed before this runs. the containment is exact in real arithmetic and fails by rounding in doubles, one point of 1565 measured, r-11, so a nonzero violation count is arithmetic and never a result about phi. it stands on s-11; if the supervisors refute the criterion this pair is reported like the other and no result moves",0.53,0.51,0.57,0.05999999999999994
dtlz2_interval,lu,ls,check,cross_b_under_a,5,20000,100,100,0.17320508075688773,3.4641016151377544,,"measured on nsga2's own output, where phi drives the search as well as the ordering, so this is a question about how the solver behaves under each order and never a pair number of the study; delta is 0.05 of the box diameter, the box_scale column; overlap is dice, the two covered counts over the two cardinalities, and the jaccard value of the same pair is in overlap_conventions.csv; containment_violations is the largest count over the seeds; check on r-06 and not a finding: ND_lu sits inside ND_ls exactly and for every problem, docs/a_close_containment.md, so coverage of lu in ls and one direction of the overlap are fixed before this runs. the containment is exact in real arithmetic and fails by rounding in doubles, one point of 1565 measured, r-11, so a nonzero violation count is arithmetic and never a result about phi. it stands on s-11; if the supervisors refute the criterion this pair is reported like the other and no result moves",0.54,0.5,0.58,0.07999999999999996
dtlz2_interval,lu,ls,check,hausdorff_a_to_b,5,5000,100,100,0.17320508075688773,3.4641016151377544,,"measured on nsga2's own output, where phi drives the search as well as the ordering, so this is a question about how the solver behaves under each order and never a pair number of the study; delta is 0.05 of the box diameter, the box_scale column; overlap is dice, the two covered counts over the two cardinalities, and the jaccard value of the same pair is in overlap_conventions.csv; containment_violations is the largest count over the seeds; check on r-06 and not a finding: ND_lu sits inside ND_ls exactly and for every problem, docs/a_close_containment.md, so coverage of lu in ls and one direction of the overlap are fixed before this runs. the containment is exact in real arithmetic and fails by rounding in doubles, one point of 1565 measured, r-11, so a nonzero violation count is arithmetic and never a result about phi. it stands on s-11; if the supervisors refute the criterion this pair is reported like the other and no result moves",1.2374888426831008,1.1154962885462976,1.2426876955692685,0.12719140702297094
dtlz2_interval,lu,ls,check,hausdorff_a_to_b,5,20000,100,100,0.17320508075688773,3.4641016151377544,,"measured on nsga2's own output, where phi drives the search as well as the ordering, so this is a question about how the solver behaves under each order and never a pair number of the study; delta is 0.05 of the box diameter, the box_scale column; overlap is dice, the two covered counts over the two cardinalities, and the jaccard value of the same pair is in overlap_conventions.csv; containment_violations is the largest count over the seeds; check on r-06 and not a finding: ND_lu sits inside ND_ls exactly and for every problem, docs/a_close_containment.md, so coverage of lu in ls and one direction of the overlap are fixed before this runs. the containment is exact in real arithmetic and fails by rounding in doubles, one point of 1565 measured, r-11, so a nonzero violation count is arithmetic and never a result about phi. it stands on s-11; if the supervisors refute the criterion this pair is reported like the other and no result moves",1.3122839612247026,1.2913781995456621,1.3978914714864736,0.1065132719408115
dtlz2_interval,lu,ls,check,hausdorff_b_to_a,5,5000,100,100,0.17320508075688773,3.4641016151377544,,"measured on nsga2's own output, where phi drives the search as well as the ordering, so this is a question about how the solver behaves under each order and never a pair number of the study; delta is 0.05 of the box diameter, the box_scale column; overlap is dice, the two covered counts over the two cardinalities, and the jaccard value of the same pair is in overlap_conventions.csv; containment_violations is the largest count over the seeds; check on r-06 and not a finding: ND_lu sits inside ND_ls exactly and for every problem, docs/a_close_containment.md, so coverage of lu in ls and one direction of the overlap are fixed before this runs. the containment is exact in real arithmetic and fails by rounding in doubles, one point of 1565 measured, r-11, so a nonzero violation count is arithmetic and never a result about phi. it stands on s-11; if the supervisors refute the criterion this pair is reported like the other and no result moves",1.2946801286155925,1.258319634172113,1.3007515640208178,0.04243192984870481
dtlz2_interval,lu,ls,check,hausdorff_b_to_a,5,20000,100,100,0.17320508075688773,3.4641016151377544,,"measured on nsga2's own output, where phi drives the search as well as the ordering, so this is a question about how the solver behaves under each order and never a pair number of the study; delta is 0.05 of the box diameter, the box_scale column; overlap is dice, the two covered counts over the two cardinalities, and the jaccard value of the same pair is in overlap_conventions.csv; containment_violations is the largest count over the seeds; check on r-06 and not a finding: ND_lu sits inside ND_ls exactly and for every problem, docs/a_close_containment.md, so coverage of lu in ls and one direction of the overlap are fixed before this runs. the containment is exact in real arithmetic and fails by rounding in doubles, one point of 1565 measured, r-11, so a nonzero violation count is arithmetic and never a result about phi. it stands on s-11; if the supervisors refute the criterion this pair is reported like the other and no result moves",1.3712835270562824,1.3220418738943935,1.4731060197006134,0.15106414580621985
dtlz2_interval,lu,ls,check,hausdorff_symmetric,5,5000,100,100,0.17320508075688773,3.4641016151377544,,"measured on nsga2's own output, where phi drives the search as well as the ordering, so this is a question about how the solver behaves under each order and never a pair number of the study; delta is 0.05 of the box diameter, the box_scale column; overlap is dice, the two covered counts over the two cardinalities, and the jaccard value of the same pair is in overlap_conventions.csv; containment_violations is the largest count over the seeds; check on r-06 and not a finding: ND_lu sits inside ND_ls exactly and for every problem, docs/a_close_containment.md, so coverage of lu in ls and one direction of the overlap are fixed before this runs. the containment is exact in real arithmetic and fails by rounding in doubles, one point of 1565 measured, r-11, so a nonzero violation count is arithmetic and never a result about phi. it stands on s-11; if the supervisors refute the criterion this pair is reported like the other and no result moves",1.2946801286155925,1.258319634172113,1.3007515640208178,0.04243192984870481
dtlz2_interval,lu,ls,check,hausdorff_symmetric,5,20000,100,100,0.17320508075688773,3.4641016151377544,,"measured on nsga2's own output, where phi drives the search as well as the ordering, so this is a question about how the solver behaves under each order and never a pair number of the study; delta is 0.05 of the box diameter, the box_scale column; overlap is dice, the two covered counts over the two cardinalities, and the jaccard value of the same pair is in overlap_conventions.csv; containment_violations is the largest count over the seeds; check on r-06 and not a finding: ND_lu sits inside ND_ls exactly and for every problem, docs/a_close_containment.md, so coverage of lu in ls and one direction of the overlap are fixed before this runs. the containment is exact in real arithmetic and fails by rounding in doubles, one point of 1565 measured, r-11, so a nonzero violation count is arithmetic and never a result about phi. it stands on s-11; if the supervisors refute the criterion this pair is reported like the other and no result moves",1.4728268327259482,1.3220418738943935,1.4731060197006134,0.15106414580621985
dtlz2_interval,lu,ls,check,overlap,5,5000,100,100,0.17320508075688773,3.4641016151377544,,"measured on nsga2's own output, where phi drives the search as well as the ordering, so this is a question about how the solver behaves under each order and never a pair number of the study; delta is 0.05 of the box diameter, the box_scale column; overlap is dice, the two covered counts over the two cardinalities, and the jaccard value of the same pair is in overlap_conventions.csv; containment_violations is the largest count over the seeds; check on r-06 and not a finding: ND_lu sits inside ND_ls exactly and for every problem, docs/a_close_containment.md, so coverage of lu in ls and one direction of the overlap are fixed before this runs. the containment is exact in real arithmetic and fails by rounding in doubles, one point of 1565 measured, r-11, so a nonzero violation count is arithmetic and never a result about phi. it stands on s-11; if the supervisors refute the criterion this pair is reported like the other and no result moves",0.0,0.0,0.0,0.0
dtlz2_interval,lu,ls,check,overlap,5,20000,100,100,0.17320508075688773,3.4641016151377544,,"measured on nsga2's own output, where phi drives the search as well as the ordering, so this is a question about how the solver behaves under each order and never a pair number of the study; delta is 0.05 of the box diameter, the box_scale column; overlap is dice, the two covered counts over the two cardinalities, and the jaccard value of the same pair is in overlap_conventions.csv; containment_violations is the largest count over the seeds; check on r-06 and not a finding: ND_lu sits inside ND_ls exactly and for every problem, docs/a_close_containment.md, so coverage of lu in ls and one direction of the overlap are fixed before this runs. the containment is exact in real arithmetic and fails by rounding in doubles, one point of 1565 measured, r-11, so a nonzero violation count is arithmetic and never a result about phi. it stands on s-11; if the supervisors refute the criterion this pair is reported like the other and no result moves",0.0,0.0,0.0,0.0
zdt1_interval,ls,cw,check,coverage_a_in_b,5,5000,200,181,0.2738612787525831,5.477225575051661,,"measured on mopso's own output, where phi drives the search as well as the ordering, so this is a question about how the solver behaves under each order and never a pair number of the study; delta is 0.05 of the box diameter, the box_scale column; overlap is dice, the two covered counts over the two cardinalities, and the jaccard value of the same pair is in overlap_conventions.csv; containment_violations is the largest count over the seeds; check on r-06 and not a finding: ND_cw sits inside ND_ls exactly and for every problem, docs/a_close_containment.md, so coverage of cw in ls and one direction of the overlap are fixed before this runs. the containment is exact in real arithmetic and fails by rounding in doubles, one point of 1565 measured, r-11, so a nonzero violation count is arithmetic and never a result about phi. it stands on s-11; if the supervisors refute the criterion this pair is reported like the other and no result moves",0.0,0.0,0.0,0.0
zdt1_interval,ls,cw,check,coverage_a_in_b,5,20000,200,198,0.2738612787525831,5.477225575051661,,"measured on mopso's own output, where phi drives the search as well as the ordering, so this is a question about how the solver behaves under each order and never a pair number of the study; delta is 0.05 of the box diameter, the box_scale column; overlap is dice, the two covered counts over the two cardinalities, and the jaccard value of the same pair is in overlap_conventions.csv; containment_violations is the largest count over the seeds; check on r-06 and not a finding: ND_cw sits inside ND_ls exactly and for every problem, docs/a_close_containment.md, so coverage of cw in ls and one direction of the overlap are fixed before this runs. the containment is exact in real arithmetic and fails by rounding in doubles, one point of 1565 measured, r-11, so a nonzero violation count is arithmetic and never a result about phi. it stands on s-11; if the supervisors refute the criterion this pair is reported like the other and no result moves",0.0,0.0,0.0,0.0
zdt1_interval,ls,cw,check,coverage_b_in_a,5,5000,200,181,0.2738612787525831,5.477225575051661,,"measured on mopso's own output, where phi drives the search as well as the ordering, so this is a question about how the solver behaves under each order and never a pair number of the study; delta is 0.05 of the box diameter, the box_scale column; overlap is dice, the two covered counts over the two cardinalities, and the jaccard value of the same pair is in overlap_conventions.csv; containment_violations is the largest count over the seeds; check on r-06 and not a finding: ND_cw sits inside ND_ls exactly and for every problem, docs/a_close_containment.md, so coverage of cw in ls and one direction of the overlap are fixed before this runs. the containment is exact in real arithmetic and fails by rounding in doubles, one point of 1565 measured, r-11, so a nonzero violation count is arithmetic and never a result about phi. it stands on s-11; if the supervisors refute the criterion this pair is reported like the other and no result moves",0.0,0.0,0.0,0.0
zdt1_interval,ls,cw,check,coverage_b_in_a,5,20000,200,198,0.2738612787525831,5.477225575051661,,"measured on mopso's own output, where phi drives the search as well as the ordering, so this is a question about how the solver behaves under each order and never a pair number of the study; delta is 0.05 of the box diameter, the box_scale column; overlap is dice, the two covered counts over the two cardinalities, and the jaccard value of the same pair is in overlap_conventions.csv; containment_violations is the largest count over the seeds; check on r-06 and not a finding: ND_cw sits inside ND_ls exactly and for every problem, docs/a_close_containment.md, so coverage of cw in ls and one direction of the overlap are fixed before this runs. the containment is exact in real arithmetic and fails by rounding in doubles, one point of 1565 measured, r-11, so a nonzero violation count is arithmetic and never a result about phi. it stands on s-11; if the supervisors refute the criterion this pair is reported like the other and no result moves",0.0,0.0,0.0,0.0
zdt1_interval,ls,cw,check,cross_a_under_b,5,5000,200,181,0.2738612787525831,5.477225575051661,,"measured on mopso's own output, where phi drives the search as well as the ordering, so this is a question about how the solver behaves under each order and never a pair number of the study; delta is 0.05 of the box diameter, the box_scale column; overlap is dice, the two covered counts over the two cardinalities, and the jaccard value of the same pair is in overlap_conventions.csv; containment_violations is the largest count over the seeds; check on r-06 and not a finding: ND_cw sits inside ND_ls exactly and for every problem, docs/a_close_containment.md, so coverage of cw in ls and one direction of the overlap are fixed before this runs. the containment is exact in real arithmetic and fails by rounding in doubles, one point of 1565 measured, r-11, so a nonzero violation count is arithmetic and never a result about phi. it stands on s-11; if the supervisors refute the criterion this pair is reported like the other and no result moves",0.565,0.51,0.58,0.06999999999999995
zdt1_interval,ls,cw,check,cross_a_under_b,5,20000,200,198,0.2738612787525831,5.477225575051661,,"measured on mopso's own output, where phi drives the search as well as the ordering, so this is a question about how the solver behaves under each order and never a pair number of the study; delta is 0.05 of the box diameter, the box_scale column; overlap is dice, the two covered counts over the two cardinalities, and the jaccard value of the same pair is in overlap_conventions.csv; containment_violations is the largest count over the seeds; check on r-06 and not a finding: ND_cw sits inside ND_ls exactly and for every problem, docs/a_close_containment.md, so coverage of cw in ls and one direction of the overlap are fixed before this runs. the containment is exact in real arithmetic and fails by rounding in doubles, one point of 1565 measured, r-11, so a nonzero violation count is arithmetic and never a result about phi. it stands on s-11; if the supervisors refute the criterion this pair is reported like the other and no result moves",0.46,0.42,0.485,0.065
zdt1_interval,ls,cw,check,cross_b_under_a,5,5000,200,181,0.2738612787525831,5.477225575051661,,"measured on mopso's own output, where phi drives the search as well as the ordering, so this is a question about how the solver behaves under each order and never a pair number of the study; delta is 0.05 of the box diameter, the box_scale column; overlap is dice, the two covered counts over the two cardinalities, and the jaccard value of the same pair is in overlap_conventions.csv; containment_violations is the largest count over the seeds; check on r-06 and not a finding: ND_cw sits inside ND_ls exactly and for every problem, docs/a_close_containment.md, so coverage of cw in ls and one direction of the overlap are fixed before this runs. the containment is exact in real arithmetic and fails by rounding in doubles, one point of 1565 measured, r-11, so a nonzero violation count is arithmetic and never a result about phi. it stands on s-11; if the supervisors refute the criterion this pair is reported like the other and no result moves",1.0,1.0,1.0,0.0
zdt1_interval,ls,cw,check,cross_b_under_a,5,20000,200,198,0.2738612787525831,5.477225575051661,,"measured on mopso's own output, where phi drives the search as well as the ordering, so this is a question about how the solver behaves under each order and never a pair number of the study; delta is 0.05 of the box diameter, the box_scale column; overlap is dice, the two covered counts over the two cardinalities, and the jaccard value of the same pair is in overlap_conventions.csv; containment_violations is the largest count over the seeds; check on r-06 and not a finding: ND_cw sits inside ND_ls exactly and for every problem, docs/a_close_containment.md, so coverage of cw in ls and one direction of the overlap are fixed before this runs. the containment is exact in real arithmetic and fails by rounding in doubles, one point of 1565 measured, r-11, so a nonzero violation count is arithmetic and never a result about phi. it stands on s-11; if the supervisors refute the criterion this pair is reported like the other and no result moves",1.0,1.0,1.0,0.0
zdt1_interval,ls,cw,check,hausdorff_a_to_b,5,5000,200,181,0.2738612787525831,5.477225575051661,,"measured on mopso's own output, where phi drives the search as well as the ordering, so this is a question about how the solver behaves under each order and never a pair number of the study; delta is 0.05 of the box diameter, the box_scale column; overlap is dice, the two covered counts over the two cardinalities, and the jaccard value of the same pair is in overlap_conventions.csv; containment_violations is the largest count over the seeds; check on r-06 and not a finding: ND_cw sits inside ND_ls exactly and for every problem, docs/a_close_containment.md, so coverage of cw in ls and one direction of the overlap are fixed before this runs. the containment is exact in real arithmetic and fails by rounding in doubles, one point of 1565 measured, r-11, so a nonzero violation count is arithmetic and never a result about phi. it stands on s-11; if the supervisors refute the criterion this pair is reported like the other and no result moves",2.160802192863596,2.117119210933719,2.177499656877982,0.06038044594426273
zdt1_interval,ls,cw,check,hausdorff_a_to_b,5,20000,200,198,0.2738612787525831,5.477225575051661,,"measured on mopso's own output, where phi drives the search as well as the ordering, so this is a question about how the solver behaves under each order and never a pair number of the study; delta is 0.05 of the box diameter, the box_scale column; overlap is dice, the two covered counts over the two cardinalities, and the jaccard value of the same pair is in overlap_conventions.csv; containment_violations is the largest count over the seeds; check on r-06 and not a finding: ND_cw sits inside ND_ls exactly and for every problem, docs/a_close_containment.md, so coverage of cw in ls and one direction of the overlap are fixed before this runs. the containment is exact in real arithmetic and fails by rounding in doubles, one point of 1565 measured, r-11, so a nonzero violation count is arithmetic and never a result about phi. it stands on s-11; if the supervisors refute the criterion this pair is reported like the other and no result moves",2.353121399722377,2.251152090180728,2.3621215565007776,0.11096946632004956
zdt1_interval,ls,cw,check,hausdorff_b_to_a,5,5000,200,181,0.2738612787525831,5.477225575051661,,"measured on mopso's own output, where phi drives the search as well as the ordering, so this is a question about how the solver behaves under each order and never a pair number of the study; delta is 0.05 of the box diameter, the box_scale column; overlap is dice, the two covered counts over the two cardinalities, and the jaccard value of the same pair is in overlap_conventions.csv; containment_violations is the largest count over the seeds; check on r-06 and not a finding: ND_cw sits inside ND_ls exactly and for every problem, docs/a_close_containment.md, so coverage of cw in ls and one direction of the overlap are fixed before this runs. the containment is exact in real arithmetic and fails by rounding in doubles, one point of 1565 measured, r-11, so a nonzero violation count is arithmetic and never a result about phi. it stands on s-11; if the supervisors refute the criterion this pair is reported like the other and no result moves",1.8253678716012587,1.7620405825636527,1.8865733356071717,0.12453275304351896
zdt1_interval,ls,cw,check,hausdorff_b_to_a,5,20000,200,198,0.2738612787525831,5.477225575051661,,"measured on mopso's own output, where phi drives the search as well as the ordering, so this is a question about how the solver behaves under each order and never a pair number of the study; delta is 0.05 of the box diameter, the box_scale column; overlap is dice, the two covered counts over the two cardinalities, and the jaccard value of the same pair is in overlap_conventions.csv; containment_violations is the largest count over the seeds; check on r-06 and not a finding: ND_cw sits inside ND_ls exactly and for every problem, docs/a_close_containment.md, so coverage of cw in ls and one direction of the overlap are fixed before this runs. the containment is exact in real arithmetic and fails by rounding in doubles, one point of 1565 measured, r-11, so a nonzero violation count is arithmetic and never a result about phi. it stands on s-11; if the supervisors refute the criterion this pair is reported like the other and no result moves",1.7088497160255722,1.6810330129097628,1.7124434771196255,0.03141046420986271
zdt1_interval,ls,cw,check,hausdorff_symmetric,5,5000,200,181,0.2738612787525831,5.477225575051661,,"measured on mopso's own output, where phi drives the search as well as the ordering, so this is a question about how the solver behaves under each order and never a pair number of the study; delta is 0.05 of the box diameter, the box_scale column; overlap is dice, the two covered counts over the two cardinalities, and the jaccard value of the same pair is in overlap_conventions.csv; containment_violations is the largest count over the seeds; check on r-06 and not a finding: ND_cw sits inside ND_ls exactly and for every problem, docs/a_close_containment.md, so coverage of cw in ls and one direction of the overlap are fixed before this runs. the containment is exact in real arithmetic and fails by rounding in doubles, one point of 1565 measured, r-11, so a nonzero violation count is arithmetic and never a result about phi. it stands on s-11; if the supervisors refute the criterion this pair is reported like the other and no result moves",2.160802192863596,2.117119210933719,2.177499656877982,0.06038044594426273
zdt1_interval,ls,cw,check,hausdorff_symmetric,5,20000,200,198,0.2738612787525831,5.477225575051661,,"measured on mopso's own output, where phi drives the search as well as the ordering, so this is a question about how the solver behaves under each order and never a pair number of the study; delta is 0.05 of the box diameter, the box_scale column; overlap is dice, the two covered counts over the two cardinalities, and the jaccard value of the same pair is in overlap_conventions.csv; containment_violations is the largest count over the seeds; check on r-06 and not a finding: ND_cw sits inside ND_ls exactly and for every problem, docs/a_close_containment.md, so coverage of cw in ls and one direction of the overlap are fixed before this runs. the containment is exact in real arithmetic and fails by rounding in doubles, one point of 1565 measured, r-11, so a nonzero violation count is arithmetic and never a result about phi. it stands on s-11; if the supervisors refute the criterion this pair is reported like the other and no result moves",2.353121399722377,2.251152090180728,2.3621215565007776,0.11096946632004956
zdt1_interval,ls,cw,check,overlap,5,5000,200,181,0.2738612787525831,5.477225575051661,,"measured on mopso's own output, where phi drives the search as well as the ordering, so this is a question about how the solver behaves under each order and never a pair number of the study; delta is 0.05 of the box diameter, the box_scale column; overlap is dice, the two covered counts over the two cardinalities, and the jaccard value of the same pair is in overlap_conventions.csv; containment_violations is the largest count over the seeds; check on r-06 and not a finding: ND_cw sits inside ND_ls exactly and for every problem, docs/a_close_containment.md, so coverage of cw in ls and one direction of the overlap are fixed before this runs. the containment is exact in real arithmetic and fails by rounding in doubles, one point of 1565 measured, r-11, so a nonzero violation count is arithmetic and never a result about phi. it stands on s-11; if the supervisors refute the criterion this pair is reported like the other and no result moves",0.0,0.0,0.0,0.0
zdt1_interval,ls,cw,check,overlap,5,20000,200,198,0.2738612787525831,5.477225575051661,,"measured on mopso's own output, where phi drives the search as well as the ordering, so this is a question about how the solver behaves under each order and never a pair number of the study; delta is 0.05 of the box diameter, the box_scale column; overlap is dice, the two covered counts over the two cardinalities, and the jaccard value of the same pair is in overlap_conventions.csv; containment_violations is the largest count over the seeds; check on r-06 and not a finding: ND_cw sits inside ND_ls exactly and for every problem, docs/a_close_containment.md, so coverage of cw in ls and one direction of the overlap are fixed before this runs. the containment is exact in real arithmetic and fails by rounding in doubles, one point of 1565 measured, r-11, so a nonzero violation count is arithmetic and never a result about phi. it stands on s-11; if the supervisors refute the criterion this pair is reported like the other and no result moves",0.0,0.0,0.0,0.0
zdt1_interval,lu,cw,finding,coverage_a_in_b,5,5000,200,181,0.2738612787525831,5.477225575051661,,"measured on mopso's own output, where phi drives the search as well as the ordering, so this is a question about how the solver behaves under each order and never a pair number of the study; delta is 0.05 of the box diameter, the box_scale column; overlap is dice, the two covered counts over the two cardinalities, and the jaccard value of the same pair is in overlap_conventions.csv; containment_violations is the largest count over the seeds; nested in neither direction, so both directions are measured; this is the pair CONTEXT.md section 10 e3 takes the headline number from",0.0,0.0,0.0,0.0
zdt1_interval,lu,cw,finding,coverage_a_in_b,5,20000,200,198,0.2738612787525831,5.477225575051661,,"measured on mopso's own output, where phi drives the search as well as the ordering, so this is a question about how the solver behaves under each order and never a pair number of the study; delta is 0.05 of the box diameter, the box_scale column; overlap is dice, the two covered counts over the two cardinalities, and the jaccard value of the same pair is in overlap_conventions.csv; containment_violations is the largest count over the seeds; nested in neither direction, so both directions are measured; this is the pair CONTEXT.md section 10 e3 takes the headline number from",0.0,0.0,0.0,0.0
zdt1_interval,lu,cw,finding,coverage_b_in_a,5,5000,200,181,0.2738612787525831,5.477225575051661,,"measured on mopso's own output, where phi drives the search as well as the ordering, so this is a question about how the solver behaves under each order and never a pair number of the study; delta is 0.05 of the box diameter, the box_scale column; overlap is dice, the two covered counts over the two cardinalities, and the jaccard value of the same pair is in overlap_conventions.csv; containment_violations is the largest count over the seeds; nested in neither direction, so both directions are measured; this is the pair CONTEXT.md section 10 e3 takes the headline number from",0.0,0.0,0.0,0.0
zdt1_interval,lu,cw,finding,coverage_b_in_a,5,20000,200,198,0.2738612787525831,5.477225575051661,,"measured on mopso's own output, where phi drives the search as well as the ordering, so this is a question about how the solver behaves under each order and never a pair number of the study; delta is 0.05 of the box diameter, the box_scale column; overlap is dice, the two covered counts over the two cardinalities, and the jaccard value of the same pair is in overlap_conventions.csv; containment_violations is the largest count over the seeds; nested in neither direction, so both directions are measured; this is the pair CONTEXT.md section 10 e3 takes the headline number from",0.0,0.0,0.0,0.0
zdt1_interval,lu,cw,finding,cross_a_under_b,5,5000,200,181,0.2738612787525831,5.477225575051661,,"measured on mopso's own output, where phi drives the search as well as the ordering, so this is a question about how the solver behaves under each order and never a pair number of the study; delta is 0.05 of the box diameter, the box_scale column; overlap is dice, the two covered counts over the two cardinalities, and the jaccard value of the same pair is in overlap_conventions.csv; containment_violations is the largest count over the seeds; nested in neither direction, so both directions are measured; this is the pair CONTEXT.md section 10 e3 takes the headline number from",0.145,0.14358974358974358,0.14754098360655737,0.003951240016813795
zdt1_interval,lu,cw,finding,cross_a_under_b,5,20000,200,198,0.2738612787525831,5.477225575051661,,"measured on mopso's own output, where phi drives the search as well as the ordering, so this is a question about how the solver behaves under each order and never a pair number of the study; delta is 0.05 of the box diameter, the box_scale column; overlap is dice, the two covered counts over the two cardinalities, and the jaccard value of the same pair is in overlap_conventions.csv; containment_violations is the largest count over the seeds; nested in neither direction, so both directions are measured; this is the pair CONTEXT.md section 10 e3 takes the headline number from",0.13,0.1,0.155,0.05499999999999999
zdt1_interval,lu,cw,finding,cross_b_under_a,5,5000,200,181,0.2738612787525831,5.477225575051661,,"measured on mopso's own output, where phi drives the search as well as the ordering, so this is a question about how the solver behaves under each order and never a pair number of the study; delta is 0.05 of the box diameter, the box_scale column; overlap is dice, the two covered counts over the two cardinalities, and the jaccard value of the same pair is in overlap_conventions.csv; containment_violations is the largest count over the seeds; nested in neither direction, so both directions are measured; this is the pair CONTEXT.md section 10 e3 takes the headline number from",0.20279720279720279,0.1977401129943503,0.20441988950276244,0.006679776508412144
zdt1_interval,lu,cw,finding,cross_b_under_a,5,20000,200,198,0.2738612787525831,5.477225575051661,,"measured on mopso's own output, where phi drives the search as well as the ordering, so this is a question about how the solver behaves under each order and never a pair number of the study; delta is 0.05 of the box diameter, the box_scale column; overlap is dice, the two covered counts over the two cardinalities, and the jaccard value of the same pair is in overlap_conventions.csv; containment_violations is the largest count over the seeds; nested in neither direction, so both directions are measured; this is the pair CONTEXT.md section 10 e3 takes the headline number from",0.205,0.17333333333333334,0.20707070707070707,0.03373737373737373
zdt1_interval,lu,cw,finding,hausdorff_a_to_b,5,5000,200,181,0.2738612787525831,5.477225575051661,,"measured on mopso's own output, where phi drives the search as well as the ordering, so this is a question about how the solver behaves under each order and never a pair number of the study; delta is 0.05 of the box diameter, the box_scale column; overlap is dice, the two covered counts over the two cardinalities, and the jaccard value of the same pair is in overlap_conventions.csv; containment_violations is the largest count over the seeds; nested in neither direction, so both directions are measured; this is the pair CONTEXT.md section 10 e3 takes the headline number from",1.9464280833057057,1.9153676499872958,2.032389622790371,0.11702197280307525
zdt1_interval,lu,cw,finding,hausdorff_a_to_b,5,20000,200,198,0.2738612787525831,5.477225575051661,,"measured on mopso's own output, where phi drives the search as well as the ordering, so this is a question about how the solver behaves under each order and never a pair number of the study; delta is 0.05 of the box diameter, the box_scale column; overlap is dice, the two covered counts over the two cardinalities, and the jaccard value of the same pair is in overlap_conventions.csv; containment_violations is the largest count over the seeds; nested in neither direction, so both directions are measured; this is the pair CONTEXT.md section 10 e3 takes the headline number from",2.0593398121645268,2.0270080104162647,2.109866943374357,0.08285893295809243
zdt1_interval,lu,cw,finding,hausdorff_b_to_a,5,5000,200,181,0.2738612787525831,5.477225575051661,,"measured on mopso's own output, where phi drives the search as well as the ordering, so this is a question about how the solver behaves under each order and never a pair number of the study; delta is 0.05 of the box diameter, the box_scale column; overlap is dice, the two covered counts over the two cardinalities, and the jaccard value of the same pair is in overlap_conventions.csv; containment_violations is the largest count over the seeds; nested in neither direction, so both directions are measured; this is the pair CONTEXT.md section 10 e3 takes the headline number from",1.9318866085546476,1.9230139635264256,1.9680645285883922,0.045050565061966585
zdt1_interval,lu,cw,finding,hausdorff_b_to_a,5,20000,200,198,0.2738612787525831,5.477225575051661,,"measured on mopso's own output, where phi drives the search as well as the ordering, so this is a question about how the solver behaves under each order and never a pair number of the study; delta is 0.05 of the box diameter, the box_scale column; overlap is dice, the two covered counts over the two cardinalities, and the jaccard value of the same pair is in overlap_conventions.csv; containment_violations is the largest count over the seeds; nested in neither direction, so both directions are measured; this is the pair CONTEXT.md section 10 e3 takes the headline number from",1.7651362822736687,1.7300162581189091,1.7819918951760871,0.051975637057178004
zdt1_interval,lu,cw,finding,hausdorff_symmetric,5,5000,200,181,0.2738612787525831,5.477225575051661,,"measured on mopso's own output, where phi drives the search as well as the ordering, so this is a question about how the solver behaves under each order and never a pair number of the study; delta is 0.05 of the box diameter, the box_scale column; overlap is dice, the two covered counts over the two cardinalities, and the jaccard value of the same pair is in overlap_conventions.csv; containment_violations is the largest count over the seeds; nested in neither direction, so both directions are measured; this is the pair CONTEXT.md section 10 e3 takes the headline number from",1.9464280833057057,1.9230139635264256,2.032389622790371,0.10937565926394544
zdt1_interval,lu,cw,finding,hausdorff_symmetric,5,20000,200,198,0.2738612787525831,5.477225575051661,,"measured on mopso's own output, where phi drives the search as well as the ordering, so this is a question about how the solver behaves under each order and never a pair number of the study; delta is 0.05 of the box diameter, the box_scale column; overlap is dice, the two covered counts over the two cardinalities, and the jaccard value of the same pair is in overlap_conventions.csv; containment_violations is the largest count over the seeds; nested in neither direction, so both directions are measured; this is the pair CONTEXT.md section 10 e3 takes the headline number from",2.0593398121645268,2.0270080104162647,2.109866943374357,0.08285893295809243
zdt1_interval,lu,cw,finding,overlap,5,5000,200,181,0.2738612787525831,5.477225575051661,,"measured on mopso's own output, where phi drives the search as well as the ordering, so this is a question about how the solver behaves under each order and never a pair number of the study; delta is 0.05 of the box diameter, the box_scale column; overlap is dice, the two covered counts over the two cardinalities, and the jaccard value of the same pair is in overlap_conventions.csv; containment_violations is the largest count over the seeds; nested in neither direction, so both directions are measured; this is the pair CONTEXT.md section 10 e3 takes the headline number from",0.0,0.0,0.0,0.0
zdt1_interval,lu,cw,finding,overlap,5,20000,200,198,0.2738612787525831,5.477225575051661,,"measured on mopso's own output, where phi drives the search as well as the ordering, so this is a question about how the solver behaves under each order and never a pair number of the study; delta is 0.05 of the box diameter, the box_scale column; overlap is dice, the two covered counts over the two cardinalities, and the jaccard value of the same pair is in overlap_conventions.csv; containment_violations is the largest count over the seeds; nested in neither direction, so both directions are measured; this is the pair CONTEXT.md section 10 e3 takes the headline number from",0.0,0.0,0.0,0.0
zdt1_interval,lu,ls,check,coverage_a_in_b,5,5000,200,200,0.2738612787525831,5.477225575051661,,"measured on mopso's own output, where phi drives the search as well as the ordering, so this is a question about how the solver behaves under each order and never a pair number of the study; delta is 0.05 of the box diameter, the box_scale column; overlap is dice, the two covered counts over the two cardinalities, and the jaccard value of the same pair is in overlap_conventions.csv; containment_violations is the largest count over the seeds; check on r-06 and not a finding: ND_lu sits inside ND_ls exactly and for every problem, docs/a_close_containment.md, so coverage of lu in ls and one direction of the overlap are fixed before this runs. the containment is exact in real arithmetic and fails by rounding in doubles, one point of 1565 measured, r-11, so a nonzero violation count is arithmetic and never a result about phi. it stands on s-11; if the supervisors refute the criterion this pair is reported like the other and no result moves",0.0,0.0,0.0,0.0
zdt1_interval,lu,ls,check,coverage_a_in_b,5,20000,200,200,0.2738612787525831,5.477225575051661,,"measured on mopso's own output, where phi drives the search as well as the ordering, so this is a question about how the solver behaves under each order and never a pair number of the study; delta is 0.05 of the box diameter, the box_scale column; overlap is dice, the two covered counts over the two cardinalities, and the jaccard value of the same pair is in overlap_conventions.csv; containment_violations is the largest count over the seeds; check on r-06 and not a finding: ND_lu sits inside ND_ls exactly and for every problem, docs/a_close_containment.md, so coverage of lu in ls and one direction of the overlap are fixed before this runs. the containment is exact in real arithmetic and fails by rounding in doubles, one point of 1565 measured, r-11, so a nonzero violation count is arithmetic and never a result about phi. it stands on s-11; if the supervisors refute the criterion this pair is reported like the other and no result moves",0.0,0.0,0.0,0.0
zdt1_interval,lu,ls,check,coverage_b_in_a,5,5000,200,200,0.2738612787525831,5.477225575051661,,"measured on mopso's own output, where phi drives the search as well as the ordering, so this is a question about how the solver behaves under each order and never a pair number of the study; delta is 0.05 of the box diameter, the box_scale column; overlap is dice, the two covered counts over the two cardinalities, and the jaccard value of the same pair is in overlap_conventions.csv; containment_violations is the largest count over the seeds; check on r-06 and not a finding: ND_lu sits inside ND_ls exactly and for every problem, docs/a_close_containment.md, so coverage of lu in ls and one direction of the overlap are fixed before this runs. the containment is exact in real arithmetic and fails by rounding in doubles, one point of 1565 measured, r-11, so a nonzero violation count is arithmetic and never a result about phi. it stands on s-11; if the supervisors refute the criterion this pair is reported like the other and no result moves",0.0,0.0,0.0,0.0
zdt1_interval,lu,ls,check,coverage_b_in_a,5,20000,200,200,0.2738612787525831,5.477225575051661,,"measured on mopso's own output, where phi drives the search as well as the ordering, so this is a question about how the solver behaves under each order and never a pair number of the study; delta is 0.05 of the box diameter, the box_scale column; overlap is dice, the two covered counts over the two cardinalities, and the jaccard value of the same pair is in overlap_conventions.csv; containment_violations is the largest count over the seeds; check on r-06 and not a finding: ND_lu sits inside ND_ls exactly and for every problem, docs/a_close_containment.md, so coverage of lu in ls and one direction of the overlap are fixed before this runs. the containment is exact in real arithmetic and fails by rounding in doubles, one point of 1565 measured, r-11, so a nonzero violation count is arithmetic and never a result about phi. it stands on s-11; if the supervisors refute the criterion this pair is reported like the other and no result moves",0.0,0.0,0.0,0.0
zdt1_interval,lu,ls,check,cross_a_under_b,5,5000,200,200,0.2738612787525831,5.477225575051661,,"measured on mopso's own output, where phi drives the search as well as the ordering, so this is a question about how the solver behaves under each order and never a pair number of the study; delta is 0.05 of the box diameter, the box_scale column; overlap is dice, the two covered counts over the two cardinalities, and the jaccard value of the same pair is in overlap_conventions.csv; containment_violations is the largest count over the seeds; check on r-06 and not a finding: ND_lu sits inside ND_ls exactly and for every problem, docs/a_close_containment.md, so coverage of lu in ls and one direction of the overlap are fixed before this runs. the containment is exact in real arithmetic and fails by rounding in doubles, one point of 1565 measured, r-11, so a nonzero violation count is arithmetic and never a result about phi. it stands on s-11; if the supervisors refute the criterion this pair is reported like the other and no result moves",1.0,1.0,1.0,0.0
zdt1_interval,lu,ls,check,cross_a_under_b,5,20000,200,200,0.2738612787525831,5.477225575051661,,"measured on mopso's own output, where phi drives the search as well as the ordering, so this is a question about how the solver behaves under each order and never a pair number of the study; delta is 0.05 of the box diameter, the box_scale column; overlap is dice, the two covered counts over the two cardinalities, and the jaccard value of the same pair is in overlap_conventions.csv; containment_violations is the largest count over the seeds; check on r-06 and not a finding: ND_lu sits inside ND_ls exactly and for every problem, docs/a_close_containment.md, so coverage of lu in ls and one direction of the overlap are fixed before this runs. the containment is exact in real arithmetic and fails by rounding in doubles, one point of 1565 measured, r-11, so a nonzero violation count is arithmetic and never a result about phi. it stands on s-11; if the supervisors refute the criterion this pair is reported like the other and no result moves",1.0,1.0,1.0,0.0
zdt1_interval,lu,ls,check,cross_b_under_a,5,5000,200,200,0.2738612787525831,5.477225575051661,,"measured on mopso's own output, where phi drives the search as well as the ordering, so this is a question about how the solver behaves under each order and never a pair number of the study; delta is 0.05 of the box diameter, the box_scale column; overlap is dice, the two covered counts over the two cardinalities, and the jaccard value of the same pair is in overlap_conventions.csv; containment_violations is the largest count over the seeds; check on r-06 and not a finding: ND_lu sits inside ND_ls exactly and for every problem, docs/a_close_containment.md, so coverage of lu in ls and one direction of the overlap are fixed before this runs. the containment is exact in real arithmetic and fails by rounding in doubles, one point of 1565 measured, r-11, so a nonzero violation count is arithmetic and never a result about phi. it stands on s-11; if the supervisors refute the criterion this pair is reported like the other and no result moves",0.595,0.59,0.61,0.020000000000000018
zdt1_interval,lu,ls,check,cross_b_under_a,5,20000,200,200,0.2738612787525831,5.477225575051661,,"measured on mopso's own output, where phi drives the search as well as the ordering, so this is a question about how the solver behaves under each order and never a pair number of the study; delta is 0.05 of the box diameter, the box_scale column; overlap is dice, the two covered counts over the two cardinalities, and the jaccard value of the same pair is in overlap_conventions.csv; containment_violations is the largest count over the seeds; check on r-06 and not a finding: ND_lu sits inside ND_ls exactly and for every problem, docs/a_close_containment.md, so coverage of lu in ls and one direction of the overlap are fixed before this runs. the containment is exact in real arithmetic and fails by rounding in doubles, one point of 1565 measured, r-11, so a nonzero violation count is arithmetic and never a result about phi. it stands on s-11; if the supervisors refute the criterion this pair is reported like the other and no result moves",0.67,0.64,0.67,0.030000000000000027
zdt1_interval,lu,ls,check,hausdorff_a_to_b,5,5000,200,200,0.2738612787525831,5.477225575051661,,"measured on mopso's own output, where phi drives the search as well as the ordering, so this is a question about how the solver behaves under each order and never a pair number of the study; delta is 0.05 of the box diameter, the box_scale column; overlap is dice, the two covered counts over the two cardinalities, and the jaccard value of the same pair is in overlap_conventions.csv; containment_violations is the largest count over the seeds; check on r-06 and not a finding: ND_lu sits inside ND_ls exactly and for every problem, docs/a_close_containment.md, so coverage of lu in ls and one direction of the overlap are fixed before this runs. the containment is exact in real arithmetic and fails by rounding in doubles, one point of 1565 measured, r-11, so a nonzero violation count is arithmetic and never a result about phi. it stands on s-11; if the supervisors refute the criterion this pair is reported like the other and no result moves",1.8986605956721978,1.880556285487212,1.9145498960168104,0.03399361052959837
zdt1_interval,lu,ls,check,hausdorff_a_to_b,5,20000,200,200,0.2738612787525831,5.477225575051661,,"measured on mopso's own output, where phi drives the search as well as the ordering, so this is a question about how the solver behaves under each order and never a pair number of the study; delta is 0.05 of the box diameter, the box_scale column; overlap is dice, the two covered counts over the two cardinalities, and the jaccard value of the same pair is in overlap_conventions.csv; containment_violations is the largest count over the seeds; check on r-06 and not a finding: ND_lu sits inside ND_ls exactly and for every problem, docs/a_close_containment.md, so coverage of lu in ls and one direction of the overlap are fixed before this runs. the containment is exact in real arithmetic and fails by rounding in doubles, one point of 1565 measured, r-11, so a nonzero violation count is arithmetic and never a result about phi. it stands on s-11; if the supervisors refute the criterion this pair is reported like the other and no result moves",1.8436387251749495,1.7997426215655552,1.8612370419368625,0.06149442037130726
zdt1_interval,lu,ls,check,hausdorff_b_to_a,5,5000,200,200,0.2738612787525831,5.477225575051661,,"measured on mopso's own output, where phi drives the search as well as the ordering, so this is a question about how the solver behaves under each order and never a pair number of the study; delta is 0.05 of the box diameter, the box_scale column; overlap is dice, the two covered counts over the two cardinalities, and the jaccard value of the same pair is in overlap_conventions.csv; containment_violations is the largest count over the seeds; check on r-06 and not a finding: ND_lu sits inside ND_ls exactly and for every problem, docs/a_close_containment.md, so coverage of lu in ls and one direction of the overlap are fixed before this runs. the containment is exact in real arithmetic and fails by rounding in doubles, one point of 1565 measured, r-11, so a nonzero violation count is arithmetic and never a result about phi. it stands on s-11; if the supervisors refute the criterion this pair is reported like the other and no result moves",2.0956857416686807,2.0643457032929264,2.104004137417025,0.03965843412409864
zdt1_interval,lu,ls,check,hausdorff_b_to_a,5,20000,200,200,0.2738612787525831,5.477225575051661,,"measured on mopso's own output, where phi drives the search as well as the ordering, so this is a question about how the solver behaves under each order and never a pair number of the study; delta is 0.05 of the box diameter, the box_scale column; overlap is dice, the two covered counts over the two cardinalities, and the jaccard value of the same pair is in overlap_conventions.csv; containment_violations is the largest count over the seeds; check on r-06 and not a finding: ND_lu sits inside ND_ls exactly and for every problem, docs/a_close_containment.md, so coverage of lu in ls and one direction of the overlap are fixed before this runs. the containment is exact in real arithmetic and fails by rounding in doubles, one point of 1565 measured, r-11, so a nonzero violation count is arithmetic and never a result about phi. it stands on s-11; if the supervisors refute the criterion this pair is reported like the other and no result moves",2.146989625215584,2.0900745930755407,2.1668118947070694,0.0767373016315287
zdt1_interval,lu,ls,check,hausdorff_symmetric,5,5000,200,200,0.2738612787525831,5.477225575051661,,"measured on mopso's own output, where phi drives the search as well as the ordering, so this is a question about how the solver behaves under each order and never a pair number of the study; delta is 0.05 of the box diameter, the box_scale column; overlap is dice, the two covered counts over the two cardinalities, and the jaccard value of the same pair is in overlap_conventions.csv; containment_violations is the largest count over the seeds; check on r-06 and not a finding: ND_lu sits inside ND_ls exactly and for every problem, docs/a_close_containment.md, so coverage of lu in ls and one direction of the overlap are fixed before this runs. the containment is exact in real arithmetic and fails by rounding in doubles, one point of 1565 measured, r-11, so a nonzero violation count is arithmetic and never a result about phi. it stands on s-11; if the supervisors refute the criterion this pair is reported like the other and no result moves",2.0956857416686807,2.0643457032929264,2.104004137417025,0.03965843412409864
zdt1_interval,lu,ls,check,hausdorff_symmetric,5,20000,200,200,0.2738612787525831,5.477225575051661,,"measured on mopso's own output, where phi drives the search as well as the ordering, so this is a question about how the solver behaves under each order and never a pair number of the study; delta is 0.05 of the box diameter, the box_scale column; overlap is dice, the two covered counts over the two cardinalities, and the jaccard value of the same pair is in overlap_conventions.csv; containment_violations is the largest count over the seeds; check on r-06 and not a finding: ND_lu sits inside ND_ls exactly and for every problem, docs/a_close_containment.md, so coverage of lu in ls and one direction of the overlap are fixed before this runs. the containment is exact in real arithmetic and fails by rounding in doubles, one point of 1565 measured, r-11, so a nonzero violation count is arithmetic and never a result about phi. it stands on s-11; if the supervisors refute the criterion this pair is reported like the other and no result moves",2.146989625215584,2.0900745930755407,2.1668118947070694,0.0767373016315287
zdt1_interval,lu,ls,check,overlap,5,5000,200,200,0.2738612787525831,5.477225575051661,,"measured on mopso's own output, where phi drives the search as well as the ordering, so this is a question about how the solver behaves under each order and never a pair number of the study; delta is 0.05 of the box diameter, the box_scale column; overlap is dice, the two covered counts over the two cardinalities, and the jaccard value of the same pair is in overlap_conventions.csv; containment_violations is the largest count over the seeds; check on r-06 and not a finding: ND_lu sits inside ND_ls exactly and for every problem, docs/a_close_containment.md, so coverage of lu in ls and one direction of the overlap are fixed before this runs. the containment is exact in real arithmetic and fails by rounding in doubles, one point of 1565 measured, r-11, so a nonzero violation count is arithmetic and never a result about phi. it stands on s-11; if the supervisors refute the criterion this pair is reported like the other and no result moves",0.0,0.0,0.0,0.0
zdt1_interval,lu,ls,check,overlap,5,20000,200,200,0.2738612787525831,5.477225575051661,,"measured on mopso's own output, where phi drives the search as well as the ordering, so this is a question about how the solver behaves under each order and never a pair number of the study; delta is 0.05 of the box diameter, the box_scale column; overlap is dice, the two covered counts over the two cardinalities, and the jaccard value of the same pair is in overlap_conventions.csv; containment_violations is the largest count over the seeds; check on r-06 and not a finding: ND_lu sits inside ND_ls exactly and for every problem, docs/a_close_containment.md, so coverage of lu in ls and one direction of the overlap are fixed before this runs. the containment is exact in real arithmetic and fails by rounding in doubles, one point of 1565 measured, r-11, so a nonzero violation count is arithmetic and never a result about phi. it stands on s-11; if the supervisors refute the criterion this pair is reported like the other and no result moves",0.0,0.0,0.0,0.0
zdt1_interval,ls,cw,check,coverage_a_in_b,5,5000,100,100,0.2738612787525831,5.477225575051661,,"measured on nsga2's own output, where phi drives the search as well as the ordering, so this is a question about how the solver behaves under each order and never a pair number of the study; delta is 0.05 of the box diameter, the box_scale column; overlap is dice, the two covered counts over the two cardinalities, and the jaccard value of the same pair is in overlap_conventions.csv; containment_violations is the largest count over the seeds; check on r-06 and not a finding: ND_cw sits inside ND_ls exactly and for every problem, docs/a_close_containment.md, so coverage of cw in ls and one direction of the overlap are fixed before this runs. the containment is exact in real arithmetic and fails by rounding in doubles, one point of 1565 measured, r-11, so a nonzero violation count is arithmetic and never a result about phi. it stands on s-11; if the supervisors refute the criterion this pair is reported like the other and no result moves",0.0,0.0,0.0,0.0
zdt1_interval,ls,cw,check,coverage_a_in_b,5,20000,100,100,0.2738612787525831,5.477225575051661,,"measured on nsga2's own output, where phi drives the search as well as the ordering, so this is a question about how the solver behaves under each order and never a pair number of the study; delta is 0.05 of the box diameter, the box_scale column; overlap is dice, the two covered counts over the two cardinalities, and the jaccard value of the same pair is in overlap_conventions.csv; containment_violations is the largest count over the seeds; check on r-06 and not a finding: ND_cw sits inside ND_ls exactly and for every problem, docs/a_close_containment.md, so coverage of cw in ls and one direction of the overlap are fixed before this runs. the containment is exact in real arithmetic and fails by rounding in doubles, one point of 1565 measured, r-11, so a nonzero violation count is arithmetic and never a result about phi. it stands on s-11; if the supervisors refute the criterion this pair is reported like the other and no result moves",0.38,0.33,0.39,0.06
zdt1_interval,ls,cw,check,coverage_b_in_a,5,5000,100,100,0.2738612787525831,5.477225575051661,,"measured on nsga2's own output, where phi drives the search as well as the ordering, so this is a question about how the solver behaves under each order and never a pair number of the study; delta is 0.05 of the box diameter, the box_scale column; overlap is dice, the two covered counts over the two cardinalities, and the jaccard value of the same pair is in overlap_conventions.csv; containment_violations is the largest count over the seeds; check on r-06 and not a finding: ND_cw sits inside ND_ls exactly and for every problem, docs/a_close_containment.md, so coverage of cw in ls and one direction of the overlap are fixed before this runs. the containment is exact in real arithmetic and fails by rounding in doubles, one point of 1565 measured, r-11, so a nonzero violation count is arithmetic and never a result about phi. it stands on s-11; if the supervisors refute the criterion this pair is reported like the other and no result moves",0.0,0.0,0.0,0.0
zdt1_interval,ls,cw,check,coverage_b_in_a,5,20000,100,100,0.2738612787525831,5.477225575051661,,"measured on nsga2's own output, where phi drives the search as well as the ordering, so this is a question about how the solver behaves under each order and never a pair number of the study; delta is 0.05 of the box diameter, the box_scale column; overlap is dice, the two covered counts over the two cardinalities, and the jaccard value of the same pair is in overlap_conventions.csv; containment_violations is the largest count over the seeds; check on r-06 and not a finding: ND_cw sits inside ND_ls exactly and for every problem, docs/a_close_containment.md, so coverage of cw in ls and one direction of the overlap are fixed before this runs. the containment is exact in real arithmetic and fails by rounding in doubles, one point of 1565 measured, r-11, so a nonzero violation count is arithmetic and never a result about phi. it stands on s-11; if the supervisors refute the criterion this pair is reported like the other and no result moves",0.68,0.59,0.71,0.12
zdt1_interval,ls,cw,check,cross_a_under_b,5,5000,100,100,0.2738612787525831,5.477225575051661,,"measured on nsga2's own output, where phi drives the search as well as the ordering, so this is a question about how the solver behaves under each order and never a pair number of the study; delta is 0.05 of the box diameter, the box_scale column; overlap is dice, the two covered counts over the two cardinalities, and the jaccard value of the same pair is in overlap_conventions.csv; containment_violations is the largest count over the seeds; check on r-06 and not a finding: ND_cw sits inside ND_ls exactly and for every problem, docs/a_close_containment.md, so coverage of cw in ls and one direction of the overlap are fixed before this runs. the containment is exact in real arithmetic and fails by rounding in doubles, one point of 1565 measured, r-11, so a nonzero violation count is arithmetic and never a result about phi. it stands on s-11; if the supervisors refute the criterion this pair is reported like the other and no result moves",0.8,0.79,0.83,0.039999999999999925
zdt1_interval,ls,cw,check,cross_a_under_b,5,20000,100,100,0.2738612787525831,5.477225575051661,,"measured on nsga2's own output, where phi drives the search as well as the ordering, so this is a question about how the solver behaves under each order and never a pair number of the study; delta is 0.05 of the box diameter, the box_scale column; overlap is dice, the two covered counts over the two cardinalities, and the jaccard value of the same pair is in overlap_conventions.csv; containment_violations is the largest count over the seeds; check on r-06 and not a finding: ND_cw sits inside ND_ls exactly and for every problem, docs/a_close_containment.md, so coverage of cw in ls and one direction of the overlap are fixed before this runs. the containment is exact in real arithmetic and fails by rounding in doubles, one point of 1565 measured, r-11, so a nonzero violation count is arithmetic and never a result about phi. it stands on s-11; if the supervisors refute the criterion this pair is reported like the other and no result moves",0.92,0.89,0.93,0.040000000000000036
zdt1_interval,ls,cw,check,cross_b_under_a,5,5000,100,100,0.2738612787525831,5.477225575051661,,"measured on nsga2's own output, where phi drives the search as well as the ordering, so this is a question about how the solver behaves under each order and never a pair number of the study; delta is 0.05 of the box diameter, the box_scale column; overlap is dice, the two covered counts over the two cardinalities, and the jaccard value of the same pair is in overlap_conventions.csv; containment_violations is the largest count over the seeds; check on r-06 and not a finding: ND_cw sits inside ND_ls exactly and for every problem, docs/a_close_containment.md, so coverage of cw in ls and one direction of the overlap are fixed before this runs. the containment is exact in real arithmetic and fails by rounding in doubles, one point of 1565 measured, r-11, so a nonzero violation count is arithmetic and never a result about phi. it stands on s-11; if the supervisors refute the criterion this pair is reported like the other and no result moves",1.0,1.0,1.0,0.0
zdt1_interval,ls,cw,check,cross_b_under_a,5,20000,100,100,0.2738612787525831,5.477225575051661,,"measured on nsga2's own output, where phi drives the search as well as the ordering, so this is a question about how the solver behaves under each order and never a pair number of the study; delta is 0.05 of the box diameter, the box_scale column; overlap is dice, the two covered counts over the two cardinalities, and the jaccard value of the same pair is in overlap_conventions.csv; containment_violations is the largest count over the seeds; check on r-06 and not a finding: ND_cw sits inside ND_ls exactly and for every problem, docs/a_close_containment.md, so coverage of cw in ls and one direction of the overlap are fixed before this runs. the containment is exact in real arithmetic and fails by rounding in doubles, one point of 1565 measured, r-11, so a nonzero violation count is arithmetic and never a result about phi. it stands on s-11; if the supervisors refute the criterion this pair is reported like the other and no result moves",1.0,1.0,1.0,0.0
zdt1_interval,ls,cw,check,hausdorff_a_to_b,5,5000,100,100,0.2738612787525831,5.477225575051661,,"measured on nsga2's own output, where phi drives the search as well as the ordering, so this is a question about how the solver behaves under each order and never a pair number of the study; delta is 0.05 of the box diameter, the box_scale column; overlap is dice, the two covered counts over the two cardinalities, and the jaccard value of the same pair is in overlap_conventions.csv; containment_violations is the largest count over the seeds; check on r-06 and not a finding: ND_cw sits inside ND_ls exactly and for every problem, docs/a_close_containment.md, so coverage of cw in ls and one direction of the overlap are fixed before this runs. the containment is exact in real arithmetic and fails by rounding in doubles, one point of 1565 measured, r-11, so a nonzero violation count is arithmetic and never a result about phi. it stands on s-11; if the supervisors refute the criterion this pair is reported like the other and no result moves",2.0179671109767363,1.9790775559851133,2.2056258392630625,0.2265482832779493
zdt1_interval,ls,cw,check,hausdorff_a_to_b,5,20000,100,100,0.2738612787525831,5.477225575051661,,"measured on nsga2's own output, where phi drives the search as well as the ordering, so this is a question about how the solver behaves under each order and never a pair number of the study; delta is 0.05 of the box diameter, the box_scale column; overlap is dice, the two covered counts over the two cardinalities, and the jaccard value of the same pair is in overlap_conventions.csv; containment_violations is the largest count over the seeds; check on r-06 and not a finding: ND_cw sits inside ND_ls exactly and for every problem, docs/a_close_containment.md, so coverage of cw in ls and one direction of the overlap are fixed before this runs. the containment is exact in real arithmetic and fails by rounding in doubles, one point of 1565 measured, r-11, so a nonzero violation count is arithmetic and never a result about phi. it stands on s-11; if the supervisors refute the criterion this pair is reported like the other and no result moves",1.3387697260889793,1.3285946975055383,1.4201043165023366,0.09150961899679833
zdt1_interval,ls,cw,check,hausdorff_b_to_a,5,5000,100,100,0.2738612787525831,5.477225575051661,,"measured on nsga2's own output, where phi drives the search as well as the ordering, so this is a question about how the solver behaves under each order and never a pair number of the study; delta is 0.05 of the box diameter, the box_scale column; overlap is dice, the two covered counts over the two cardinalities, and the jaccard value of the same pair is in overlap_conventions.csv; containment_violations is the largest count over the seeds; check on r-06 and not a finding: ND_cw sits inside ND_ls exactly and for every problem, docs/a_close_containment.md, so coverage of cw in ls and one direction of the overlap are fixed before this runs. the containment is exact in real arithmetic and fails by rounding in doubles, one point of 1565 measured, r-11, so a nonzero violation count is arithmetic and never a result about phi. it stands on s-11; if the supervisors refute the criterion this pair is reported like the other and no result moves",1.2466625201691393,1.164023150314626,1.3078502548216877,0.1438271045070616
zdt1_interval,ls,cw,check,hausdorff_b_to_a,5,20000,100,100,0.2738612787525831,5.477225575051661,,"measured on nsga2's own output, where phi drives the search as well as the ordering, so this is a question about how the solver behaves under each order and never a pair number of the study; delta is 0.05 of the box diameter, the box_scale column; overlap is dice, the two covered counts over the two cardinalities, and the jaccard value of the same pair is in overlap_conventions.csv; containment_violations is the largest count over the seeds; check on r-06 and not a finding: ND_cw sits inside ND_ls exactly and for every problem, docs/a_close_containment.md, so coverage of cw in ls and one direction of the overlap are fixed before this runs. the containment is exact in real arithmetic and fails by rounding in doubles, one point of 1565 measured, r-11, so a nonzero violation count is arithmetic and never a result about phi. it stands on s-11; if the supervisors refute the criterion this pair is reported like the other and no result moves",0.3977166557470466,0.3737324653230134,0.4431114176236306,0.06937895230061719
zdt1_interval,ls,cw,check,hausdorff_symmetric,5,5000,100,100,0.2738612787525831,5.477225575051661,,"measured on nsga2's own output, where phi drives the search as well as the ordering, so this is a question about how the solver behaves under each order and never a pair number of the study; delta is 0.05 of the box diameter, the box_scale column; overlap is dice, the two covered counts over the two cardinalities, and the jaccard value of the same pair is in overlap_conventions.csv; containment_violations is the largest count over the seeds; check on r-06 and not a finding: ND_cw sits inside ND_ls exactly and for every problem, docs/a_close_containment.md, so coverage of cw in ls and one direction of the overlap are fixed before this runs. the containment is exact in real arithmetic and fails by rounding in doubles, one point of 1565 measured, r-11, so a nonzero violation count is arithmetic and never a result about phi. it stands on s-11; if the supervisors refute the criterion this pair is reported like the other and no result moves",2.0179671109767363,1.9790775559851133,2.2056258392630625,0.2265482832779493
zdt1_interval,ls,cw,check,hausdorff_symmetric,5,20000,100,100,0.2738612787525831,5.477225575051661,,"measured on nsga2's own output, where phi drives the search as well as the ordering, so this is a question about how the solver behaves under each order and never a pair number of the study; delta is 0.05 of the box diameter, the box_scale column; overlap is dice, the two covered counts over the two cardinalities, and the jaccard value of the same pair is in overlap_conventions.csv; containment_violations is the largest count over the seeds; check on r-06 and not a finding: ND_cw sits inside ND_ls exactly and for every problem, docs/a_close_containment.md, so coverage of cw in ls and one direction of the overlap are fixed before this runs. the containment is exact in real arithmetic and fails by rounding in doubles, one point of 1565 measured, r-11, so a nonzero violation count is arithmetic and never a result about phi. it stands on s-11; if the supervisors refute the criterion this pair is reported like the other and no result moves",1.3387697260889793,1.3285946975055383,1.4201043165023366,0.09150961899679833
zdt1_interval,ls,cw,check,overlap,5,5000,100,100,0.2738612787525831,5.477225575051661,,"measured on nsga2's own output, where phi drives the search as well as the ordering, so this is a question about how the solver behaves under each order and never a pair number of the study; delta is 0.05 of the box diameter, the box_scale column; overlap is dice, the two covered counts over the two cardinalities, and the jaccard value of the same pair is in overlap_conventions.csv; containment_violations is the largest count over the seeds; check on r-06 and not a finding: ND_cw sits inside ND_ls exactly and for every problem, docs/a_close_containment.md, so coverage of cw in ls and one direction of the overlap are fixed before this runs. the containment is exact in real arithmetic and fails by rounding in doubles, one point of 1565 measured, r-11, so a nonzero violation count is arithmetic and never a result about phi. it stands on s-11; if the supervisors refute the criterion this pair is reported like the other and no result moves",0.0,0.0,0.0,0.0
zdt1_interval,ls,cw,check,overlap,5,20000,100,100,0.2738612787525831,5.477225575051661,,"measured on nsga2's own output, where phi drives the search as well as the ordering, so this is a question about how the solver behaves under each order and never a pair number of the study; delta is 0.05 of the box diameter, the box_scale column; overlap is dice, the two covered counts over the two cardinalities, and the jaccard value of the same pair is in overlap_conventions.csv; containment_violations is the largest count over the seeds; check on r-06 and not a finding: ND_cw sits inside ND_ls exactly and for every problem, docs/a_close_containment.md, so coverage of cw in ls and one direction of the overlap are fixed before this runs. the containment is exact in real arithmetic and fails by rounding in doubles, one point of 1565 measured, r-11, so a nonzero violation count is arithmetic and never a result about phi. it stands on s-11; if the supervisors refute the criterion this pair is reported like the other and no result moves",0.53,0.455,0.55,0.09500000000000003
zdt1_interval,lu,cw,finding,coverage_a_in_b,5,5000,100,100,0.2738612787525831,5.477225575051661,,"measured on nsga2's own output, where phi drives the search as well as the ordering, so this is a question about how the solver behaves under each order and never a pair number of the study; delta is 0.05 of the box diameter, the box_scale column; overlap is dice, the two covered counts over the two cardinalities, and the jaccard value of the same pair is in overlap_conventions.csv; containment_violations is the largest count over the seeds; nested in neither direction, so both directions are measured; this is the pair CONTEXT.md section 10 e3 takes the headline number from",0.0,0.0,0.0,0.0
zdt1_interval,lu,cw,finding,coverage_a_in_b,5,20000,100,100,0.2738612787525831,5.477225575051661,,"measured on nsga2's own output, where phi drives the search as well as the ordering, so this is a question about how the solver behaves under each order and never a pair number of the study; delta is 0.05 of the box diameter, the box_scale column; overlap is dice, the two covered counts over the two cardinalities, and the jaccard value of the same pair is in overlap_conventions.csv; containment_violations is the largest count over the seeds; nested in neither direction, so both directions are measured; this is the pair CONTEXT.md section 10 e3 takes the headline number from",0.89,0.88,0.9,0.020000000000000018
zdt1_interval,lu,cw,finding,coverage_b_in_a,5,5000,100,100,0.2738612787525831,5.477225575051661,,"measured on nsga2's own output, where phi drives the search as well as the ordering, so this is a question about how the solver behaves under each order and never a pair number of the study; delta is 0.05 of the box diameter, the box_scale column; overlap is dice, the two covered counts over the two cardinalities, and the jaccard value of the same pair is in overlap_conventions.csv; containment_violations is the largest count over the seeds; nested in neither direction, so both directions are measured; this is the pair CONTEXT.md section 10 e3 takes the headline number from",0.0,0.0,0.0,0.0
zdt1_interval,lu,cw,finding,coverage_b_in_a,5,20000,100,100,0.2738612787525831,5.477225575051661,,"measured on nsga2's own output, where phi drives the search as well as the ordering, so this is a question about how the solver behaves under each order and never a pair number of the study; delta is 0.05 of the box diameter, the box_scale column; overlap is dice, the two covered counts over the two cardinalities, and the jaccard value of the same pair is in overlap_conventions.csv; containment_violations is the largest count over the seeds; nested in neither direction, so both directions are measured; this is the pair CONTEXT.md section 10 e3 takes the headline number from",0.5,0.48,0.51,0.030000000000000027
zdt1_interval,lu,cw,finding,cross_a_under_b,5,5000,100,100,0.2738612787525831,5.477225575051661,,"measured on nsga2's own output, where phi drives the search as well as the ordering, so this is a question about how the solver behaves under each order and never a pair number of the study; delta is 0.05 of the box diameter, the box_scale column; overlap is dice, the two covered counts over the two cardinalities, and the jaccard value of the same pair is in overlap_conventions.csv; containment_violations is the largest count over the seeds; nested in neither direction, so both directions are measured; this is the pair CONTEXT.md section 10 e3 takes the headline number from",0.69,0.57,0.77,0.20000000000000007
zdt1_interval,lu,cw,finding,cross_a_under_b,5,20000,100,100,0.2738612787525831,5.477225575051661,,"measured on nsga2's own output, where phi drives the search as well as the ordering, so this is a question about how the solver behaves under each order and never a pair number of the study; delta is 0.05 of the box diameter, the box_scale column; overlap is dice, the two covered counts over the two cardinalities, and the jaccard value of the same pair is in overlap_conventions.csv; containment_violations is the largest count over the seeds; nested in neither direction, so both directions are measured; this is the pair CONTEXT.md section 10 e3 takes the headline number from",0.89,0.88,0.9,0.020000000000000018
zdt1_interval,lu,cw,finding,cross_b_under_a,5,5000,100,100,0.2738612787525831,5.477225575051661,,"measured on nsga2's own output, where phi drives the search as well as the ordering, so this is a question about how the solver behaves under each order and never a pair number of the study; delta is 0.05 of the box diameter, the box_scale column; overlap is dice, the two covered counts over the two cardinalities, and the jaccard value of the same pair is in overlap_conventions.csv; containment_violations is the largest count over the seeds; nested in neither direction, so both directions are measured; this is the pair CONTEXT.md section 10 e3 takes the headline number from",0.29,0.25,0.32,0.07
zdt1_interval,lu,cw,finding,cross_b_under_a,5,20000,100,100,0.2738612787525831,5.477225575051661,,"measured on nsga2's own output, where phi drives the search as well as the ordering, so this is a question about how the solver behaves under each order and never a pair number of the study; delta is 0.05 of the box diameter, the box_scale column; overlap is dice, the two covered counts over the two cardinalities, and the jaccard value of the same pair is in overlap_conventions.csv; containment_violations is the largest count over the seeds; nested in neither direction, so both directions are measured; this is the pair CONTEXT.md section 10 e3 takes the headline number from",0.46,0.45,0.46,0.010000000000000009
zdt1_interval,lu,cw,finding,hausdorff_a_to_b,5,5000,100,100,0.2738612787525831,5.477225575051661,,"measured on nsga2's own output, where phi drives the search as well as the ordering, so this is a question about how the solver behaves under each order and never a pair number of the study; delta is 0.05 of the box diameter, the box_scale column; overlap is dice, the two covered counts over the two cardinalities, and the jaccard value of the same pair is in overlap_conventions.csv; containment_violations is the largest count over the seeds; nested in neither direction, so both directions are measured; this is the pair CONTEXT.md section 10 e3 takes the headline number from",1.8175578984467384,1.7584166898903908,1.9875825977291026,0.22916590783871182
zdt1_interval,lu,cw,finding,hausdorff_a_to_b,5,20000,100,100,0.2738612787525831,5.477225575051661,,"measured on nsga2's own output, where phi drives the search as well as the ordering, so this is a question about how the solver behaves under each order and never a pair number of the study; delta is 0.05 of the box diameter, the box_scale column; overlap is dice, the two covered counts over the two cardinalities, and the jaccard value of the same pair is in overlap_conventions.csv; containment_violations is the largest count over the seeds; nested in neither direction, so both directions are measured; this is the pair CONTEXT.md section 10 e3 takes the headline number from",1.048712922928402,1.021554641458845,1.1622411465370996,0.14068650507825464
zdt1_interval,lu,cw,finding,hausdorff_b_to_a,5,5000,100,100,0.2738612787525831,5.477225575051661,,"measured on nsga2's own output, where phi drives the search as well as the ordering, so this is a question about how the solver behaves under each order and never a pair number of the study; delta is 0.05 of the box diameter, the box_scale column; overlap is dice, the two covered counts over the two cardinalities, and the jaccard value of the same pair is in overlap_conventions.csv; containment_violations is the largest count over the seeds; nested in neither direction, so both directions are measured; this is the pair CONTEXT.md section 10 e3 takes the headline number from",1.4059930451258578,1.20327096492135,1.4769918622730902,0.2737208973517402
zdt1_interval,lu,cw,finding,hausdorff_b_to_a,5,20000,100,100,0.2738612787525831,5.477225575051661,,"measured on nsga2's own output, where phi drives the search as well as the ordering, so this is a question about how the solver behaves under each order and never a pair number of the study; delta is 0.05 of the box diameter, the box_scale column; overlap is dice, the two covered counts over the two cardinalities, and the jaccard value of the same pair is in overlap_conventions.csv; containment_violations is the largest count over the seeds; nested in neither direction, so both directions are measured; this is the pair CONTEXT.md section 10 e3 takes the headline number from",0.6234571644937649,0.6028766764843947,0.668371626393637,0.06549494990924232
zdt1_interval,lu,cw,finding,hausdorff_symmetric,5,5000,100,100,0.2738612787525831,5.477225575051661,,"measured on nsga2's own output, where phi drives the search as well as the ordering, so this is a question about how the solver behaves under each order and never a pair number of the study; delta is 0.05 of the box diameter, the box_scale column; overlap is dice, the two covered counts over the two cardinalities, and the jaccard value of the same pair is in overlap_conventions.csv; containment_violations is the largest count over the seeds; nested in neither direction, so both directions are measured; this is the pair CONTEXT.md section 10 e3 takes the headline number from",1.8175578984467384,1.7584166898903908,1.9875825977291026,0.22916590783871182
zdt1_interval,lu,cw,finding,hausdorff_symmetric,5,20000,100,100,0.2738612787525831,5.477225575051661,,"measured on nsga2's own output, where phi drives the search as well as the ordering, so this is a question about how the solver behaves under each order and never a pair number of the study; delta is 0.05 of the box diameter, the box_scale column; overlap is dice, the two covered counts over the two cardinalities, and the jaccard value of the same pair is in overlap_conventions.csv; containment_violations is the largest count over the seeds; nested in neither direction, so both directions are measured; this is the pair CONTEXT.md section 10 e3 takes the headline number from",1.048712922928402,1.021554641458845,1.1622411465370996,0.14068650507825464
zdt1_interval,lu,cw,finding,overlap,5,5000,100,100,0.2738612787525831,5.477225575051661,,"measured on nsga2's own output, where phi drives the search as well as the ordering, so this is a question about how the solver behaves under each order and never a pair number of the study; delta is 0.05 of the box diameter, the box_scale column; overlap is dice, the two covered counts over the two cardinalities, and the jaccard value of the same pair is in overlap_conventions.csv; containment_violations is the largest count over the seeds; nested in neither direction, so both directions are measured; this is the pair CONTEXT.md section 10 e3 takes the headline number from",0.0,0.0,0.0,0.0
zdt1_interval,lu,cw,finding,overlap,5,20000,100,100,0.2738612787525831,5.477225575051661,,"measured on nsga2's own output, where phi drives the search as well as the ordering, so this is a question about how the solver behaves under each order and never a pair number of the study; delta is 0.05 of the box diameter, the box_scale column; overlap is dice, the two covered counts over the two cardinalities, and the jaccard value of the same pair is in overlap_conventions.csv; containment_violations is the largest count over the seeds; nested in neither direction, so both directions are measured; this is the pair CONTEXT.md section 10 e3 takes the headline number from",0.685,0.685,0.695,0.009999999999999898
zdt1_interval,lu,ls,check,coverage_a_in_b,5,5000,100,100,0.2738612787525831,5.477225575051661,,"measured on nsga2's own output, where phi drives the search as well as the ordering, so this is a question about how the solver behaves under each order and never a pair number of the study; delta is 0.05 of the box diameter, the box_scale column; overlap is dice, the two covered counts over the two cardinalities, and the jaccard value of the same pair is in overlap_conventions.csv; containment_violations is the largest count over the seeds; check on r-06 and not a finding: ND_lu sits inside ND_ls exactly and for every problem, docs/a_close_containment.md, so coverage of lu in ls and one direction of the overlap are fixed before this runs. the containment is exact in real arithmetic and fails by rounding in doubles, one point of 1565 measured, r-11, so a nonzero violation count is arithmetic and never a result about phi. it stands on s-11; if the supervisors refute the criterion this pair is reported like the other and no result moves",0.0,0.0,0.0,0.0
zdt1_interval,lu,ls,check,coverage_a_in_b,5,20000,100,100,0.2738612787525831,5.477225575051661,,"measured on nsga2's own output, where phi drives the search as well as the ordering, so this is a question about how the solver behaves under each order and never a pair number of the study; delta is 0.05 of the box diameter, the box_scale column; overlap is dice, the two covered counts over the two cardinalities, and the jaccard value of the same pair is in overlap_conventions.csv; containment_violations is the largest count over the seeds; check on r-06 and not a finding: ND_lu sits inside ND_ls exactly and for every problem, docs/a_close_containment.md, so coverage of lu in ls and one direction of the overlap are fixed before this runs. the containment is exact in real arithmetic and fails by rounding in doubles, one point of 1565 measured, r-11, so a nonzero violation count is arithmetic and never a result about phi. it stands on s-11; if the supervisors refute the criterion this pair is reported like the other and no result moves",0.72,0.36,0.83,0.47
zdt1_interval,lu,ls,check,coverage_b_in_a,5,5000,100,100,0.2738612787525831,5.477225575051661,,"measured on nsga2's own output, where phi drives the search as well as the ordering, so this is a question about how the solver behaves under each order and never a pair number of the study; delta is 0.05 of the box diameter, the box_scale column; overlap is dice, the two covered counts over the two cardinalities, and the jaccard value of the same pair is in overlap_conventions.csv; containment_violations is the largest count over the seeds; check on r-06 and not a finding: ND_lu sits inside ND_ls exactly and for every problem, docs/a_close_containment.md, so coverage of lu in ls and one direction of the overlap are fixed before this runs. the containment is exact in real arithmetic and fails by rounding in doubles, one point of 1565 measured, r-11, so a nonzero violation count is arithmetic and never a result about phi. it stands on s-11; if the supervisors refute the criterion this pair is reported like the other and no result moves",0.0,0.0,0.0,0.0
zdt1_interval,lu,ls,check,coverage_b_in_a,5,20000,100,100,0.2738612787525831,5.477225575051661,,"measured on nsga2's own output, where phi drives the search as well as the ordering, so this is a question about how the solver behaves under each order and never a pair number of the study; delta is 0.05 of the box diameter, the box_scale column; overlap is dice, the two covered counts over the two cardinalities, and the jaccard value of the same pair is in overlap_conventions.csv; containment_violations is the largest count over the seeds; check on r-06 and not a finding: ND_lu sits inside ND_ls exactly and for every problem, docs/a_close_containment.md, so coverage of lu in ls and one direction of the overlap are fixed before this runs. the containment is exact in real arithmetic and fails by rounding in doubles, one point of 1565 measured, r-11, so a nonzero violation count is arithmetic and never a result about phi. it stands on s-11; if the supervisors refute the criterion this pair is reported like the other and no result moves",0.12,0.08,0.15,0.06999999999999999
zdt1_interval,lu,ls,check,cross_a_under_b,5,5000,100,100,0.2738612787525831,5.477225575051661,,"measured on nsga2's own output, where phi drives the search as well as the ordering, so this is a question about how the solver behaves under each order and never a pair number of the study; delta is 0.05 of the box diameter, the box_scale column; overlap is dice, the two covered counts over the two cardinalities, and the jaccard value of the same pair is in overlap_conventions.csv; containment_violations is the largest count over the seeds; check on r-06 and not a finding: ND_lu sits inside ND_ls exactly and for every problem, docs/a_close_containment.md, so coverage of lu in ls and one direction of the overlap are fixed before this runs. the containment is exact in real arithmetic and fails by rounding in doubles, one point of 1565 measured, r-11, so a nonzero violation count is arithmetic and never a result about phi. it stands on s-11; if the supervisors refute the criterion this pair is reported like the other and no result moves",1.0,1.0,1.0,0.0
zdt1_interval,lu,ls,check,cross_a_under_b,5,20000,100,100,0.2738612787525831,5.477225575051661,,"measured on nsga2's own output, where phi drives the search as well as the ordering, so this is a question about how the solver behaves under each order and never a pair number of the study; delta is 0.05 of the box diameter, the box_scale column; overlap is dice, the two covered counts over the two cardinalities, and the jaccard value of the same pair is in overlap_conventions.csv; containment_violations is the largest count over the seeds; check on r-06 and not a finding: ND_lu sits inside ND_ls exactly and for every problem, docs/a_close_containment.md, so coverage of lu in ls and one direction of the overlap are fixed before this runs. the containment is exact in real arithmetic and fails by rounding in doubles, one point of 1565 measured, r-11, so a nonzero violation count is arithmetic and never a result about phi. it stands on s-11; if the supervisors refute the criterion this pair is reported like the other and no result moves",1.0,1.0,1.0,0.0
zdt1_interval,lu,ls,check,cross_b_under_a,5,5000,100,100,0.2738612787525831,5.477225575051661,,"measured on nsga2's own output, where phi drives the search as well as the ordering, so this is a question about how the solver behaves under each order and never a pair number of the study; delta is 0.05 of the box diameter, the box_scale column; overlap is dice, the two covered counts over the two cardinalities, and the jaccard value of the same pair is in overlap_conventions.csv; containment_violations is the largest count over the seeds; check on r-06 and not a finding: ND_lu sits inside ND_ls exactly and for every problem, docs/a_close_containment.md, so coverage of lu in ls and one direction of the overlap are fixed before this runs. the containment is exact in real arithmetic and fails by rounding in doubles, one point of 1565 measured, r-11, so a nonzero violation count is arithmetic and never a result about phi. it stands on s-11; if the supervisors refute the criterion this pair is reported like the other and no result moves",0.47,0.46,0.48,0.019999999999999962
zdt1_interval,lu,ls,check,cross_b_under_a,5,20000,100,100,0.2738612787525831,5.477225575051661,,"measured on nsga2's own output, where phi drives the search as well as the ordering, so this is a question about how the solver behaves under each order and never a pair number of the study; delta is 0.05 of the box diameter, the box_scale column; overlap is dice, the two covered counts over the two cardinalities, and the jaccard value of the same pair is in overlap_conventions.csv; containment_violations is the largest count over the seeds; check on r-06 and not a finding: ND_lu sits inside ND_ls exactly and for every problem, docs/a_close_containment.md, so coverage of lu in ls and one direction of the overlap are fixed before this runs. the containment is exact in real arithmetic and fails by rounding in doubles, one point of 1565 measured, r-11, so a nonzero violation count is arithmetic and never a result about phi. it stands on s-11; if the supervisors refute the criterion this pair is reported like the other and no result moves",0.49,0.44,0.53,0.09000000000000002
zdt1_interval,lu,ls,check,hausdorff_a_to_b,5,5000,100,100,0.2738612787525831,5.477225575051661,,"measured on nsga2's own output, where phi drives the search as well as the ordering, so this is a question about how the solver behaves under each order and never a pair number of the study; delta is 0.05 of the box diameter, the box_scale column; overlap is dice, the two covered counts over the two cardinalities, and the jaccard value of the same pair is in overlap_conventions.csv; containment_violations is the largest count over the seeds; check on r-06 and not a finding: ND_lu sits inside ND_ls exactly and for every problem, docs/a_close_containment.md, so coverage of lu in ls and one direction of the overlap are fixed before this runs. the containment is exact in real arithmetic and fails by rounding in doubles, one point of 1565 measured, r-11, so a nonzero violation count is arithmetic and never a result about phi. it stands on s-11; if the supervisors refute the criterion this pair is reported like the other and no result moves",1.6789153315675742,1.6169429336443948,1.8728693262348526,0.2559263925904578
zdt1_interval,lu,ls,check,hausdorff_a_to_b,5,20000,100,100,0.2738612787525831,5.477225575051661,,"measured on nsga2's own output, where phi drives the search as well as the ordering, so this is a question about how the solver behaves under each order and never a pair number of the study; delta is 0.05 of the box diameter, the box_scale column; overlap is dice, the two covered counts over the two cardinalities, and the jaccard value of the same pair is in overlap_conventions.csv; containment_violations is the largest count over the seeds; check on r-06 and not a finding: ND_lu sits inside ND_ls exactly and for every problem, docs/a_close_containment.md, so coverage of lu in ls and one direction of the overlap are fixed before this runs. the containment is exact in real arithmetic and fails by rounding in doubles, one point of 1565 measured, r-11, so a nonzero violation count is arithmetic and never a result about phi. it stands on s-11; if the supervisors refute the criterion this pair is reported like the other and no result moves",1.1261085433668725,0.8739036167258544,1.1798753820506762,0.30597176532482184
zdt1_interval,lu,ls,check,hausdorff_b_to_a,5,5000,100,100,0.2738612787525831,5.477225575051661,,"measured on nsga2's own output, where phi drives the search as well as the ordering, so this is a question about how the solver behaves under each order and never a pair number of the study; delta is 0.05 of the box diameter, the box_scale column; overlap is dice, the two covered counts over the two cardinalities, and the jaccard value of the same pair is in overlap_conventions.csv; containment_violations is the largest count over the seeds; check on r-06 and not a finding: ND_lu sits inside ND_ls exactly and for every problem, docs/a_close_containment.md, so coverage of lu in ls and one direction of the overlap are fixed before this runs. the containment is exact in real arithmetic and fails by rounding in doubles, one point of 1565 measured, r-11, so a nonzero violation count is arithmetic and never a result about phi. it stands on s-11; if the supervisors refute the criterion this pair is reported like the other and no result moves",2.048438381823012,1.9144195668146606,2.300850676515934,0.38643110970127337
zdt1_interval,lu,ls,check,hausdorff_b_to_a,5,20000,100,100,0.2738612787525831,5.477225575051661,,"measured on nsga2's own output, where phi drives the search as well as the ordering, so this is a question about how the solver behaves under each order and never a pair number of the study; delta is 0.05 of the box diameter, the box_scale column; overlap is dice, the two covered counts over the two cardinalities, and the jaccard value of the same pair is in overlap_conventions.csv; containment_violations is the largest count over the seeds; check on r-06 and not a finding: ND_lu sits inside ND_ls exactly and for every problem, docs/a_close_containment.md, so coverage of lu in ls and one direction of the overlap are fixed before this runs. the containment is exact in real arithmetic and fails by rounding in doubles, one point of 1565 measured, r-11, so a nonzero violation count is arithmetic and never a result about phi. it stands on s-11; if the supervisors refute the criterion this pair is reported like the other and no result moves",1.4022558341085065,1.3136762608767003,1.5293310091410013,0.21565474826430098
zdt1_interval,lu,ls,check,hausdorff_symmetric,5,5000,100,100,0.2738612787525831,5.477225575051661,,"measured on nsga2's own output, where phi drives the search as well as the ordering, so this is a question about how the solver behaves under each order and never a pair number of the study; delta is 0.05 of the box diameter, the box_scale column; overlap is dice, the two covered counts over the two cardinalities, and the jaccard value of the same pair is in overlap_conventions.csv; containment_violations is the largest count over the seeds; check on r-06 and not a finding: ND_lu sits inside ND_ls exactly and for every problem, docs/a_close_containment.md, so coverage of lu in ls and one direction of the overlap are fixed before this runs. the containment is exact in real arithmetic and fails by rounding in doubles, one point of 1565 measured, r-11, so a nonzero violation count is arithmetic and never a result about phi. it stands on s-11; if the supervisors refute the criterion this pair is reported like the other and no result moves",2.048438381823012,1.9144195668146606,2.300850676515934,0.38643110970127337
zdt1_interval,lu,ls,check,hausdorff_symmetric,5,20000,100,100,0.2738612787525831,5.477225575051661,,"measured on nsga2's own output, where phi drives the search as well as the ordering, so this is a question about how the solver behaves under each order and never a pair number of the study; delta is 0.05 of the box diameter, the box_scale column; overlap is dice, the two covered counts over the two cardinalities, and the jaccard value of the same pair is in overlap_conventions.csv; containment_violations is the largest count over the seeds; check on r-06 and not a finding: ND_lu sits inside ND_ls exactly and for every problem, docs/a_close_containment.md, so coverage of lu in ls and one direction of the overlap are fixed before this runs. the containment is exact in real arithmetic and fails by rounding in doubles, one point of 1565 measured, r-11, so a nonzero violation count is arithmetic and never a result about phi. it stands on s-11; if the supervisors refute the criterion this pair is reported like the other and no result moves",1.4022558341085065,1.3136762608767003,1.5293310091410013,0.21565474826430098
zdt1_interval,lu,ls,check,overlap,5,5000,100,100,0.2738612787525831,5.477225575051661,,"measured on nsga2's own output, where phi drives the search as well as the ordering, so this is a question about how the solver behaves under each order and never a pair number of the study; delta is 0.05 of the box diameter, the box_scale column; overlap is dice, the two covered counts over the two cardinalities, and the jaccard value of the same pair is in overlap_conventions.csv; containment_violations is the largest count over the seeds; check on r-06 and not a finding: ND_lu sits inside ND_ls exactly and for every problem, docs/a_close_containment.md, so coverage of lu in ls and one direction of the overlap are fixed before this runs. the containment is exact in real arithmetic and fails by rounding in doubles, one point of 1565 measured, r-11, so a nonzero violation count is arithmetic and never a result about phi. it stands on s-11; if the supervisors refute the criterion this pair is reported like the other and no result moves",0.0,0.0,0.0,0.0
zdt1_interval,lu,ls,check,overlap,5,20000,100,100,0.2738612787525831,5.477225575051661,,"measured on nsga2's own output, where phi drives the search as well as the ordering, so this is a question about how the solver behaves under each order and never a pair number of the study; delta is 0.05 of the box diameter, the box_scale column; overlap is dice, the two covered counts over the two cardinalities, and the jaccard value of the same pair is in overlap_conventions.csv; containment_violations is the largest count over the seeds; check on r-06 and not a finding: ND_lu sits inside ND_ls exactly and for every problem, docs/a_close_containment.md, so coverage of lu in ls and one direction of the overlap are fixed before this runs. the containment is exact in real arithmetic and fails by rounding in doubles, one point of 1565 measured, r-11, so a nonzero violation count is arithmetic and never a result about phi. it stands on s-11; if the supervisors refute the criterion this pair is reported like the other and no result moves",0.435,0.22,0.475,0.255
