# metrics table, written by src/reporting.py, subpart d3. two blocks with
# different columns, and the split is the content and not the layout.
# every value is a median with its interquartile range over the seed count in
# the same row, and every row states the evaluation budget and the
# cardinality it was computed at. no cell is one run.

block,objective_space
# hypervolume, igd and spread are computed on the (k, 2m) rows of one
# phi's image. each phi maps the same problem into a different space on a
# different scale, CONTEXT.md section 5 step 5, so these compare solvers
# under one fixed phi and never rank one phi against another; a ratio
# taken across two phi here is a ratio of volumes in two different spaces
# and means nothing. all three move with the cardinality, r-16, which is
# why every row states the one it was computed at.
problem,phi,solver,metric,n_seeds,n_evals,cardinality,reference_size,sampling_mode,include_singular_segments,hv_reference_rule,hv_reference_point,median,q1,q3,iqr

block,decision_space
# hausdorff, coverage, overlap and cross evaluation are computed on the
# recovered sets in the decision space, which is the one space every phi
# shares, so these are the metrics comparable across phi and this is the
# block a phi comparison is read from. a row whose status is check has one
# direction fixed by a containment before any solver ran, r-06 and r-11,
# so a difference there is in part a theorem; only a row whose status is
# finding carries the sensitivity signal.
problem,phi_a,phi_b,status,metric,n_seeds,n_evals,cardinality_a,cardinality_b,delta,box_scale,containment_violations,note,median,q1,q3,iqr
dtlz2_interval,ls,cw,check,coverage_a_in_b,5,5000,2077,1813,0.0,3.4641016151377544,,"measured on random search's one filtered sample, so the two sets differ only through the order; delta is zero, so the row is the shared count over the count, with no tolerance in it at all; the three sets are index sets over one array, so two vectors are the same point bitwise or they are two points; overlap is dice, the two covered counts over the two cardinalities, and the jaccard value of the same pair is in overlap_conventions.csv; containment_violations is the largest count over the seeds; check on r-06 and not a finding: ND_cw sits inside ND_ls exactly and for every problem, docs/a_close_containment.md, so coverage of cw in ls and one direction of the overlap are fixed before this runs. the containment is exact in real arithmetic and fails by rounding in doubles, one point of 1565 measured, r-11, so a nonzero violation count is arithmetic and never a result about phi. it stands on s-11; if the supervisors refute the criterion this pair is reported like the other and no result moves",0.8726503759398496,0.8630831643002028,0.8728935965334618,0.009810432233258948
dtlz2_interval,ls,cw,check,coverage_a_in_b,5,5000,2077,1813,0.17320508075688773,3.4641016151377544,0,"measured on random search's one filtered sample, so the two sets differ only through the order; delta is 0.05 of the box diameter, the box_scale column; overlap is dice, the two covered counts over the two cardinalities, and the jaccard value of the same pair is in overlap_conventions.csv; containment_violations is the largest count over the seeds; check on r-06 and not a finding: ND_cw sits inside ND_ls exactly and for every problem, docs/a_close_containment.md, so coverage of cw in ls and one direction of the overlap are fixed before this runs. the containment is exact in real arithmetic and fails by rounding in doubles, one point of 1565 measured, r-11, so a nonzero violation count is arithmetic and never a result about phi. it stands on s-11; if the supervisors refute the criterion this pair is reported like the other and no result moves",0.8726503759398496,0.8630831643002028,0.8728935965334618,0.009810432233258948
dtlz2_interval,ls,cw,check,coverage_a_in_b,5,20000,5521,4563,0.0,3.4641016151377544,,"measured on random search's one filtered sample, so the two sets differ only through the order; delta is zero, so the row is the shared count over the count, with no tolerance in it at all; the three sets are index sets over one array, so two vectors are the same point bitwise or they are two points; overlap is dice, the two covered counts over the two cardinalities, and the jaccard value of the same pair is in overlap_conventions.csv; containment_violations is the largest count over the seeds; check on r-06 and not a finding: ND_cw sits inside ND_ls exactly and for every problem, docs/a_close_containment.md, so coverage of cw in ls and one direction of the overlap are fixed before this runs. the containment is exact in real arithmetic and fails by rounding in doubles, one point of 1565 measured, r-11, so a nonzero violation count is arithmetic and never a result about phi. it stands on s-11; if the supervisors refute the criterion this pair is reported like the other and no result moves",0.8268429632312987,0.8210868387795631,0.8294326241134752,0.008345785333912059
dtlz2_interval,ls,cw,check,coverage_a_in_b,5,20000,5521,4563,0.17320508075688773,3.4641016151377544,0,"measured on random search's one filtered sample, so the two sets differ only through the order; delta is 0.05 of the box diameter, the box_scale column; overlap is dice, the two covered counts over the two cardinalities, and the jaccard value of the same pair is in overlap_conventions.csv; containment_violations is the largest count over the seeds; check on r-06 and not a finding: ND_cw sits inside ND_ls exactly and for every problem, docs/a_close_containment.md, so coverage of cw in ls and one direction of the overlap are fixed before this runs. the containment is exact in real arithmetic and fails by rounding in doubles, one point of 1565 measured, r-11, so a nonzero violation count is arithmetic and never a result about phi. it stands on s-11; if the supervisors refute the criterion this pair is reported like the other and no result moves",0.8268429632312987,0.8210868387795631,0.8294326241134752,0.008345785333912059
dtlz2_interval,ls,cw,check,coverage_b_in_a,5,5000,2077,1813,0.0,3.4641016151377544,,"measured on random search's one filtered sample, so the two sets differ only through the order; delta is zero, so the row is the shared count over the count, with no tolerance in it at all; the three sets are index sets over one array, so two vectors are the same point bitwise or they are two points; overlap is dice, the two covered counts over the two cardinalities, and the jaccard value of the same pair is in overlap_conventions.csv; containment_violations is the largest count over the seeds; check on r-06 and not a finding: ND_cw sits inside ND_ls exactly and for every problem, docs/a_close_containment.md, so coverage of cw in ls and one direction of the overlap are fixed before this runs. the containment is exact in real arithmetic and fails by rounding in doubles, one point of 1565 measured, r-11, so a nonzero violation count is arithmetic and never a result about phi. it stands on s-11; if the supervisors refute the criterion this pair is reported like the other and no result moves",1.0,1.0,1.0,0.0
dtlz2_interval,ls,cw,check,coverage_b_in_a,5,5000,2077,1813,0.17320508075688773,3.4641016151377544,0,"measured on random search's one filtered sample, so the two sets differ only through the order; delta is 0.05 of the box diameter, the box_scale column; overlap is dice, the two covered counts over the two cardinalities, and the jaccard value of the same pair is in overlap_conventions.csv; containment_violations is the largest count over the seeds; check on r-06 and not a finding: ND_cw sits inside ND_ls exactly and for every problem, docs/a_close_containment.md, so coverage of cw in ls and one direction of the overlap are fixed before this runs. the containment is exact in real arithmetic and fails by rounding in doubles, one point of 1565 measured, r-11, so a nonzero violation count is arithmetic and never a result about phi. it stands on s-11; if the supervisors refute the criterion this pair is reported like the other and no result moves",1.0,1.0,1.0,0.0
dtlz2_interval,ls,cw,check,coverage_b_in_a,5,20000,5521,4563,0.0,3.4641016151377544,,"measured on random search's one filtered sample, so the two sets differ only through the order; delta is zero, so the row is the shared count over the count, with no tolerance in it at all; the three sets are index sets over one array, so two vectors are the same point bitwise or they are two points; overlap is dice, the two covered counts over the two cardinalities, and the jaccard value of the same pair is in overlap_conventions.csv; containment_violations is the largest count over the seeds; check on r-06 and not a finding: ND_cw sits inside ND_ls exactly and for every problem, docs/a_close_containment.md, so coverage of cw in ls and one direction of the overlap are fixed before this runs. the containment is exact in real arithmetic and fails by rounding in doubles, one point of 1565 measured, r-11, so a nonzero violation count is arithmetic and never a result about phi. it stands on s-11; if the supervisors refute the criterion this pair is reported like the other and no result moves",1.0,1.0,1.0,0.0
dtlz2_interval,ls,cw,check,coverage_b_in_a,5,20000,5521,4563,0.17320508075688773,3.4641016151377544,0,"measured on random search's one filtered sample, so the two sets differ only through the order; delta is 0.05 of the box diameter, the box_scale column; overlap is dice, the two covered counts over the two cardinalities, and the jaccard value of the same pair is in overlap_conventions.csv; containment_violations is the largest count over the seeds; check on r-06 and not a finding: ND_cw sits inside ND_ls exactly and for every problem, docs/a_close_containment.md, so coverage of cw in ls and one direction of the overlap are fixed before this runs. the containment is exact in real arithmetic and fails by rounding in doubles, one point of 1565 measured, r-11, so a nonzero violation count is arithmetic and never a result about phi. it stands on s-11; if the supervisors refute the criterion this pair is reported like the other and no result moves",1.0,1.0,1.0,0.0
dtlz2_interval,ls,cw,check,cross_a_under_b,5,5000,2077,1813,0.17320508075688773,3.4641016151377544,0,"measured on random search's one filtered sample, so the two sets differ only through the order; delta is 0.05 of the box diameter, the box_scale column; overlap is dice, the two covered counts over the two cardinalities, and the jaccard value of the same pair is in overlap_conventions.csv; containment_violations is the largest count over the seeds; check on r-06 and not a finding: ND_cw sits inside ND_ls exactly and for every problem, docs/a_close_containment.md, so coverage of cw in ls and one direction of the overlap are fixed before this runs. the containment is exact in real arithmetic and fails by rounding in doubles, one point of 1565 measured, r-11, so a nonzero violation count is arithmetic and never a result about phi. it stands on s-11; if the supervisors refute the criterion this pair is reported like the other and no result moves",0.8726503759398496,0.8630831643002028,0.8728935965334618,0.009810432233258948
dtlz2_interval,ls,cw,check,cross_a_under_b,5,20000,5521,4563,0.17320508075688773,3.4641016151377544,0,"measured on random search's one filtered sample, so the two sets differ only through the order; delta is 0.05 of the box diameter, the box_scale column; overlap is dice, the two covered counts over the two cardinalities, and the jaccard value of the same pair is in overlap_conventions.csv; containment_violations is the largest count over the seeds; check on r-06 and not a finding: ND_cw sits inside ND_ls exactly and for every problem, docs/a_close_containment.md, so coverage of cw in ls and one direction of the overlap are fixed before this runs. the containment is exact in real arithmetic and fails by rounding in doubles, one point of 1565 measured, r-11, so a nonzero violation count is arithmetic and never a result about phi. it stands on s-11; if the supervisors refute the criterion this pair is reported like the other and no result moves",0.8268429632312987,0.8210868387795631,0.8294326241134752,0.008345785333912059
dtlz2_interval,ls,cw,check,cross_b_under_a,5,5000,2077,1813,0.17320508075688773,3.4641016151377544,0,"measured on random search's one filtered sample, so the two sets differ only through the order; delta is 0.05 of the box diameter, the box_scale column; overlap is dice, the two covered counts over the two cardinalities, and the jaccard value of the same pair is in overlap_conventions.csv; containment_violations is the largest count over the seeds; check on r-06 and not a finding: ND_cw sits inside ND_ls exactly and for every problem, docs/a_close_containment.md, so coverage of cw in ls and one direction of the overlap are fixed before this runs. the containment is exact in real arithmetic and fails by rounding in doubles, one point of 1565 measured, r-11, so a nonzero violation count is arithmetic and never a result about phi. it stands on s-11; if the supervisors refute the criterion this pair is reported like the other and no result moves",1.0,1.0,1.0,0.0
dtlz2_interval,ls,cw,check,cross_b_under_a,5,20000,5521,4563,0.17320508075688773,3.4641016151377544,0,"measured on random search's one filtered sample, so the two sets differ only through the order; delta is 0.05 of the box diameter, the box_scale column; overlap is dice, the two covered counts over the two cardinalities, and the jaccard value of the same pair is in overlap_conventions.csv; containment_violations is the largest count over the seeds; check on r-06 and not a finding: ND_cw sits inside ND_ls exactly and for every problem, docs/a_close_containment.md, so coverage of cw in ls and one direction of the overlap are fixed before this runs. the containment is exact in real arithmetic and fails by rounding in doubles, one point of 1565 measured, r-11, so a nonzero violation count is arithmetic and never a result about phi. it stands on s-11; if the supervisors refute the criterion this pair is reported like the other and no result moves",1.0,1.0,1.0,0.0
dtlz2_interval,ls,cw,check,hausdorff_a_to_b,5,5000,2077,1813,0.17320508075688773,3.4641016151377544,0,"measured on random search's one filtered sample, so the two sets differ only through the order; delta is 0.05 of the box diameter, the box_scale column; overlap is dice, the two covered counts over the two cardinalities, and the jaccard value of the same pair is in overlap_conventions.csv; containment_violations is the largest count over the seeds; check on r-06 and not a finding: ND_cw sits inside ND_ls exactly and for every problem, docs/a_close_containment.md, so coverage of cw in ls and one direction of the overlap are fixed before this runs. the containment is exact in real arithmetic and fails by rounding in doubles, one point of 1565 measured, r-11, so a nonzero violation count is arithmetic and never a result about phi. it stands on s-11; if the supervisors refute the criterion this pair is reported like the other and no result moves",0.8802135140062312,0.8709386574586468,0.8964471428393634,0.025508485380716595
dtlz2_interval,ls,cw,check,hausdorff_a_to_b,5,20000,5521,4563,0.17320508075688773,3.4641016151377544,0,"measured on random search's one filtered sample, so the two sets differ only through the order; delta is 0.05 of the box diameter, the box_scale column; overlap is dice, the two covered counts over the two cardinalities, and the jaccard value of the same pair is in overlap_conventions.csv; containment_violations is the largest count over the seeds; check on r-06 and not a finding: ND_cw sits inside ND_ls exactly and for every problem, docs/a_close_containment.md, so coverage of cw in ls and one direction of the overlap are fixed before this runs. the containment is exact in real arithmetic and fails by rounding in doubles, one point of 1565 measured, r-11, so a nonzero violation count is arithmetic and never a result about phi. it stands on s-11; if the supervisors refute the criterion this pair is reported like the other and no result moves",0.9579630521751841,0.9450199547150425,0.9685213056015035,0.023501350886460992
dtlz2_interval,ls,cw,check,hausdorff_b_to_a,5,5000,2077,1813,0.17320508075688773,3.4641016151377544,0,"measured on random search's one filtered sample, so the two sets differ only through the order; delta is 0.05 of the box diameter, the box_scale column; overlap is dice, the two covered counts over the two cardinalities, and the jaccard value of the same pair is in overlap_conventions.csv; containment_violations is the largest count over the seeds; check on r-06 and not a finding: ND_cw sits inside ND_ls exactly and for every problem, docs/a_close_containment.md, so coverage of cw in ls and one direction of the overlap are fixed before this runs. the containment is exact in real arithmetic and fails by rounding in doubles, one point of 1565 measured, r-11, so a nonzero violation count is arithmetic and never a result about phi. it stands on s-11; if the supervisors refute the criterion this pair is reported like the other and no result moves",0.0,0.0,0.0,0.0
dtlz2_interval,ls,cw,check,hausdorff_b_to_a,5,20000,5521,4563,0.17320508075688773,3.4641016151377544,0,"measured on random search's one filtered sample, so the two sets differ only through the order; delta is 0.05 of the box diameter, the box_scale column; overlap is dice, the two covered counts over the two cardinalities, and the jaccard value of the same pair is in overlap_conventions.csv; containment_violations is the largest count over the seeds; check on r-06 and not a finding: ND_cw sits inside ND_ls exactly and for every problem, docs/a_close_containment.md, so coverage of cw in ls and one direction of the overlap are fixed before this runs. the containment is exact in real arithmetic and fails by rounding in doubles, one point of 1565 measured, r-11, so a nonzero violation count is arithmetic and never a result about phi. it stands on s-11; if the supervisors refute the criterion this pair is reported like the other and no result moves",0.0,0.0,0.0,0.0
dtlz2_interval,ls,cw,check,hausdorff_symmetric,5,5000,2077,1813,0.17320508075688773,3.4641016151377544,0,"measured on random search's one filtered sample, so the two sets differ only through the order; delta is 0.05 of the box diameter, the box_scale column; overlap is dice, the two covered counts over the two cardinalities, and the jaccard value of the same pair is in overlap_conventions.csv; containment_violations is the largest count over the seeds; check on r-06 and not a finding: ND_cw sits inside ND_ls exactly and for every problem, docs/a_close_containment.md, so coverage of cw in ls and one direction of the overlap are fixed before this runs. the containment is exact in real arithmetic and fails by rounding in doubles, one point of 1565 measured, r-11, so a nonzero violation count is arithmetic and never a result about phi. it stands on s-11; if the supervisors refute the criterion this pair is reported like the other and no result moves",0.8802135140062312,0.8709386574586468,0.8964471428393634,0.025508485380716595
dtlz2_interval,ls,cw,check,hausdorff_symmetric,5,20000,5521,4563,0.17320508075688773,3.4641016151377544,0,"measured on random search's one filtered sample, so the two sets differ only through the order; delta is 0.05 of the box diameter, the box_scale column; overlap is dice, the two covered counts over the two cardinalities, and the jaccard value of the same pair is in overlap_conventions.csv; containment_violations is the largest count over the seeds; check on r-06 and not a finding: ND_cw sits inside ND_ls exactly and for every problem, docs/a_close_containment.md, so coverage of cw in ls and one direction of the overlap are fixed before this runs. the containment is exact in real arithmetic and fails by rounding in doubles, one point of 1565 measured, r-11, so a nonzero violation count is arithmetic and never a result about phi. it stands on s-11; if the supervisors refute the criterion this pair is reported like the other and no result moves",0.9579630521751841,0.9450199547150425,0.9685213056015035,0.023501350886460992
dtlz2_interval,ls,cw,check,overlap,5,5000,2077,1813,0.0,3.4641016151377544,,"measured on random search's one filtered sample, so the two sets differ only through the order; delta is zero, so the row is the shared count over the count, with no tolerance in it at all; the three sets are index sets over one array, so two vectors are the same point bitwise or they are two points; overlap is dice, the two covered counts over the two cardinalities, and the jaccard value of the same pair is in overlap_conventions.csv; containment_violations is the largest count over the seeds; check on r-06 and not a finding: ND_cw sits inside ND_ls exactly and for every problem, docs/a_close_containment.md, so coverage of cw in ls and one direction of the overlap are fixed before this runs. the containment is exact in real arithmetic and fails by rounding in doubles, one point of 1565 measured, r-11, so a nonzero violation count is arithmetic and never a result about phi. it stands on s-11; if the supervisors refute the criterion this pair is reported like the other and no result moves",0.9319949811794228,0.9265106151333696,0.9321336760925449,0.005623060959175308
dtlz2_interval,ls,cw,check,overlap,5,5000,2077,1813,0.17320508075688773,3.4641016151377544,0,"measured on random search's one filtered sample, so the two sets differ only through the order; delta is 0.05 of the box diameter, the box_scale column; overlap is dice, the two covered counts over the two cardinalities, and the jaccard value of the same pair is in overlap_conventions.csv; containment_violations is the largest count over the seeds; check on r-06 and not a finding: ND_cw sits inside ND_ls exactly and for every problem, docs/a_close_containment.md, so coverage of cw in ls and one direction of the overlap are fixed before this runs. the containment is exact in real arithmetic and fails by rounding in doubles, one point of 1565 measured, r-11, so a nonzero violation count is arithmetic and never a result about phi. it stands on s-11; if the supervisors refute the criterion this pair is reported like the other and no result moves",0.9319949811794228,0.9265106151333696,0.9321336760925449,0.005623060959175308
dtlz2_interval,ls,cw,check,overlap,5,20000,5521,4563,0.0,3.4641016151377544,,"measured on random search's one filtered sample, so the two sets differ only through the order; delta is zero, so the row is the shared count over the count, with no tolerance in it at all; the three sets are index sets over one array, so two vectors are the same point bitwise or they are two points; overlap is dice, the two covered counts over the two cardinalities, and the jaccard value of the same pair is in overlap_conventions.csv; containment_violations is the largest count over the seeds; check on r-06 and not a finding: ND_cw sits inside ND_ls exactly and for every problem, docs/a_close_containment.md, so coverage of cw in ls and one direction of the overlap are fixed before this runs. the containment is exact in real arithmetic and fails by rounding in doubles, one point of 1565 measured, r-11, so a nonzero violation count is arithmetic and never a result about phi. it stands on s-11; if the supervisors refute the criterion this pair is reported like the other and no result moves",0.9052151497124727,0.9017547338158025,0.9067648769141307,0.005010143098328146
dtlz2_interval,ls,cw,check,overlap,5,20000,5521,4563,0.17320508075688773,3.4641016151377544,0,"measured on random search's one filtered sample, so the two sets differ only through the order; delta is 0.05 of the box diameter, the box_scale column; overlap is dice, the two covered counts over the two cardinalities, and the jaccard value of the same pair is in overlap_conventions.csv; containment_violations is the largest count over the seeds; check on r-06 and not a finding: ND_cw sits inside ND_ls exactly and for every problem, docs/a_close_containment.md, so coverage of cw in ls and one direction of the overlap are fixed before this runs. the containment is exact in real arithmetic and fails by rounding in doubles, one point of 1565 measured, r-11, so a nonzero violation count is arithmetic and never a result about phi. it stands on s-11; if the supervisors refute the criterion this pair is reported like the other and no result moves",0.9052151497124727,0.9017547338158025,0.9067648769141307,0.005010143098328146
dtlz2_interval,lu,cw,finding,coverage_a_in_b,5,5000,351,1813,0.0,3.4641016151377544,,"measured on random search's one filtered sample, so the two sets differ only through the order; delta is zero, so the row is the shared count over the count, with no tolerance in it at all; the three sets are index sets over one array, so two vectors are the same point bitwise or they are two points; overlap is dice, the two covered counts over the two cardinalities, and the jaccard value of the same pair is in overlap_conventions.csv; containment_violations is the largest count over the seeds; nested in neither direction, so both directions are measured; this is the pair CONTEXT.md section 10 e3 takes the headline number from",0.851963746223565,0.8404761904761905,0.8603988603988604,0.01992266992266989
dtlz2_interval,lu,cw,finding,coverage_a_in_b,5,5000,351,1813,0.17320508075688773,3.4641016151377544,,"measured on random search's one filtered sample, so the two sets differ only through the order; delta is 0.05 of the box diameter, the box_scale column; overlap is dice, the two covered counts over the two cardinalities, and the jaccard value of the same pair is in overlap_conventions.csv; containment_violations is the largest count over the seeds; nested in neither direction, so both directions are measured; this is the pair CONTEXT.md section 10 e3 takes the headline number from",0.851963746223565,0.8404761904761905,0.8603988603988604,0.01992266992266989
dtlz2_interval,lu,cw,finding,coverage_a_in_b,5,20000,774,4563,0.0,3.4641016151377544,,"measured on random search's one filtered sample, so the two sets differ only through the order; delta is zero, so the row is the shared count over the count, with no tolerance in it at all; the three sets are index sets over one array, so two vectors are the same point bitwise or they are two points; overlap is dice, the two covered counts over the two cardinalities, and the jaccard value of the same pair is in overlap_conventions.csv; containment_violations is the largest count over the seeds; nested in neither direction, so both directions are measured; this is the pair CONTEXT.md section 10 e3 takes the headline number from",0.767639902676399,0.7571059431524548,0.7680965147453083,0.010990571592853438
dtlz2_interval,lu,cw,finding,coverage_a_in_b,5,20000,774,4563,0.17320508075688773,3.4641016151377544,,"measured on random search's one filtered sample, so the two sets differ only through the order; delta is 0.05 of the box diameter, the box_scale column; overlap is dice, the two covered counts over the two cardinalities, and the jaccard value of the same pair is in overlap_conventions.csv; containment_violations is the largest count over the seeds; nested in neither direction, so both directions are measured; this is the pair CONTEXT.md section 10 e3 takes the headline number from",0.767639902676399,0.7571059431524548,0.7680965147453083,0.010990571592853438
dtlz2_interval,lu,cw,finding,coverage_b_in_a,5,5000,351,1813,0.0,3.4641016151377544,,"measured on random search's one filtered sample, so the two sets differ only through the order; delta is zero, so the row is the shared count over the count, with no tolerance in it at all; the three sets are index sets over one array, so two vectors are the same point bitwise or they are two points; overlap is dice, the two covered counts over the two cardinalities, and the jaccard value of the same pair is in overlap_conventions.csv; containment_violations is the largest count over the seeds; nested in neither direction, so both directions are measured; this is the pair CONTEXT.md section 10 e3 takes the headline number from",0.16752725186460127,0.16430903155603918,0.17985998922994076,0.015550957673901578
dtlz2_interval,lu,cw,finding,coverage_b_in_a,5,5000,351,1813,0.17320508075688773,3.4641016151377544,,"measured on random search's one filtered sample, so the two sets differ only through the order; delta is 0.05 of the box diameter, the box_scale column; overlap is dice, the two covered counts over the two cardinalities, and the jaccard value of the same pair is in overlap_conventions.csv; containment_violations is the largest count over the seeds; nested in neither direction, so both directions are measured; this is the pair CONTEXT.md section 10 e3 takes the headline number from",0.16752725186460127,0.16430903155603918,0.17985998922994076,0.015550957673901578
dtlz2_interval,lu,cw,finding,coverage_b_in_a,5,20000,774,4563,0.0,3.4641016151377544,,"measured on random search's one filtered sample, so the two sets differ only through the order; delta is zero, so the row is the shared count over the count, with no tolerance in it at all; the three sets are index sets over one array, so two vectors are the same point bitwise or they are two points; overlap is dice, the two covered counts over the two cardinalities, and the jaccard value of the same pair is in overlap_conventions.csv; containment_violations is the largest count over the seeds; nested in neither direction, so both directions are measured; this is the pair CONTEXT.md section 10 e3 takes the headline number from",0.12842428227043612,0.12552026286966045,0.1351004702864472,0.009580207416786751
dtlz2_interval,lu,cw,finding,coverage_b_in_a,5,20000,774,4563,0.17320508075688773,3.4641016151377544,,"measured on random search's one filtered sample, so the two sets differ only through the order; delta is 0.05 of the box diameter, the box_scale column; overlap is dice, the two covered counts over the two cardinalities, and the jaccard value of the same pair is in overlap_conventions.csv; containment_violations is the largest count over the seeds; nested in neither direction, so both directions are measured; this is the pair CONTEXT.md section 10 e3 takes the headline number from",0.12842428227043612,0.12552026286966045,0.1351004702864472,0.009580207416786751
dtlz2_interval,lu,cw,finding,cross_a_under_b,5,5000,351,1813,0.17320508075688773,3.4641016151377544,,"measured on random search's one filtered sample, so the two sets differ only through the order; delta is 0.05 of the box diameter, the box_scale column; overlap is dice, the two covered counts over the two cardinalities, and the jaccard value of the same pair is in overlap_conventions.csv; containment_violations is the largest count over the seeds; nested in neither direction, so both directions are measured; this is the pair CONTEXT.md section 10 e3 takes the headline number from",0.851963746223565,0.8428571428571429,0.8603988603988604,0.017541717541717516
dtlz2_interval,lu,cw,finding,cross_a_under_b,5,20000,774,4563,0.17320508075688773,3.4641016151377544,,"measured on random search's one filtered sample, so the two sets differ only through the order; delta is 0.05 of the box diameter, the box_scale column; overlap is dice, the two covered counts over the two cardinalities, and the jaccard value of the same pair is in overlap_conventions.csv; containment_violations is the largest count over the seeds; nested in neither direction, so both directions are measured; this is the pair CONTEXT.md section 10 e3 takes the headline number from",0.7688564476885644,0.7571059431524548,0.7694369973190348,0.01233105416657998
dtlz2_interval,lu,cw,finding,cross_b_under_a,5,5000,351,1813,0.17320508075688773,3.4641016151377544,,"measured on random search's one filtered sample, so the two sets differ only through the order; delta is 0.05 of the box diameter, the box_scale column; overlap is dice, the two covered counts over the two cardinalities, and the jaccard value of the same pair is in overlap_conventions.csv; containment_violations is the largest count over the seeds; nested in neither direction, so both directions are measured; this is the pair CONTEXT.md section 10 e3 takes the headline number from",0.16982214572576018,0.1648531011969532,0.18039849219170706,0.015545390994753855
dtlz2_interval,lu,cw,finding,cross_b_under_a,5,20000,774,4563,0.17320508075688773,3.4641016151377544,,"measured on random search's one filtered sample, so the two sets differ only through the order; delta is 0.05 of the box diameter, the box_scale column; overlap is dice, the two covered counts over the two cardinalities, and the jaccard value of the same pair is in overlap_conventions.csv; containment_violations is the largest count over the seeds; nested in neither direction, so both directions are measured; this is the pair CONTEXT.md section 10 e3 takes the headline number from",0.1301775147928994,0.12683461117196057,0.135741769987174,0.008907158815213423
dtlz2_interval,lu,cw,finding,hausdorff_a_to_b,5,5000,351,1813,0.17320508075688773,3.4641016151377544,,"measured on random search's one filtered sample, so the two sets differ only through the order; delta is 0.05 of the box diameter, the box_scale column; overlap is dice, the two covered counts over the two cardinalities, and the jaccard value of the same pair is in overlap_conventions.csv; containment_violations is the largest count over the seeds; nested in neither direction, so both directions are measured; this is the pair CONTEXT.md section 10 e3 takes the headline number from",0.8709386574586468,0.8547560546051786,0.8745448944804048,0.019788839875226283
dtlz2_interval,lu,cw,finding,hausdorff_a_to_b,5,20000,774,4563,0.17320508075688773,3.4641016151377544,,"measured on random search's one filtered sample, so the two sets differ only through the order; delta is 0.05 of the box diameter, the box_scale column; overlap is dice, the two covered counts over the two cardinalities, and the jaccard value of the same pair is in overlap_conventions.csv; containment_violations is the largest count over the seeds; nested in neither direction, so both directions are measured; this is the pair CONTEXT.md section 10 e3 takes the headline number from",0.9450199547150425,0.9090684930246538,0.9685213056015035,0.059452812576849756
dtlz2_interval,lu,cw,finding,hausdorff_b_to_a,5,5000,351,1813,0.17320508075688773,3.4641016151377544,,"measured on random search's one filtered sample, so the two sets differ only through the order; delta is 0.05 of the box diameter, the box_scale column; overlap is dice, the two covered counts over the two cardinalities, and the jaccard value of the same pair is in overlap_conventions.csv; containment_violations is the largest count over the seeds; nested in neither direction, so both directions are measured; this is the pair CONTEXT.md section 10 e3 takes the headline number from",1.0103335412657923,0.9998035460120368,1.0378594291977354,0.038055883185698636
dtlz2_interval,lu,cw,finding,hausdorff_b_to_a,5,20000,774,4563,0.17320508075688773,3.4641016151377544,,"measured on random search's one filtered sample, so the two sets differ only through the order; delta is 0.05 of the box diameter, the box_scale column; overlap is dice, the two covered counts over the two cardinalities, and the jaccard value of the same pair is in overlap_conventions.csv; containment_violations is the largest count over the seeds; nested in neither direction, so both directions are measured; this is the pair CONTEXT.md section 10 e3 takes the headline number from",0.9762314131307588,0.9709385329547688,0.9855590438146183,0.0146205108598495
dtlz2_interval,lu,cw,finding,hausdorff_symmetric,5,5000,351,1813,0.17320508075688773,3.4641016151377544,,"measured on random search's one filtered sample, so the two sets differ only through the order; delta is 0.05 of the box diameter, the box_scale column; overlap is dice, the two covered counts over the two cardinalities, and the jaccard value of the same pair is in overlap_conventions.csv; containment_violations is the largest count over the seeds; nested in neither direction, so both directions are measured; this is the pair CONTEXT.md section 10 e3 takes the headline number from",1.0103335412657923,0.9998035460120368,1.0378594291977354,0.038055883185698636
dtlz2_interval,lu,cw,finding,hausdorff_symmetric,5,20000,774,4563,0.17320508075688773,3.4641016151377544,,"measured on random search's one filtered sample, so the two sets differ only through the order; delta is 0.05 of the box diameter, the box_scale column; overlap is dice, the two covered counts over the two cardinalities, and the jaccard value of the same pair is in overlap_conventions.csv; containment_violations is the largest count over the seeds; nested in neither direction, so both directions are measured; this is the pair CONTEXT.md section 10 e3 takes the headline number from",0.9855590438146183,0.9709385329547688,0.9867734436203475,0.015834910665578628
dtlz2_interval,lu,cw,finding,overlap,5,5000,351,1813,0.0,3.4641016151377544,,"measured on random search's one filtered sample, so the two sets differ only through the order; delta is zero, so the row is the shared count over the count, with no tolerance in it at all; the three sets are index sets over one array, so two vectors are the same point bitwise or they are two points; overlap is dice, the two covered counts over the two cardinalities, and the jaccard value of the same pair is in overlap_conventions.csv; containment_violations is the largest count over the seeds; nested in neither direction, so both directions are measured; this is the pair CONTEXT.md section 10 e3 takes the headline number from",0.27929220468675275,0.27592507994518045,0.29808121374386437,0.02215613379868392
dtlz2_interval,lu,cw,finding,overlap,5,5000,351,1813,0.17320508075688773,3.4641016151377544,,"measured on random search's one filtered sample, so the two sets differ only through the order; delta is 0.05 of the box diameter, the box_scale column; overlap is dice, the two covered counts over the two cardinalities, and the jaccard value of the same pair is in overlap_conventions.csv; containment_violations is the largest count over the seeds; nested in neither direction, so both directions are measured; this is the pair CONTEXT.md section 10 e3 takes the headline number from",0.27929220468675275,0.27592507994518045,0.29808121374386437,0.02215613379868392
dtlz2_interval,lu,cw,finding,overlap,5,20000,774,4563,0.0,3.4641016151377544,,"measured on random search's one filtered sample, so the two sets differ only through the order; delta is zero, so the row is the shared count over the count, with no tolerance in it at all; the three sets are index sets over one array, so two vectors are the same point bitwise or they are two points; overlap is dice, the two covered counts over the two cardinalities, and the jaccard value of the same pair is in overlap_conventions.csv; containment_violations is the largest count over the seeds; nested in neither direction, so both directions are measured; this is the pair CONTEXT.md section 10 e3 takes the headline number from",0.21959902566985198,0.215778572773489,0.23053073135144994,0.014752158577960944
dtlz2_interval,lu,cw,finding,overlap,5,20000,774,4563,0.17320508075688773,3.4641016151377544,,"measured on random search's one filtered sample, so the two sets differ only through the order; delta is 0.05 of the box diameter, the box_scale column; overlap is dice, the two covered counts over the two cardinalities, and the jaccard value of the same pair is in overlap_conventions.csv; containment_violations is the largest count over the seeds; nested in neither direction, so both directions are measured; this is the pair CONTEXT.md section 10 e3 takes the headline number from",0.21959902566985198,0.215778572773489,0.23053073135144994,0.014752158577960944
dtlz2_interval,lu,ls,check,coverage_a_in_b,5,5000,351,2077,0.0,3.4641016151377544,,"measured on random search's one filtered sample, so the two sets differ only through the order; delta is zero, so the row is the shared count over the count, with no tolerance in it at all; the three sets are index sets over one array, so two vectors are the same point bitwise or they are two points; overlap is dice, the two covered counts over the two cardinalities, and the jaccard value of the same pair is in overlap_conventions.csv; containment_violations is the largest count over the seeds; check on r-06 and not a finding: ND_lu sits inside ND_ls exactly and for every problem, docs/a_close_containment.md, so coverage of lu in ls and one direction of the overlap are fixed before this runs. the containment is exact in real arithmetic and fails by rounding in doubles, one point of 1565 measured, r-11, so a nonzero violation count is arithmetic and never a result about phi. it stands on s-11; if the supervisors refute the criterion this pair is reported like the other and no result moves",1.0,1.0,1.0,0.0
dtlz2_interval,lu,ls,check,coverage_a_in_b,5,5000,351,2077,0.17320508075688773,3.4641016151377544,0,"measured on random search's one filtered sample, so the two sets differ only through the order; delta is 0.05 of the box diameter, the box_scale column; overlap is dice, the two covered counts over the two cardinalities, and the jaccard value of the same pair is in overlap_conventions.csv; containment_violations is the largest count over the seeds; check on r-06 and not a finding: ND_lu sits inside ND_ls exactly and for every problem, docs/a_close_containment.md, so coverage of lu in ls and one direction of the overlap are fixed before this runs. the containment is exact in real arithmetic and fails by rounding in doubles, one point of 1565 measured, r-11, so a nonzero violation count is arithmetic and never a result about phi. it stands on s-11; if the supervisors refute the criterion this pair is reported like the other and no result moves",1.0,1.0,1.0,0.0
dtlz2_interval,lu,ls,check,coverage_a_in_b,5,20000,774,5521,0.0,3.4641016151377544,,"measured on random search's one filtered sample, so the two sets differ only through the order; delta is zero, so the row is the shared count over the count, with no tolerance in it at all; the three sets are index sets over one array, so two vectors are the same point bitwise or they are two points; overlap is dice, the two covered counts over the two cardinalities, and the jaccard value of the same pair is in overlap_conventions.csv; containment_violations is the largest count over the seeds; check on r-06 and not a finding: ND_lu sits inside ND_ls exactly and for every problem, docs/a_close_containment.md, so coverage of lu in ls and one direction of the overlap are fixed before this runs. the containment is exact in real arithmetic and fails by rounding in doubles, one point of 1565 measured, r-11, so a nonzero violation count is arithmetic and never a result about phi. it stands on s-11; if the supervisors refute the criterion this pair is reported like the other and no result moves",1.0,1.0,1.0,0.0
dtlz2_interval,lu,ls,check,coverage_a_in_b,5,20000,774,5521,0.17320508075688773,3.4641016151377544,0,"measured on random search's one filtered sample, so the two sets differ only through the order; delta is 0.05 of the box diameter, the box_scale column; overlap is dice, the two covered counts over the two cardinalities, and the jaccard value of the same pair is in overlap_conventions.csv; containment_violations is the largest count over the seeds; check on r-06 and not a finding: ND_lu sits inside ND_ls exactly and for every problem, docs/a_close_containment.md, so coverage of lu in ls and one direction of the overlap are fixed before this runs. the containment is exact in real arithmetic and fails by rounding in doubles, one point of 1565 measured, r-11, so a nonzero violation count is arithmetic and never a result about phi. it stands on s-11; if the supervisors refute the criterion this pair is reported like the other and no result moves",1.0,1.0,1.0,0.0
dtlz2_interval,lu,ls,check,coverage_b_in_a,5,5000,351,2077,0.0,3.4641016151377544,,"measured on random search's one filtered sample, so the two sets differ only through the order; delta is zero, so the row is the shared count over the count, with no tolerance in it at all; the three sets are index sets over one array, so two vectors are the same point bitwise or they are two points; overlap is dice, the two covered counts over the two cardinalities, and the jaccard value of the same pair is in overlap_conventions.csv; containment_violations is the largest count over the seeds; check on r-06 and not a finding: ND_lu sits inside ND_ls exactly and for every problem, docs/a_close_containment.md, so coverage of lu in ls and one direction of the overlap are fixed before this runs. the containment is exact in real arithmetic and fails by rounding in doubles, one point of 1565 measured, r-11, so a nonzero violation count is arithmetic and never a result about phi. it stands on s-11; if the supervisors refute the criterion this pair is reported like the other and no result moves",0.17008797653958943,0.16842610364683303,0.18045112781954886,0.012025024172715837
dtlz2_interval,lu,ls,check,coverage_b_in_a,5,5000,351,2077,0.17320508075688773,3.4641016151377544,0,"measured on random search's one filtered sample, so the two sets differ only through the order; delta is 0.05 of the box diameter, the box_scale column; overlap is dice, the two covered counts over the two cardinalities, and the jaccard value of the same pair is in overlap_conventions.csv; containment_violations is the largest count over the seeds; check on r-06 and not a finding: ND_lu sits inside ND_ls exactly and for every problem, docs/a_close_containment.md, so coverage of lu in ls and one direction of the overlap are fixed before this runs. the containment is exact in real arithmetic and fails by rounding in doubles, one point of 1565 measured, r-11, so a nonzero violation count is arithmetic and never a result about phi. it stands on s-11; if the supervisors refute the criterion this pair is reported like the other and no result moves",0.17008797653958943,0.16842610364683303,0.18045112781954886,0.012025024172715837
dtlz2_interval,lu,ls,check,coverage_b_in_a,5,20000,774,5521,0.0,3.4641016151377544,,"measured on random search's one filtered sample, so the two sets differ only through the order; delta is zero, so the row is the shared count over the count, with no tolerance in it at all; the three sets are index sets over one array, so two vectors are the same point bitwise or they are two points; overlap is dice, the two covered counts over the two cardinalities, and the jaccard value of the same pair is in overlap_conventions.csv; containment_violations is the largest count over the seeds; check on r-06 and not a finding: ND_lu sits inside ND_ls exactly and for every problem, docs/a_close_containment.md, so coverage of lu in ls and one direction of the overlap are fixed before this runs. the containment is exact in real arithmetic and fails by rounding in doubles, one point of 1565 measured, r-11, so a nonzero violation count is arithmetic and never a result about phi. it stands on s-11; if the supervisors refute the criterion this pair is reported like the other and no result moves",0.14165419161676646,0.1412151067323481,0.1427304964539007,0.0015153897215526013
dtlz2_interval,lu,ls,check,coverage_b_in_a,5,20000,774,5521,0.17320508075688773,3.4641016151377544,0,"measured on random search's one filtered sample, so the two sets differ only through the order; delta is 0.05 of the box diameter, the box_scale column; overlap is dice, the two covered counts over the two cardinalities, and the jaccard value of the same pair is in overlap_conventions.csv; containment_violations is the largest count over the seeds; check on r-06 and not a finding: ND_lu sits inside ND_ls exactly and for every problem, docs/a_close_containment.md, so coverage of lu in ls and one direction of the overlap are fixed before this runs. the containment is exact in real arithmetic and fails by rounding in doubles, one point of 1565 measured, r-11, so a nonzero violation count is arithmetic and never a result about phi. it stands on s-11; if the supervisors refute the criterion this pair is reported like the other and no result moves",0.14165419161676646,0.1412151067323481,0.1427304964539007,0.0015153897215526013
dtlz2_interval,lu,ls,check,cross_a_under_b,5,5000,351,2077,0.17320508075688773,3.4641016151377544,0,"measured on random search's one filtered sample, so the two sets differ only through the order; delta is 0.05 of the box diameter, the box_scale column; overlap is dice, the two covered counts over the two cardinalities, and the jaccard value of the same pair is in overlap_conventions.csv; containment_violations is the largest count over the seeds; check on r-06 and not a finding: ND_lu sits inside ND_ls exactly and for every problem, docs/a_close_containment.md, so coverage of lu in ls and one direction of the overlap are fixed before this runs. the containment is exact in real arithmetic and fails by rounding in doubles, one point of 1565 measured, r-11, so a nonzero violation count is arithmetic and never a result about phi. it stands on s-11; if the supervisors refute the criterion this pair is reported like the other and no result moves",1.0,1.0,1.0,0.0
dtlz2_interval,lu,ls,check,cross_a_under_b,5,20000,774,5521,0.17320508075688773,3.4641016151377544,0,"measured on random search's one filtered sample, so the two sets differ only through the order; delta is 0.05 of the box diameter, the box_scale column; overlap is dice, the two covered counts over the two cardinalities, and the jaccard value of the same pair is in overlap_conventions.csv; containment_violations is the largest count over the seeds; check on r-06 and not a finding: ND_lu sits inside ND_ls exactly and for every problem, docs/a_close_containment.md, so coverage of lu in ls and one direction of the overlap are fixed before this runs. the containment is exact in real arithmetic and fails by rounding in doubles, one point of 1565 measured, r-11, so a nonzero violation count is arithmetic and never a result about phi. it stands on s-11; if the supervisors refute the criterion this pair is reported like the other and no result moves",1.0,1.0,1.0,0.0
dtlz2_interval,lu,ls,check,cross_b_under_a,5,5000,351,2077,0.17320508075688773,3.4641016151377544,0,"measured on random search's one filtered sample, so the two sets differ only through the order; delta is 0.05 of the box diameter, the box_scale column; overlap is dice, the two covered counts over the two cardinalities, and the jaccard value of the same pair is in overlap_conventions.csv; containment_violations is the largest count over the seeds; check on r-06 and not a finding: ND_lu sits inside ND_ls exactly and for every problem, docs/a_close_containment.md, so coverage of lu in ls and one direction of the overlap are fixed before this runs. the containment is exact in real arithmetic and fails by rounding in doubles, one point of 1565 measured, r-11, so a nonzero violation count is arithmetic and never a result about phi. it stands on s-11; if the supervisors refute the criterion this pair is reported like the other and no result moves",0.17008797653958943,0.16842610364683303,0.18045112781954886,0.012025024172715837
dtlz2_interval,lu,ls,check,cross_b_under_a,5,20000,774,5521,0.17320508075688773,3.4641016151377544,0,"measured on random search's one filtered sample, so the two sets differ only through the order; delta is 0.05 of the box diameter, the box_scale column; overlap is dice, the two covered counts over the two cardinalities, and the jaccard value of the same pair is in overlap_conventions.csv; containment_violations is the largest count over the seeds; check on r-06 and not a finding: ND_lu sits inside ND_ls exactly and for every problem, docs/a_close_containment.md, so coverage of lu in ls and one direction of the overlap are fixed before this runs. the containment is exact in real arithmetic and fails by rounding in doubles, one point of 1565 measured, r-11, so a nonzero violation count is arithmetic and never a result about phi. it stands on s-11; if the supervisors refute the criterion this pair is reported like the other and no result moves",0.14165419161676646,0.1412151067323481,0.1427304964539007,0.0015153897215526013
dtlz2_interval,lu,ls,check,hausdorff_a_to_b,5,5000,351,2077,0.17320508075688773,3.4641016151377544,0,"measured on random search's one filtered sample, so the two sets differ only through the order; delta is 0.05 of the box diameter, the box_scale column; overlap is dice, the two covered counts over the two cardinalities, and the jaccard value of the same pair is in overlap_conventions.csv; containment_violations is the largest count over the seeds; check on r-06 and not a finding: ND_lu sits inside ND_ls exactly and for every problem, docs/a_close_containment.md, so coverage of lu in ls and one direction of the overlap are fixed before this runs. the containment is exact in real arithmetic and fails by rounding in doubles, one point of 1565 measured, r-11, so a nonzero violation count is arithmetic and never a result about phi. it stands on s-11; if the supervisors refute the criterion this pair is reported like the other and no result moves",0.0,0.0,0.0,0.0
dtlz2_interval,lu,ls,check,hausdorff_a_to_b,5,20000,774,5521,0.17320508075688773,3.4641016151377544,0,"measured on random search's one filtered sample, so the two sets differ only through the order; delta is 0.05 of the box diameter, the box_scale column; overlap is dice, the two covered counts over the two cardinalities, and the jaccard value of the same pair is in overlap_conventions.csv; containment_violations is the largest count over the seeds; check on r-06 and not a finding: ND_lu sits inside ND_ls exactly and for every problem, docs/a_close_containment.md, so coverage of lu in ls and one direction of the overlap are fixed before this runs. the containment is exact in real arithmetic and fails by rounding in doubles, one point of 1565 measured, r-11, so a nonzero violation count is arithmetic and never a result about phi. it stands on s-11; if the supervisors refute the criterion this pair is reported like the other and no result moves",0.0,0.0,0.0,0.0
dtlz2_interval,lu,ls,check,hausdorff_b_to_a,5,5000,351,2077,0.17320508075688773,3.4641016151377544,0,"measured on random search's one filtered sample, so the two sets differ only through the order; delta is 0.05 of the box diameter, the box_scale column; overlap is dice, the two covered counts over the two cardinalities, and the jaccard value of the same pair is in overlap_conventions.csv; containment_violations is the largest count over the seeds; check on r-06 and not a finding: ND_lu sits inside ND_ls exactly and for every problem, docs/a_close_containment.md, so coverage of lu in ls and one direction of the overlap are fixed before this runs. the containment is exact in real arithmetic and fails by rounding in doubles, one point of 1565 measured, r-11, so a nonzero violation count is arithmetic and never a result about phi. it stands on s-11; if the supervisors refute the criterion this pair is reported like the other and no result moves",1.0127511328201406,1.0103335412657923,1.0378594291977354,0.027525887931943105
dtlz2_interval,lu,ls,check,hausdorff_b_to_a,5,20000,774,5521,0.17320508075688773,3.4641016151377544,0,"measured on random search's one filtered sample, so the two sets differ only through the order; delta is 0.05 of the box diameter, the box_scale column; overlap is dice, the two covered counts over the two cardinalities, and the jaccard value of the same pair is in overlap_conventions.csv; containment_violations is the largest count over the seeds; check on r-06 and not a finding: ND_lu sits inside ND_ls exactly and for every problem, docs/a_close_containment.md, so coverage of lu in ls and one direction of the overlap are fixed before this runs. the containment is exact in real arithmetic and fails by rounding in doubles, one point of 1565 measured, r-11, so a nonzero violation count is arithmetic and never a result about phi. it stands on s-11; if the supervisors refute the criterion this pair is reported like the other and no result moves",0.9762314131307588,0.9709385329547688,0.9855590438146183,0.0146205108598495
dtlz2_interval,lu,ls,check,hausdorff_symmetric,5,5000,351,2077,0.17320508075688773,3.4641016151377544,0,"measured on random search's one filtered sample, so the two sets differ only through the order; delta is 0.05 of the box diameter, the box_scale column; overlap is dice, the two covered counts over the two cardinalities, and the jaccard value of the same pair is in overlap_conventions.csv; containment_violations is the largest count over the seeds; check on r-06 and not a finding: ND_lu sits inside ND_ls exactly and for every problem, docs/a_close_containment.md, so coverage of lu in ls and one direction of the overlap are fixed before this runs. the containment is exact in real arithmetic and fails by rounding in doubles, one point of 1565 measured, r-11, so a nonzero violation count is arithmetic and never a result about phi. it stands on s-11; if the supervisors refute the criterion this pair is reported like the other and no result moves",1.0127511328201406,1.0103335412657923,1.0378594291977354,0.027525887931943105
dtlz2_interval,lu,ls,check,hausdorff_symmetric,5,20000,774,5521,0.17320508075688773,3.4641016151377544,0,"measured on random search's one filtered sample, so the two sets differ only through the order; delta is 0.05 of the box diameter, the box_scale column; overlap is dice, the two covered counts over the two cardinalities, and the jaccard value of the same pair is in overlap_conventions.csv; containment_violations is the largest count over the seeds; check on r-06 and not a finding: ND_lu sits inside ND_ls exactly and for every problem, docs/a_close_containment.md, so coverage of lu in ls and one direction of the overlap are fixed before this runs. the containment is exact in real arithmetic and fails by rounding in doubles, one point of 1565 measured, r-11, so a nonzero violation count is arithmetic and never a result about phi. it stands on s-11; if the supervisors refute the criterion this pair is reported like the other and no result moves",0.9762314131307588,0.9709385329547688,0.9855590438146183,0.0146205108598495
dtlz2_interval,lu,ls,check,overlap,5,5000,351,2077,0.0,3.4641016151377544,,"measured on random search's one filtered sample, so the two sets differ only through the order; delta is zero, so the row is the shared count over the count, with no tolerance in it at all; the three sets are index sets over one array, so two vectors are the same point bitwise or they are two points; overlap is dice, the two covered counts over the two cardinalities, and the jaccard value of the same pair is in overlap_conventions.csv; containment_violations is the largest count over the seeds; check on r-06 and not a finding: ND_lu sits inside ND_ls exactly and for every problem, docs/a_close_containment.md, so coverage of lu in ls and one direction of the overlap are fixed before this runs. the containment is exact in real arithmetic and fails by rounding in doubles, one point of 1565 measured, r-11, so a nonzero violation count is arithmetic and never a result about phi. it stands on s-11; if the supervisors refute the criterion this pair is reported like the other and no result moves",0.2907268170426065,0.28829568788501025,0.3057324840764331,0.017436796191422854
dtlz2_interval,lu,ls,check,overlap,5,5000,351,2077,0.17320508075688773,3.4641016151377544,0,"measured on random search's one filtered sample, so the two sets differ only through the order; delta is 0.05 of the box diameter, the box_scale column; overlap is dice, the two covered counts over the two cardinalities, and the jaccard value of the same pair is in overlap_conventions.csv; containment_violations is the largest count over the seeds; check on r-06 and not a finding: ND_lu sits inside ND_ls exactly and for every problem, docs/a_close_containment.md, so coverage of lu in ls and one direction of the overlap are fixed before this runs. the containment is exact in real arithmetic and fails by rounding in doubles, one point of 1565 measured, r-11, so a nonzero violation count is arithmetic and never a result about phi. it stands on s-11; if the supervisors refute the criterion this pair is reported like the other and no result moves",0.2907268170426065,0.28829568788501025,0.3057324840764331,0.017436796191422854
dtlz2_interval,lu,ls,check,overlap,5,20000,774,5521,0.0,3.4641016151377544,,"measured on random search's one filtered sample, so the two sets differ only through the order; delta is zero, so the row is the shared count over the count, with no tolerance in it at all; the three sets are index sets over one array, so two vectors are the same point bitwise or they are two points; overlap is dice, the two covered counts over the two cardinalities, and the jaccard value of the same pair is in overlap_conventions.csv; containment_violations is the largest count over the seeds; check on r-06 and not a finding: ND_lu sits inside ND_ls exactly and for every problem, docs/a_close_containment.md, so coverage of lu in ls and one direction of the overlap are fixed before this runs. the containment is exact in real arithmetic and fails by rounding in doubles, one point of 1565 measured, r-11, so a nonzero violation count is arithmetic and never a result about phi. it stands on s-11; if the supervisors refute the criterion this pair is reported like the other and no result moves",0.2481560399934437,0.2474820143884892,0.24980605120248253,0.0023240368139933187
dtlz2_interval,lu,ls,check,overlap,5,20000,774,5521,0.17320508075688773,3.4641016151377544,0,"measured on random search's one filtered sample, so the two sets differ only through the order; delta is 0.05 of the box diameter, the box_scale column; overlap is dice, the two covered counts over the two cardinalities, and the jaccard value of the same pair is in overlap_conventions.csv; containment_violations is the largest count over the seeds; check on r-06 and not a finding: ND_lu sits inside ND_ls exactly and for every problem, docs/a_close_containment.md, so coverage of lu in ls and one direction of the overlap are fixed before this runs. the containment is exact in real arithmetic and fails by rounding in doubles, one point of 1565 measured, r-11, so a nonzero violation count is arithmetic and never a result about phi. it stands on s-11; if the supervisors refute the criterion this pair is reported like the other and no result moves",0.2481560399934437,0.2474820143884892,0.24980605120248253,0.0023240368139933187
dtlz2_interval,cw,cw,finding,coverage_a_in_b,5,5000,1813,1813,0.17320508075688773,3.4641016151377544,,"noise floor and not a pair: one phi against itself at two seeds, so no order difference can appear in it and a cross-phi number that does not exceed it is not evidence. it is labelled a check because d3 reserves the finding label for the row carrying the sensitivity signal and this row carries none; delta is 0.05 of the box diameter, the box_scale column; overlap is dice, the two covered counts over the two cardinalities, and the jaccard value of the same pair is in overlap_conventions.csv; containment_violations is the largest count over the seeds; nested in neither direction, so both directions are measured; this is the pair CONTEXT.md section 10 e3 takes the headline number from",0.0,0.0,0.0,0.0
dtlz2_interval,cw,cw,finding,coverage_a_in_b,5,20000,4563,4563,0.17320508075688773,3.4641016151377544,,"noise floor and not a pair: one phi against itself at two seeds, so no order difference can appear in it and a cross-phi number that does not exceed it is not evidence. it is labelled a check because d3 reserves the finding label for the row carrying the sensitivity signal and this row carries none; delta is 0.05 of the box diameter, the box_scale column; overlap is dice, the two covered counts over the two cardinalities, and the jaccard value of the same pair is in overlap_conventions.csv; containment_violations is the largest count over the seeds; nested in neither direction, so both directions are measured; this is the pair CONTEXT.md section 10 e3 takes the headline number from",0.0,0.0,0.0,0.0
dtlz2_interval,cw,cw,finding,coverage_b_in_a,5,5000,1813,1813,0.17320508075688773,3.4641016151377544,,"noise floor and not a pair: one phi against itself at two seeds, so no order difference can appear in it and a cross-phi number that does not exceed it is not evidence. it is labelled a check because d3 reserves the finding label for the row carrying the sensitivity signal and this row carries none; delta is 0.05 of the box diameter, the box_scale column; overlap is dice, the two covered counts over the two cardinalities, and the jaccard value of the same pair is in overlap_conventions.csv; containment_violations is the largest count over the seeds; nested in neither direction, so both directions are measured; this is the pair CONTEXT.md section 10 e3 takes the headline number from",0.0,0.0,0.0,0.0
dtlz2_interval,cw,cw,finding,coverage_b_in_a,5,20000,4563,4563,0.17320508075688773,3.4641016151377544,,"noise floor and not a pair: one phi against itself at two seeds, so no order difference can appear in it and a cross-phi number that does not exceed it is not evidence. it is labelled a check because d3 reserves the finding label for the row carrying the sensitivity signal and this row carries none; delta is 0.05 of the box diameter, the box_scale column; overlap is dice, the two covered counts over the two cardinalities, and the jaccard value of the same pair is in overlap_conventions.csv; containment_violations is the largest count over the seeds; nested in neither direction, so both directions are measured; this is the pair CONTEXT.md section 10 e3 takes the headline number from",0.0,0.0,0.0,0.0
dtlz2_interval,cw,cw,finding,overlap,5,5000,1813,1813,0.17320508075688773,3.4641016151377544,,"noise floor and not a pair: one phi against itself at two seeds, so no order difference can appear in it and a cross-phi number that does not exceed it is not evidence. it is labelled a check because d3 reserves the finding label for the row carrying the sensitivity signal and this row carries none; delta is 0.05 of the box diameter, the box_scale column; overlap is dice, the two covered counts over the two cardinalities, and the jaccard value of the same pair is in overlap_conventions.csv; containment_violations is the largest count over the seeds; nested in neither direction, so both directions are measured; this is the pair CONTEXT.md section 10 e3 takes the headline number from",0.0,0.0,0.0,0.0
dtlz2_interval,cw,cw,finding,overlap,5,20000,4563,4563,0.17320508075688773,3.4641016151377544,,"noise floor and not a pair: one phi against itself at two seeds, so no order difference can appear in it and a cross-phi number that does not exceed it is not evidence. it is labelled a check because d3 reserves the finding label for the row carrying the sensitivity signal and this row carries none; delta is 0.05 of the box diameter, the box_scale column; overlap is dice, the two covered counts over the two cardinalities, and the jaccard value of the same pair is in overlap_conventions.csv; containment_violations is the largest count over the seeds; nested in neither direction, so both directions are measured; this is the pair CONTEXT.md section 10 e3 takes the headline number from",0.0,0.0,0.0,0.0
dtlz2_interval,ls,ls,finding,coverage_a_in_b,5,5000,2077,2077,0.17320508075688773,3.4641016151377544,,"noise floor and not a pair: one phi against itself at two seeds, so no order difference can appear in it and a cross-phi number that does not exceed it is not evidence. it is labelled a check because d3 reserves the finding label for the row carrying the sensitivity signal and this row carries none; delta is 0.05 of the box diameter, the box_scale column; overlap is dice, the two covered counts over the two cardinalities, and the jaccard value of the same pair is in overlap_conventions.csv; containment_violations is the largest count over the seeds; nested in neither direction, so both directions are measured; this is the pair CONTEXT.md section 10 e3 takes the headline number from",0.0,0.0,0.0,0.0
dtlz2_interval,ls,ls,finding,coverage_a_in_b,5,20000,5521,5521,0.17320508075688773,3.4641016151377544,,"noise floor and not a pair: one phi against itself at two seeds, so no order difference can appear in it and a cross-phi number that does not exceed it is not evidence. it is labelled a check because d3 reserves the finding label for the row carrying the sensitivity signal and this row carries none; delta is 0.05 of the box diameter, the box_scale column; overlap is dice, the two covered counts over the two cardinalities, and the jaccard value of the same pair is in overlap_conventions.csv; containment_violations is the largest count over the seeds; nested in neither direction, so both directions are measured; this is the pair CONTEXT.md section 10 e3 takes the headline number from",0.0,0.0,0.0,0.0
dtlz2_interval,ls,ls,finding,coverage_b_in_a,5,5000,2077,2077,0.17320508075688773,3.4641016151377544,,"noise floor and not a pair: one phi against itself at two seeds, so no order difference can appear in it and a cross-phi number that does not exceed it is not evidence. it is labelled a check because d3 reserves the finding label for the row carrying the sensitivity signal and this row carries none; delta is 0.05 of the box diameter, the box_scale column; overlap is dice, the two covered counts over the two cardinalities, and the jaccard value of the same pair is in overlap_conventions.csv; containment_violations is the largest count over the seeds; nested in neither direction, so both directions are measured; this is the pair CONTEXT.md section 10 e3 takes the headline number from",0.0,0.0,0.0,0.0
dtlz2_interval,ls,ls,finding,coverage_b_in_a,5,20000,5521,5521,0.17320508075688773,3.4641016151377544,,"noise floor and not a pair: one phi against itself at two seeds, so no order difference can appear in it and a cross-phi number that does not exceed it is not evidence. it is labelled a check because d3 reserves the finding label for the row carrying the sensitivity signal and this row carries none; delta is 0.05 of the box diameter, the box_scale column; overlap is dice, the two covered counts over the two cardinalities, and the jaccard value of the same pair is in overlap_conventions.csv; containment_violations is the largest count over the seeds; nested in neither direction, so both directions are measured; this is the pair CONTEXT.md section 10 e3 takes the headline number from",0.0,0.0,0.0,0.0
dtlz2_interval,ls,ls,finding,overlap,5,5000,2077,2077,0.17320508075688773,3.4641016151377544,,"noise floor and not a pair: one phi against itself at two seeds, so no order difference can appear in it and a cross-phi number that does not exceed it is not evidence. it is labelled a check because d3 reserves the finding label for the row carrying the sensitivity signal and this row carries none; delta is 0.05 of the box diameter, the box_scale column; overlap is dice, the two covered counts over the two cardinalities, and the jaccard value of the same pair is in overlap_conventions.csv; containment_violations is the largest count over the seeds; nested in neither direction, so both directions are measured; this is the pair CONTEXT.md section 10 e3 takes the headline number from",0.0,0.0,0.0,0.0
dtlz2_interval,ls,ls,finding,overlap,5,20000,5521,5521,0.17320508075688773,3.4641016151377544,,"noise floor and not a pair: one phi against itself at two seeds, so no order difference can appear in it and a cross-phi number that does not exceed it is not evidence. it is labelled a check because d3 reserves the finding label for the row carrying the sensitivity signal and this row carries none; delta is 0.05 of the box diameter, the box_scale column; overlap is dice, the two covered counts over the two cardinalities, and the jaccard value of the same pair is in overlap_conventions.csv; containment_violations is the largest count over the seeds; nested in neither direction, so both directions are measured; this is the pair CONTEXT.md section 10 e3 takes the headline number from",0.0,0.0,0.0,0.0
dtlz2_interval,lu,lu,finding,coverage_a_in_b,5,5000,351,351,0.17320508075688773,3.4641016151377544,,"noise floor and not a pair: one phi against itself at two seeds, so no order difference can appear in it and a cross-phi number that does not exceed it is not evidence. it is labelled a check because d3 reserves the finding label for the row carrying the sensitivity signal and this row carries none; delta is 0.05 of the box diameter, the box_scale column; overlap is dice, the two covered counts over the two cardinalities, and the jaccard value of the same pair is in overlap_conventions.csv; containment_violations is the largest count over the seeds; nested in neither direction, so both directions are measured; this is the pair CONTEXT.md section 10 e3 takes the headline number from",0.0,0.0,0.0,0.0
dtlz2_interval,lu,lu,finding,coverage_a_in_b,5,20000,774,774,0.17320508075688773,3.4641016151377544,,"noise floor and not a pair: one phi against itself at two seeds, so no order difference can appear in it and a cross-phi number that does not exceed it is not evidence. it is labelled a check because d3 reserves the finding label for the row carrying the sensitivity signal and this row carries none; delta is 0.05 of the box diameter, the box_scale column; overlap is dice, the two covered counts over the two cardinalities, and the jaccard value of the same pair is in overlap_conventions.csv; containment_violations is the largest count over the seeds; nested in neither direction, so both directions are measured; this is the pair CONTEXT.md section 10 e3 takes the headline number from",0.0,0.0,0.0,0.0
dtlz2_interval,lu,lu,finding,coverage_b_in_a,5,5000,351,351,0.17320508075688773,3.4641016151377544,,"noise floor and not a pair: one phi against itself at two seeds, so no order difference can appear in it and a cross-phi number that does not exceed it is not evidence. it is labelled a check because d3 reserves the finding label for the row carrying the sensitivity signal and this row carries none; delta is 0.05 of the box diameter, the box_scale column; overlap is dice, the two covered counts over the two cardinalities, and the jaccard value of the same pair is in overlap_conventions.csv; containment_violations is the largest count over the seeds; nested in neither direction, so both directions are measured; this is the pair CONTEXT.md section 10 e3 takes the headline number from",0.0,0.0,0.0,0.0
dtlz2_interval,lu,lu,finding,coverage_b_in_a,5,20000,774,774,0.17320508075688773,3.4641016151377544,,"noise floor and not a pair: one phi against itself at two seeds, so no order difference can appear in it and a cross-phi number that does not exceed it is not evidence. it is labelled a check because d3 reserves the finding label for the row carrying the sensitivity signal and this row carries none; delta is 0.05 of the box diameter, the box_scale column; overlap is dice, the two covered counts over the two cardinalities, and the jaccard value of the same pair is in overlap_conventions.csv; containment_violations is the largest count over the seeds; nested in neither direction, so both directions are measured; this is the pair CONTEXT.md section 10 e3 takes the headline number from",0.0,0.0,0.0,0.0
dtlz2_interval,lu,lu,finding,overlap,5,5000,351,351,0.17320508075688773,3.4641016151377544,,"noise floor and not a pair: one phi against itself at two seeds, so no order difference can appear in it and a cross-phi number that does not exceed it is not evidence. it is labelled a check because d3 reserves the finding label for the row carrying the sensitivity signal and this row carries none; delta is 0.05 of the box diameter, the box_scale column; overlap is dice, the two covered counts over the two cardinalities, and the jaccard value of the same pair is in overlap_conventions.csv; containment_violations is the largest count over the seeds; nested in neither direction, so both directions are measured; this is the pair CONTEXT.md section 10 e3 takes the headline number from",0.0,0.0,0.0,0.0
dtlz2_interval,lu,lu,finding,overlap,5,20000,774,774,0.17320508075688773,3.4641016151377544,,"noise floor and not a pair: one phi against itself at two seeds, so no order difference can appear in it and a cross-phi number that does not exceed it is not evidence. it is labelled a check because d3 reserves the finding label for the row carrying the sensitivity signal and this row carries none; delta is 0.05 of the box diameter, the box_scale column; overlap is dice, the two covered counts over the two cardinalities, and the jaccard value of the same pair is in overlap_conventions.csv; containment_violations is the largest count over the seeds; nested in neither direction, so both directions are measured; this is the pair CONTEXT.md section 10 e3 takes the headline number from",0.0,0.0,0.0,0.0
zdt1_interval,ls,cw,check,coverage_a_in_b,5,5000,290,257,0.0,5.477225575051661,,"measured on random search's one filtered sample, so the two sets differ only through the order; delta is zero, so the row is the shared count over the count, with no tolerance in it at all; the three sets are index sets over one array, so two vectors are the same point bitwise or they are two points; overlap is dice, the two covered counts over the two cardinalities, and the jaccard value of the same pair is in overlap_conventions.csv; containment_violations is the largest count over the seeds; check on r-06 and not a finding: ND_cw sits inside ND_ls exactly and for every problem, docs/a_close_containment.md, so coverage of cw in ls and one direction of the overlap are fixed before this runs. the containment is exact in real arithmetic and fails by rounding in doubles, one point of 1565 measured, r-11, so a nonzero violation count is arithmetic and never a result about phi. it stands on s-11; if the supervisors refute the criterion this pair is reported like the other and no result moves",0.9082278481012658,0.8862068965517241,0.9100719424460432,0.023865045894319037
zdt1_interval,ls,cw,check,coverage_a_in_b,5,5000,290,257,0.2738612787525831,5.477225575051661,0,"measured on random search's one filtered sample, so the two sets differ only through the order; delta is 0.05 of the box diameter, the box_scale column; overlap is dice, the two covered counts over the two cardinalities, and the jaccard value of the same pair is in overlap_conventions.csv; containment_violations is the largest count over the seeds; check on r-06 and not a finding: ND_cw sits inside ND_ls exactly and for every problem, docs/a_close_containment.md, so coverage of cw in ls and one direction of the overlap are fixed before this runs. the containment is exact in real arithmetic and fails by rounding in doubles, one point of 1565 measured, r-11, so a nonzero violation count is arithmetic and never a result about phi. it stands on s-11; if the supervisors refute the criterion this pair is reported like the other and no result moves",0.9082278481012658,0.8862068965517241,0.9100719424460432,0.023865045894319037
zdt1_interval,ls,cw,check,coverage_a_in_b,5,20000,481,411,0.0,5.477225575051661,,"measured on random search's one filtered sample, so the two sets differ only through the order; delta is zero, so the row is the shared count over the count, with no tolerance in it at all; the three sets are index sets over one array, so two vectors are the same point bitwise or they are two points; overlap is dice, the two covered counts over the two cardinalities, and the jaccard value of the same pair is in overlap_conventions.csv; containment_violations is the largest count over the seeds; check on r-06 and not a finding: ND_cw sits inside ND_ls exactly and for every problem, docs/a_close_containment.md, so coverage of cw in ls and one direction of the overlap are fixed before this runs. the containment is exact in real arithmetic and fails by rounding in doubles, one point of 1565 measured, r-11, so a nonzero violation count is arithmetic and never a result about phi. it stands on s-11; if the supervisors refute the criterion this pair is reported like the other and no result moves",0.86892177589852,0.817047817047817,0.8725868725868726,0.05553905553905558
zdt1_interval,ls,cw,check,coverage_a_in_b,5,20000,481,411,0.2738612787525831,5.477225575051661,0,"measured on random search's one filtered sample, so the two sets differ only through the order; delta is 0.05 of the box diameter, the box_scale column; overlap is dice, the two covered counts over the two cardinalities, and the jaccard value of the same pair is in overlap_conventions.csv; containment_violations is the largest count over the seeds; check on r-06 and not a finding: ND_cw sits inside ND_ls exactly and for every problem, docs/a_close_containment.md, so coverage of cw in ls and one direction of the overlap are fixed before this runs. the containment is exact in real arithmetic and fails by rounding in doubles, one point of 1565 measured, r-11, so a nonzero violation count is arithmetic and never a result about phi. it stands on s-11; if the supervisors refute the criterion this pair is reported like the other and no result moves",0.86892177589852,0.817047817047817,0.8725868725868726,0.05553905553905558
zdt1_interval,ls,cw,check,coverage_b_in_a,5,5000,290,257,0.0,5.477225575051661,,"measured on random search's one filtered sample, so the two sets differ only through the order; delta is zero, so the row is the shared count over the count, with no tolerance in it at all; the three sets are index sets over one array, so two vectors are the same point bitwise or they are two points; overlap is dice, the two covered counts over the two cardinalities, and the jaccard value of the same pair is in overlap_conventions.csv; containment_violations is the largest count over the seeds; check on r-06 and not a finding: ND_cw sits inside ND_ls exactly and for every problem, docs/a_close_containment.md, so coverage of cw in ls and one direction of the overlap are fixed before this runs. the containment is exact in real arithmetic and fails by rounding in doubles, one point of 1565 measured, r-11, so a nonzero violation count is arithmetic and never a result about phi. it stands on s-11; if the supervisors refute the criterion this pair is reported like the other and no result moves",1.0,1.0,1.0,0.0
zdt1_interval,ls,cw,check,coverage_b_in_a,5,5000,290,257,0.2738612787525831,5.477225575051661,0,"measured on random search's one filtered sample, so the two sets differ only through the order; delta is 0.05 of the box diameter, the box_scale column; overlap is dice, the two covered counts over the two cardinalities, and the jaccard value of the same pair is in overlap_conventions.csv; containment_violations is the largest count over the seeds; check on r-06 and not a finding: ND_cw sits inside ND_ls exactly and for every problem, docs/a_close_containment.md, so coverage of cw in ls and one direction of the overlap are fixed before this runs. the containment is exact in real arithmetic and fails by rounding in doubles, one point of 1565 measured, r-11, so a nonzero violation count is arithmetic and never a result about phi. it stands on s-11; if the supervisors refute the criterion this pair is reported like the other and no result moves",1.0,1.0,1.0,0.0
zdt1_interval,ls,cw,check,coverage_b_in_a,5,20000,481,411,0.0,5.477225575051661,,"measured on random search's one filtered sample, so the two sets differ only through the order; delta is zero, so the row is the shared count over the count, with no tolerance in it at all; the three sets are index sets over one array, so two vectors are the same point bitwise or they are two points; overlap is dice, the two covered counts over the two cardinalities, and the jaccard value of the same pair is in overlap_conventions.csv; containment_violations is the largest count over the seeds; check on r-06 and not a finding: ND_cw sits inside ND_ls exactly and for every problem, docs/a_close_containment.md, so coverage of cw in ls and one direction of the overlap are fixed before this runs. the containment is exact in real arithmetic and fails by rounding in doubles, one point of 1565 measured, r-11, so a nonzero violation count is arithmetic and never a result about phi. it stands on s-11; if the supervisors refute the criterion this pair is reported like the other and no result moves",1.0,1.0,1.0,0.0
zdt1_interval,ls,cw,check,coverage_b_in_a,5,20000,481,411,0.2738612787525831,5.477225575051661,0,"measured on random search's one filtered sample, so the two sets differ only through the order; delta is 0.05 of the box diameter, the box_scale column; overlap is dice, the two covered counts over the two cardinalities, and the jaccard value of the same pair is in overlap_conventions.csv; containment_violations is the largest count over the seeds; check on r-06 and not a finding: ND_cw sits inside ND_ls exactly and for every problem, docs/a_close_containment.md, so coverage of cw in ls and one direction of the overlap are fixed before this runs. the containment is exact in real arithmetic and fails by rounding in doubles, one point of 1565 measured, r-11, so a nonzero violation count is arithmetic and never a result about phi. it stands on s-11; if the supervisors refute the criterion this pair is reported like the other and no result moves",1.0,1.0,1.0,0.0
zdt1_interval,ls,cw,check,cross_a_under_b,5,5000,290,257,0.2738612787525831,5.477225575051661,0,"measured on random search's one filtered sample, so the two sets differ only through the order; delta is 0.05 of the box diameter, the box_scale column; overlap is dice, the two covered counts over the two cardinalities, and the jaccard value of the same pair is in overlap_conventions.csv; containment_violations is the largest count over the seeds; check on r-06 and not a finding: ND_cw sits inside ND_ls exactly and for every problem, docs/a_close_containment.md, so coverage of cw in ls and one direction of the overlap are fixed before this runs. the containment is exact in real arithmetic and fails by rounding in doubles, one point of 1565 measured, r-11, so a nonzero violation count is arithmetic and never a result about phi. it stands on s-11; if the supervisors refute the criterion this pair is reported like the other and no result moves",0.9082278481012658,0.8862068965517241,0.9100719424460432,0.023865045894319037
zdt1_interval,ls,cw,check,cross_a_under_b,5,20000,481,411,0.2738612787525831,5.477225575051661,0,"measured on random search's one filtered sample, so the two sets differ only through the order; delta is 0.05 of the box diameter, the box_scale column; overlap is dice, the two covered counts over the two cardinalities, and the jaccard value of the same pair is in overlap_conventions.csv; containment_violations is the largest count over the seeds; check on r-06 and not a finding: ND_cw sits inside ND_ls exactly and for every problem, docs/a_close_containment.md, so coverage of cw in ls and one direction of the overlap are fixed before this runs. the containment is exact in real arithmetic and fails by rounding in doubles, one point of 1565 measured, r-11, so a nonzero violation count is arithmetic and never a result about phi. it stands on s-11; if the supervisors refute the criterion this pair is reported like the other and no result moves",0.86892177589852,0.817047817047817,0.8725868725868726,0.05553905553905558
zdt1_interval,ls,cw,check,cross_b_under_a,5,5000,290,257,0.2738612787525831,5.477225575051661,0,"measured on random search's one filtered sample, so the two sets differ only through the order; delta is 0.05 of the box diameter, the box_scale column; overlap is dice, the two covered counts over the two cardinalities, and the jaccard value of the same pair is in overlap_conventions.csv; containment_violations is the largest count over the seeds; check on r-06 and not a finding: ND_cw sits inside ND_ls exactly and for every problem, docs/a_close_containment.md, so coverage of cw in ls and one direction of the overlap are fixed before this runs. the containment is exact in real arithmetic and fails by rounding in doubles, one point of 1565 measured, r-11, so a nonzero violation count is arithmetic and never a result about phi. it stands on s-11; if the supervisors refute the criterion this pair is reported like the other and no result moves",1.0,1.0,1.0,0.0
zdt1_interval,ls,cw,check,cross_b_under_a,5,20000,481,411,0.2738612787525831,5.477225575051661,0,"measured on random search's one filtered sample, so the two sets differ only through the order; delta is 0.05 of the box diameter, the box_scale column; overlap is dice, the two covered counts over the two cardinalities, and the jaccard value of the same pair is in overlap_conventions.csv; containment_violations is the largest count over the seeds; check on r-06 and not a finding: ND_cw sits inside ND_ls exactly and for every problem, docs/a_close_containment.md, so coverage of cw in ls and one direction of the overlap are fixed before this runs. the containment is exact in real arithmetic and fails by rounding in doubles, one point of 1565 measured, r-11, so a nonzero violation count is arithmetic and never a result about phi. it stands on s-11; if the supervisors refute the criterion this pair is reported like the other and no result moves",1.0,1.0,1.0,0.0
zdt1_interval,ls,cw,check,hausdorff_a_to_b,5,5000,290,257,0.2738612787525831,5.477225575051661,0,"measured on random search's one filtered sample, so the two sets differ only through the order; delta is 0.05 of the box diameter, the box_scale column; overlap is dice, the two covered counts over the two cardinalities, and the jaccard value of the same pair is in overlap_conventions.csv; containment_violations is the largest count over the seeds; check on r-06 and not a finding: ND_cw sits inside ND_ls exactly and for every problem, docs/a_close_containment.md, so coverage of cw in ls and one direction of the overlap are fixed before this runs. the containment is exact in real arithmetic and fails by rounding in doubles, one point of 1565 measured, r-11, so a nonzero violation count is arithmetic and never a result about phi. it stands on s-11; if the supervisors refute the criterion this pair is reported like the other and no result moves",1.8024068434260077,1.7628290886416558,1.8042079724266795,0.041378883785023746
zdt1_interval,ls,cw,check,hausdorff_a_to_b,5,20000,481,411,0.2738612787525831,5.477225575051661,0,"measured on random search's one filtered sample, so the two sets differ only through the order; delta is 0.05 of the box diameter, the box_scale column; overlap is dice, the two covered counts over the two cardinalities, and the jaccard value of the same pair is in overlap_conventions.csv; containment_violations is the largest count over the seeds; check on r-06 and not a finding: ND_cw sits inside ND_ls exactly and for every problem, docs/a_close_containment.md, so coverage of cw in ls and one direction of the overlap are fixed before this runs. the containment is exact in real arithmetic and fails by rounding in doubles, one point of 1565 measured, r-11, so a nonzero violation count is arithmetic and never a result about phi. it stands on s-11; if the supervisors refute the criterion this pair is reported like the other and no result moves",1.7338995978126095,1.7235307075669617,1.7960903937256516,0.0725596861586899
zdt1_interval,ls,cw,check,hausdorff_b_to_a,5,5000,290,257,0.2738612787525831,5.477225575051661,0,"measured on random search's one filtered sample, so the two sets differ only through the order; delta is 0.05 of the box diameter, the box_scale column; overlap is dice, the two covered counts over the two cardinalities, and the jaccard value of the same pair is in overlap_conventions.csv; containment_violations is the largest count over the seeds; check on r-06 and not a finding: ND_cw sits inside ND_ls exactly and for every problem, docs/a_close_containment.md, so coverage of cw in ls and one direction of the overlap are fixed before this runs. the containment is exact in real arithmetic and fails by rounding in doubles, one point of 1565 measured, r-11, so a nonzero violation count is arithmetic and never a result about phi. it stands on s-11; if the supervisors refute the criterion this pair is reported like the other and no result moves",0.0,0.0,0.0,0.0
zdt1_interval,ls,cw,check,hausdorff_b_to_a,5,20000,481,411,0.2738612787525831,5.477225575051661,0,"measured on random search's one filtered sample, so the two sets differ only through the order; delta is 0.05 of the box diameter, the box_scale column; overlap is dice, the two covered counts over the two cardinalities, and the jaccard value of the same pair is in overlap_conventions.csv; containment_violations is the largest count over the seeds; check on r-06 and not a finding: ND_cw sits inside ND_ls exactly and for every problem, docs/a_close_containment.md, so coverage of cw in ls and one direction of the overlap are fixed before this runs. the containment is exact in real arithmetic and fails by rounding in doubles, one point of 1565 measured, r-11, so a nonzero violation count is arithmetic and never a result about phi. it stands on s-11; if the supervisors refute the criterion this pair is reported like the other and no result moves",0.0,0.0,0.0,0.0
zdt1_interval,ls,cw,check,hausdorff_symmetric,5,5000,290,257,0.2738612787525831,5.477225575051661,0,"measured on random search's one filtered sample, so the two sets differ only through the order; delta is 0.05 of the box diameter, the box_scale column; overlap is dice, the two covered counts over the two cardinalities, and the jaccard value of the same pair is in overlap_conventions.csv; containment_violations is the largest count over the seeds; check on r-06 and not a finding: ND_cw sits inside ND_ls exactly and for every problem, docs/a_close_containment.md, so coverage of cw in ls and one direction of the overlap are fixed before this runs. the containment is exact in real arithmetic and fails by rounding in doubles, one point of 1565 measured, r-11, so a nonzero violation count is arithmetic and never a result about phi. it stands on s-11; if the supervisors refute the criterion this pair is reported like the other and no result moves",1.8024068434260077,1.7628290886416558,1.8042079724266795,0.041378883785023746
zdt1_interval,ls,cw,check,hausdorff_symmetric,5,20000,481,411,0.2738612787525831,5.477225575051661,0,"measured on random search's one filtered sample, so the two sets differ only through the order; delta is 0.05 of the box diameter, the box_scale column; overlap is dice, the two covered counts over the two cardinalities, and the jaccard value of the same pair is in overlap_conventions.csv; containment_violations is the largest count over the seeds; check on r-06 and not a finding: ND_cw sits inside ND_ls exactly and for every problem, docs/a_close_containment.md, so coverage of cw in ls and one direction of the overlap are fixed before this runs. the containment is exact in real arithmetic and fails by rounding in doubles, one point of 1565 measured, r-11, so a nonzero violation count is arithmetic and never a result about phi. it stands on s-11; if the supervisors refute the criterion this pair is reported like the other and no result moves",1.7338995978126095,1.7235307075669617,1.7960903937256516,0.0725596861586899
zdt1_interval,ls,cw,check,overlap,5,5000,290,257,0.0,5.477225575051661,,"measured on random search's one filtered sample, so the two sets differ only through the order; delta is zero, so the row is the shared count over the count, with no tolerance in it at all; the three sets are index sets over one array, so two vectors are the same point bitwise or they are two points; overlap is dice, the two covered counts over the two cardinalities, and the jaccard value of the same pair is in overlap_conventions.csv; containment_violations is the largest count over the seeds; check on r-06 and not a finding: ND_cw sits inside ND_ls exactly and for every problem, docs/a_close_containment.md, so coverage of cw in ls and one direction of the overlap are fixed before this runs. the containment is exact in real arithmetic and fails by rounding in doubles, one point of 1565 measured, r-11, so a nonzero violation count is arithmetic and never a result about phi. it stands on s-11; if the supervisors refute the criterion this pair is reported like the other and no result moves",0.9519071310116086,0.9396709323583181,0.9529190207156308,0.013248088357312726
zdt1_interval,ls,cw,check,overlap,5,5000,290,257,0.2738612787525831,5.477225575051661,0,"measured on random search's one filtered sample, so the two sets differ only through the order; delta is 0.05 of the box diameter, the box_scale column; overlap is dice, the two covered counts over the two cardinalities, and the jaccard value of the same pair is in overlap_conventions.csv; containment_violations is the largest count over the seeds; check on r-06 and not a finding: ND_cw sits inside ND_ls exactly and for every problem, docs/a_close_containment.md, so coverage of cw in ls and one direction of the overlap are fixed before this runs. the containment is exact in real arithmetic and fails by rounding in doubles, one point of 1565 measured, r-11, so a nonzero violation count is arithmetic and never a result about phi. it stands on s-11; if the supervisors refute the criterion this pair is reported like the other and no result moves",0.9519071310116086,0.9396709323583181,0.9529190207156308,0.013248088357312726
zdt1_interval,ls,cw,check,overlap,5,20000,481,411,0.0,5.477225575051661,,"measured on random search's one filtered sample, so the two sets differ only through the order; delta is zero, so the row is the shared count over the count, with no tolerance in it at all; the three sets are index sets over one array, so two vectors are the same point bitwise or they are two points; overlap is dice, the two covered counts over the two cardinalities, and the jaccard value of the same pair is in overlap_conventions.csv; containment_violations is the largest count over the seeds; check on r-06 and not a finding: ND_cw sits inside ND_ls exactly and for every problem, docs/a_close_containment.md, so coverage of cw in ls and one direction of the overlap are fixed before this runs. the containment is exact in real arithmetic and fails by rounding in doubles, one point of 1565 measured, r-11, so a nonzero violation count is arithmetic and never a result about phi. it stands on s-11; if the supervisors refute the criterion this pair is reported like the other and no result moves",0.9298642533936652,0.8993135011441648,0.931958762886598,0.03264526174243321
zdt1_interval,ls,cw,check,overlap,5,20000,481,411,0.2738612787525831,5.477225575051661,0,"measured on random search's one filtered sample, so the two sets differ only through the order; delta is 0.05 of the box diameter, the box_scale column; overlap is dice, the two covered counts over the two cardinalities, and the jaccard value of the same pair is in overlap_conventions.csv; containment_violations is the largest count over the seeds; check on r-06 and not a finding: ND_cw sits inside ND_ls exactly and for every problem, docs/a_close_containment.md, so coverage of cw in ls and one direction of the overlap are fixed before this runs. the containment is exact in real arithmetic and fails by rounding in doubles, one point of 1565 measured, r-11, so a nonzero violation count is arithmetic and never a result about phi. it stands on s-11; if the supervisors refute the criterion this pair is reported like the other and no result moves",0.9298642533936652,0.8993135011441648,0.931958762886598,0.03264526174243321
zdt1_interval,lu,cw,finding,coverage_a_in_b,5,5000,36,257,0.0,5.477225575051661,,"measured on random search's one filtered sample, so the two sets differ only through the order; delta is zero, so the row is the shared count over the count, with no tolerance in it at all; the three sets are index sets over one array, so two vectors are the same point bitwise or they are two points; overlap is dice, the two covered counts over the two cardinalities, and the jaccard value of the same pair is in overlap_conventions.csv; containment_violations is the largest count over the seeds; nested in neither direction, so both directions are measured; this is the pair CONTEXT.md section 10 e3 takes the headline number from",0.7222222222222222,0.6875,0.8275862068965517,0.1400862068965517
zdt1_interval,lu,cw,finding,coverage_a_in_b,5,5000,36,257,0.2738612787525831,5.477225575051661,,"measured on random search's one filtered sample, so the two sets differ only through the order; delta is 0.05 of the box diameter, the box_scale column; overlap is dice, the two covered counts over the two cardinalities, and the jaccard value of the same pair is in overlap_conventions.csv; containment_violations is the largest count over the seeds; nested in neither direction, so both directions are measured; this is the pair CONTEXT.md section 10 e3 takes the headline number from",0.7222222222222222,0.6875,0.8275862068965517,0.1400862068965517
zdt1_interval,lu,cw,finding,coverage_a_in_b,5,20000,60,411,0.0,5.477225575051661,,"measured on random search's one filtered sample, so the two sets differ only through the order; delta is zero, so the row is the shared count over the count, with no tolerance in it at all; the three sets are index sets over one array, so two vectors are the same point bitwise or they are two points; overlap is dice, the two covered counts over the two cardinalities, and the jaccard value of the same pair is in overlap_conventions.csv; containment_violations is the largest count over the seeds; nested in neither direction, so both directions are measured; this is the pair CONTEXT.md section 10 e3 takes the headline number from",0.6333333333333333,0.5675675675675675,0.6545454545454545,0.086977886977887
zdt1_interval,lu,cw,finding,coverage_a_in_b,5,20000,60,411,0.2738612787525831,5.477225575051661,,"measured on random search's one filtered sample, so the two sets differ only through the order; delta is 0.05 of the box diameter, the box_scale column; overlap is dice, the two covered counts over the two cardinalities, and the jaccard value of the same pair is in overlap_conventions.csv; containment_violations is the largest count over the seeds; nested in neither direction, so both directions are measured; this is the pair CONTEXT.md section 10 e3 takes the headline number from",0.6333333333333333,0.5675675675675675,0.6545454545454545,0.086977886977887
zdt1_interval,lu,cw,finding,coverage_b_in_a,5,5000,36,257,0.0,5.477225575051661,,"measured on random search's one filtered sample, so the two sets differ only through the order; delta is zero, so the row is the shared count over the count, with no tolerance in it at all; the three sets are index sets over one array, so two vectors are the same point bitwise or they are two points; overlap is dice, the two covered counts over the two cardinalities, and the jaccard value of the same pair is in overlap_conventions.csv; containment_violations is the largest count over the seeds; nested in neither direction, so both directions are measured; this is the pair CONTEXT.md section 10 e3 takes the headline number from",0.10116731517509728,0.08856088560885608,0.104,0.015439114391143913
zdt1_interval,lu,cw,finding,coverage_b_in_a,5,5000,36,257,0.2738612787525831,5.477225575051661,,"measured on random search's one filtered sample, so the two sets differ only through the order; delta is 0.05 of the box diameter, the box_scale column; overlap is dice, the two covered counts over the two cardinalities, and the jaccard value of the same pair is in overlap_conventions.csv; containment_violations is the largest count over the seeds; nested in neither direction, so both directions are measured; this is the pair CONTEXT.md section 10 e3 takes the headline number from",0.10116731517509728,0.08856088560885608,0.104,0.015439114391143913
zdt1_interval,lu,cw,finding,coverage_b_in_a,5,20000,60,411,0.0,5.477225575051661,,"measured on random search's one filtered sample, so the two sets differ only through the order; delta is zero, so the row is the shared count over the count, with no tolerance in it at all; the three sets are index sets over one array, so two vectors are the same point bitwise or they are two points; overlap is dice, the two covered counts over the two cardinalities, and the jaccard value of the same pair is in overlap_conventions.csv; containment_violations is the largest count over the seeds; nested in neither direction, so both directions are measured; this is the pair CONTEXT.md section 10 e3 takes the headline number from",0.08759124087591241,0.084070796460177,0.10183299389002037,0.017762197429843377
zdt1_interval,lu,cw,finding,coverage_b_in_a,5,20000,60,411,0.2738612787525831,5.477225575051661,,"measured on random search's one filtered sample, so the two sets differ only through the order; delta is 0.05 of the box diameter, the box_scale column; overlap is dice, the two covered counts over the two cardinalities, and the jaccard value of the same pair is in overlap_conventions.csv; containment_violations is the largest count over the seeds; nested in neither direction, so both directions are measured; this is the pair CONTEXT.md section 10 e3 takes the headline number from",0.08759124087591241,0.084070796460177,0.10183299389002037,0.017762197429843377
zdt1_interval,lu,cw,finding,cross_a_under_b,5,5000,36,257,0.2738612787525831,5.477225575051661,,"measured on random search's one filtered sample, so the two sets differ only through the order; delta is 0.05 of the box diameter, the box_scale column; overlap is dice, the two covered counts over the two cardinalities, and the jaccard value of the same pair is in overlap_conventions.csv; containment_violations is the largest count over the seeds; nested in neither direction, so both directions are measured; this is the pair CONTEXT.md section 10 e3 takes the headline number from",0.75,0.6875,0.8275862068965517,0.1400862068965517
zdt1_interval,lu,cw,finding,cross_a_under_b,5,20000,60,411,0.2738612787525831,5.477225575051661,,"measured on random search's one filtered sample, so the two sets differ only through the order; delta is 0.05 of the box diameter, the box_scale column; overlap is dice, the two covered counts over the two cardinalities, and the jaccard value of the same pair is in overlap_conventions.csv; containment_violations is the largest count over the seeds; nested in neither direction, so both directions are measured; this is the pair CONTEXT.md section 10 e3 takes the headline number from",0.65,0.5675675675675675,0.6545454545454545,0.086977886977887
zdt1_interval,lu,cw,finding,cross_b_under_a,5,5000,36,257,0.2738612787525831,5.477225575051661,,"measured on random search's one filtered sample, so the two sets differ only through the order; delta is 0.05 of the box diameter, the box_scale column; overlap is dice, the two covered counts over the two cardinalities, and the jaccard value of the same pair is in overlap_conventions.csv; containment_violations is the largest count over the seeds; nested in neither direction, so both directions are measured; this is the pair CONTEXT.md section 10 e3 takes the headline number from",0.104,0.08856088560885608,0.10505836575875487,0.016497480149898783
zdt1_interval,lu,cw,finding,cross_b_under_a,5,20000,60,411,0.2738612787525831,5.477225575051661,,"measured on random search's one filtered sample, so the two sets differ only through the order; delta is 0.05 of the box diameter, the box_scale column; overlap is dice, the two covered counts over the two cardinalities, and the jaccard value of the same pair is in overlap_conventions.csv; containment_violations is the largest count over the seeds; nested in neither direction, so both directions are measured; this is the pair CONTEXT.md section 10 e3 takes the headline number from",0.08759124087591241,0.08628318584070796,0.10386965376782077,0.01758646792711281
zdt1_interval,lu,cw,finding,hausdorff_a_to_b,5,5000,36,257,0.2738612787525831,5.477225575051661,,"measured on random search's one filtered sample, so the two sets differ only through the order; delta is 0.05 of the box diameter, the box_scale column; overlap is dice, the two covered counts over the two cardinalities, and the jaccard value of the same pair is in overlap_conventions.csv; containment_violations is the largest count over the seeds; nested in neither direction, so both directions are measured; this is the pair CONTEXT.md section 10 e3 takes the headline number from",1.7324970805312332,1.6658479972403972,1.7383891361086774,0.07254113886828017
zdt1_interval,lu,cw,finding,hausdorff_a_to_b,5,20000,60,411,0.2738612787525831,5.477225575051661,,"measured on random search's one filtered sample, so the two sets differ only through the order; delta is 0.05 of the box diameter, the box_scale column; overlap is dice, the two covered counts over the two cardinalities, and the jaccard value of the same pair is in overlap_conventions.csv; containment_violations is the largest count over the seeds; nested in neither direction, so both directions are measured; this is the pair CONTEXT.md section 10 e3 takes the headline number from",1.7338995978126095,1.718386032582636,1.792401172622521,0.07401514003988519
zdt1_interval,lu,cw,finding,hausdorff_b_to_a,5,5000,36,257,0.2738612787525831,5.477225575051661,,"measured on random search's one filtered sample, so the two sets differ only through the order; delta is 0.05 of the box diameter, the box_scale column; overlap is dice, the two covered counts over the two cardinalities, and the jaccard value of the same pair is in overlap_conventions.csv; containment_violations is the largest count over the seeds; nested in neither direction, so both directions are measured; this is the pair CONTEXT.md section 10 e3 takes the headline number from",2.1182030102617406,2.0829404009234755,2.1305910155058285,0.04765061458235298
zdt1_interval,lu,cw,finding,hausdorff_b_to_a,5,20000,60,411,0.2738612787525831,5.477225575051661,,"measured on random search's one filtered sample, so the two sets differ only through the order; delta is 0.05 of the box diameter, the box_scale column; overlap is dice, the two covered counts over the two cardinalities, and the jaccard value of the same pair is in overlap_conventions.csv; containment_violations is the largest count over the seeds; nested in neither direction, so both directions are measured; this is the pair CONTEXT.md section 10 e3 takes the headline number from",2.0513282790560505,2.023492844076964,2.065860683991752,0.042367839914787986
zdt1_interval,lu,cw,finding,hausdorff_symmetric,5,5000,36,257,0.2738612787525831,5.477225575051661,,"measured on random search's one filtered sample, so the two sets differ only through the order; delta is 0.05 of the box diameter, the box_scale column; overlap is dice, the two covered counts over the two cardinalities, and the jaccard value of the same pair is in overlap_conventions.csv; containment_violations is the largest count over the seeds; nested in neither direction, so both directions are measured; this is the pair CONTEXT.md section 10 e3 takes the headline number from",2.1182030102617406,2.0829404009234755,2.1305910155058285,0.04765061458235298
zdt1_interval,lu,cw,finding,hausdorff_symmetric,5,20000,60,411,0.2738612787525831,5.477225575051661,,"measured on random search's one filtered sample, so the two sets differ only through the order; delta is 0.05 of the box diameter, the box_scale column; overlap is dice, the two covered counts over the two cardinalities, and the jaccard value of the same pair is in overlap_conventions.csv; containment_violations is the largest count over the seeds; nested in neither direction, so both directions are measured; this is the pair CONTEXT.md section 10 e3 takes the headline number from",2.0513282790560505,2.023492844076964,2.065860683991752,0.042367839914787986
zdt1_interval,lu,cw,finding,overlap,5,5000,36,257,0.0,5.477225575051661,,"measured on random search's one filtered sample, so the two sets differ only through the order; delta is zero, so the row is the shared count over the count, with no tolerance in it at all; the three sets are index sets over one array, so two vectors are the same point bitwise or they are two points; overlap is dice, the two covered counts over the two cardinalities, and the jaccard value of the same pair is in overlap_conventions.csv; containment_violations is the largest count over the seeds; nested in neither direction, so both directions are measured; this is the pair CONTEXT.md section 10 e3 takes the headline number from",0.17333333333333334,0.16,0.18181818181818182,0.02181818181818182
zdt1_interval,lu,cw,finding,overlap,5,5000,36,257,0.2738612787525831,5.477225575051661,,"measured on random search's one filtered sample, so the two sets differ only through the order; delta is 0.05 of the box diameter, the box_scale column; overlap is dice, the two covered counts over the two cardinalities, and the jaccard value of the same pair is in overlap_conventions.csv; containment_violations is the largest count over the seeds; nested in neither direction, so both directions are measured; this is the pair CONTEXT.md section 10 e3 takes the headline number from",0.17333333333333334,0.16,0.18181818181818182,0.02181818181818182
zdt1_interval,lu,cw,finding,overlap,5,20000,60,411,0.0,5.477225575051661,,"measured on random search's one filtered sample, so the two sets differ only through the order; delta is zero, so the row is the shared count over the count, with no tolerance in it at all; the three sets are index sets over one array, so two vectors are the same point bitwise or they are two points; overlap is dice, the two covered counts over the two cardinalities, and the jaccard value of the same pair is in overlap_conventions.csv; containment_violations is the largest count over the seeds; nested in neither direction, so both directions are measured; this is the pair CONTEXT.md section 10 e3 takes the headline number from",0.15450643776824036,0.1484375,0.18148820326678766,0.03305070326678766
zdt1_interval,lu,cw,finding,overlap,5,20000,60,411,0.2738612787525831,5.477225575051661,,"measured on random search's one filtered sample, so the two sets differ only through the order; delta is 0.05 of the box diameter, the box_scale column; overlap is dice, the two covered counts over the two cardinalities, and the jaccard value of the same pair is in overlap_conventions.csv; containment_violations is the largest count over the seeds; nested in neither direction, so both directions are measured; this is the pair CONTEXT.md section 10 e3 takes the headline number from",0.15450643776824036,0.1484375,0.18148820326678766,0.03305070326678766
zdt1_interval,lu,ls,check,coverage_a_in_b,5,5000,36,290,0.0,5.477225575051661,,"measured on random search's one filtered sample, so the two sets differ only through the order; delta is zero, so the row is the shared count over the count, with no tolerance in it at all; the three sets are index sets over one array, so two vectors are the same point bitwise or they are two points; overlap is dice, the two covered counts over the two cardinalities, and the jaccard value of the same pair is in overlap_conventions.csv; containment_violations is the largest count over the seeds; check on r-06 and not a finding: ND_lu sits inside ND_ls exactly and for every problem, docs/a_close_containment.md, so coverage of lu in ls and one direction of the overlap are fixed before this runs. the containment is exact in real arithmetic and fails by rounding in doubles, one point of 1565 measured, r-11, so a nonzero violation count is arithmetic and never a result about phi. it stands on s-11; if the supervisors refute the criterion this pair is reported like the other and no result moves",1.0,1.0,1.0,0.0
zdt1_interval,lu,ls,check,coverage_a_in_b,5,5000,36,290,0.2738612787525831,5.477225575051661,0,"measured on random search's one filtered sample, so the two sets differ only through the order; delta is 0.05 of the box diameter, the box_scale column; overlap is dice, the two covered counts over the two cardinalities, and the jaccard value of the same pair is in overlap_conventions.csv; containment_violations is the largest count over the seeds; check on r-06 and not a finding: ND_lu sits inside ND_ls exactly and for every problem, docs/a_close_containment.md, so coverage of lu in ls and one direction of the overlap are fixed before this runs. the containment is exact in real arithmetic and fails by rounding in doubles, one point of 1565 measured, r-11, so a nonzero violation count is arithmetic and never a result about phi. it stands on s-11; if the supervisors refute the criterion this pair is reported like the other and no result moves",1.0,1.0,1.0,0.0
zdt1_interval,lu,ls,check,coverage_a_in_b,5,20000,60,481,0.0,5.477225575051661,,"measured on random search's one filtered sample, so the two sets differ only through the order; delta is zero, so the row is the shared count over the count, with no tolerance in it at all; the three sets are index sets over one array, so two vectors are the same point bitwise or they are two points; overlap is dice, the two covered counts over the two cardinalities, and the jaccard value of the same pair is in overlap_conventions.csv; containment_violations is the largest count over the seeds; check on r-06 and not a finding: ND_lu sits inside ND_ls exactly and for every problem, docs/a_close_containment.md, so coverage of lu in ls and one direction of the overlap are fixed before this runs. the containment is exact in real arithmetic and fails by rounding in doubles, one point of 1565 measured, r-11, so a nonzero violation count is arithmetic and never a result about phi. it stands on s-11; if the supervisors refute the criterion this pair is reported like the other and no result moves",1.0,1.0,1.0,0.0
zdt1_interval,lu,ls,check,coverage_a_in_b,5,20000,60,481,0.2738612787525831,5.477225575051661,0,"measured on random search's one filtered sample, so the two sets differ only through the order; delta is 0.05 of the box diameter, the box_scale column; overlap is dice, the two covered counts over the two cardinalities, and the jaccard value of the same pair is in overlap_conventions.csv; containment_violations is the largest count over the seeds; check on r-06 and not a finding: ND_lu sits inside ND_ls exactly and for every problem, docs/a_close_containment.md, so coverage of lu in ls and one direction of the overlap are fixed before this runs. the containment is exact in real arithmetic and fails by rounding in doubles, one point of 1565 measured, r-11, so a nonzero violation count is arithmetic and never a result about phi. it stands on s-11; if the supervisors refute the criterion this pair is reported like the other and no result moves",1.0,1.0,1.0,0.0
zdt1_interval,lu,ls,check,coverage_b_in_a,5,5000,36,290,0.0,5.477225575051661,,"measured on random search's one filtered sample, so the two sets differ only through the order; delta is zero, so the row is the shared count over the count, with no tolerance in it at all; the three sets are index sets over one array, so two vectors are the same point bitwise or they are two points; overlap is dice, the two covered counts over the two cardinalities, and the jaccard value of the same pair is in overlap_conventions.csv; containment_violations is the largest count over the seeds; check on r-06 and not a finding: ND_lu sits inside ND_ls exactly and for every problem, docs/a_close_containment.md, so coverage of lu in ls and one direction of the overlap are fixed before this runs. the containment is exact in real arithmetic and fails by rounding in doubles, one point of 1565 measured, r-11, so a nonzero violation count is arithmetic and never a result about phi. it stands on s-11; if the supervisors refute the criterion this pair is reported like the other and no result moves",0.12413793103448276,0.10126582278481013,0.1482758620689655,0.04701003928415538
zdt1_interval,lu,ls,check,coverage_b_in_a,5,5000,36,290,0.2738612787525831,5.477225575051661,0,"measured on random search's one filtered sample, so the two sets differ only through the order; delta is 0.05 of the box diameter, the box_scale column; overlap is dice, the two covered counts over the two cardinalities, and the jaccard value of the same pair is in overlap_conventions.csv; containment_violations is the largest count over the seeds; check on r-06 and not a finding: ND_lu sits inside ND_ls exactly and for every problem, docs/a_close_containment.md, so coverage of lu in ls and one direction of the overlap are fixed before this runs. the containment is exact in real arithmetic and fails by rounding in doubles, one point of 1565 measured, r-11, so a nonzero violation count is arithmetic and never a result about phi. it stands on s-11; if the supervisors refute the criterion this pair is reported like the other and no result moves",0.12413793103448276,0.10126582278481013,0.1482758620689655,0.04701003928415538
zdt1_interval,lu,ls,check,coverage_b_in_a,5,20000,60,481,0.0,5.477225575051661,,"measured on random search's one filtered sample, so the two sets differ only through the order; delta is zero, so the row is the shared count over the count, with no tolerance in it at all; the three sets are index sets over one array, so two vectors are the same point bitwise or they are two points; overlap is dice, the two covered counts over the two cardinalities, and the jaccard value of the same pair is in overlap_conventions.csv; containment_violations is the largest count over the seeds; check on r-06 and not a finding: ND_lu sits inside ND_ls exactly and for every problem, docs/a_close_containment.md, so coverage of lu in ls and one direction of the overlap are fixed before this runs. the containment is exact in real arithmetic and fails by rounding in doubles, one point of 1565 measured, r-11, so a nonzero violation count is arithmetic and never a result about phi. it stands on s-11; if the supervisors refute the criterion this pair is reported like the other and no result moves",0.11627906976744186,0.11583011583011583,0.12266112266112267,0.006831006831006833
zdt1_interval,lu,ls,check,coverage_b_in_a,5,20000,60,481,0.2738612787525831,5.477225575051661,0,"measured on random search's one filtered sample, so the two sets differ only through the order; delta is 0.05 of the box diameter, the box_scale column; overlap is dice, the two covered counts over the two cardinalities, and the jaccard value of the same pair is in overlap_conventions.csv; containment_violations is the largest count over the seeds; check on r-06 and not a finding: ND_lu sits inside ND_ls exactly and for every problem, docs/a_close_containment.md, so coverage of lu in ls and one direction of the overlap are fixed before this runs. the containment is exact in real arithmetic and fails by rounding in doubles, one point of 1565 measured, r-11, so a nonzero violation count is arithmetic and never a result about phi. it stands on s-11; if the supervisors refute the criterion this pair is reported like the other and no result moves",0.11627906976744186,0.11583011583011583,0.12266112266112267,0.006831006831006833
zdt1_interval,lu,ls,check,cross_a_under_b,5,5000,36,290,0.2738612787525831,5.477225575051661,0,"measured on random search's one filtered sample, so the two sets differ only through the order; delta is 0.05 of the box diameter, the box_scale column; overlap is dice, the two covered counts over the two cardinalities, and the jaccard value of the same pair is in overlap_conventions.csv; containment_violations is the largest count over the seeds; check on r-06 and not a finding: ND_lu sits inside ND_ls exactly and for every problem, docs/a_close_containment.md, so coverage of lu in ls and one direction of the overlap are fixed before this runs. the containment is exact in real arithmetic and fails by rounding in doubles, one point of 1565 measured, r-11, so a nonzero violation count is arithmetic and never a result about phi. it stands on s-11; if the supervisors refute the criterion this pair is reported like the other and no result moves",1.0,1.0,1.0,0.0
zdt1_interval,lu,ls,check,cross_a_under_b,5,20000,60,481,0.2738612787525831,5.477225575051661,0,"measured on random search's one filtered sample, so the two sets differ only through the order; delta is 0.05 of the box diameter, the box_scale column; overlap is dice, the two covered counts over the two cardinalities, and the jaccard value of the same pair is in overlap_conventions.csv; containment_violations is the largest count over the seeds; check on r-06 and not a finding: ND_lu sits inside ND_ls exactly and for every problem, docs/a_close_containment.md, so coverage of lu in ls and one direction of the overlap are fixed before this runs. the containment is exact in real arithmetic and fails by rounding in doubles, one point of 1565 measured, r-11, so a nonzero violation count is arithmetic and never a result about phi. it stands on s-11; if the supervisors refute the criterion this pair is reported like the other and no result moves",1.0,1.0,1.0,0.0
zdt1_interval,lu,ls,check,cross_b_under_a,5,5000,36,290,0.2738612787525831,5.477225575051661,0,"measured on random search's one filtered sample, so the two sets differ only through the order; delta is 0.05 of the box diameter, the box_scale column; overlap is dice, the two covered counts over the two cardinalities, and the jaccard value of the same pair is in overlap_conventions.csv; containment_violations is the largest count over the seeds; check on r-06 and not a finding: ND_lu sits inside ND_ls exactly and for every problem, docs/a_close_containment.md, so coverage of lu in ls and one direction of the overlap are fixed before this runs. the containment is exact in real arithmetic and fails by rounding in doubles, one point of 1565 measured, r-11, so a nonzero violation count is arithmetic and never a result about phi. it stands on s-11; if the supervisors refute the criterion this pair is reported like the other and no result moves",0.12413793103448276,0.10126582278481013,0.1482758620689655,0.04701003928415538
zdt1_interval,lu,ls,check,cross_b_under_a,5,20000,60,481,0.2738612787525831,5.477225575051661,0,"measured on random search's one filtered sample, so the two sets differ only through the order; delta is 0.05 of the box diameter, the box_scale column; overlap is dice, the two covered counts over the two cardinalities, and the jaccard value of the same pair is in overlap_conventions.csv; containment_violations is the largest count over the seeds; check on r-06 and not a finding: ND_lu sits inside ND_ls exactly and for every problem, docs/a_close_containment.md, so coverage of lu in ls and one direction of the overlap are fixed before this runs. the containment is exact in real arithmetic and fails by rounding in doubles, one point of 1565 measured, r-11, so a nonzero violation count is arithmetic and never a result about phi. it stands on s-11; if the supervisors refute the criterion this pair is reported like the other and no result moves",0.11627906976744186,0.11583011583011583,0.12266112266112267,0.006831006831006833
zdt1_interval,lu,ls,check,hausdorff_a_to_b,5,5000,36,290,0.2738612787525831,5.477225575051661,0,"measured on random search's one filtered sample, so the two sets differ only through the order; delta is 0.05 of the box diameter, the box_scale column; overlap is dice, the two covered counts over the two cardinalities, and the jaccard value of the same pair is in overlap_conventions.csv; containment_violations is the largest count over the seeds; check on r-06 and not a finding: ND_lu sits inside ND_ls exactly and for every problem, docs/a_close_containment.md, so coverage of lu in ls and one direction of the overlap are fixed before this runs. the containment is exact in real arithmetic and fails by rounding in doubles, one point of 1565 measured, r-11, so a nonzero violation count is arithmetic and never a result about phi. it stands on s-11; if the supervisors refute the criterion this pair is reported like the other and no result moves",0.0,0.0,0.0,0.0
zdt1_interval,lu,ls,check,hausdorff_a_to_b,5,20000,60,481,0.2738612787525831,5.477225575051661,0,"measured on random search's one filtered sample, so the two sets differ only through the order; delta is 0.05 of the box diameter, the box_scale column; overlap is dice, the two covered counts over the two cardinalities, and the jaccard value of the same pair is in overlap_conventions.csv; containment_violations is the largest count over the seeds; check on r-06 and not a finding: ND_lu sits inside ND_ls exactly and for every problem, docs/a_close_containment.md, so coverage of lu in ls and one direction of the overlap are fixed before this runs. the containment is exact in real arithmetic and fails by rounding in doubles, one point of 1565 measured, r-11, so a nonzero violation count is arithmetic and never a result about phi. it stands on s-11; if the supervisors refute the criterion this pair is reported like the other and no result moves",0.0,0.0,0.0,0.0
zdt1_interval,lu,ls,check,hausdorff_b_to_a,5,5000,36,290,0.2738612787525831,5.477225575051661,0,"measured on random search's one filtered sample, so the two sets differ only through the order; delta is 0.05 of the box diameter, the box_scale column; overlap is dice, the two covered counts over the two cardinalities, and the jaccard value of the same pair is in overlap_conventions.csv; containment_violations is the largest count over the seeds; check on r-06 and not a finding: ND_lu sits inside ND_ls exactly and for every problem, docs/a_close_containment.md, so coverage of lu in ls and one direction of the overlap are fixed before this runs. the containment is exact in real arithmetic and fails by rounding in doubles, one point of 1565 measured, r-11, so a nonzero violation count is arithmetic and never a result about phi. it stands on s-11; if the supervisors refute the criterion this pair is reported like the other and no result moves",2.1182030102617406,2.0829404009234755,2.1305910155058285,0.04765061458235298
zdt1_interval,lu,ls,check,hausdorff_b_to_a,5,20000,60,481,0.2738612787525831,5.477225575051661,0,"measured on random search's one filtered sample, so the two sets differ only through the order; delta is 0.05 of the box diameter, the box_scale column; overlap is dice, the two covered counts over the two cardinalities, and the jaccard value of the same pair is in overlap_conventions.csv; containment_violations is the largest count over the seeds; check on r-06 and not a finding: ND_lu sits inside ND_ls exactly and for every problem, docs/a_close_containment.md, so coverage of lu in ls and one direction of the overlap are fixed before this runs. the containment is exact in real arithmetic and fails by rounding in doubles, one point of 1565 measured, r-11, so a nonzero violation count is arithmetic and never a result about phi. it stands on s-11; if the supervisors refute the criterion this pair is reported like the other and no result moves",2.0513282790560505,2.023492844076964,2.065860683991752,0.042367839914787986
zdt1_interval,lu,ls,check,hausdorff_symmetric,5,5000,36,290,0.2738612787525831,5.477225575051661,0,"measured on random search's one filtered sample, so the two sets differ only through the order; delta is 0.05 of the box diameter, the box_scale column; overlap is dice, the two covered counts over the two cardinalities, and the jaccard value of the same pair is in overlap_conventions.csv; containment_violations is the largest count over the seeds; check on r-06 and not a finding: ND_lu sits inside ND_ls exactly and for every problem, docs/a_close_containment.md, so coverage of lu in ls and one direction of the overlap are fixed before this runs. the containment is exact in real arithmetic and fails by rounding in doubles, one point of 1565 measured, r-11, so a nonzero violation count is arithmetic and never a result about phi. it stands on s-11; if the supervisors refute the criterion this pair is reported like the other and no result moves",2.1182030102617406,2.0829404009234755,2.1305910155058285,0.04765061458235298
zdt1_interval,lu,ls,check,hausdorff_symmetric,5,20000,60,481,0.2738612787525831,5.477225575051661,0,"measured on random search's one filtered sample, so the two sets differ only through the order; delta is 0.05 of the box diameter, the box_scale column; overlap is dice, the two covered counts over the two cardinalities, and the jaccard value of the same pair is in overlap_conventions.csv; containment_violations is the largest count over the seeds; check on r-06 and not a finding: ND_lu sits inside ND_ls exactly and for every problem, docs/a_close_containment.md, so coverage of lu in ls and one direction of the overlap are fixed before this runs. the containment is exact in real arithmetic and fails by rounding in doubles, one point of 1565 measured, r-11, so a nonzero violation count is arithmetic and never a result about phi. it stands on s-11; if the supervisors refute the criterion this pair is reported like the other and no result moves",2.0513282790560505,2.023492844076964,2.065860683991752,0.042367839914787986
zdt1_interval,lu,ls,check,overlap,5,5000,36,290,0.0,5.477225575051661,,"measured on random search's one filtered sample, so the two sets differ only through the order; delta is zero, so the row is the shared count over the count, with no tolerance in it at all; the three sets are index sets over one array, so two vectors are the same point bitwise or they are two points; overlap is dice, the two covered counts over the two cardinalities, and the jaccard value of the same pair is in overlap_conventions.csv; containment_violations is the largest count over the seeds; check on r-06 and not a finding: ND_lu sits inside ND_ls exactly and for every problem, docs/a_close_containment.md, so coverage of lu in ls and one direction of the overlap are fixed before this runs. the containment is exact in real arithmetic and fails by rounding in doubles, one point of 1565 measured, r-11, so a nonzero violation count is arithmetic and never a result about phi. it stands on s-11; if the supervisors refute the criterion this pair is reported like the other and no result moves",0.22085889570552147,0.1839080459770115,0.25825825825825827,0.07435021228124677
zdt1_interval,lu,ls,check,overlap,5,5000,36,290,0.2738612787525831,5.477225575051661,0,"measured on random search's one filtered sample, so the two sets differ only through the order; delta is 0.05 of the box diameter, the box_scale column; overlap is dice, the two covered counts over the two cardinalities, and the jaccard value of the same pair is in overlap_conventions.csv; containment_violations is the largest count over the seeds; check on r-06 and not a finding: ND_lu sits inside ND_ls exactly and for every problem, docs/a_close_containment.md, so coverage of lu in ls and one direction of the overlap are fixed before this runs. the containment is exact in real arithmetic and fails by rounding in doubles, one point of 1565 measured, r-11, so a nonzero violation count is arithmetic and never a result about phi. it stands on s-11; if the supervisors refute the criterion this pair is reported like the other and no result moves",0.22085889570552147,0.1839080459770115,0.25825825825825827,0.07435021228124677
zdt1_interval,lu,ls,check,overlap,5,20000,60,481,0.0,5.477225575051661,,"measured on random search's one filtered sample, so the two sets differ only through the order; delta is zero, so the row is the shared count over the count, with no tolerance in it at all; the three sets are index sets over one array, so two vectors are the same point bitwise or they are two points; overlap is dice, the two covered counts over the two cardinalities, and the jaccard value of the same pair is in overlap_conventions.csv; containment_violations is the largest count over the seeds; check on r-06 and not a finding: ND_lu sits inside ND_ls exactly and for every problem, docs/a_close_containment.md, so coverage of lu in ls and one direction of the overlap are fixed before this runs. the containment is exact in real arithmetic and fails by rounding in doubles, one point of 1565 measured, r-11, so a nonzero violation count is arithmetic and never a result about phi. it stands on s-11; if the supervisors refute the criterion this pair is reported like the other and no result moves",0.20833333333333334,0.20761245674740483,0.21851851851851853,0.010906061771113695
zdt1_interval,lu,ls,check,overlap,5,20000,60,481,0.2738612787525831,5.477225575051661,0,"measured on random search's one filtered sample, so the two sets differ only through the order; delta is 0.05 of the box diameter, the box_scale column; overlap is dice, the two covered counts over the two cardinalities, and the jaccard value of the same pair is in overlap_conventions.csv; containment_violations is the largest count over the seeds; check on r-06 and not a finding: ND_lu sits inside ND_ls exactly and for every problem, docs/a_close_containment.md, so coverage of lu in ls and one direction of the overlap are fixed before this runs. the containment is exact in real arithmetic and fails by rounding in doubles, one point of 1565 measured, r-11, so a nonzero violation count is arithmetic and never a result about phi. it stands on s-11; if the supervisors refute the criterion this pair is reported like the other and no result moves",0.20833333333333334,0.20761245674740483,0.21851851851851853,0.010906061771113695
zdt1_interval,cw,cw,finding,coverage_a_in_b,5,5000,257,257,0.2738612787525831,5.477225575051661,,"noise floor and not a pair: one phi against itself at two seeds, so no order difference can appear in it and a cross-phi number that does not exceed it is not evidence. it is labelled a check because d3 reserves the finding label for the row carrying the sensitivity signal and this row carries none; delta is 0.05 of the box diameter, the box_scale column; overlap is dice, the two covered counts over the two cardinalities, and the jaccard value of the same pair is in overlap_conventions.csv; containment_violations is the largest count over the seeds; nested in neither direction, so both directions are measured; this is the pair CONTEXT.md section 10 e3 takes the headline number from",0.0,0.0,0.0,0.0
zdt1_interval,cw,cw,finding,coverage_a_in_b,5,20000,411,411,0.2738612787525831,5.477225575051661,,"noise floor and not a pair: one phi against itself at two seeds, so no order difference can appear in it and a cross-phi number that does not exceed it is not evidence. it is labelled a check because d3 reserves the finding label for the row carrying the sensitivity signal and this row carries none; delta is 0.05 of the box diameter, the box_scale column; overlap is dice, the two covered counts over the two cardinalities, and the jaccard value of the same pair is in overlap_conventions.csv; containment_violations is the largest count over the seeds; nested in neither direction, so both directions are measured; this is the pair CONTEXT.md section 10 e3 takes the headline number from",0.0,0.0,0.0,0.0
zdt1_interval,cw,cw,finding,coverage_b_in_a,5,5000,257,257,0.2738612787525831,5.477225575051661,,"noise floor and not a pair: one phi against itself at two seeds, so no order difference can appear in it and a cross-phi number that does not exceed it is not evidence. it is labelled a check because d3 reserves the finding label for the row carrying the sensitivity signal and this row carries none; delta is 0.05 of the box diameter, the box_scale column; overlap is dice, the two covered counts over the two cardinalities, and the jaccard value of the same pair is in overlap_conventions.csv; containment_violations is the largest count over the seeds; nested in neither direction, so both directions are measured; this is the pair CONTEXT.md section 10 e3 takes the headline number from",0.0,0.0,0.0,0.0
zdt1_interval,cw,cw,finding,coverage_b_in_a,5,20000,411,411,0.2738612787525831,5.477225575051661,,"noise floor and not a pair: one phi against itself at two seeds, so no order difference can appear in it and a cross-phi number that does not exceed it is not evidence. it is labelled a check because d3 reserves the finding label for the row carrying the sensitivity signal and this row carries none; delta is 0.05 of the box diameter, the box_scale column; overlap is dice, the two covered counts over the two cardinalities, and the jaccard value of the same pair is in overlap_conventions.csv; containment_violations is the largest count over the seeds; nested in neither direction, so both directions are measured; this is the pair CONTEXT.md section 10 e3 takes the headline number from",0.0,0.0,0.0,0.0
zdt1_interval,cw,cw,finding,overlap,5,5000,257,257,0.2738612787525831,5.477225575051661,,"noise floor and not a pair: one phi against itself at two seeds, so no order difference can appear in it and a cross-phi number that does not exceed it is not evidence. it is labelled a check because d3 reserves the finding label for the row carrying the sensitivity signal and this row carries none; delta is 0.05 of the box diameter, the box_scale column; overlap is dice, the two covered counts over the two cardinalities, and the jaccard value of the same pair is in overlap_conventions.csv; containment_violations is the largest count over the seeds; nested in neither direction, so both directions are measured; this is the pair CONTEXT.md section 10 e3 takes the headline number from",0.0,0.0,0.0,0.0
zdt1_interval,cw,cw,finding,overlap,5,20000,411,411,0.2738612787525831,5.477225575051661,,"noise floor and not a pair: one phi against itself at two seeds, so no order difference can appear in it and a cross-phi number that does not exceed it is not evidence. it is labelled a check because d3 reserves the finding label for the row carrying the sensitivity signal and this row carries none; delta is 0.05 of the box diameter, the box_scale column; overlap is dice, the two covered counts over the two cardinalities, and the jaccard value of the same pair is in overlap_conventions.csv; containment_violations is the largest count over the seeds; nested in neither direction, so both directions are measured; this is the pair CONTEXT.md section 10 e3 takes the headline number from",0.0,0.0,0.0,0.0
zdt1_interval,ls,ls,finding,coverage_a_in_b,5,5000,290,290,0.2738612787525831,5.477225575051661,,"noise floor and not a pair: one phi against itself at two seeds, so no order difference can appear in it and a cross-phi number that does not exceed it is not evidence. it is labelled a check because d3 reserves the finding label for the row carrying the sensitivity signal and this row carries none; delta is 0.05 of the box diameter, the box_scale column; overlap is dice, the two covered counts over the two cardinalities, and the jaccard value of the same pair is in overlap_conventions.csv; containment_violations is the largest count over the seeds; nested in neither direction, so both directions are measured; this is the pair CONTEXT.md section 10 e3 takes the headline number from",0.0,0.0,0.0,0.0
zdt1_interval,ls,ls,finding,coverage_a_in_b,5,20000,481,481,0.2738612787525831,5.477225575051661,,"noise floor and not a pair: one phi against itself at two seeds, so no order difference can appear in it and a cross-phi number that does not exceed it is not evidence. it is labelled a check because d3 reserves the finding label for the row carrying the sensitivity signal and this row carries none; delta is 0.05 of the box diameter, the box_scale column; overlap is dice, the two covered counts over the two cardinalities, and the jaccard value of the same pair is in overlap_conventions.csv; containment_violations is the largest count over the seeds; nested in neither direction, so both directions are measured; this is the pair CONTEXT.md section 10 e3 takes the headline number from",0.0,0.0,0.0,0.0
zdt1_interval,ls,ls,finding,coverage_b_in_a,5,5000,290,290,0.2738612787525831,5.477225575051661,,"noise floor and not a pair: one phi against itself at two seeds, so no order difference can appear in it and a cross-phi number that does not exceed it is not evidence. it is labelled a check because d3 reserves the finding label for the row carrying the sensitivity signal and this row carries none; delta is 0.05 of the box diameter, the box_scale column; overlap is dice, the two covered counts over the two cardinalities, and the jaccard value of the same pair is in overlap_conventions.csv; containment_violations is the largest count over the seeds; nested in neither direction, so both directions are measured; this is the pair CONTEXT.md section 10 e3 takes the headline number from",0.0,0.0,0.0,0.0
zdt1_interval,ls,ls,finding,coverage_b_in_a,5,20000,481,481,0.2738612787525831,5.477225575051661,,"noise floor and not a pair: one phi against itself at two seeds, so no order difference can appear in it and a cross-phi number that does not exceed it is not evidence. it is labelled a check because d3 reserves the finding label for the row carrying the sensitivity signal and this row carries none; delta is 0.05 of the box diameter, the box_scale column; overlap is dice, the two covered counts over the two cardinalities, and the jaccard value of the same pair is in overlap_conventions.csv; containment_violations is the largest count over the seeds; nested in neither direction, so both directions are measured; this is the pair CONTEXT.md section 10 e3 takes the headline number from",0.0,0.0,0.0,0.0
zdt1_interval,ls,ls,finding,overlap,5,5000,290,290,0.2738612787525831,5.477225575051661,,"noise floor and not a pair: one phi against itself at two seeds, so no order difference can appear in it and a cross-phi number that does not exceed it is not evidence. it is labelled a check because d3 reserves the finding label for the row carrying the sensitivity signal and this row carries none; delta is 0.05 of the box diameter, the box_scale column; overlap is dice, the two covered counts over the two cardinalities, and the jaccard value of the same pair is in overlap_conventions.csv; containment_violations is the largest count over the seeds; nested in neither direction, so both directions are measured; this is the pair CONTEXT.md section 10 e3 takes the headline number from",0.0,0.0,0.0,0.0
zdt1_interval,ls,ls,finding,overlap,5,20000,481,481,0.2738612787525831,5.477225575051661,,"noise floor and not a pair: one phi against itself at two seeds, so no order difference can appear in it and a cross-phi number that does not exceed it is not evidence. it is labelled a check because d3 reserves the finding label for the row carrying the sensitivity signal and this row carries none; delta is 0.05 of the box diameter, the box_scale column; overlap is dice, the two covered counts over the two cardinalities, and the jaccard value of the same pair is in overlap_conventions.csv; containment_violations is the largest count over the seeds; nested in neither direction, so both directions are measured; this is the pair CONTEXT.md section 10 e3 takes the headline number from",0.0,0.0,0.0,0.0
zdt1_interval,lu,lu,finding,coverage_a_in_b,5,5000,36,36,0.2738612787525831,5.477225575051661,,"noise floor and not a pair: one phi against itself at two seeds, so no order difference can appear in it and a cross-phi number that does not exceed it is not evidence. it is labelled a check because d3 reserves the finding label for the row carrying the sensitivity signal and this row carries none; delta is 0.05 of the box diameter, the box_scale column; overlap is dice, the two covered counts over the two cardinalities, and the jaccard value of the same pair is in overlap_conventions.csv; containment_violations is the largest count over the seeds; nested in neither direction, so both directions are measured; this is the pair CONTEXT.md section 10 e3 takes the headline number from",0.0,0.0,0.0,0.0
zdt1_interval,lu,lu,finding,coverage_a_in_b,5,20000,60,60,0.2738612787525831,5.477225575051661,,"noise floor and not a pair: one phi against itself at two seeds, so no order difference can appear in it and a cross-phi number that does not exceed it is not evidence. it is labelled a check because d3 reserves the finding label for the row carrying the sensitivity signal and this row carries none; delta is 0.05 of the box diameter, the box_scale column; overlap is dice, the two covered counts over the two cardinalities, and the jaccard value of the same pair is in overlap_conventions.csv; containment_violations is the largest count over the seeds; nested in neither direction, so both directions are measured; this is the pair CONTEXT.md section 10 e3 takes the headline number from",0.0,0.0,0.0,0.0
zdt1_interval,lu,lu,finding,coverage_b_in_a,5,5000,36,36,0.2738612787525831,5.477225575051661,,"noise floor and not a pair: one phi against itself at two seeds, so no order difference can appear in it and a cross-phi number that does not exceed it is not evidence. it is labelled a check because d3 reserves the finding label for the row carrying the sensitivity signal and this row carries none; delta is 0.05 of the box diameter, the box_scale column; overlap is dice, the two covered counts over the two cardinalities, and the jaccard value of the same pair is in overlap_conventions.csv; containment_violations is the largest count over the seeds; nested in neither direction, so both directions are measured; this is the pair CONTEXT.md section 10 e3 takes the headline number from",0.0,0.0,0.0,0.0
zdt1_interval,lu,lu,finding,coverage_b_in_a,5,20000,60,60,0.2738612787525831,5.477225575051661,,"noise floor and not a pair: one phi against itself at two seeds, so no order difference can appear in it and a cross-phi number that does not exceed it is not evidence. it is labelled a check because d3 reserves the finding label for the row carrying the sensitivity signal and this row carries none; delta is 0.05 of the box diameter, the box_scale column; overlap is dice, the two covered counts over the two cardinalities, and the jaccard value of the same pair is in overlap_conventions.csv; containment_violations is the largest count over the seeds; nested in neither direction, so both directions are measured; this is the pair CONTEXT.md section 10 e3 takes the headline number from",0.0,0.0,0.0,0.0
zdt1_interval,lu,lu,finding,overlap,5,5000,36,36,0.2738612787525831,5.477225575051661,,"noise floor and not a pair: one phi against itself at two seeds, so no order difference can appear in it and a cross-phi number that does not exceed it is not evidence. it is labelled a check because d3 reserves the finding label for the row carrying the sensitivity signal and this row carries none; delta is 0.05 of the box diameter, the box_scale column; overlap is dice, the two covered counts over the two cardinalities, and the jaccard value of the same pair is in overlap_conventions.csv; containment_violations is the largest count over the seeds; nested in neither direction, so both directions are measured; this is the pair CONTEXT.md section 10 e3 takes the headline number from",0.0,0.0,0.0,0.0
zdt1_interval,lu,lu,finding,overlap,5,20000,60,60,0.2738612787525831,5.477225575051661,,"noise floor and not a pair: one phi against itself at two seeds, so no order difference can appear in it and a cross-phi number that does not exceed it is not evidence. it is labelled a check because d3 reserves the finding label for the row carrying the sensitivity signal and this row carries none; delta is 0.05 of the box diameter, the box_scale column; overlap is dice, the two covered counts over the two cardinalities, and the jaccard value of the same pair is in overlap_conventions.csv; containment_violations is the largest count over the seeds; nested in neither direction, so both directions are measured; this is the pair CONTEXT.md section 10 e3 takes the headline number from",0.0,0.0,0.0,0.0
