# metrics table, written by src/reporting.py, subpart d3. two blocks with
# different columns, and the split is the content and not the layout.
# every value is a median with its interquartile range over the seed count in
# the same row, and every row states the evaluation budget and the
# cardinality it was computed at. no cell is one run.

block,objective_space
# hypervolume, igd and spread are computed on the (k, 2m) rows of one
# phi's image. each phi maps the same problem into a different space on a
# different scale, CONTEXT.md section 5 step 5, so these compare solvers
# under one fixed phi and never rank one phi against another; a ratio
# taken across two phi here is a ratio of volumes in two different spaces
# and means nothing. all three move with the cardinality, r-16, which is
# why every row states the one it was computed at.
problem,phi,solver,metric,n_seeds,n_evals,cardinality,reference_size,sampling_mode,include_singular_segments,hv_reference_rule,hv_reference_point,median,q1,q3,iqr
dtlz2_interval,cw,mopso,hypervolume,5,5000,100,0,farthest_point,False,reference_front_nadir_plus_range_tenth,3.214121488464704 0.55 3.015398148278539 0.55 3.1320934325584835 0.55,3.6727935097501216,3.6266342966699803,3.7209554520033192,0.09432115533333896
dtlz2_interval,cw,mopso,spread,5,5000,100,0,farthest_point,False,reference_front_nadir_plus_range_tenth,3.214121488464704 0.55 3.015398148278539 0.55 3.1320934325584835 0.55,3.971311737152547,3.907558109427665,4.163120939409396,0.25556282998173074
dtlz2_interval,cw,nsga2,hypervolume,5,5000,100,0,farthest_point,False,reference_front_nadir_plus_range_tenth,3.214121488464704 0.55 3.015398148278539 0.55 3.1320934325584835 0.55,3.517837838295049,3.36772482963314,3.5773764864756163,0.20965165684247644
dtlz2_interval,cw,nsga2,spread,5,5000,100,0,farthest_point,False,reference_front_nadir_plus_range_tenth,3.214121488464704 0.55 3.015398148278539 0.55 3.1320934325584835 0.55,4.7424405495959405,4.729236510690663,4.902654276784169,0.17341776609350568
dtlz2_interval,cw,random_search,hypervolume,5,5000,100,0,farthest_point,False,reference_front_nadir_plus_range_tenth,3.214121488464704 0.55 3.015398148278539 0.55 3.1320934325584835 0.55,3.495474852768837,3.4875108462175652,3.5663484290170953,0.07883758279953001
dtlz2_interval,cw,random_search,spread,5,5000,100,0,farthest_point,False,reference_front_nadir_plus_range_tenth,3.214121488464704 0.55 3.015398148278539 0.55 3.1320934325584835 0.55,3.653839869284493,3.624044191627221,3.7091345369566877,0.08509034532946691
dtlz2_interval,ls,mopso,hypervolume,5,5000,100,0,farthest_point,False,reference_front_nadir_plus_range_tenth,3.3722711048173504 1.1 3.508691697614196 1.1 3.365074678420174 1.1,43.057817814704904,42.99617178086427,44.536202549146566,1.5400307682822927
dtlz2_interval,ls,mopso,spread,5,5000,100,0,farthest_point,False,reference_front_nadir_plus_range_tenth,3.3722711048173504 1.1 3.508691697614196 1.1 3.365074678420174 1.1,5.07479829584302,4.903959014426098,5.224565177509086,0.3206061630829877
dtlz2_interval,ls,nsga2,hypervolume,5,5000,100,0,farthest_point,False,reference_front_nadir_plus_range_tenth,3.3722711048173504 1.1 3.508691697614196 1.1 3.365074678420174 1.1,44.631714436722895,41.3348385673237,45.754629054187,4.419790486863299
dtlz2_interval,ls,nsga2,spread,5,5000,100,0,farthest_point,False,reference_front_nadir_plus_range_tenth,3.3722711048173504 1.1 3.508691697614196 1.1 3.365074678420174 1.1,6.162534228704967,5.945104437543563,6.2234596199354835,0.2783551823919206
dtlz2_interval,ls,random_search,hypervolume,5,5000,100,0,farthest_point,False,reference_front_nadir_plus_range_tenth,3.3722711048173504 1.1 3.508691697614196 1.1 3.365074678420174 1.1,43.05887509742669,42.554284767194304,44.186557361307884,1.63227259411358
dtlz2_interval,ls,random_search,spread,5,5000,100,0,farthest_point,False,reference_front_nadir_plus_range_tenth,3.3722711048173504 1.1 3.508691697614196 1.1 3.365074678420174 1.1,4.526410868585219,4.446488463820636,4.54191189581422,0.09542343199358427
dtlz2_interval,lu,mopso,hypervolume,5,5000,100,0,farthest_point,False,reference_front_nadir_plus_range_tenth,3.375115862678196 3.672708826706637 3.2313641356427327 3.919641792270078 3.388850713872446 3.9711327294557983,2105.741430497874,2077.182515033473,2129.1571635070695,51.97464847359652
dtlz2_interval,lu,mopso,spread,5,5000,100,0,farthest_point,False,reference_front_nadir_plus_range_tenth,3.375115862678196 3.672708826706637 3.2313641356427327 3.919641792270078 3.388850713872446 3.9711327294557983,6.613136022518478,6.200387743134669,6.656094802398904,0.4557070592642356
dtlz2_interval,lu,nsga2,hypervolume,5,5000,100,0,farthest_point,False,reference_front_nadir_plus_range_tenth,3.375115862678196 3.672708826706637 3.2313641356427327 3.919641792270078 3.388850713872446 3.9711327294557983,1920.8747573506637,1878.4735966372955,1935.993272235416,57.51967559812056
dtlz2_interval,lu,nsga2,spread,5,5000,100,0,farthest_point,False,reference_front_nadir_plus_range_tenth,3.375115862678196 3.672708826706637 3.2313641356427327 3.919641792270078 3.388850713872446 3.9711327294557983,8.028874618238282,7.995669640408796,8.255177461285431,0.25950782087663526
dtlz2_interval,lu,random_search,hypervolume,5,5000,100,0,farthest_point,False,reference_front_nadir_plus_range_tenth,3.375115862678196 3.672708826706637 3.2313641356427327 3.919641792270078 3.388850713872446 3.9711327294557983,1994.4461310163597,1956.6896320389642,2013.0857130101263,56.396080971162064
dtlz2_interval,lu,random_search,spread,5,5000,100,0,farthest_point,False,reference_front_nadir_plus_range_tenth,3.375115862678196 3.672708826706637 3.2313641356427327 3.919641792270078 3.388850713872446 3.9711327294557983,6.073647032508,5.979393788247689,6.093217659421783,0.11382387117409376
zdt1_interval,cw,mopso,hypervolume,5,5000,66,0,farthest_point,False,reference_front_nadir_plus_range_tenth,1.1 0.1625 6.44694913989989 0.1625,0.08866642959301954,0.08863129306405375,0.08897684178167903,0.0003455487176252797
zdt1_interval,cw,mopso,spread,5,5000,66,0,farthest_point,False,reference_front_nadir_plus_range_tenth,1.1 0.1625 6.44694913989989 0.1625,3.3005590686120874,2.83069511244968,3.4966180833513096,0.6659229709016294
zdt1_interval,cw,nsga2,hypervolume,5,5000,66,0,farthest_point,False,reference_front_nadir_plus_range_tenth,1.1 0.1625 6.44694913989989 0.1625,0.10894840246733649,0.10862534499974617,0.10950514416984429,0.0008797991700981167
zdt1_interval,cw,nsga2,spread,5,5000,66,0,farthest_point,False,reference_front_nadir_plus_range_tenth,1.1 0.1625 6.44694913989989 0.1625,2.3774288475213727,2.31589661173349,2.844926378968552,0.5290297672350621
zdt1_interval,cw,random_search,hypervolume,5,5000,66,0,farthest_point,False,reference_front_nadir_plus_range_tenth,1.1 0.1625 6.44694913989989 0.1625,0.07121976789566657,0.07113080866006918,0.07162798678936881,0.0004971781292996275
zdt1_interval,cw,random_search,spread,5,5000,66,0,farthest_point,False,reference_front_nadir_plus_range_tenth,1.1 0.1625 6.44694913989989 0.1625,3.8520332158270585,3.46732212724958,3.8618682368033275,0.39454610955374747
zdt1_interval,ls,mopso,hypervolume,5,5000,66,0,farthest_point,False,reference_front_nadir_plus_range_tenth,1.0865209355398968 0.325 7.2294384695624485 0.325,0.4146500722220702,0.4128005666746258,0.4314050923746838,0.018604525700057994
zdt1_interval,ls,mopso,spread,5,5000,66,0,farthest_point,False,reference_front_nadir_plus_range_tenth,1.0865209355398968 0.325 7.2294384695624485 0.325,4.830755433368988,4.367288913947094,5.015527287118798,0.6482383731717034
zdt1_interval,ls,nsga2,hypervolume,5,5000,66,0,farthest_point,False,reference_front_nadir_plus_range_tenth,1.0865209355398968 0.325 7.2294384695624485 0.325,0.4885622607007334,0.47007819143290686,0.4979582641972381,0.027880072764331243
zdt1_interval,ls,nsga2,spread,5,5000,66,0,farthest_point,False,reference_front_nadir_plus_range_tenth,1.0865209355398968 0.325 7.2294384695624485 0.325,4.114093933153117,3.9443407269746844,4.388293356298603,0.44395262932391866
zdt1_interval,ls,random_search,hypervolume,5,5000,66,0,farthest_point,False,reference_front_nadir_plus_range_tenth,1.0865209355398968 0.325 7.2294384695624485 0.325,0.3645070410194249,0.3602010182420081,0.36544144506403403,0.005240426822025912
zdt1_interval,ls,random_search,spread,5,5000,66,0,farthest_point,False,reference_front_nadir_plus_range_tenth,1.0865209355398968 0.325 7.2294384695624485 0.325,4.08332690779878,3.6720682120588477,4.084366490086082,0.4122982780272344
zdt1_interval,lu,mopso,hypervolume,5,5000,66,0,farthest_point,False,reference_front_nadir_plus_range_tenth,1.0722088091708475 1.2329468936496077 7.244338886730334 7.435995859527111,47.927126263198,44.87542965040846,49.56807068552253,4.692641035114065
zdt1_interval,lu,mopso,spread,5,5000,66,0,farthest_point,False,reference_front_nadir_plus_range_tenth,1.0722088091708475 1.2329468936496077 7.244338886730334 7.435995859527111,5.799453829819718,5.4047633271241535,6.825968585081219,1.421205257957065
zdt1_interval,lu,nsga2,hypervolume,5,5000,66,0,farthest_point,False,reference_front_nadir_plus_range_tenth,1.0722088091708475 1.2329468936496077 7.244338886730334 7.435995859527111,59.289683123381884,57.92340638208732,60.14957416573575,2.226167783648428
zdt1_interval,lu,nsga2,spread,5,5000,66,0,farthest_point,False,reference_front_nadir_plus_range_tenth,1.0722088091708475 1.2329468936496077 7.244338886730334 7.435995859527111,4.526316866695512,4.198341367664193,4.822440129795772,0.6240987621315783
zdt1_interval,lu,random_search,hypervolume,5,5000,66,0,farthest_point,False,reference_front_nadir_plus_range_tenth,1.0722088091708475 1.2329468936496077 7.244338886730334 7.435995859527111,27.58729717533258,26.587333841431388,27.919174891996928,1.33184105056554
zdt1_interval,lu,random_search,spread,5,5000,66,0,farthest_point,False,reference_front_nadir_plus_range_tenth,1.0722088091708475 1.2329468936496077 7.244338886730334 7.435995859527111,6.045908633033822,5.993329278670496,6.096232731487084,0.10290345281658819

block,decision_space
# hausdorff, coverage, overlap and cross evaluation are computed on the
# recovered sets in the decision space, which is the one space every phi
# shares, so these are the metrics comparable across phi and this is the
# block a phi comparison is read from. a row whose status is check has one
# direction fixed by a containment before any solver ran, r-06 and r-11,
# so a difference there is in part a theorem; only a row whose status is
# finding carries the sensitivity signal.
problem,phi_a,phi_b,status,metric,n_seeds,n_evals,cardinality_a,cardinality_b,delta,box_scale,containment_violations,note,median,q1,q3,iqr
dtlz2_interval,ls,cw,check,coverage_a_in_b,5,5000,200,200,0.17320508075688773,3.4641016151377544,,"measured on mopso's own output, where phi drives the search as well as the ordering, so this is a question about how the solver behaves under each order and never a pair number of the study; delta is 0.05 of the box diameter, the box_scale column; overlap is dice, the two covered counts over the two cardinalities, and the jaccard value of the same pair is in overlap_conventions.csv; containment_violations is the largest count over the seeds; check on r-06 and not a finding: ND_cw sits inside ND_ls exactly and for every problem, docs/a_close_containment.md, so coverage of cw in ls and one direction of the overlap are fixed before this runs. the containment is exact in real arithmetic and fails by rounding in doubles, one point of 1565 measured, r-11, so a nonzero violation count is arithmetic and never a result about phi. it stands on s-11; if the supervisors refute the criterion this pair is reported like the other and no result moves",0.0,0.0,0.0,0.0
dtlz2_interval,ls,cw,check,coverage_b_in_a,5,5000,200,200,0.17320508075688773,3.4641016151377544,,"measured on mopso's own output, where phi drives the search as well as the ordering, so this is a question about how the solver behaves under each order and never a pair number of the study; delta is 0.05 of the box diameter, the box_scale column; overlap is dice, the two covered counts over the two cardinalities, and the jaccard value of the same pair is in overlap_conventions.csv; containment_violations is the largest count over the seeds; check on r-06 and not a finding: ND_cw sits inside ND_ls exactly and for every problem, docs/a_close_containment.md, so coverage of cw in ls and one direction of the overlap are fixed before this runs. the containment is exact in real arithmetic and fails by rounding in doubles, one point of 1565 measured, r-11, so a nonzero violation count is arithmetic and never a result about phi. it stands on s-11; if the supervisors refute the criterion this pair is reported like the other and no result moves",0.0,0.0,0.0,0.0
dtlz2_interval,ls,cw,check,cross_a_under_b,5,5000,200,200,0.17320508075688773,3.4641016151377544,,"measured on mopso's own output, where phi drives the search as well as the ordering, so this is a question about how the solver behaves under each order and never a pair number of the study; delta is 0.05 of the box diameter, the box_scale column; overlap is dice, the two covered counts over the two cardinalities, and the jaccard value of the same pair is in overlap_conventions.csv; containment_violations is the largest count over the seeds; check on r-06 and not a finding: ND_cw sits inside ND_ls exactly and for every problem, docs/a_close_containment.md, so coverage of cw in ls and one direction of the overlap are fixed before this runs. the containment is exact in real arithmetic and fails by rounding in doubles, one point of 1565 measured, r-11, so a nonzero violation count is arithmetic and never a result about phi. it stands on s-11; if the supervisors refute the criterion this pair is reported like the other and no result moves",0.85,0.85,0.89,0.040000000000000036
dtlz2_interval,ls,cw,check,cross_b_under_a,5,5000,200,200,0.17320508075688773,3.4641016151377544,,"measured on mopso's own output, where phi drives the search as well as the ordering, so this is a question about how the solver behaves under each order and never a pair number of the study; delta is 0.05 of the box diameter, the box_scale column; overlap is dice, the two covered counts over the two cardinalities, and the jaccard value of the same pair is in overlap_conventions.csv; containment_violations is the largest count over the seeds; check on r-06 and not a finding: ND_cw sits inside ND_ls exactly and for every problem, docs/a_close_containment.md, so coverage of cw in ls and one direction of the overlap are fixed before this runs. the containment is exact in real arithmetic and fails by rounding in doubles, one point of 1565 measured, r-11, so a nonzero violation count is arithmetic and never a result about phi. it stands on s-11; if the supervisors refute the criterion this pair is reported like the other and no result moves",1.0,1.0,1.0,0.0
dtlz2_interval,ls,cw,check,hausdorff_a_to_b,5,5000,200,200,0.17320508075688773,3.4641016151377544,,"measured on mopso's own output, where phi drives the search as well as the ordering, so this is a question about how the solver behaves under each order and never a pair number of the study; delta is 0.05 of the box diameter, the box_scale column; overlap is dice, the two covered counts over the two cardinalities, and the jaccard value of the same pair is in overlap_conventions.csv; containment_violations is the largest count over the seeds; check on r-06 and not a finding: ND_cw sits inside ND_ls exactly and for every problem, docs/a_close_containment.md, so coverage of cw in ls and one direction of the overlap are fixed before this runs. the containment is exact in real arithmetic and fails by rounding in doubles, one point of 1565 measured, r-11, so a nonzero violation count is arithmetic and never a result about phi. it stands on s-11; if the supervisors refute the criterion this pair is reported like the other and no result moves",1.0935166253301294,1.0275513456691923,1.1306036772706785,0.10305233160148619
dtlz2_interval,ls,cw,check,hausdorff_b_to_a,5,5000,200,200,0.17320508075688773,3.4641016151377544,,"measured on mopso's own output, where phi drives the search as well as the ordering, so this is a question about how the solver behaves under each order and never a pair number of the study; delta is 0.05 of the box diameter, the box_scale column; overlap is dice, the two covered counts over the two cardinalities, and the jaccard value of the same pair is in overlap_conventions.csv; containment_violations is the largest count over the seeds; check on r-06 and not a finding: ND_cw sits inside ND_ls exactly and for every problem, docs/a_close_containment.md, so coverage of cw in ls and one direction of the overlap are fixed before this runs. the containment is exact in real arithmetic and fails by rounding in doubles, one point of 1565 measured, r-11, so a nonzero violation count is arithmetic and never a result about phi. it stands on s-11; if the supervisors refute the criterion this pair is reported like the other and no result moves",1.0676230418852184,1.0657340761620766,1.072466916305874,0.006732840143797381
dtlz2_interval,ls,cw,check,hausdorff_symmetric,5,5000,200,200,0.17320508075688773,3.4641016151377544,,"measured on mopso's own output, where phi drives the search as well as the ordering, so this is a question about how the solver behaves under each order and never a pair number of the study; delta is 0.05 of the box diameter, the box_scale column; overlap is dice, the two covered counts over the two cardinalities, and the jaccard value of the same pair is in overlap_conventions.csv; containment_violations is the largest count over the seeds; check on r-06 and not a finding: ND_cw sits inside ND_ls exactly and for every problem, docs/a_close_containment.md, so coverage of cw in ls and one direction of the overlap are fixed before this runs. the containment is exact in real arithmetic and fails by rounding in doubles, one point of 1565 measured, r-11, so a nonzero violation count is arithmetic and never a result about phi. it stands on s-11; if the supervisors refute the criterion this pair is reported like the other and no result moves",1.0935166253301294,1.072466916305874,1.1306036772706785,0.05813676096480447
dtlz2_interval,ls,cw,check,overlap,5,5000,200,200,0.17320508075688773,3.4641016151377544,,"measured on mopso's own output, where phi drives the search as well as the ordering, so this is a question about how the solver behaves under each order and never a pair number of the study; delta is 0.05 of the box diameter, the box_scale column; overlap is dice, the two covered counts over the two cardinalities, and the jaccard value of the same pair is in overlap_conventions.csv; containment_violations is the largest count over the seeds; check on r-06 and not a finding: ND_cw sits inside ND_ls exactly and for every problem, docs/a_close_containment.md, so coverage of cw in ls and one direction of the overlap are fixed before this runs. the containment is exact in real arithmetic and fails by rounding in doubles, one point of 1565 measured, r-11, so a nonzero violation count is arithmetic and never a result about phi. it stands on s-11; if the supervisors refute the criterion this pair is reported like the other and no result moves",0.0,0.0,0.0,0.0
dtlz2_interval,lu,cw,finding,coverage_a_in_b,5,5000,200,200,0.17320508075688773,3.4641016151377544,,"measured on mopso's own output, where phi drives the search as well as the ordering, so this is a question about how the solver behaves under each order and never a pair number of the study; delta is 0.05 of the box diameter, the box_scale column; overlap is dice, the two covered counts over the two cardinalities, and the jaccard value of the same pair is in overlap_conventions.csv; containment_violations is the largest count over the seeds; nested in neither direction, so both directions are measured; this is the pair CONTEXT.md section 10 e3 takes the headline number from",0.0,0.0,0.0,0.0
dtlz2_interval,lu,cw,finding,coverage_b_in_a,5,5000,200,200,0.17320508075688773,3.4641016151377544,,"measured on mopso's own output, where phi drives the search as well as the ordering, so this is a question about how the solver behaves under each order and never a pair number of the study; delta is 0.05 of the box diameter, the box_scale column; overlap is dice, the two covered counts over the two cardinalities, and the jaccard value of the same pair is in overlap_conventions.csv; containment_violations is the largest count over the seeds; nested in neither direction, so both directions are measured; this is the pair CONTEXT.md section 10 e3 takes the headline number from",0.0,0.0,0.0,0.0
dtlz2_interval,lu,cw,finding,cross_a_under_b,5,5000,200,200,0.17320508075688773,3.4641016151377544,,"measured on mopso's own output, where phi drives the search as well as the ordering, so this is a question about how the solver behaves under each order and never a pair number of the study; delta is 0.05 of the box diameter, the box_scale column; overlap is dice, the two covered counts over the two cardinalities, and the jaccard value of the same pair is in overlap_conventions.csv; containment_violations is the largest count over the seeds; nested in neither direction, so both directions are measured; this is the pair CONTEXT.md section 10 e3 takes the headline number from",0.785,0.77,0.795,0.025000000000000022
dtlz2_interval,lu,cw,finding,cross_b_under_a,5,5000,200,200,0.17320508075688773,3.4641016151377544,,"measured on mopso's own output, where phi drives the search as well as the ordering, so this is a question about how the solver behaves under each order and never a pair number of the study; delta is 0.05 of the box diameter, the box_scale column; overlap is dice, the two covered counts over the two cardinalities, and the jaccard value of the same pair is in overlap_conventions.csv; containment_violations is the largest count over the seeds; nested in neither direction, so both directions are measured; this is the pair CONTEXT.md section 10 e3 takes the headline number from",0.61,0.595,0.64,0.04500000000000004
dtlz2_interval,lu,cw,finding,hausdorff_a_to_b,5,5000,200,200,0.17320508075688773,3.4641016151377544,,"measured on mopso's own output, where phi drives the search as well as the ordering, so this is a question about how the solver behaves under each order and never a pair number of the study; delta is 0.05 of the box diameter, the box_scale column; overlap is dice, the two covered counts over the two cardinalities, and the jaccard value of the same pair is in overlap_conventions.csv; containment_violations is the largest count over the seeds; nested in neither direction, so both directions are measured; this is the pair CONTEXT.md section 10 e3 takes the headline number from",1.0915982472298498,1.0878059444768278,1.1330402941770263,0.04523434970019857
dtlz2_interval,lu,cw,finding,hausdorff_b_to_a,5,5000,200,200,0.17320508075688773,3.4641016151377544,,"measured on mopso's own output, where phi drives the search as well as the ordering, so this is a question about how the solver behaves under each order and never a pair number of the study; delta is 0.05 of the box diameter, the box_scale column; overlap is dice, the two covered counts over the two cardinalities, and the jaccard value of the same pair is in overlap_conventions.csv; containment_violations is the largest count over the seeds; nested in neither direction, so both directions are measured; this is the pair CONTEXT.md section 10 e3 takes the headline number from",1.115642646204783,1.0788378855315965,1.1232572222474726,0.04441933671587606
dtlz2_interval,lu,cw,finding,hausdorff_symmetric,5,5000,200,200,0.17320508075688773,3.4641016151377544,,"measured on mopso's own output, where phi drives the search as well as the ordering, so this is a question about how the solver behaves under each order and never a pair number of the study; delta is 0.05 of the box diameter, the box_scale column; overlap is dice, the two covered counts over the two cardinalities, and the jaccard value of the same pair is in overlap_conventions.csv; containment_violations is the largest count over the seeds; nested in neither direction, so both directions are measured; this is the pair CONTEXT.md section 10 e3 takes the headline number from",1.1232572222474726,1.115642646204783,1.1330402941770263,0.017397647972243302
dtlz2_interval,lu,cw,finding,overlap,5,5000,200,200,0.17320508075688773,3.4641016151377544,,"measured on mopso's own output, where phi drives the search as well as the ordering, so this is a question about how the solver behaves under each order and never a pair number of the study; delta is 0.05 of the box diameter, the box_scale column; overlap is dice, the two covered counts over the two cardinalities, and the jaccard value of the same pair is in overlap_conventions.csv; containment_violations is the largest count over the seeds; nested in neither direction, so both directions are measured; this is the pair CONTEXT.md section 10 e3 takes the headline number from",0.0,0.0,0.0,0.0
dtlz2_interval,lu,ls,check,coverage_a_in_b,5,5000,200,200,0.17320508075688773,3.4641016151377544,,"measured on mopso's own output, where phi drives the search as well as the ordering, so this is a question about how the solver behaves under each order and never a pair number of the study; delta is 0.05 of the box diameter, the box_scale column; overlap is dice, the two covered counts over the two cardinalities, and the jaccard value of the same pair is in overlap_conventions.csv; containment_violations is the largest count over the seeds; check on r-06 and not a finding: ND_lu sits inside ND_ls exactly and for every problem, docs/a_close_containment.md, so coverage of lu in ls and one direction of the overlap are fixed before this runs. the containment is exact in real arithmetic and fails by rounding in doubles, one point of 1565 measured, r-11, so a nonzero violation count is arithmetic and never a result about phi. it stands on s-11; if the supervisors refute the criterion this pair is reported like the other and no result moves",0.0,0.0,0.0,0.0
dtlz2_interval,lu,ls,check,coverage_b_in_a,5,5000,200,200,0.17320508075688773,3.4641016151377544,,"measured on mopso's own output, where phi drives the search as well as the ordering, so this is a question about how the solver behaves under each order and never a pair number of the study; delta is 0.05 of the box diameter, the box_scale column; overlap is dice, the two covered counts over the two cardinalities, and the jaccard value of the same pair is in overlap_conventions.csv; containment_violations is the largest count over the seeds; check on r-06 and not a finding: ND_lu sits inside ND_ls exactly and for every problem, docs/a_close_containment.md, so coverage of lu in ls and one direction of the overlap are fixed before this runs. the containment is exact in real arithmetic and fails by rounding in doubles, one point of 1565 measured, r-11, so a nonzero violation count is arithmetic and never a result about phi. it stands on s-11; if the supervisors refute the criterion this pair is reported like the other and no result moves",0.0,0.0,0.0,0.0
dtlz2_interval,lu,ls,check,cross_a_under_b,5,5000,200,200,0.17320508075688773,3.4641016151377544,,"measured on mopso's own output, where phi drives the search as well as the ordering, so this is a question about how the solver behaves under each order and never a pair number of the study; delta is 0.05 of the box diameter, the box_scale column; overlap is dice, the two covered counts over the two cardinalities, and the jaccard value of the same pair is in overlap_conventions.csv; containment_violations is the largest count over the seeds; check on r-06 and not a finding: ND_lu sits inside ND_ls exactly and for every problem, docs/a_close_containment.md, so coverage of lu in ls and one direction of the overlap are fixed before this runs. the containment is exact in real arithmetic and fails by rounding in doubles, one point of 1565 measured, r-11, so a nonzero violation count is arithmetic and never a result about phi. it stands on s-11; if the supervisors refute the criterion this pair is reported like the other and no result moves",1.0,1.0,1.0,0.0
dtlz2_interval,lu,ls,check,cross_b_under_a,5,5000,200,200,0.17320508075688773,3.4641016151377544,,"measured on mopso's own output, where phi drives the search as well as the ordering, so this is a question about how the solver behaves under each order and never a pair number of the study; delta is 0.05 of the box diameter, the box_scale column; overlap is dice, the two covered counts over the two cardinalities, and the jaccard value of the same pair is in overlap_conventions.csv; containment_violations is the largest count over the seeds; check on r-06 and not a finding: ND_lu sits inside ND_ls exactly and for every problem, docs/a_close_containment.md, so coverage of lu in ls and one direction of the overlap are fixed before this runs. the containment is exact in real arithmetic and fails by rounding in doubles, one point of 1565 measured, r-11, so a nonzero violation count is arithmetic and never a result about phi. it stands on s-11; if the supervisors refute the criterion this pair is reported like the other and no result moves",0.64,0.635,0.67,0.03500000000000003
dtlz2_interval,lu,ls,check,hausdorff_a_to_b,5,5000,200,200,0.17320508075688773,3.4641016151377544,,"measured on mopso's own output, where phi drives the search as well as the ordering, so this is a question about how the solver behaves under each order and never a pair number of the study; delta is 0.05 of the box diameter, the box_scale column; overlap is dice, the two covered counts over the two cardinalities, and the jaccard value of the same pair is in overlap_conventions.csv; containment_violations is the largest count over the seeds; check on r-06 and not a finding: ND_lu sits inside ND_ls exactly and for every problem, docs/a_close_containment.md, so coverage of lu in ls and one direction of the overlap are fixed before this runs. the containment is exact in real arithmetic and fails by rounding in doubles, one point of 1565 measured, r-11, so a nonzero violation count is arithmetic and never a result about phi. it stands on s-11; if the supervisors refute the criterion this pair is reported like the other and no result moves",1.1272218849321558,1.1085323744963318,1.1335179978807972,0.024985623384465416
dtlz2_interval,lu,ls,check,hausdorff_b_to_a,5,5000,200,200,0.17320508075688773,3.4641016151377544,,"measured on mopso's own output, where phi drives the search as well as the ordering, so this is a question about how the solver behaves under each order and never a pair number of the study; delta is 0.05 of the box diameter, the box_scale column; overlap is dice, the two covered counts over the two cardinalities, and the jaccard value of the same pair is in overlap_conventions.csv; containment_violations is the largest count over the seeds; check on r-06 and not a finding: ND_lu sits inside ND_ls exactly and for every problem, docs/a_close_containment.md, so coverage of lu in ls and one direction of the overlap are fixed before this runs. the containment is exact in real arithmetic and fails by rounding in doubles, one point of 1565 measured, r-11, so a nonzero violation count is arithmetic and never a result about phi. it stands on s-11; if the supervisors refute the criterion this pair is reported like the other and no result moves",1.1021641324185352,1.0683729603328693,1.1237781325251706,0.05540517219230123
dtlz2_interval,lu,ls,check,hausdorff_symmetric,5,5000,200,200,0.17320508075688773,3.4641016151377544,,"measured on mopso's own output, where phi drives the search as well as the ordering, so this is a question about how the solver behaves under each order and never a pair number of the study; delta is 0.05 of the box diameter, the box_scale column; overlap is dice, the two covered counts over the two cardinalities, and the jaccard value of the same pair is in overlap_conventions.csv; containment_violations is the largest count over the seeds; check on r-06 and not a finding: ND_lu sits inside ND_ls exactly and for every problem, docs/a_close_containment.md, so coverage of lu in ls and one direction of the overlap are fixed before this runs. the containment is exact in real arithmetic and fails by rounding in doubles, one point of 1565 measured, r-11, so a nonzero violation count is arithmetic and never a result about phi. it stands on s-11; if the supervisors refute the criterion this pair is reported like the other and no result moves",1.1272218849321558,1.1237781325251706,1.1393552479230151,0.015577115397844565
dtlz2_interval,lu,ls,check,overlap,5,5000,200,200,0.17320508075688773,3.4641016151377544,,"measured on mopso's own output, where phi drives the search as well as the ordering, so this is a question about how the solver behaves under each order and never a pair number of the study; delta is 0.05 of the box diameter, the box_scale column; overlap is dice, the two covered counts over the two cardinalities, and the jaccard value of the same pair is in overlap_conventions.csv; containment_violations is the largest count over the seeds; check on r-06 and not a finding: ND_lu sits inside ND_ls exactly and for every problem, docs/a_close_containment.md, so coverage of lu in ls and one direction of the overlap are fixed before this runs. the containment is exact in real arithmetic and fails by rounding in doubles, one point of 1565 measured, r-11, so a nonzero violation count is arithmetic and never a result about phi. it stands on s-11; if the supervisors refute the criterion this pair is reported like the other and no result moves",0.0,0.0,0.0,0.0
dtlz2_interval,ls,cw,check,coverage_a_in_b,5,5000,100,100,0.17320508075688773,3.4641016151377544,,"measured on nsga2's own output, where phi drives the search as well as the ordering, so this is a question about how the solver behaves under each order and never a pair number of the study; delta is 0.05 of the box diameter, the box_scale column; overlap is dice, the two covered counts over the two cardinalities, and the jaccard value of the same pair is in overlap_conventions.csv; containment_violations is the largest count over the seeds; check on r-06 and not a finding: ND_cw sits inside ND_ls exactly and for every problem, docs/a_close_containment.md, so coverage of cw in ls and one direction of the overlap are fixed before this runs. the containment is exact in real arithmetic and fails by rounding in doubles, one point of 1565 measured, r-11, so a nonzero violation count is arithmetic and never a result about phi. it stands on s-11; if the supervisors refute the criterion this pair is reported like the other and no result moves",0.0,0.0,0.0,0.0
dtlz2_interval,ls,cw,check,coverage_b_in_a,5,5000,100,100,0.17320508075688773,3.4641016151377544,,"measured on nsga2's own output, where phi drives the search as well as the ordering, so this is a question about how the solver behaves under each order and never a pair number of the study; delta is 0.05 of the box diameter, the box_scale column; overlap is dice, the two covered counts over the two cardinalities, and the jaccard value of the same pair is in overlap_conventions.csv; containment_violations is the largest count over the seeds; check on r-06 and not a finding: ND_cw sits inside ND_ls exactly and for every problem, docs/a_close_containment.md, so coverage of cw in ls and one direction of the overlap are fixed before this runs. the containment is exact in real arithmetic and fails by rounding in doubles, one point of 1565 measured, r-11, so a nonzero violation count is arithmetic and never a result about phi. it stands on s-11; if the supervisors refute the criterion this pair is reported like the other and no result moves",0.0,0.0,0.0,0.0
dtlz2_interval,ls,cw,check,cross_a_under_b,5,5000,100,100,0.17320508075688773,3.4641016151377544,,"measured on nsga2's own output, where phi drives the search as well as the ordering, so this is a question about how the solver behaves under each order and never a pair number of the study; delta is 0.05 of the box diameter, the box_scale column; overlap is dice, the two covered counts over the two cardinalities, and the jaccard value of the same pair is in overlap_conventions.csv; containment_violations is the largest count over the seeds; check on r-06 and not a finding: ND_cw sits inside ND_ls exactly and for every problem, docs/a_close_containment.md, so coverage of cw in ls and one direction of the overlap are fixed before this runs. the containment is exact in real arithmetic and fails by rounding in doubles, one point of 1565 measured, r-11, so a nonzero violation count is arithmetic and never a result about phi. it stands on s-11; if the supervisors refute the criterion this pair is reported like the other and no result moves",0.91,0.91,0.92,0.010000000000000009
dtlz2_interval,ls,cw,check,cross_b_under_a,5,5000,100,100,0.17320508075688773,3.4641016151377544,,"measured on nsga2's own output, where phi drives the search as well as the ordering, so this is a question about how the solver behaves under each order and never a pair number of the study; delta is 0.05 of the box diameter, the box_scale column; overlap is dice, the two covered counts over the two cardinalities, and the jaccard value of the same pair is in overlap_conventions.csv; containment_violations is the largest count over the seeds; check on r-06 and not a finding: ND_cw sits inside ND_ls exactly and for every problem, docs/a_close_containment.md, so coverage of cw in ls and one direction of the overlap are fixed before this runs. the containment is exact in real arithmetic and fails by rounding in doubles, one point of 1565 measured, r-11, so a nonzero violation count is arithmetic and never a result about phi. it stands on s-11; if the supervisors refute the criterion this pair is reported like the other and no result moves",1.0,1.0,1.0,0.0
dtlz2_interval,ls,cw,check,hausdorff_a_to_b,5,5000,100,100,0.17320508075688773,3.4641016151377544,,"measured on nsga2's own output, where phi drives the search as well as the ordering, so this is a question about how the solver behaves under each order and never a pair number of the study; delta is 0.05 of the box diameter, the box_scale column; overlap is dice, the two covered counts over the two cardinalities, and the jaccard value of the same pair is in overlap_conventions.csv; containment_violations is the largest count over the seeds; check on r-06 and not a finding: ND_cw sits inside ND_ls exactly and for every problem, docs/a_close_containment.md, so coverage of cw in ls and one direction of the overlap are fixed before this runs. the containment is exact in real arithmetic and fails by rounding in doubles, one point of 1565 measured, r-11, so a nonzero violation count is arithmetic and never a result about phi. it stands on s-11; if the supervisors refute the criterion this pair is reported like the other and no result moves",1.2572607910331912,1.2092270251886161,1.3475337331936927,0.1383067080050766
dtlz2_interval,ls,cw,check,hausdorff_b_to_a,5,5000,100,100,0.17320508075688773,3.4641016151377544,,"measured on nsga2's own output, where phi drives the search as well as the ordering, so this is a question about how the solver behaves under each order and never a pair number of the study; delta is 0.05 of the box diameter, the box_scale column; overlap is dice, the two covered counts over the two cardinalities, and the jaccard value of the same pair is in overlap_conventions.csv; containment_violations is the largest count over the seeds; check on r-06 and not a finding: ND_cw sits inside ND_ls exactly and for every problem, docs/a_close_containment.md, so coverage of cw in ls and one direction of the overlap are fixed before this runs. the containment is exact in real arithmetic and fails by rounding in doubles, one point of 1565 measured, r-11, so a nonzero violation count is arithmetic and never a result about phi. it stands on s-11; if the supervisors refute the criterion this pair is reported like the other and no result moves",1.408404455409022,1.2961302206422947,1.4426500208534923,0.1465198002111976
dtlz2_interval,ls,cw,check,hausdorff_symmetric,5,5000,100,100,0.17320508075688773,3.4641016151377544,,"measured on nsga2's own output, where phi drives the search as well as the ordering, so this is a question about how the solver behaves under each order and never a pair number of the study; delta is 0.05 of the box diameter, the box_scale column; overlap is dice, the two covered counts over the two cardinalities, and the jaccard value of the same pair is in overlap_conventions.csv; containment_violations is the largest count over the seeds; check on r-06 and not a finding: ND_cw sits inside ND_ls exactly and for every problem, docs/a_close_containment.md, so coverage of cw in ls and one direction of the overlap are fixed before this runs. the containment is exact in real arithmetic and fails by rounding in doubles, one point of 1565 measured, r-11, so a nonzero violation count is arithmetic and never a result about phi. it stands on s-11; if the supervisors refute the criterion this pair is reported like the other and no result moves",1.408404455409022,1.3506712098742972,1.4426500208534923,0.09197881097919502
dtlz2_interval,ls,cw,check,overlap,5,5000,100,100,0.17320508075688773,3.4641016151377544,,"measured on nsga2's own output, where phi drives the search as well as the ordering, so this is a question about how the solver behaves under each order and never a pair number of the study; delta is 0.05 of the box diameter, the box_scale column; overlap is dice, the two covered counts over the two cardinalities, and the jaccard value of the same pair is in overlap_conventions.csv; containment_violations is the largest count over the seeds; check on r-06 and not a finding: ND_cw sits inside ND_ls exactly and for every problem, docs/a_close_containment.md, so coverage of cw in ls and one direction of the overlap are fixed before this runs. the containment is exact in real arithmetic and fails by rounding in doubles, one point of 1565 measured, r-11, so a nonzero violation count is arithmetic and never a result about phi. it stands on s-11; if the supervisors refute the criterion this pair is reported like the other and no result moves",0.0,0.0,0.0,0.0
dtlz2_interval,lu,cw,finding,coverage_a_in_b,5,5000,100,100,0.17320508075688773,3.4641016151377544,,"measured on nsga2's own output, where phi drives the search as well as the ordering, so this is a question about how the solver behaves under each order and never a pair number of the study; delta is 0.05 of the box diameter, the box_scale column; overlap is dice, the two covered counts over the two cardinalities, and the jaccard value of the same pair is in overlap_conventions.csv; containment_violations is the largest count over the seeds; nested in neither direction, so both directions are measured; this is the pair CONTEXT.md section 10 e3 takes the headline number from",0.0,0.0,0.0,0.0
dtlz2_interval,lu,cw,finding,coverage_b_in_a,5,5000,100,100,0.17320508075688773,3.4641016151377544,,"measured on nsga2's own output, where phi drives the search as well as the ordering, so this is a question about how the solver behaves under each order and never a pair number of the study; delta is 0.05 of the box diameter, the box_scale column; overlap is dice, the two covered counts over the two cardinalities, and the jaccard value of the same pair is in overlap_conventions.csv; containment_violations is the largest count over the seeds; nested in neither direction, so both directions are measured; this is the pair CONTEXT.md section 10 e3 takes the headline number from",0.0,0.0,0.0,0.0
dtlz2_interval,lu,cw,finding,cross_a_under_b,5,5000,100,100,0.17320508075688773,3.4641016151377544,,"measured on nsga2's own output, where phi drives the search as well as the ordering, so this is a question about how the solver behaves under each order and never a pair number of the study; delta is 0.05 of the box diameter, the box_scale column; overlap is dice, the two covered counts over the two cardinalities, and the jaccard value of the same pair is in overlap_conventions.csv; containment_violations is the largest count over the seeds; nested in neither direction, so both directions are measured; this is the pair CONTEXT.md section 10 e3 takes the headline number from",0.88,0.83,0.88,0.050000000000000044
dtlz2_interval,lu,cw,finding,cross_b_under_a,5,5000,100,100,0.17320508075688773,3.4641016151377544,,"measured on nsga2's own output, where phi drives the search as well as the ordering, so this is a question about how the solver behaves under each order and never a pair number of the study; delta is 0.05 of the box diameter, the box_scale column; overlap is dice, the two covered counts over the two cardinalities, and the jaccard value of the same pair is in overlap_conventions.csv; containment_violations is the largest count over the seeds; nested in neither direction, so both directions are measured; this is the pair CONTEXT.md section 10 e3 takes the headline number from",0.73,0.7,0.74,0.040000000000000036
dtlz2_interval,lu,cw,finding,hausdorff_a_to_b,5,5000,100,100,0.17320508075688773,3.4641016151377544,,"measured on nsga2's own output, where phi drives the search as well as the ordering, so this is a question about how the solver behaves under each order and never a pair number of the study; delta is 0.05 of the box diameter, the box_scale column; overlap is dice, the two covered counts over the two cardinalities, and the jaccard value of the same pair is in overlap_conventions.csv; containment_violations is the largest count over the seeds; nested in neither direction, so both directions are measured; this is the pair CONTEXT.md section 10 e3 takes the headline number from",1.3575729033311172,1.355569764420478,1.3587215223338618,0.003151757913383735
dtlz2_interval,lu,cw,finding,hausdorff_b_to_a,5,5000,100,100,0.17320508075688773,3.4641016151377544,,"measured on nsga2's own output, where phi drives the search as well as the ordering, so this is a question about how the solver behaves under each order and never a pair number of the study; delta is 0.05 of the box diameter, the box_scale column; overlap is dice, the two covered counts over the two cardinalities, and the jaccard value of the same pair is in overlap_conventions.csv; containment_violations is the largest count over the seeds; nested in neither direction, so both directions are measured; this is the pair CONTEXT.md section 10 e3 takes the headline number from",1.2263907722786067,1.2168725934285474,1.308525885243921,0.09165329181537363
dtlz2_interval,lu,cw,finding,hausdorff_symmetric,5,5000,100,100,0.17320508075688773,3.4641016151377544,,"measured on nsga2's own output, where phi drives the search as well as the ordering, so this is a question about how the solver behaves under each order and never a pair number of the study; delta is 0.05 of the box diameter, the box_scale column; overlap is dice, the two covered counts over the two cardinalities, and the jaccard value of the same pair is in overlap_conventions.csv; containment_violations is the largest count over the seeds; nested in neither direction, so both directions are measured; this is the pair CONTEXT.md section 10 e3 takes the headline number from",1.3575729033311172,1.355569764420478,1.3587215223338618,0.003151757913383735
dtlz2_interval,lu,cw,finding,overlap,5,5000,100,100,0.17320508075688773,3.4641016151377544,,"measured on nsga2's own output, where phi drives the search as well as the ordering, so this is a question about how the solver behaves under each order and never a pair number of the study; delta is 0.05 of the box diameter, the box_scale column; overlap is dice, the two covered counts over the two cardinalities, and the jaccard value of the same pair is in overlap_conventions.csv; containment_violations is the largest count over the seeds; nested in neither direction, so both directions are measured; this is the pair CONTEXT.md section 10 e3 takes the headline number from",0.0,0.0,0.0,0.0
dtlz2_interval,lu,ls,check,coverage_a_in_b,5,5000,100,100,0.17320508075688773,3.4641016151377544,,"measured on nsga2's own output, where phi drives the search as well as the ordering, so this is a question about how the solver behaves under each order and never a pair number of the study; delta is 0.05 of the box diameter, the box_scale column; overlap is dice, the two covered counts over the two cardinalities, and the jaccard value of the same pair is in overlap_conventions.csv; containment_violations is the largest count over the seeds; check on r-06 and not a finding: ND_lu sits inside ND_ls exactly and for every problem, docs/a_close_containment.md, so coverage of lu in ls and one direction of the overlap are fixed before this runs. the containment is exact in real arithmetic and fails by rounding in doubles, one point of 1565 measured, r-11, so a nonzero violation count is arithmetic and never a result about phi. it stands on s-11; if the supervisors refute the criterion this pair is reported like the other and no result moves",0.0,0.0,0.0,0.0
dtlz2_interval,lu,ls,check,coverage_b_in_a,5,5000,100,100,0.17320508075688773,3.4641016151377544,,"measured on nsga2's own output, where phi drives the search as well as the ordering, so this is a question about how the solver behaves under each order and never a pair number of the study; delta is 0.05 of the box diameter, the box_scale column; overlap is dice, the two covered counts over the two cardinalities, and the jaccard value of the same pair is in overlap_conventions.csv; containment_violations is the largest count over the seeds; check on r-06 and not a finding: ND_lu sits inside ND_ls exactly and for every problem, docs/a_close_containment.md, so coverage of lu in ls and one direction of the overlap are fixed before this runs. the containment is exact in real arithmetic and fails by rounding in doubles, one point of 1565 measured, r-11, so a nonzero violation count is arithmetic and never a result about phi. it stands on s-11; if the supervisors refute the criterion this pair is reported like the other and no result moves",0.0,0.0,0.0,0.0
dtlz2_interval,lu,ls,check,cross_a_under_b,5,5000,100,100,0.17320508075688773,3.4641016151377544,,"measured on nsga2's own output, where phi drives the search as well as the ordering, so this is a question about how the solver behaves under each order and never a pair number of the study; delta is 0.05 of the box diameter, the box_scale column; overlap is dice, the two covered counts over the two cardinalities, and the jaccard value of the same pair is in overlap_conventions.csv; containment_violations is the largest count over the seeds; check on r-06 and not a finding: ND_lu sits inside ND_ls exactly and for every problem, docs/a_close_containment.md, so coverage of lu in ls and one direction of the overlap are fixed before this runs. the containment is exact in real arithmetic and fails by rounding in doubles, one point of 1565 measured, r-11, so a nonzero violation count is arithmetic and never a result about phi. it stands on s-11; if the supervisors refute the criterion this pair is reported like the other and no result moves",1.0,1.0,1.0,0.0
dtlz2_interval,lu,ls,check,cross_b_under_a,5,5000,100,100,0.17320508075688773,3.4641016151377544,,"measured on nsga2's own output, where phi drives the search as well as the ordering, so this is a question about how the solver behaves under each order and never a pair number of the study; delta is 0.05 of the box diameter, the box_scale column; overlap is dice, the two covered counts over the two cardinalities, and the jaccard value of the same pair is in overlap_conventions.csv; containment_violations is the largest count over the seeds; check on r-06 and not a finding: ND_lu sits inside ND_ls exactly and for every problem, docs/a_close_containment.md, so coverage of lu in ls and one direction of the overlap are fixed before this runs. the containment is exact in real arithmetic and fails by rounding in doubles, one point of 1565 measured, r-11, so a nonzero violation count is arithmetic and never a result about phi. it stands on s-11; if the supervisors refute the criterion this pair is reported like the other and no result moves",0.81,0.8,0.82,0.019999999999999907
dtlz2_interval,lu,ls,check,hausdorff_a_to_b,5,5000,100,100,0.17320508075688773,3.4641016151377544,,"measured on nsga2's own output, where phi drives the search as well as the ordering, so this is a question about how the solver behaves under each order and never a pair number of the study; delta is 0.05 of the box diameter, the box_scale column; overlap is dice, the two covered counts over the two cardinalities, and the jaccard value of the same pair is in overlap_conventions.csv; containment_violations is the largest count over the seeds; check on r-06 and not a finding: ND_lu sits inside ND_ls exactly and for every problem, docs/a_close_containment.md, so coverage of lu in ls and one direction of the overlap are fixed before this runs. the containment is exact in real arithmetic and fails by rounding in doubles, one point of 1565 measured, r-11, so a nonzero violation count is arithmetic and never a result about phi. it stands on s-11; if the supervisors refute the criterion this pair is reported like the other and no result moves",1.4043405964934115,1.3429538559861474,1.474291924813575,0.1313380688274277
dtlz2_interval,lu,ls,check,hausdorff_b_to_a,5,5000,100,100,0.17320508075688773,3.4641016151377544,,"measured on nsga2's own output, where phi drives the search as well as the ordering, so this is a question about how the solver behaves under each order and never a pair number of the study; delta is 0.05 of the box diameter, the box_scale column; overlap is dice, the two covered counts over the two cardinalities, and the jaccard value of the same pair is in overlap_conventions.csv; containment_violations is the largest count over the seeds; check on r-06 and not a finding: ND_lu sits inside ND_ls exactly and for every problem, docs/a_close_containment.md, so coverage of lu in ls and one direction of the overlap are fixed before this runs. the containment is exact in real arithmetic and fails by rounding in doubles, one point of 1565 measured, r-11, so a nonzero violation count is arithmetic and never a result about phi. it stands on s-11; if the supervisors refute the criterion this pair is reported like the other and no result moves",1.3952298833762122,1.2915136448473652,1.4139758757737608,0.12246223092639563
dtlz2_interval,lu,ls,check,hausdorff_symmetric,5,5000,100,100,0.17320508075688773,3.4641016151377544,,"measured on nsga2's own output, where phi drives the search as well as the ordering, so this is a question about how the solver behaves under each order and never a pair number of the study; delta is 0.05 of the box diameter, the box_scale column; overlap is dice, the two covered counts over the two cardinalities, and the jaccard value of the same pair is in overlap_conventions.csv; containment_violations is the largest count over the seeds; check on r-06 and not a finding: ND_lu sits inside ND_ls exactly and for every problem, docs/a_close_containment.md, so coverage of lu in ls and one direction of the overlap are fixed before this runs. the containment is exact in real arithmetic and fails by rounding in doubles, one point of 1565 measured, r-11, so a nonzero violation count is arithmetic and never a result about phi. it stands on s-11; if the supervisors refute the criterion this pair is reported like the other and no result moves",1.4603508795111182,1.3429538559861474,1.474291924813575,0.1313380688274277
dtlz2_interval,lu,ls,check,overlap,5,5000,100,100,0.17320508075688773,3.4641016151377544,,"measured on nsga2's own output, where phi drives the search as well as the ordering, so this is a question about how the solver behaves under each order and never a pair number of the study; delta is 0.05 of the box diameter, the box_scale column; overlap is dice, the two covered counts over the two cardinalities, and the jaccard value of the same pair is in overlap_conventions.csv; containment_violations is the largest count over the seeds; check on r-06 and not a finding: ND_lu sits inside ND_ls exactly and for every problem, docs/a_close_containment.md, so coverage of lu in ls and one direction of the overlap are fixed before this runs. the containment is exact in real arithmetic and fails by rounding in doubles, one point of 1565 measured, r-11, so a nonzero violation count is arithmetic and never a result about phi. it stands on s-11; if the supervisors refute the criterion this pair is reported like the other and no result moves",0.0,0.0,0.0,0.0
zdt1_interval,ls,cw,check,coverage_a_in_b,5,5000,200,181,0.2738612787525831,5.477225575051661,,"measured on mopso's own output, where phi drives the search as well as the ordering, so this is a question about how the solver behaves under each order and never a pair number of the study; delta is 0.05 of the box diameter, the box_scale column; overlap is dice, the two covered counts over the two cardinalities, and the jaccard value of the same pair is in overlap_conventions.csv; containment_violations is the largest count over the seeds; check on r-06 and not a finding: ND_cw sits inside ND_ls exactly and for every problem, docs/a_close_containment.md, so coverage of cw in ls and one direction of the overlap are fixed before this runs. the containment is exact in real arithmetic and fails by rounding in doubles, one point of 1565 measured, r-11, so a nonzero violation count is arithmetic and never a result about phi. it stands on s-11; if the supervisors refute the criterion this pair is reported like the other and no result moves",0.0,0.0,0.0,0.0
zdt1_interval,ls,cw,check,coverage_b_in_a,5,5000,200,181,0.2738612787525831,5.477225575051661,,"measured on mopso's own output, where phi drives the search as well as the ordering, so this is a question about how the solver behaves under each order and never a pair number of the study; delta is 0.05 of the box diameter, the box_scale column; overlap is dice, the two covered counts over the two cardinalities, and the jaccard value of the same pair is in overlap_conventions.csv; containment_violations is the largest count over the seeds; check on r-06 and not a finding: ND_cw sits inside ND_ls exactly and for every problem, docs/a_close_containment.md, so coverage of cw in ls and one direction of the overlap are fixed before this runs. the containment is exact in real arithmetic and fails by rounding in doubles, one point of 1565 measured, r-11, so a nonzero violation count is arithmetic and never a result about phi. it stands on s-11; if the supervisors refute the criterion this pair is reported like the other and no result moves",0.0,0.0,0.0,0.0
zdt1_interval,ls,cw,check,cross_a_under_b,5,5000,200,181,0.2738612787525831,5.477225575051661,,"measured on mopso's own output, where phi drives the search as well as the ordering, so this is a question about how the solver behaves under each order and never a pair number of the study; delta is 0.05 of the box diameter, the box_scale column; overlap is dice, the two covered counts over the two cardinalities, and the jaccard value of the same pair is in overlap_conventions.csv; containment_violations is the largest count over the seeds; check on r-06 and not a finding: ND_cw sits inside ND_ls exactly and for every problem, docs/a_close_containment.md, so coverage of cw in ls and one direction of the overlap are fixed before this runs. the containment is exact in real arithmetic and fails by rounding in doubles, one point of 1565 measured, r-11, so a nonzero violation count is arithmetic and never a result about phi. it stands on s-11; if the supervisors refute the criterion this pair is reported like the other and no result moves",0.47,0.44,0.515,0.07500000000000001
zdt1_interval,ls,cw,check,cross_b_under_a,5,5000,200,181,0.2738612787525831,5.477225575051661,,"measured on mopso's own output, where phi drives the search as well as the ordering, so this is a question about how the solver behaves under each order and never a pair number of the study; delta is 0.05 of the box diameter, the box_scale column; overlap is dice, the two covered counts over the two cardinalities, and the jaccard value of the same pair is in overlap_conventions.csv; containment_violations is the largest count over the seeds; check on r-06 and not a finding: ND_cw sits inside ND_ls exactly and for every problem, docs/a_close_containment.md, so coverage of cw in ls and one direction of the overlap are fixed before this runs. the containment is exact in real arithmetic and fails by rounding in doubles, one point of 1565 measured, r-11, so a nonzero violation count is arithmetic and never a result about phi. it stands on s-11; if the supervisors refute the criterion this pair is reported like the other and no result moves",1.0,1.0,1.0,0.0
zdt1_interval,ls,cw,check,hausdorff_a_to_b,5,5000,200,181,0.2738612787525831,5.477225575051661,,"measured on mopso's own output, where phi drives the search as well as the ordering, so this is a question about how the solver behaves under each order and never a pair number of the study; delta is 0.05 of the box diameter, the box_scale column; overlap is dice, the two covered counts over the two cardinalities, and the jaccard value of the same pair is in overlap_conventions.csv; containment_violations is the largest count over the seeds; check on r-06 and not a finding: ND_cw sits inside ND_ls exactly and for every problem, docs/a_close_containment.md, so coverage of cw in ls and one direction of the overlap are fixed before this runs. the containment is exact in real arithmetic and fails by rounding in doubles, one point of 1565 measured, r-11, so a nonzero violation count is arithmetic and never a result about phi. it stands on s-11; if the supervisors refute the criterion this pair is reported like the other and no result moves",2.135399218032105,2.097572115373846,2.206934153801891,0.10936203842804515
zdt1_interval,ls,cw,check,hausdorff_b_to_a,5,5000,200,181,0.2738612787525831,5.477225575051661,,"measured on mopso's own output, where phi drives the search as well as the ordering, so this is a question about how the solver behaves under each order and never a pair number of the study; delta is 0.05 of the box diameter, the box_scale column; overlap is dice, the two covered counts over the two cardinalities, and the jaccard value of the same pair is in overlap_conventions.csv; containment_violations is the largest count over the seeds; check on r-06 and not a finding: ND_cw sits inside ND_ls exactly and for every problem, docs/a_close_containment.md, so coverage of cw in ls and one direction of the overlap are fixed before this runs. the containment is exact in real arithmetic and fails by rounding in doubles, one point of 1565 measured, r-11, so a nonzero violation count is arithmetic and never a result about phi. it stands on s-11; if the supervisors refute the criterion this pair is reported like the other and no result moves",1.8471883134724583,1.8274306365369253,1.8782747174856784,0.050844080948753145
zdt1_interval,ls,cw,check,hausdorff_symmetric,5,5000,200,181,0.2738612787525831,5.477225575051661,,"measured on mopso's own output, where phi drives the search as well as the ordering, so this is a question about how the solver behaves under each order and never a pair number of the study; delta is 0.05 of the box diameter, the box_scale column; overlap is dice, the two covered counts over the two cardinalities, and the jaccard value of the same pair is in overlap_conventions.csv; containment_violations is the largest count over the seeds; check on r-06 and not a finding: ND_cw sits inside ND_ls exactly and for every problem, docs/a_close_containment.md, so coverage of cw in ls and one direction of the overlap are fixed before this runs. the containment is exact in real arithmetic and fails by rounding in doubles, one point of 1565 measured, r-11, so a nonzero violation count is arithmetic and never a result about phi. it stands on s-11; if the supervisors refute the criterion this pair is reported like the other and no result moves",2.135399218032105,2.097572115373846,2.206934153801891,0.10936203842804515
zdt1_interval,ls,cw,check,overlap,5,5000,200,181,0.2738612787525831,5.477225575051661,,"measured on mopso's own output, where phi drives the search as well as the ordering, so this is a question about how the solver behaves under each order and never a pair number of the study; delta is 0.05 of the box diameter, the box_scale column; overlap is dice, the two covered counts over the two cardinalities, and the jaccard value of the same pair is in overlap_conventions.csv; containment_violations is the largest count over the seeds; check on r-06 and not a finding: ND_cw sits inside ND_ls exactly and for every problem, docs/a_close_containment.md, so coverage of cw in ls and one direction of the overlap are fixed before this runs. the containment is exact in real arithmetic and fails by rounding in doubles, one point of 1565 measured, r-11, so a nonzero violation count is arithmetic and never a result about phi. it stands on s-11; if the supervisors refute the criterion this pair is reported like the other and no result moves",0.0,0.0,0.0,0.0
zdt1_interval,lu,cw,finding,coverage_a_in_b,5,5000,200,181,0.2738612787525831,5.477225575051661,,"measured on mopso's own output, where phi drives the search as well as the ordering, so this is a question about how the solver behaves under each order and never a pair number of the study; delta is 0.05 of the box diameter, the box_scale column; overlap is dice, the two covered counts over the two cardinalities, and the jaccard value of the same pair is in overlap_conventions.csv; containment_violations is the largest count over the seeds; nested in neither direction, so both directions are measured; this is the pair CONTEXT.md section 10 e3 takes the headline number from",0.0,0.0,0.0,0.0
zdt1_interval,lu,cw,finding,coverage_b_in_a,5,5000,200,181,0.2738612787525831,5.477225575051661,,"measured on mopso's own output, where phi drives the search as well as the ordering, so this is a question about how the solver behaves under each order and never a pair number of the study; delta is 0.05 of the box diameter, the box_scale column; overlap is dice, the two covered counts over the two cardinalities, and the jaccard value of the same pair is in overlap_conventions.csv; containment_violations is the largest count over the seeds; nested in neither direction, so both directions are measured; this is the pair CONTEXT.md section 10 e3 takes the headline number from",0.0,0.0,0.0,0.0
zdt1_interval,lu,cw,finding,cross_a_under_b,5,5000,200,181,0.2738612787525831,5.477225575051661,,"measured on mopso's own output, where phi drives the search as well as the ordering, so this is a question about how the solver behaves under each order and never a pair number of the study; delta is 0.05 of the box diameter, the box_scale column; overlap is dice, the two covered counts over the two cardinalities, and the jaccard value of the same pair is in overlap_conventions.csv; containment_violations is the largest count over the seeds; nested in neither direction, so both directions are measured; this is the pair CONTEXT.md section 10 e3 takes the headline number from",0.18,0.18,0.185,0.0050000000000000044
zdt1_interval,lu,cw,finding,cross_b_under_a,5,5000,200,181,0.2738612787525831,5.477225575051661,,"measured on mopso's own output, where phi drives the search as well as the ordering, so this is a question about how the solver behaves under each order and never a pair number of the study; delta is 0.05 of the box diameter, the box_scale column; overlap is dice, the two covered counts over the two cardinalities, and the jaccard value of the same pair is in overlap_conventions.csv; containment_violations is the largest count over the seeds; nested in neither direction, so both directions are measured; this is the pair CONTEXT.md section 10 e3 takes the headline number from",0.26573426573426573,0.2542372881355932,0.27071823204419887,0.01648094390860566
zdt1_interval,lu,cw,finding,hausdorff_a_to_b,5,5000,200,181,0.2738612787525831,5.477225575051661,,"measured on mopso's own output, where phi drives the search as well as the ordering, so this is a question about how the solver behaves under each order and never a pair number of the study; delta is 0.05 of the box diameter, the box_scale column; overlap is dice, the two covered counts over the two cardinalities, and the jaccard value of the same pair is in overlap_conventions.csv; containment_violations is the largest count over the seeds; nested in neither direction, so both directions are measured; this is the pair CONTEXT.md section 10 e3 takes the headline number from",1.9353219141243303,1.9302313108397853,1.9468348148380537,0.016603503998268376
zdt1_interval,lu,cw,finding,hausdorff_b_to_a,5,5000,200,181,0.2738612787525831,5.477225575051661,,"measured on mopso's own output, where phi drives the search as well as the ordering, so this is a question about how the solver behaves under each order and never a pair number of the study; delta is 0.05 of the box diameter, the box_scale column; overlap is dice, the two covered counts over the two cardinalities, and the jaccard value of the same pair is in overlap_conventions.csv; containment_violations is the largest count over the seeds; nested in neither direction, so both directions are measured; this is the pair CONTEXT.md section 10 e3 takes the headline number from",1.9288085547575269,1.928350278789548,1.9856238506375794,0.0572735718480315
zdt1_interval,lu,cw,finding,hausdorff_symmetric,5,5000,200,181,0.2738612787525831,5.477225575051661,,"measured on mopso's own output, where phi drives the search as well as the ordering, so this is a question about how the solver behaves under each order and never a pair number of the study; delta is 0.05 of the box diameter, the box_scale column; overlap is dice, the two covered counts over the two cardinalities, and the jaccard value of the same pair is in overlap_conventions.csv; containment_violations is the largest count over the seeds; nested in neither direction, so both directions are measured; this is the pair CONTEXT.md section 10 e3 takes the headline number from",1.9856238506375794,1.9353219141243303,1.9888005883111977,0.05347867418686736
zdt1_interval,lu,cw,finding,overlap,5,5000,200,181,0.2738612787525831,5.477225575051661,,"measured on mopso's own output, where phi drives the search as well as the ordering, so this is a question about how the solver behaves under each order and never a pair number of the study; delta is 0.05 of the box diameter, the box_scale column; overlap is dice, the two covered counts over the two cardinalities, and the jaccard value of the same pair is in overlap_conventions.csv; containment_violations is the largest count over the seeds; nested in neither direction, so both directions are measured; this is the pair CONTEXT.md section 10 e3 takes the headline number from",0.0,0.0,0.0,0.0
zdt1_interval,lu,ls,check,coverage_a_in_b,5,5000,200,200,0.2738612787525831,5.477225575051661,,"measured on mopso's own output, where phi drives the search as well as the ordering, so this is a question about how the solver behaves under each order and never a pair number of the study; delta is 0.05 of the box diameter, the box_scale column; overlap is dice, the two covered counts over the two cardinalities, and the jaccard value of the same pair is in overlap_conventions.csv; containment_violations is the largest count over the seeds; check on r-06 and not a finding: ND_lu sits inside ND_ls exactly and for every problem, docs/a_close_containment.md, so coverage of lu in ls and one direction of the overlap are fixed before this runs. the containment is exact in real arithmetic and fails by rounding in doubles, one point of 1565 measured, r-11, so a nonzero violation count is arithmetic and never a result about phi. it stands on s-11; if the supervisors refute the criterion this pair is reported like the other and no result moves",0.0,0.0,0.0,0.0
zdt1_interval,lu,ls,check,coverage_b_in_a,5,5000,200,200,0.2738612787525831,5.477225575051661,,"measured on mopso's own output, where phi drives the search as well as the ordering, so this is a question about how the solver behaves under each order and never a pair number of the study; delta is 0.05 of the box diameter, the box_scale column; overlap is dice, the two covered counts over the two cardinalities, and the jaccard value of the same pair is in overlap_conventions.csv; containment_violations is the largest count over the seeds; check on r-06 and not a finding: ND_lu sits inside ND_ls exactly and for every problem, docs/a_close_containment.md, so coverage of lu in ls and one direction of the overlap are fixed before this runs. the containment is exact in real arithmetic and fails by rounding in doubles, one point of 1565 measured, r-11, so a nonzero violation count is arithmetic and never a result about phi. it stands on s-11; if the supervisors refute the criterion this pair is reported like the other and no result moves",0.0,0.0,0.0,0.0
zdt1_interval,lu,ls,check,cross_a_under_b,5,5000,200,200,0.2738612787525831,5.477225575051661,,"measured on mopso's own output, where phi drives the search as well as the ordering, so this is a question about how the solver behaves under each order and never a pair number of the study; delta is 0.05 of the box diameter, the box_scale column; overlap is dice, the two covered counts over the two cardinalities, and the jaccard value of the same pair is in overlap_conventions.csv; containment_violations is the largest count over the seeds; check on r-06 and not a finding: ND_lu sits inside ND_ls exactly and for every problem, docs/a_close_containment.md, so coverage of lu in ls and one direction of the overlap are fixed before this runs. the containment is exact in real arithmetic and fails by rounding in doubles, one point of 1565 measured, r-11, so a nonzero violation count is arithmetic and never a result about phi. it stands on s-11; if the supervisors refute the criterion this pair is reported like the other and no result moves",1.0,1.0,1.0,0.0
zdt1_interval,lu,ls,check,cross_b_under_a,5,5000,200,200,0.2738612787525831,5.477225575051661,,"measured on mopso's own output, where phi drives the search as well as the ordering, so this is a question about how the solver behaves under each order and never a pair number of the study; delta is 0.05 of the box diameter, the box_scale column; overlap is dice, the two covered counts over the two cardinalities, and the jaccard value of the same pair is in overlap_conventions.csv; containment_violations is the largest count over the seeds; check on r-06 and not a finding: ND_lu sits inside ND_ls exactly and for every problem, docs/a_close_containment.md, so coverage of lu in ls and one direction of the overlap are fixed before this runs. the containment is exact in real arithmetic and fails by rounding in doubles, one point of 1565 measured, r-11, so a nonzero violation count is arithmetic and never a result about phi. it stands on s-11; if the supervisors refute the criterion this pair is reported like the other and no result moves",0.64,0.62,0.655,0.03500000000000003
zdt1_interval,lu,ls,check,hausdorff_a_to_b,5,5000,200,200,0.2738612787525831,5.477225575051661,,"measured on mopso's own output, where phi drives the search as well as the ordering, so this is a question about how the solver behaves under each order and never a pair number of the study; delta is 0.05 of the box diameter, the box_scale column; overlap is dice, the two covered counts over the two cardinalities, and the jaccard value of the same pair is in overlap_conventions.csv; containment_violations is the largest count over the seeds; check on r-06 and not a finding: ND_lu sits inside ND_ls exactly and for every problem, docs/a_close_containment.md, so coverage of lu in ls and one direction of the overlap are fixed before this runs. the containment is exact in real arithmetic and fails by rounding in doubles, one point of 1565 measured, r-11, so a nonzero violation count is arithmetic and never a result about phi. it stands on s-11; if the supervisors refute the criterion this pair is reported like the other and no result moves",1.8720019924923001,1.8709520958507808,1.9035349155265493,0.03258281967576848
zdt1_interval,lu,ls,check,hausdorff_b_to_a,5,5000,200,200,0.2738612787525831,5.477225575051661,,"measured on mopso's own output, where phi drives the search as well as the ordering, so this is a question about how the solver behaves under each order and never a pair number of the study; delta is 0.05 of the box diameter, the box_scale column; overlap is dice, the two covered counts over the two cardinalities, and the jaccard value of the same pair is in overlap_conventions.csv; containment_violations is the largest count over the seeds; check on r-06 and not a finding: ND_lu sits inside ND_ls exactly and for every problem, docs/a_close_containment.md, so coverage of lu in ls and one direction of the overlap are fixed before this runs. the containment is exact in real arithmetic and fails by rounding in doubles, one point of 1565 measured, r-11, so a nonzero violation count is arithmetic and never a result about phi. it stands on s-11; if the supervisors refute the criterion this pair is reported like the other and no result moves",2.0296071857901685,2.015715808882648,2.131310525861769,0.11559471697912072
zdt1_interval,lu,ls,check,hausdorff_symmetric,5,5000,200,200,0.2738612787525831,5.477225575051661,,"measured on mopso's own output, where phi drives the search as well as the ordering, so this is a question about how the solver behaves under each order and never a pair number of the study; delta is 0.05 of the box diameter, the box_scale column; overlap is dice, the two covered counts over the two cardinalities, and the jaccard value of the same pair is in overlap_conventions.csv; containment_violations is the largest count over the seeds; check on r-06 and not a finding: ND_lu sits inside ND_ls exactly and for every problem, docs/a_close_containment.md, so coverage of lu in ls and one direction of the overlap are fixed before this runs. the containment is exact in real arithmetic and fails by rounding in doubles, one point of 1565 measured, r-11, so a nonzero violation count is arithmetic and never a result about phi. it stands on s-11; if the supervisors refute the criterion this pair is reported like the other and no result moves",2.0296071857901685,2.015715808882648,2.131310525861769,0.11559471697912072
zdt1_interval,lu,ls,check,overlap,5,5000,200,200,0.2738612787525831,5.477225575051661,,"measured on mopso's own output, where phi drives the search as well as the ordering, so this is a question about how the solver behaves under each order and never a pair number of the study; delta is 0.05 of the box diameter, the box_scale column; overlap is dice, the two covered counts over the two cardinalities, and the jaccard value of the same pair is in overlap_conventions.csv; containment_violations is the largest count over the seeds; check on r-06 and not a finding: ND_lu sits inside ND_ls exactly and for every problem, docs/a_close_containment.md, so coverage of lu in ls and one direction of the overlap are fixed before this runs. the containment is exact in real arithmetic and fails by rounding in doubles, one point of 1565 measured, r-11, so a nonzero violation count is arithmetic and never a result about phi. it stands on s-11; if the supervisors refute the criterion this pair is reported like the other and no result moves",0.0,0.0,0.0,0.0
zdt1_interval,ls,cw,check,coverage_a_in_b,5,5000,100,100,0.2738612787525831,5.477225575051661,,"measured on nsga2's own output, where phi drives the search as well as the ordering, so this is a question about how the solver behaves under each order and never a pair number of the study; delta is 0.05 of the box diameter, the box_scale column; overlap is dice, the two covered counts over the two cardinalities, and the jaccard value of the same pair is in overlap_conventions.csv; containment_violations is the largest count over the seeds; check on r-06 and not a finding: ND_cw sits inside ND_ls exactly and for every problem, docs/a_close_containment.md, so coverage of cw in ls and one direction of the overlap are fixed before this runs. the containment is exact in real arithmetic and fails by rounding in doubles, one point of 1565 measured, r-11, so a nonzero violation count is arithmetic and never a result about phi. it stands on s-11; if the supervisors refute the criterion this pair is reported like the other and no result moves",0.0,0.0,0.0,0.0
zdt1_interval,ls,cw,check,coverage_b_in_a,5,5000,100,100,0.2738612787525831,5.477225575051661,,"measured on nsga2's own output, where phi drives the search as well as the ordering, so this is a question about how the solver behaves under each order and never a pair number of the study; delta is 0.05 of the box diameter, the box_scale column; overlap is dice, the two covered counts over the two cardinalities, and the jaccard value of the same pair is in overlap_conventions.csv; containment_violations is the largest count over the seeds; check on r-06 and not a finding: ND_cw sits inside ND_ls exactly and for every problem, docs/a_close_containment.md, so coverage of cw in ls and one direction of the overlap are fixed before this runs. the containment is exact in real arithmetic and fails by rounding in doubles, one point of 1565 measured, r-11, so a nonzero violation count is arithmetic and never a result about phi. it stands on s-11; if the supervisors refute the criterion this pair is reported like the other and no result moves",0.0,0.0,0.0,0.0
zdt1_interval,ls,cw,check,cross_a_under_b,5,5000,100,100,0.2738612787525831,5.477225575051661,,"measured on nsga2's own output, where phi drives the search as well as the ordering, so this is a question about how the solver behaves under each order and never a pair number of the study; delta is 0.05 of the box diameter, the box_scale column; overlap is dice, the two covered counts over the two cardinalities, and the jaccard value of the same pair is in overlap_conventions.csv; containment_violations is the largest count over the seeds; check on r-06 and not a finding: ND_cw sits inside ND_ls exactly and for every problem, docs/a_close_containment.md, so coverage of cw in ls and one direction of the overlap are fixed before this runs. the containment is exact in real arithmetic and fails by rounding in doubles, one point of 1565 measured, r-11, so a nonzero violation count is arithmetic and never a result about phi. it stands on s-11; if the supervisors refute the criterion this pair is reported like the other and no result moves",0.78,0.77,0.79,0.020000000000000018
zdt1_interval,ls,cw,check,cross_b_under_a,5,5000,100,100,0.2738612787525831,5.477225575051661,,"measured on nsga2's own output, where phi drives the search as well as the ordering, so this is a question about how the solver behaves under each order and never a pair number of the study; delta is 0.05 of the box diameter, the box_scale column; overlap is dice, the two covered counts over the two cardinalities, and the jaccard value of the same pair is in overlap_conventions.csv; containment_violations is the largest count over the seeds; check on r-06 and not a finding: ND_cw sits inside ND_ls exactly and for every problem, docs/a_close_containment.md, so coverage of cw in ls and one direction of the overlap are fixed before this runs. the containment is exact in real arithmetic and fails by rounding in doubles, one point of 1565 measured, r-11, so a nonzero violation count is arithmetic and never a result about phi. it stands on s-11; if the supervisors refute the criterion this pair is reported like the other and no result moves",1.0,1.0,1.0,0.0
zdt1_interval,ls,cw,check,hausdorff_a_to_b,5,5000,100,100,0.2738612787525831,5.477225575051661,,"measured on nsga2's own output, where phi drives the search as well as the ordering, so this is a question about how the solver behaves under each order and never a pair number of the study; delta is 0.05 of the box diameter, the box_scale column; overlap is dice, the two covered counts over the two cardinalities, and the jaccard value of the same pair is in overlap_conventions.csv; containment_violations is the largest count over the seeds; check on r-06 and not a finding: ND_cw sits inside ND_ls exactly and for every problem, docs/a_close_containment.md, so coverage of cw in ls and one direction of the overlap are fixed before this runs. the containment is exact in real arithmetic and fails by rounding in doubles, one point of 1565 measured, r-11, so a nonzero violation count is arithmetic and never a result about phi. it stands on s-11; if the supervisors refute the criterion this pair is reported like the other and no result moves",2.090648620147969,1.8637305413172838,2.2450810240815198,0.381350482764236
zdt1_interval,ls,cw,check,hausdorff_b_to_a,5,5000,100,100,0.2738612787525831,5.477225575051661,,"measured on nsga2's own output, where phi drives the search as well as the ordering, so this is a question about how the solver behaves under each order and never a pair number of the study; delta is 0.05 of the box diameter, the box_scale column; overlap is dice, the two covered counts over the two cardinalities, and the jaccard value of the same pair is in overlap_conventions.csv; containment_violations is the largest count over the seeds; check on r-06 and not a finding: ND_cw sits inside ND_ls exactly and for every problem, docs/a_close_containment.md, so coverage of cw in ls and one direction of the overlap are fixed before this runs. the containment is exact in real arithmetic and fails by rounding in doubles, one point of 1565 measured, r-11, so a nonzero violation count is arithmetic and never a result about phi. it stands on s-11; if the supervisors refute the criterion this pair is reported like the other and no result moves",1.2584711837717524,1.213501339414929,1.521573338165514,0.3080719987505851
zdt1_interval,ls,cw,check,hausdorff_symmetric,5,5000,100,100,0.2738612787525831,5.477225575051661,,"measured on nsga2's own output, where phi drives the search as well as the ordering, so this is a question about how the solver behaves under each order and never a pair number of the study; delta is 0.05 of the box diameter, the box_scale column; overlap is dice, the two covered counts over the two cardinalities, and the jaccard value of the same pair is in overlap_conventions.csv; containment_violations is the largest count over the seeds; check on r-06 and not a finding: ND_cw sits inside ND_ls exactly and for every problem, docs/a_close_containment.md, so coverage of cw in ls and one direction of the overlap are fixed before this runs. the containment is exact in real arithmetic and fails by rounding in doubles, one point of 1565 measured, r-11, so a nonzero violation count is arithmetic and never a result about phi. it stands on s-11; if the supervisors refute the criterion this pair is reported like the other and no result moves",2.090648620147969,1.8637305413172838,2.2450810240815198,0.381350482764236
zdt1_interval,ls,cw,check,overlap,5,5000,100,100,0.2738612787525831,5.477225575051661,,"measured on nsga2's own output, where phi drives the search as well as the ordering, so this is a question about how the solver behaves under each order and never a pair number of the study; delta is 0.05 of the box diameter, the box_scale column; overlap is dice, the two covered counts over the two cardinalities, and the jaccard value of the same pair is in overlap_conventions.csv; containment_violations is the largest count over the seeds; check on r-06 and not a finding: ND_cw sits inside ND_ls exactly and for every problem, docs/a_close_containment.md, so coverage of cw in ls and one direction of the overlap are fixed before this runs. the containment is exact in real arithmetic and fails by rounding in doubles, one point of 1565 measured, r-11, so a nonzero violation count is arithmetic and never a result about phi. it stands on s-11; if the supervisors refute the criterion this pair is reported like the other and no result moves",0.0,0.0,0.0,0.0
zdt1_interval,lu,cw,finding,coverage_a_in_b,5,5000,100,100,0.2738612787525831,5.477225575051661,,"measured on nsga2's own output, where phi drives the search as well as the ordering, so this is a question about how the solver behaves under each order and never a pair number of the study; delta is 0.05 of the box diameter, the box_scale column; overlap is dice, the two covered counts over the two cardinalities, and the jaccard value of the same pair is in overlap_conventions.csv; containment_violations is the largest count over the seeds; nested in neither direction, so both directions are measured; this is the pair CONTEXT.md section 10 e3 takes the headline number from",0.0,0.0,0.0,0.0
zdt1_interval,lu,cw,finding,coverage_b_in_a,5,5000,100,100,0.2738612787525831,5.477225575051661,,"measured on nsga2's own output, where phi drives the search as well as the ordering, so this is a question about how the solver behaves under each order and never a pair number of the study; delta is 0.05 of the box diameter, the box_scale column; overlap is dice, the two covered counts over the two cardinalities, and the jaccard value of the same pair is in overlap_conventions.csv; containment_violations is the largest count over the seeds; nested in neither direction, so both directions are measured; this is the pair CONTEXT.md section 10 e3 takes the headline number from",0.0,0.0,0.0,0.0
zdt1_interval,lu,cw,finding,cross_a_under_b,5,5000,100,100,0.2738612787525831,5.477225575051661,,"measured on nsga2's own output, where phi drives the search as well as the ordering, so this is a question about how the solver behaves under each order and never a pair number of the study; delta is 0.05 of the box diameter, the box_scale column; overlap is dice, the two covered counts over the two cardinalities, and the jaccard value of the same pair is in overlap_conventions.csv; containment_violations is the largest count over the seeds; nested in neither direction, so both directions are measured; this is the pair CONTEXT.md section 10 e3 takes the headline number from",0.72,0.71,0.72,0.010000000000000009
zdt1_interval,lu,cw,finding,cross_b_under_a,5,5000,100,100,0.2738612787525831,5.477225575051661,,"measured on nsga2's own output, where phi drives the search as well as the ordering, so this is a question about how the solver behaves under each order and never a pair number of the study; delta is 0.05 of the box diameter, the box_scale column; overlap is dice, the two covered counts over the two cardinalities, and the jaccard value of the same pair is in overlap_conventions.csv; containment_violations is the largest count over the seeds; nested in neither direction, so both directions are measured; this is the pair CONTEXT.md section 10 e3 takes the headline number from",0.48,0.46,0.54,0.08000000000000002
zdt1_interval,lu,cw,finding,hausdorff_a_to_b,5,5000,100,100,0.2738612787525831,5.477225575051661,,"measured on nsga2's own output, where phi drives the search as well as the ordering, so this is a question about how the solver behaves under each order and never a pair number of the study; delta is 0.05 of the box diameter, the box_scale column; overlap is dice, the two covered counts over the two cardinalities, and the jaccard value of the same pair is in overlap_conventions.csv; containment_violations is the largest count over the seeds; nested in neither direction, so both directions are measured; this is the pair CONTEXT.md section 10 e3 takes the headline number from",1.693196439093004,1.5162823692631386,1.8091627120527063,0.29288034278956765
zdt1_interval,lu,cw,finding,hausdorff_b_to_a,5,5000,100,100,0.2738612787525831,5.477225575051661,,"measured on nsga2's own output, where phi drives the search as well as the ordering, so this is a question about how the solver behaves under each order and never a pair number of the study; delta is 0.05 of the box diameter, the box_scale column; overlap is dice, the two covered counts over the two cardinalities, and the jaccard value of the same pair is in overlap_conventions.csv; containment_violations is the largest count over the seeds; nested in neither direction, so both directions are measured; this is the pair CONTEXT.md section 10 e3 takes the headline number from",1.455666870231155,1.2362481620427157,1.6714315992160649,0.4351834371733492
zdt1_interval,lu,cw,finding,hausdorff_symmetric,5,5000,100,100,0.2738612787525831,5.477225575051661,,"measured on nsga2's own output, where phi drives the search as well as the ordering, so this is a question about how the solver behaves under each order and never a pair number of the study; delta is 0.05 of the box diameter, the box_scale column; overlap is dice, the two covered counts over the two cardinalities, and the jaccard value of the same pair is in overlap_conventions.csv; containment_violations is the largest count over the seeds; nested in neither direction, so both directions are measured; this is the pair CONTEXT.md section 10 e3 takes the headline number from",1.8091627120527063,1.693196439093004,1.8123843102855097,0.11918787119250562
zdt1_interval,lu,cw,finding,overlap,5,5000,100,100,0.2738612787525831,5.477225575051661,,"measured on nsga2's own output, where phi drives the search as well as the ordering, so this is a question about how the solver behaves under each order and never a pair number of the study; delta is 0.05 of the box diameter, the box_scale column; overlap is dice, the two covered counts over the two cardinalities, and the jaccard value of the same pair is in overlap_conventions.csv; containment_violations is the largest count over the seeds; nested in neither direction, so both directions are measured; this is the pair CONTEXT.md section 10 e3 takes the headline number from",0.0,0.0,0.0,0.0
zdt1_interval,lu,ls,check,coverage_a_in_b,5,5000,100,100,0.2738612787525831,5.477225575051661,,"measured on nsga2's own output, where phi drives the search as well as the ordering, so this is a question about how the solver behaves under each order and never a pair number of the study; delta is 0.05 of the box diameter, the box_scale column; overlap is dice, the two covered counts over the two cardinalities, and the jaccard value of the same pair is in overlap_conventions.csv; containment_violations is the largest count over the seeds; check on r-06 and not a finding: ND_lu sits inside ND_ls exactly and for every problem, docs/a_close_containment.md, so coverage of lu in ls and one direction of the overlap are fixed before this runs. the containment is exact in real arithmetic and fails by rounding in doubles, one point of 1565 measured, r-11, so a nonzero violation count is arithmetic and never a result about phi. it stands on s-11; if the supervisors refute the criterion this pair is reported like the other and no result moves",0.0,0.0,0.0,0.0
zdt1_interval,lu,ls,check,coverage_b_in_a,5,5000,100,100,0.2738612787525831,5.477225575051661,,"measured on nsga2's own output, where phi drives the search as well as the ordering, so this is a question about how the solver behaves under each order and never a pair number of the study; delta is 0.05 of the box diameter, the box_scale column; overlap is dice, the two covered counts over the two cardinalities, and the jaccard value of the same pair is in overlap_conventions.csv; containment_violations is the largest count over the seeds; check on r-06 and not a finding: ND_lu sits inside ND_ls exactly and for every problem, docs/a_close_containment.md, so coverage of lu in ls and one direction of the overlap are fixed before this runs. the containment is exact in real arithmetic and fails by rounding in doubles, one point of 1565 measured, r-11, so a nonzero violation count is arithmetic and never a result about phi. it stands on s-11; if the supervisors refute the criterion this pair is reported like the other and no result moves",0.0,0.0,0.0,0.0
zdt1_interval,lu,ls,check,cross_a_under_b,5,5000,100,100,0.2738612787525831,5.477225575051661,,"measured on nsga2's own output, where phi drives the search as well as the ordering, so this is a question about how the solver behaves under each order and never a pair number of the study; delta is 0.05 of the box diameter, the box_scale column; overlap is dice, the two covered counts over the two cardinalities, and the jaccard value of the same pair is in overlap_conventions.csv; containment_violations is the largest count over the seeds; check on r-06 and not a finding: ND_lu sits inside ND_ls exactly and for every problem, docs/a_close_containment.md, so coverage of lu in ls and one direction of the overlap are fixed before this runs. the containment is exact in real arithmetic and fails by rounding in doubles, one point of 1565 measured, r-11, so a nonzero violation count is arithmetic and never a result about phi. it stands on s-11; if the supervisors refute the criterion this pair is reported like the other and no result moves",1.0,1.0,1.0,0.0
zdt1_interval,lu,ls,check,cross_b_under_a,5,5000,100,100,0.2738612787525831,5.477225575051661,,"measured on nsga2's own output, where phi drives the search as well as the ordering, so this is a question about how the solver behaves under each order and never a pair number of the study; delta is 0.05 of the box diameter, the box_scale column; overlap is dice, the two covered counts over the two cardinalities, and the jaccard value of the same pair is in overlap_conventions.csv; containment_violations is the largest count over the seeds; check on r-06 and not a finding: ND_lu sits inside ND_ls exactly and for every problem, docs/a_close_containment.md, so coverage of lu in ls and one direction of the overlap are fixed before this runs. the containment is exact in real arithmetic and fails by rounding in doubles, one point of 1565 measured, r-11, so a nonzero violation count is arithmetic and never a result about phi. it stands on s-11; if the supervisors refute the criterion this pair is reported like the other and no result moves",0.59,0.55,0.62,0.06999999999999995
zdt1_interval,lu,ls,check,hausdorff_a_to_b,5,5000,100,100,0.2738612787525831,5.477225575051661,,"measured on nsga2's own output, where phi drives the search as well as the ordering, so this is a question about how the solver behaves under each order and never a pair number of the study; delta is 0.05 of the box diameter, the box_scale column; overlap is dice, the two covered counts over the two cardinalities, and the jaccard value of the same pair is in overlap_conventions.csv; containment_violations is the largest count over the seeds; check on r-06 and not a finding: ND_lu sits inside ND_ls exactly and for every problem, docs/a_close_containment.md, so coverage of lu in ls and one direction of the overlap are fixed before this runs. the containment is exact in real arithmetic and fails by rounding in doubles, one point of 1565 measured, r-11, so a nonzero violation count is arithmetic and never a result about phi. it stands on s-11; if the supervisors refute the criterion this pair is reported like the other and no result moves",1.6365446544320408,1.5164104980518265,1.7254183359399213,0.20900783788809485
zdt1_interval,lu,ls,check,hausdorff_b_to_a,5,5000,100,100,0.2738612787525831,5.477225575051661,,"measured on nsga2's own output, where phi drives the search as well as the ordering, so this is a question about how the solver behaves under each order and never a pair number of the study; delta is 0.05 of the box diameter, the box_scale column; overlap is dice, the two covered counts over the two cardinalities, and the jaccard value of the same pair is in overlap_conventions.csv; containment_violations is the largest count over the seeds; check on r-06 and not a finding: ND_lu sits inside ND_ls exactly and for every problem, docs/a_close_containment.md, so coverage of lu in ls and one direction of the overlap are fixed before this runs. the containment is exact in real arithmetic and fails by rounding in doubles, one point of 1565 measured, r-11, so a nonzero violation count is arithmetic and never a result about phi. it stands on s-11; if the supervisors refute the criterion this pair is reported like the other and no result moves",2.139772144293451,2.0556429247050994,2.2111249967551396,0.15548207205004028
zdt1_interval,lu,ls,check,hausdorff_symmetric,5,5000,100,100,0.2738612787525831,5.477225575051661,,"measured on nsga2's own output, where phi drives the search as well as the ordering, so this is a question about how the solver behaves under each order and never a pair number of the study; delta is 0.05 of the box diameter, the box_scale column; overlap is dice, the two covered counts over the two cardinalities, and the jaccard value of the same pair is in overlap_conventions.csv; containment_violations is the largest count over the seeds; check on r-06 and not a finding: ND_lu sits inside ND_ls exactly and for every problem, docs/a_close_containment.md, so coverage of lu in ls and one direction of the overlap are fixed before this runs. the containment is exact in real arithmetic and fails by rounding in doubles, one point of 1565 measured, r-11, so a nonzero violation count is arithmetic and never a result about phi. it stands on s-11; if the supervisors refute the criterion this pair is reported like the other and no result moves",2.139772144293451,2.0556429247050994,2.2111249967551396,0.15548207205004028
zdt1_interval,lu,ls,check,overlap,5,5000,100,100,0.2738612787525831,5.477225575051661,,"measured on nsga2's own output, where phi drives the search as well as the ordering, so this is a question about how the solver behaves under each order and never a pair number of the study; delta is 0.05 of the box diameter, the box_scale column; overlap is dice, the two covered counts over the two cardinalities, and the jaccard value of the same pair is in overlap_conventions.csv; containment_violations is the largest count over the seeds; check on r-06 and not a finding: ND_lu sits inside ND_ls exactly and for every problem, docs/a_close_containment.md, so coverage of lu in ls and one direction of the overlap are fixed before this runs. the containment is exact in real arithmetic and fails by rounding in doubles, one point of 1565 measured, r-11, so a nonzero violation count is arithmetic and never a result about phi. it stands on s-11; if the supervisors refute the criterion this pair is reported like the other and no result moves",0.0,0.0,0.0,0.0
